[[{"value": "<h1 class=\"visually-hidden\">Serkan Ozyilmaz</h1>", "level": 9}, {"value": "<a class=\"x-brand text\" href=\"http://serkanozyilmaz.net/\" title=\"We bring you hit mobile games\">  Serkan Ozyilmaz</a><a aria-controls=\"x-widgetbar\" aria-expanded=\"false\" aria-selected=\"false\" class=\"x-btn-navbar collapsed\" data-x-toggle=\"collapse-b\" data-x-toggleable=\"x-nav-wrap-mobile\" href=\"#\" id=\"x-btn-navbar\"><i class=\"x-icon-bars\" data-x-icon=\"\uf0c9\"></i><span class=\"visually-hidden\">Navigation</span></a><nav class=\"x-nav-wrap desktop\" role=\"navigation\"><ul class=\"x-nav\" id=\"menu-main-menu\"><li class=\"menu-item menu-item-type-post_type menu-item-object-page menu-item-home menu-item-472\" id=\"menu-item-472\"><a href=\"http://serkanozyilmaz.net/\"><span>Home</span></a></li><li class=\"menu-item menu-item-type-post_type menu-item-object-page menu-item-503\" id=\"menu-item-503\"><a href=\"http://serkanozyilmaz.net/contact-us/\"><span>Contact Us</span></a></li><li class=\"menu-item menu-item-type-post_type menu-item-object-page current-menu-item page_item page-item-499 current_page_item menu-item-504\" id=\"menu-item-504\"><a href=\"http://serkanozyilmaz.net/privacy/\"><span>Privacy</span></a></li></ul></nav><div aria-hidden=\"true\" aria-labelledby=\"x-btn-navbar\" class=\"x-nav-wrap mobile x-collapsed\" data-x-toggle-collapse=\"1\" data-x-toggleable=\"x-nav-wrap-mobile\" id=\"x-nav-wrap-mobile\"><ul class=\"x-nav\" id=\"menu-main-menu-1\"><li class=\"menu-item menu-item-type-post_type menu-item-object-page menu-item-home menu-item-472\"><a href=\"http://serkanozyilmaz.net/\"><span>Home</span></a></li><li class=\"menu-item menu-item-type-post_type menu-item-object-page menu-item-503\"><a href=\"http://serkanozyilmaz.net/contact-us/\"><span>Contact Us</span></a></li><li class=\"menu-item menu-item-type-post_type menu-item-object-page current-menu-item page_item page-item-499 current_page_item menu-item-504\"><a href=\"http://serkanozyilmaz.net/privacy/\"><span>Privacy</span></a></li></ul></div></div></div></div></div></header><div class=\"x-slider-container below\"><div class=\"rev_slider_wrapper fullwidthbanner-container\" data-source=\"gallery\" id=\"rev_slider_4_1_wrapper\" style=\"margin:0px auto;background:transparent;padding:0px;margin-top:0px;margin-bottom:0px;\"><!-- START REVOLUTION SLIDER 5.4.7.2 fullwidth mode --><div class=\"rev_slider fullwidthabanner\" data-version=\"5.4.7.2\" id=\"rev_slider_4_1\" style=\"display:none;\"><ul> <!-- SLIDE  --><li data-description=\"\" data-easein=\"default\" data-easeout=\"default\" data-hideafterloop=\"0\" data-hideslideonmobile=\"off\" data-index=\"rs-4\" data-masterspeed=\"300\" data-param1=\"\" data-param10=\"\" data-param2=\"\" data-param3=\"\" data-param4=\"\" data-param5=\"\" data-param6=\"\" data-param7=\"\" data-param8=\"\" data-param9=\"\" data-rotate=\"0\" data-saveperformance=\"off\" data-slotamount=\"default\" data-title=\"Slide\" data-transition=\"fade\"><!-- MAIN IMAGE --><img alt=\"\" class=\"rev-slidebg\" data-bgfit=\"cover\" data-bgposition=\"center center\" data-bgrepeat=\"no-repeat\" data-no-retina=\"\" height=\"630\" src=\"http://serkanozyilmaz.net/wp-content/uploads/2018/04/28827386_884207298452535_7471163919393295131_o.jpg\" title=\"28827386_884207298452535_7471163919393295131_o\" width=\"1702\"/><!-- LAYERS --></li></ul><div class=\"tp-bannertimer tp-bottom\" style=\"visibility: hidden !important;\"></div> </div></div><!-- END REVOLUTION SLIDER --></div><div class=\"x-container max width offset\"><div class=\"x-main full\" role=\"main\"><article class=\"post-499 page type-page status-publish hentry no-post-thumbnail\" id=\"post-499\"><div class=\"entry-wrap\"><div class=\"entry-content content\"><div class=\"cs-content\" id=\"cs-content\"><div class=\"e499-1 x-section\"><div class=\"e499-2 x-container max width\"><div class=\"e499-3 x-column x-sm x-1-1\"><div class=\"e499-4 x-text\">", "level": 0}], [{"value": "<h1 class=\"gjg-title\">PRIVACY POLICY</h1>", "level": 9}, {"value": "<div class=\"content-area\"><div class=\"vc_row wpb_row vc_row-fluid\"><div class=\"wpb_column vc_column_container vc_col-sm-12\"><div class=\"vc_column-inner\"><div class=\"wpb_wrapper\"><div class=\"wpb_text_column wpb_content_element \"><div class=\"wpb_wrapper\"><p><em>", "level": 0}], [{"value": "<strong>Serkan Ozyilmaz \u00a0Privacy Policy</strong>", "level": 1}, {"value": "</em><br/><em>Last updated: 25th of May, 2018</em></p><p>This Privacy Policy explains who we are, how we collect, share and use personal information about you, and how you can exercise your privacy rights. We are <strong>Serkan Ozyilmaz</strong>, a person residing in Turkey (\u201cSerkan Oyilmaz\u201d or \u201cwe\u201d),\u00a0 a developer and publisher of games and mobile game applications that are made available via app stores including the Apple App Store and Google Play Store. This Privacy Policy applies to personal information that we collect through our games, mobile applications and other products (\u201cGames\u201d), and websites we control, including <strong>https://www.serkanozyilmaz.net/</strong> (\u201cWebsite\u201d) (together \u201cServices\u201d). By using our Services, you agree to be bound by this Privacy Policy and consent to our processing of information as specified therein.</p>", "level": 0}], [{"value": "<h2><strong>1. INFORMATION WE COLLECT FROM YOU</strong></h2>", "level": 8}, {"value": "<p>Most of the information that we collect about you comes directly from you when you play our Games or interact with third-party ads in our Games or with our ads in other publisher\u2019s Games. In general, the information we collect about you relates to the type of device you are using, information that helps us identify your device, how you play our Games and may include information that you submit to us when you voluntarily contact us. We may also collect information from app store platforms and partners and other third parties such as information about your interests and in-app purchases (provided that we never receive your payment or credit card information).</p><p>The information that we may collect about you through the Services broadly falls into the following categories:</p>", "level": 0}], [{"value": "<p><strong>(a) Information that you provide voluntarily</strong></p>", "level": 1}, {"value": "<p>Certain parts of our Services may ask you to provide personal information voluntarily. For example, we will ask for certain information in order for you to submit enquiries to us, such as:</p><ul><li>your name, email address or other details, necessary to process your inquiries;</li><li>any information you submit to our support team via email.</li></ul><p>The personal information that you are asked to provide and the reasons why you are asked to provide it, we will try to explain to you at the point we ask you to provide your personal information.</p>", "level": 0}], [{"value": "<p><strong>(b) Information that we collect automatically</strong></p>", "level": 1}, {"value": "<p>When you use our Services, we may also collect certain information automatically from you and/or your device which may be considered personal information under applicable data protection laws, such as:</p><ul><li>Data and analytics about your use of our Services (e.g. in-game play progress, levels, games played, session length, preferred settings, which in-game adverts you may have viewed, in-game references or just game preferences, the means by which you were referred to our Services)</li><li>Your IP address and device identifiers such as your Advertising ID, Device ID numbers (for more see here \u201cAdvertising IDs and Device IDs\u201d)</li><li>Your device type and the operating system that you use</li><li>Your Service communications (e.g. in-game emotion signals which you exchange with other players)</li><li>Broad geographic location (e.g. country or city-level location) based on your IP address</li></ul><p>", "level": 0}], [{"value": "<em>Advertising ID</em>", "level": 1}, {"value": " means Apple Identifier for Advertisers (\u201cIDFA\u201d) on Apple and Google Advertising Identity (\u201cGAID\u201d). These are unique identifiers for mobile device that advertisers use for personalized advertising. They are consistent across all mobile applications and thus allow cross-app tracking. On Apple, you can opt out of it by choosing \u201climit ad tracking\u201d option in your privacy settings. On Google Android, you can opt out of these ads by choosing \u201cOpt-out of personalized ads\u201d. Advertising IDs are non-permanent, non-personal identifiers, which are uniquely associated with your device.</p><p>", "level": 0}], [{"value": "<em>Device identifier / information</em>", "level": 1}, {"value": " means device type, device model, device maker, device operating system and its language or other technical data like screen size or processor, or combination of this data available from a device for a developer for checking the device compatibility with a particular application.</p><p>Some of this information may be collected through cookies as explained further under the heading <strong>Cookies </strong>below.</p>", "level": 0}], [{"value": "<p><strong>(c) \u00a0Information we obtain from third-party sources</strong></p>", "level": 1}, {"value": "<ul><li>", "level": 0}], [{"value": "<strong>Third-Party Social Network/s.</strong>", "level": 1}, {"value": " Google Play Games Service, Apple Game Center, Facebook <strong>(\u201cThird-Party Social Network/s\u201d).</strong> You may choose to connect to our Services via your social media account. Exactly what information we receive from your social media will depend on your social media privacy settings, but it would typically include your basic public profile information such as your username, gender, your friends playing the same Game. (See below also \u201cThird-Party Networks\u201d).</li><li>Third party service providers. We may receive personal information about you from third-party sources. We may get your personal information for example when you installed our Game and prior to installing you have clicked an advertisement for the same Game.</li><li>Advertising partners. From time to time, we may also receive personal information about you from other third-party sources. For example, if you clicked on an advertisement to direct you to one of our Services (such as an advert of one of our Games in other publisher\u2019s game), we will be provided with information from which ad network and advertising campaign the install originated from (See below also \u201cAdvertising\u201d).</li></ul>", "level": 0}], [{"value": "<p><strong>(d) No special categories of information</strong></p>", "level": 1}, {"value": "<p>We do not request or intend to collect any \u201cspecial categories of information\u201d such as any information on health, race, religion, political opinions or philosophical beliefs, sexual preferences or orientation. Kindly be cautious when sharing this information about yourself (or others) in our forums.</p><p>\u00a0</p>", "level": 0}], [{"value": "<h2><strong>2. HOW WE USE YOUR INFORMATION</strong></h2>", "level": 8}, {"value": "", "level": 0}], [{"value": "<h3>2.1. In General</h3>", "level": 7}, {"value": "<p>We use the information we collect about you/your device to deliver services and our Games to you and to operate our business. We use it also for improving our services and Games, for enhancing security and for analytics and research purposes to make sure we provide you with the best experience. In addition, we use your information to promote our services and Games in our Games and also in other publisher\u2019s apps and to display third-party advertisements to you. We use your information also for tracking and fraud prevention for advertising purposes and for complying with our legal obligations.</p><p>We use your information for the following<strong> purposes</strong>:</p><ol><li>", "level": 0}], [{"value": "<strong>Delivering and improving our services. </strong>", "level": 1}, {"value": "We use your information for developing, delivering and improving our Games and other products, services, and content, tailoring our products and services, providing Game updates, technical troubleshooting, understanding and analyzing trends in connection with usage of the Games, and administering the Games.</li><li>", "level": 0}], [{"value": "<strong>Displaying advertisements</strong>", "level": 1}, {"value": ". We use your information for showing advertisements for our Games in other publisher\u2019s apps and for displaying third-party advertisements in our Games. Please see more in Advertising Section of this Privacy Policy.</li><li>", "level": 0}], [{"value": "<strong>Cross-promotion.</strong>", "level": 1}, {"value": " We use your information for cross-promoting our Games and services, meaning to promote one of our Games while you are playing a different Game of ours.</li><li>", "level": 0}], [{"value": "<strong>Tracking and fraud prevention for advertising purposes.</strong>", "level": 1}, {"value": " We use your information for tracking how our advertising campaigns perform and for identifying and preventing fraud for our advertising campaigns.</li><li>", "level": 0}], [{"value": "<strong>Analytics and research. </strong>", "level": 1}, {"value": "We use your information for understanding and analyzing trends in connection with the usage of the Games, gathering demographic information about our user base, data about where the Game was downloaded from. We may also create reports and analysis for the purposes of research or business intelligence, for example to track potential problems or trends with our Games and services, or to test our new game features and content.</li><li>", "level": 0}], [{"value": "<strong>Security. </strong>", "level": 1}, {"value": "We use your information for enhancing the safety and security of our Games, products and services.</li><li>", "level": 0}], [{"value": "<strong>Customer Support.</strong>", "level": 1}, {"value": " We use your information for providing customer support to you and to respond to your inquiries.</li><li>", "level": 0}], [{"value": "<strong>Our legal obligations. </strong>", "level": 1}, {"value": "We use your information when we are required to do so by law, for example, we use your country or region for tax reporting purposes.</li></ol>", "level": 0}], [{"value": "<h3><strong>2.2. In-App Purchases</strong></h3>", "level": 7}, {"value": "<p>Our Games enable in-app purchases. We do not process payments for in-app purchases nor have access to your credit card information.</p><p>Payment transactions for in-app purchases are completed through the app store via your App Store account or Google Play account. Any post-purchase processes are controlled by the Apple and Google stores and are subject to specific terms of such Apple and Google stores. Please review privacy policy and terms of service of your Apple and Google stores.</p>", "level": 0}], [{"value": "<h2><strong>3.HOW WE SHARE YOUR INFORMATION </strong></h2>", "level": 8}, {"value": "<p>We cannot provide all services necessary for the successful operation of the Games by ourselves. We must, therefore, share collected information with third parties for the purposes of developing and delivering our services, displaying advertisements, conducting analysis and research and for measuring our and our Partners\u2019 advertising campaign performance. We also reserve the right to disclose your information (including personally identifiable information) when we are legally required to do so, to disclose your information in an anonymous and aggregated manner, meaning you could not be personally identified from it.</p><p>We may share such information to:</p><ul><li>", "level": 0}], [{"value": "<strong>Our analytics providers.</strong>", "level": 1}, {"value": " We use third-party analytics such as TapJoy, Unity, Firebase for the purposes of delivering our services, conducting analysis, and research. The device data we share with such providers are encoded. The providers may assign a random ID to these data and they are not able to match it back to You. We can aggregate the data for benchmarking feature.</li><li>", "level": 0}], [{"value": "<strong>Our cloud service providers. </strong>", "level": 1}, {"value": "We store information we collect from you on servers provided by our third-party cloud service providers such as iCloud, Google Cloud Platform, Firebase Cloud Messaging and Firebase Realtime Database;</li><li>", "level": 0}], [{"value": "<strong>Our tracking and fraud prevention providers. </strong>", "level": 1}, {"value": "For some of our Games we use tracking and fraud prevention providers, such as AppsFlyer, Tenjin and for the purposes of measuring performance and optimizing our advertising campaigns, displaying advertisements, conducting analysis to improve our services and for fraud prevention purposes. Such providers may use APIs, and SDKs in our Games to enable them to collect and analyze user and device-related data and information, such as impressions, clicks, installs or other advertising campaign performance indicators and post-install in-app events.</li><li>", "level": 0}], [{"value": "<strong>Third-party advertising partners.</strong>", "level": 1}, {"value": " We have contracted with certain third-party advertising networks that assist us in delivering advertising to you that allows us to continue offering the Games for free or at low cost. Such third-party advertising partners include but are not limited to advertising providers listed at below in Advertising Section of this Privacy Policy.</li><li>", "level": 0}], [{"value": "<strong>Advertising partner\u2019s third-party tracking provider. </strong>", "level": 1}, {"value": "We allow our advertising partners to track impressions, clicks, installs or other advertising campaign performance indicators through their tracking providers for the purposes of measuring their advertising campaign performance. They may use their own third-party tracking providers.</li><li>", "level": 0}], [{"value": "<strong>Other third-party service providers. </strong>", "level": 1}, {"value": "For our Games, we use Unity Software to develop such Games. For the data processing by Unity please see Unity\u2019s privacy policy available at <a href=\"https://unity3d.com/legal/privacy-policy\">https://unity3d.com/legal/privacy-policy</a>. For some Games, we partner with third-party development studios to develop such Games. Such third-party development studios do not have access to your personal information, they can only access aggregated data that they cannot trace back to you.</li></ul><p>We may contract with additional Partners or change existing Partners in the future to perform any services in connection with the Games. These changes shall be updated from time to time or promptly in case of material changes in our data processing practices.</p><p>We reserve the right to disclose your information (including personally identifiable information) in response to law, legal process, litigation, and/or requests from public and governmental authorities within or outside your country of residence. We may also disclose information about you if we determine that for purposes of national security, law enforcement, or other issues of public importance, the disclosure is necessary or appropriate. We may also disclose information about you if we determine that disclosure is reasonably necessary to enforce our terms and conditions or to protect our operations, users or user experience. Additionally, in the event of a reorganization, merger or sale we may transfer any and all information (including personally identifiable information) we collect to the relevant third party.</p><p>For any additional questions about third-party information collection, please refer to <a href=\"mailto:serkan.ozyilmaz85@gmail.com\">serkan.ozyilmaz85@gmail.com</a></p><p>\u00a0</p>", "level": 0}], [{"value": "<h2><strong>4.ADVERTISING</strong></h2>", "level": 8}, {"value": "", "level": 0}], [{"value": "<h3><strong>4.1. In General </strong></h3>", "level": 7}, {"value": "<p><strong>We use advertising to fund our Services and to make our games available for free. </strong>We offer our Games for free or at low cost and in order to do that we need to share information we collect from you with our third-party advertising partners.\u00a0As a safeguard to protect your privacy, we only store personal information temporarily.\u00a0 The information collected helps us to improve our websites and Games and \u2013 at the same time \u2013 keep our Games free for a wide player base.</p><p>If you are an European Economic Area (EEA) \u2013 based user be aware that:</p><p>(a)\u00a0When you use our Games, we rely on our legitimate interest to show advertisements to you.\u00a0The legal basis\u00a0 to show\u00a0 ads to EEA-based users\u00a0 is the legitimate interest\u00a0 in accordance with the European data protection requirements under Art. 6 para. 1 lit. f GDPR, which we evaluated together with our data protection officer.\u00a0In addition, a data processing agreements were concluded with external ad technology providers networks in accordance with the requirements of Art. 28 GDPR .We also ensure that our external service providers are committed to a high level of data protection by concluding data protection agreements.\u00a0</p><p>(b) Before sharing any information with our advertising partners for the purposes of personalized advertising, we always ask for your consent, given when you press accept at relevant button at loading of the Game. We allow our advertising partners to show personalized ads to you only if you have pressed ACCEPT in relevant pop-up window and so consented to the sharing of your personal information for the purposes of personalized advertising. Our advertising partners use different technologies for the purposes of personalized advertising that process your personal information in different ways, so please review their data processing practices before you ACCEPT to show you personalized ads at loading of the Game.\u00a0The legal basis to show personalized ads to EEA-based users is consent\u00a0 in accordance with the European data protection requirements under Art. 6 para. 1 lit. a GDPR. In addition, a data processing agreements were concluded with external ad technology providers networks in accordance with the requirements of Art. 28 GDPR. We also ensure that our external service providers are committed to a high level of data protection by concluding data protection agreements. The purpose is to improve our Games and provide the player with more relevant ads. You have an option to withdraw your consent to sharing your personal information for the purposes of personalized advertising at all times. You can withdraw your consent by going to the Game settings and clicking the terms & Privacy button therein, in section Personalized Ads Consent Withdrawal of the Privacy Policy you will be able to manage your preferences by choosing to which advertising you would like to get. When you decide to withdraw your consent or if you do not provide your consent, you may still see the same number of ads on your mobile device; however, these ads may be less relevant because they won\u2019t be based on topics you like, your interest, behavior, demographics, etc. Our advertising partners may continue to show you ads based on the content of the application you are using.</p>", "level": 0}], [{"value": "<h3><strong>4.2. In-game advertising </strong>(i.e. when you view ads in Our Games)</h3>", "level": 7}, {"value": "<p>To enable us to show in-game ads, we may send your advertising ID and IP-address to advertisers (or ad networks) to enable them to find appropriate ads to serve to you in our games and on third-party properties. You can control and limit our use of your advertising ID in your device settings. We do not control which specific ads are shown in our games (it is controlled by ad networks), but we do blacklist certain categories of ads.</p><p>Advertising IDs are used by the ad networks for a number of purposes (please refer to the Privacy Notices of our advertising partners listed here) including:</p><ul><li>limit the number of times you see the same ad;</li><li>ensure they are dealing with humans with real devices and not \u2018automated\u2019 bots;</li><li>serve you with advertisements likely to be relevant to you based on your advertising ID engagement with other brands and ads, also recorded using your advertising ID and using your general geographic area. Other brands buy advertisement placement via an ad network or ad exchange to advertise their products in Our Games. The ad network or ad exchange acts as intermediary between the other game companies and Us. In order for an ad network to charge the company buying the ad, clicks from the ad and potentially installs of other developers\u2019 applications party apps are tracked. Views, clicks, and installs from ads are measured using Advertiser ID;</li></ul><ul><li>keep track what games you have used to market you similar kind of games. IP-address is typically used by advertisers to broadly see the general geographic area you are coming from for example country, state, and sometimes at city level).</li></ul>", "level": 0}], [{"value": "<h3><strong>4.3. View of Our ads on third-party services</strong></h3>", "level": 7}, {"value": "<p>We also advertise Games in other apps by asking ad networks to serve them to audiences that will be interested in them (determined using Advertising IDs).</p><p>The Advertising IDs are used by the ad networks for a number of purposes (please refer to the Privacy Notices of our advertising partners listed \u201cThird Parties\u201d) including:</p><ul><li>measuring ad effectiveness (looking at aggregated views, clicks and installs they generate through their advertising in other publishers\u2019 games);</li><li>informing players, that have not been playing for a while, about new content in the Game. We give a list of these users in the form of Advertising IDs to an ad network. Ad network then shows these users ads about the new content.</li><li>not showing ads on a game which a player is already playing. We can send a list of active players in the form of Advertising IDs to an ad network. Ad network then excludes these players from seeing the ad.</li><li>marketing games to a group of potential players.</li></ul>", "level": 0}], [{"value": "<h3><strong>4</strong>.<strong>4. WHO CAN SHOW PERSONALIZED ADS TO YOU?</strong></h3>", "level": 7}, {"value": "<p>Please see the following list of advertising providers that are allowed to show personalized advertising and review their data processing practices, including the technologies they use for the purposes of personalized advertising.</p><ul><li>Google (AdMob) <a href=\"https://support.google.com/admob/answer/7665968\">https://support.google.com/admob/answer/7665968</a>; <a href=\"https://support.google.com/dfp_premium/answer/9012903\">https://support.google.com/dfp_premium/answer/9012903</a></li><li>Facebook Audience Network <a href=\"https://www.facebook.com/about/privacy/update?ref=old_policy\">https://www.facebook.com/about/privacy/update?ref=old_policy</a></li><li>IronSource <a href=\"https://developers.ironsrc.com/ironsource-mobile/air/ironsource-mobile-privacy-policy/\">https://developers.ironsrc.com/ironsource-mobile/air/ironsource-mobile-privacy-policy/</a></li><li>Chartboost <a href=\"https://answers.chartboost.com/en-us/articles/115001489623\">https://answers.chartboost.com/en-us/articles/115001489623</a></li><li>Vungle <a href=\"http://vungle.com/privacy/\">http://vungle.com/privacy/</a></li><li>MoPub <a href=\"https://www.mopub.com/legal/privacy/\">https://www.mopub.com/legal/privacy/</a>; <a href=\"https://www.mopub.com/legal/partners/\">https://www.mopub.com/legal/partners/</a></li><li>Inmobi <a href=\"https://www.inmobi.com/privacy-policy/\">https://www.inmobi.com/privacy-policy/</a></li><li>Unity Ads <a href=\"https://unity3d.com/legal/privacy-policy\">https://unity3d.com/legal/privacy-policy</a></li><li>Applovin <a href=\"https://www.applovin.com/privacy/\">https://www.applovin.com/privacy/</a></li><li>TapDaQ <a href=\"https://tapdaq.com/privacy-policy\">https://tapdaq.com/privacy-policy</a></li></ul>", "level": 0}], [{"value": "<h3><strong>4.5. HOW CAN YOU TURN OFF PERSONOLIZED ADS?</strong></h3>", "level": 7}, {"value": "<p>Besides specific instruments available to EEA-based users via the Game you can use your device\u00a0 settings.</p>", "level": 0}], [{"value": "<p><strong>iOS</strong></p>", "level": 1}, {"value": "<p>Open the \u201cSettings\u201d application of iOS and select the \u201cPrivacy\u201d menu item and then the \u201cAdvertising\u201d sub-item. If you activate the \u201cLimit ad tracking\u201d option, we can only take limited measures such as identifying unique users or combating fraud. In the same menu you can always delete the IDFA (\u201cReset Ad-ID\u201d), then a new ID is created which is not merged with the data collected earlier.</p><p>\u00a0</p>", "level": 0}], [{"value": "<p><strong>Android</strong></p>", "level": 1}, {"value": "<p>Open the \u201cSettings\u201d application and select the \u201cGoogle\u201d menu item. Depending on your device, this option may not be visible on the main menu but you may use the search function at the top of the Settings menu to find it. From there, select the \u201cAds\u201d sub-item and activate the option \u201cOpt out of Ads Personalisation\u201d to prevent the creation of profiles and the display of personalized advertising. You can delete the advertising ID in the same menu at any time (\u201cReset advertising ID\u201d), then a new ID will be created which will not be merged with the previously collected data.</p><p>\u00a0</p>", "level": 0}], [{"value": "<h2><strong>5. THIRD-PARTY SOCIAL NETWORKS</strong></h2>", "level": 8}, {"value": "", "level": 0}], [{"value": "<h3><strong>5.1. Connecting to Third-Party Social Networks </strong></h3>", "level": 7}, {"value": "<p>Some of our Games use third-party services such as Google Play Games Service, Apple Game Center, Facebook (\u201cThird Party Social Network/s\u201d). Such Games enable you to log in to your Third-Party Social Network account to connect our App by using the \u201cLog in\u201d feature in our App. You may also share the content you create within the App on Third-Party Social Networks. Please note, Third Party Social Networks are governed by their own privacy policies, terms and end-user agreements and we are not responsible for and have no control over, the sharing practices or policies of the third parties that operate those sites. For additional questions, contact us at <a href=\"mailto:serkan.ozyilmaz85@gmail.com\">serkan.ozyilmaz85@gmail.com</a>.</p>", "level": 0}], [{"value": "<h3><strong>5.2. Information We May Receive When You Connect to Third-Party Social Networks</strong></h3>", "level": 7}, {"value": "<p>The information you allow us to access varies by App and is affected by the privacy settings you establish on those Third-Party Social Networks. You can control and find out more about these settings from the Third-Party Social Network in question. When you use the \u201cLog in\u201d feature, we may access and store some or all of the following information, as allowed by you, Third-Party Social Networks and your preferences: (i) your basic information from your public profile, such as your nickname, profile picture; (ii) login ID and/or player identifier string; (iii) list of your friends; (iv) any other information which is detailed and displayed to you in the notice which appears during the \u201cLog in with\u201d process. We may share your name and your game data (such as moves, Game progress and scores) with respect to the applicable App, with your friends who have also used the \u201cLog in with\u201d or \u201cConnect to\u201d feature in connection with such App or with your contacts in applicable Third-Party Social Media Network account.</p><p>The App may further ask you to allow us to post on such Third-Party Social Networks on your behalf (e.g. status updates). Please keep in mind that we will only do that if specifically allowed by you and we will store ID and your full name for the purposes of user identification. Other information will be merely stored within the App on your device so that the App will be able to communicate with Third Party Social Network directly.</p>", "level": 0}], [{"value": "<h3><strong>5.3. \u00a0How You Share Your Information On Third-Party Social Networks</strong></h3>", "level": 7}, {"value": "<p>If you use Third-Party Social Networks to participate in game-related activities, such as leaderboards and multiplayer games, you share your information with other players and Third-Party Social Networks (for example, scores, rankings, and achievements).</p>", "level": 0}], [{"value": "<h2><strong>6. COOKIES</strong></h2>", "level": 8}, {"value": "<p>Cookies are files with small amount of data, which may include an anonymous unique identifier. Cookies are sent to your browser from a website and stored on your computer\u2019s hard drive.<br/>We use \u201ccookies\u201d to collect information. You can instruct your browser to refuse all cookies or to indicate when a cookie is being sent. However, if you do not accept cookies, you may not be able to use some options of our Service.</p>", "level": 0}], [{"value": "<h2><strong>7. CHILDREN\u2019S PRIVACY</strong></h2>", "level": 8}, {"value": "<p>Our Service does not address anyone under the age of 16 (\u201cChildren\u201d). When we collect personal information, we do not know the age of our players. We do not knowingly collect personally identifiable information from children under 16. If you are a parent or guardian and you are aware that your Children has provided us with Personal Information, please contact us. If we become aware that we have collected Personal Information from a child under age 16 without verification of parental consent, we will take steps to remove that information from our servers.</p>", "level": 0}], [{"value": "<h2><strong>8. YOUR RIGHTS</strong></h2>", "level": 8}, {"value": "<p>If you are EEA-based user you have certain rights in connection with your personal information and how we handle it. Some of these rights may be subject to some exceptions or limitations. You can exercise these rights at any time by following the instructions below or sending us relevant\u00a0 requests to\u00a0<a href=\"mailto:serkan.ozyilmaz85@gmail.com\">serkan.ozyilmaz85@gmail.com </a></p><p>Your rights include:</p><ul><li>", "level": 0}], [{"value": "<strong>Right to withdraw your consent</strong>", "level": 1}, {"value": " in accordance with Art. 7 para. 3 GDPR (e.g. you may withdraw your consent to show you personalized ads to you, please load Terms &Privacy from your Game settings and follow instructions in section Personalized Ads Consent Withdrawal in Privacy Policy (available to EEA-based users only))</li><li>", "level": 0}], [{"value": "<strong>Right to access your data</strong>", "level": 1}, {"value": " in accordance with Art. 15 GDPR (e.g. you may check what data we store about you, please load Terms &Privacy from your Game settings and follow instructions in section Request a Summary of Personal Data\u00a0 in Privacy Policy (available to EEA-based users only))</li><li>", "level": 0}], [{"value": "<strong>Right to correct your data</strong>", "level": 1}, {"value": " in accordance with Art. 16 GDPR (e.g. you can contact us if your email address has been changed and we should replace your old email address)</li><li>", "level": 0}], [{"value": "<strong>Right to have your data deleted</strong>", "level": 1}, {"value": " in accordance with Art. 17 GDPR (e.g. you can contact us if you want us to delete certain data that we have stored about you, please load Terms &Privacy from your Game settings and follow instructions in section request Personal Data to be removed\u00a0 in Privacy Policy (available to EEA-based users only))</li><li>", "level": 0}], [{"value": "<strong>Right to limit data collection</strong>", "level": 1}, {"value": " in accordance with Art. 18 GDPR (e.g. you can do it by withdrawal of your consent in accordance with instructions above)</li><li>", "level": 0}], [{"value": "<strong>Right to take your data with you</strong>", "level": 1}, {"value": " in accordance with Art. 20 GDPR (e.g. you can contact us to receive your data if you want to upload it to another service)</li><li>", "level": 0}], [{"value": "<strong>Right to object how your data is handled</strong>", "level": 1}, {"value": " in accordance with Art. 21 GDPR (e.g. you can contact us if you do not agree with any user analytics procedures as described within this privacy policy)</li><li>", "level": 0}], [{"value": "<strong>Right to send complaints</strong>", "level": 1}, {"value": " to the supervisory authority in accordance with Art. 77 para. 1 f GDPR (e.g. you can contact the data protection supervisory authority directly).</li></ul><p>\u00a0</p>", "level": 0}], [{"value": "<h2><strong>9. GENERAL</strong></h2>", "level": 8}, {"value": "<p>Your information privacy and security is important to us and we always pay special attention to ensure that we process your information lawfully in accordance with one of the legal bases set out under EEA data protection laws that apply to EEA users. We have appointed data protection officer to help us ensure compliance with EEA data protection laws. We store your information for as long as needed to provide you with our services. We may store information longer, but only in a way that it cannot be tracked back to you. We operate globally and we share your information with our Partners as for the purposes described above in \u201cHow We Share Your Information\u201d Section, which may include a transfer of your personal information outside of the European Economic Area (the \u201cEEA\u201d). Please check regularly for changes to our Privacy Policy.</p>", "level": 0}], [{"value": "<h2><strong>10. LEGAL BASES</strong></h2>", "level": 8}, {"value": "<p>In each case where we process your information, we do so lawfully in accordance with one of the legal bases set out under EEA data protection law.</p><p>The legal bases that we rely upon are the following:</p><ul><li>", "level": 0}], [{"value": "<strong>Contractual Necessity.</strong>", "level": 1}, {"value": " This covers information that is processed by us in order to provide you with service that you have requested \u2013 and that we have agreed \u2013 to provide to you, that is to deliver and improve our services, to provide customer support, to deliver special features in our Games (such as in-app chat feature, multiplayer feature, leaderboards and other third-party social network features), to deliver content of the in-app purchase you make.</li><li>", "level": 0}], [{"value": "<strong>Legitimate Interests.</strong>", "level": 1}, {"value": " This covers information that is processed by us for the purposes that can be reasonably expected within the context of your use of our services to pursue our legitimate interests in order to ensure you have the best experience when playing our apps, to make sure your information is secure and to provide to you our Games free of charge or at a low cost. We pay special attention to your data protection rights making sure that your data protection rights are not overridden by our legitimate interests. We rely on our legitimate interests for data processing for analytics, tracking and fraud prevention, push-notifications, cross-promotion, and contextual advertising purposes.</li><li>", "level": 0}], [{"value": "<strong>Consent.</strong>", "level": 1}, {"value": " Where we ask for your consent to use your data for a particular purpose, we will make this clear at the point of collection and we will also make clear how you can withdraw your consent. We will ask for you consent before sharing any information with our advertising partners for the purposes of personalized advertising and before conducting any surveys.</li><li>", "level": 0}], [{"value": "<strong>Legal Obligation.</strong>", "level": 1}, {"value": " This covers information that is processed by us to comply with a legal obligation, for instance, is to maintain records for tax purposes.</li></ul><p>\u00a0</p>", "level": 0}], [{"value": "<h2><strong>11. SECURITY </strong></h2>", "level": 8}, {"value": "<p>We have implemented appropriate technical and organizational measures to protect the confidentiality, security and integrity of the collected information, and to prevent unauthorized access and the use of information contrary to this Privacy Policy. Although we use commercially reasonable efforts to assure that your information remains secure when maintained by us, please be aware that no security measures are perfect or impenetrable.</p><p>\u00a0</p>", "level": 0}], [{"value": "<h2><strong>12. INTERNATIONAL TRANSFER </strong></h2>", "level": 8}, {"value": "<p>Your personal information may be transferred to and processed in countries other than the country in which you are resident. These countries may have data protection laws that are different to the laws of your country.</p><p>This means that when we collect your personal information, we may process it in other countries. However, we ensure appropriate safeguards are in place so that your personal information will remain protected in accordance with this Privacy Notice. These include implementing the European Commission\u2019s Standard Contractual Clauses for transfers of personal information between us and third party service providers and partners, which require us to protect personal information they process from the EEA in accordance with European Union data protection law. It also includes transferring personal information to third party service providers and partners which are certified under the EU-US Privacy Shield.</p><p>\u00a0</p>", "level": 0}], [{"value": "<h2><strong>13. RETENTION </strong></h2>", "level": 8}, {"value": "<p>We store your information for as long as needed to provide you with our services. We may store information longer, but only in a way that it cannot be tracked back to you. We delete the information as soon as we do not need it for the purposes as described in this Privacy Policy and in any event no later than five (5) years after your interaction with all of our Games has ceased.</p><p>When required by law, we will retain your information for as long as we are legally obligated to do so. If you request us to delete your data will delete your data as described above in \u201cYour Rights\u201d Section.</p><p>\u00a0</p>", "level": 0}], [{"value": "<h2><strong>14. CHANGES TO OUR PRIVACY POLICY</strong></h2>", "level": 8}, {"value": "<p>We will occasionally update this Privacy Policy as necessary to protect our users, furnish current information, and respond to legal and technical changes. The most current version of the Privacy Policy will govern our use of your information and will be available at <a href=\"https://www.serkanozyilmaz.net/privacy/\">https://www.serkanozyilmaz.net/privacy/</a>.</p><p>For previous versions of this Privacy Policy, please contact us via <a href=\"mailto:serkan.ozyilmaz85@gmail.com\">serkan.ozyilmaz85@gmail.com</a></p>", "level": 0}], [{"value": "<h2><strong>15. CONTACT US</strong></h2>", "level": 8}, {"value": "<p>If you have questions or concerns about this Privacy Policy, please contact us through one of the following ways:</p><ol><li>for privacy questions and exercising your rights via our privacy email: <a href=\"mailto:serkan.ozyilmaz85@gmail.com\">serkan.ozyilmaz85@gmail.com</a> ;</li><li>our data protection officer: <a href=\"mailto:serkan.ozyilmaz85@gmail.com\">serkan.ozyilmaz85@gmail.com</a> ;</li><li>if you have a concern or compliance regarding our treatment of your personal data you can contact the relevant data protection authority. For more information on which authority to contact, please email us here <a href=\"mailto:serkan.ozyilmaz85@gmail.com\">serkan.ozyilmaz85@gmail.com</a>.</li><li>for general information, please feel free to contact us via our contact service page: <a href=\"https://www.serkanozyilmaz.net/contact-us/\">https://www.serkanozyilmaz.net/contact-us/</a> .</li></ol></div></div></div></div></div></div></div></div></div></div></div></div></div></div></article></div></div><footer class=\"x-colophon bottom\" role=\"contentinfo\"><div class=\"x-container max width\"><div class=\"x-social-global\"><a class=\"facebook\" href=\"https://www.facebook.com/Rise-Up-Game-884182181788380/\" target=\"_blank\" title=\"Facebook\"><i aria-hidden=\"true\" class=\"x-icon-facebook-square\" data-x-icon=\"\uf082\"></i></a><a class=\"instagram\" href=\"https://www.instagram.com/riseup_game/\" target=\"_blank\" title=\"Instagram\"><i aria-hidden=\"true\" class=\"x-icon-instagram\" data-x-icon=\"\uf16d\"></i></a></div><ul class=\"x-nav\" id=\"menu-main-menu-2\"><li class=\"menu-item menu-item-type-post_type menu-item-object-page menu-item-home menu-item-472\"><a href=\"http://serkanozyilmaz.net/\">Home</a></li><li class=\"menu-item menu-item-type-post_type menu-item-object-page menu-item-503\"><a href=\"http://serkanozyilmaz.net/contact-us/\">Contact Us</a></li><li class=\"menu-item menu-item-type-post_type menu-item-object-page current-menu-item page_item page-item-499 current_page_item menu-item-504\"><a href=\"http://serkanozyilmaz.net/privacy/\">Privacy</a></li></ul></div></footer></div> <!-- END .x-site --><a class=\"x-scroll-top right fade\" title=\"Back to Top\"><i class=\"x-icon-angle-up\" data-x-icon=\"\uf106\"></i></a></div> <!-- END .x-root --></body>", "level": 0}]]