[[{"value": "<h1>PRIVACY POLICY</h1>", "level": 9}, {"value": "<p>This privacy policy governs your use of the application Walli (\"Application\") for mobile devices that was created in partnership by StangaOne1(43, Cherni Vrah Blvd,Sofia 1407, Bulgaria) and Shine Media (Pozitano Street 3, Sofia 1000, Bulgaria)</p><p>This Application collects some Personal Data from its Users.</p>", "level": 0}], [{"value": "<h2>1- What information does the Application obtain and how is it used?</h2>", "level": 8}, {"value": "", "level": 0}], [{"value": "<h3>User Provided Information</h3>", "level": 7}, {"value": "<p><br/>The Application obtains the information you provide when you download, register and use the Application. Registration with us is mandatory in order tobe able to use the basic features of the Application.</p><p><br/>When you register with us and use the Application, you generally provide (a) your name, email address, define a password and provide eventually other registrationinformation; (b) transaction-related information, such as when you respond to any offers, or download or use applications from us; (c) information youprovide us when you contact us for help; and (d) information you enter into our system when using the Application, such as contact information, likes anddownloads, and project management information.</p><p><br/>We may use the information you provided us to contact your from time to time to provide you with important information, required notices and marketingpromotions.</p>", "level": 0}], [{"value": "<h3>Automatically Collected Information</h3>", "level": 7}, {"value": "<p><br/>In addition, the Application may collect certain information automatically, including, but not limited to, the type of mobile device you use, your mobiledevices unique device ID, the Ipaddress of your mobile device, your mobile operating system, the type of mobile Internet browsers you use, and informationabout the way you use the Application.</p><p>Any use of Cookies - or of other tracking tools - by this Application or by the owners of third party services used by this Application, unless statedotherwise, serves to identify Users and remember their preferences, for the sole purpose of providing the service required by the User.<br/></p>", "level": 0}], [{"value": "<h3>Access to third parties services account</h3>", "level": 7}, {"value": "This type of services allows this Application to access Data from your account on a third party service and perform actions with it. These services are notactivated automatically, but require explicit authorization by the User.", "level": 0}], [{"value": "<h4>Access to the Facebook account</h4>", "level": 6}, {"value": "<p>This service allows this Application to connect with the User's account on the Facebook social network, provided by Facebook, Inc.<br/>Permissions asked: Email and Public Profile<br/>Place of processing: US </p><h4>Access to the Google+ account</h4><p>This service allows this Application to connect with the User's account on the Google+ social network, provided by Google.<br/>Permissions asked: Email and Profile ID<br/>Place of processing: US <br/><br/>Users are responsible for any Personal Data of third parties obtained, published or shared through this Application and confirm that they have the thirdparty's consent to provide the Data to the Owner.</p>", "level": 0}], [{"value": "<h3>Does the Application collect precise real time location information of the device?</h3>", "level": 7}, {"value": "<p>When you visit the mobile application, we may use GPS technology (or other similar technology) to determine your current location in order to determine thecity you are located within and display a location mapwith relevant advertisements. We will not share your current location with other users or partners.</p><p>If you do not want us to use your location for the purposes set forth above, you should turn off the location services for the mobile application locatedin your account settings or in your mobile phone settings and/or within the mobile application.</p>", "level": 0}], [{"value": "<h2>2- The Use of the Collected Data</h2>", "level": 8}, {"value": "<p>The Data concerning the User is collected to allow the Owner to provide its services, as well as for the following purposes: Access to third partyservices' accounts, Analytics, Contacting the User, Advertising, Registration and authentication, Managing contacts and sending messages.</p>", "level": 0}], [{"value": "<h3>Do third parties see and/or have access to information obtained by the Application?</h3>", "level": 7}, {"value": "<p>We might share your information with third parties, but only in the ways that are described in this privacy statement.<br/>We may disclose User Provided and Automatically Collected Information:</p><ul><li><p>as required by law, such as to comply with a subpoena, or similar legal process;</p></li><li><p>when we believe in good faith that disclosure is necessary to protect our rights, protect your safety or the safety of others, investigate fraud,or respond to a government request;</p></li><li><p>with our trusted services providers who work on our behalf, do not have an independent use of the information we disclose to them, and have agreedto adhere to the rules set forth in this privacy statement.</p></li><li><p>if Stanga or Shine Media is involved in a merger, acquisition, or sale of all or a portion of its assets, you will be notified via email and/or a prominent noticeon our Website of any change in ownership or uses of this information, as well as any choices you may have regarding this information.</p></li><li><p>to advertisers and third party advertising networks and analytics companies as described in the section below</p></li></ul>", "level": 0}], [{"value": "<h3>Automatic Data Collection and Advertising</h3>", "level": 7}, {"value": "<p>We may work with analytics companies to helpus understand how the Application is being used, such as the frequency and duration of usage. We work withadvertisers and third party advertising networks, who need to know how you interact with advertising provided in the Application which helps us keepthecost of the Application low. Advertisers and advertising networks use some of the information collected by the Application, including, but not limited to,the unique identification ID of your mobile device and your mobile telephone number. To protect the anonymity of this information, we use an encryptiontechnology to help ensure that these third parties can't identify you personally.</p><p>These third parties may also obtain anonymous information about other applications you've downloaded to your mobile device, the mobile websites you visit,your non-precise location information (e.g., your zipcode), and other non- precise location information in order to help analyze and serve anonymoustargeted advertising on the Application and elsewhere. We may also share encrypted versions of information you have provided in order to enable ourpartners to append other available information about you for analysis or advertising related use.<br/>If you'd like to opt-out from third party use of this type of information to help serve targeted advertising, please visit the section entitled \"Opt-out\"below.</p>", "level": 0}], [{"value": "<h3>What are my opt-out rights?</h3>", "level": 7}, {"value": "<p>There are multiple opt-out options for users of this Application:</p><p><strong>Opt-out of all information collection by uninstalling the Application:</strong> You can stopall collection of information by the Application easily by uninstallingthe Application. You may use the standard uninstall processes as may be available as part of your mobile device or via the mobile application marketplaceor network. You can also request to opt-out via email, at privacy@ku.co .</p><p><strong>Opt-out from the use of information to serve targeted advertising by advertisers and/or third party network advertisers: </strong>you may at any time opt-out fromfurther allowing us to have access to your location data by following those steps: in your device, go to Google Settings / Ads, and check \"opt-out ofinterested-based ads\".</p>", "level": 0}], [{"value": "<h2>3 - Additional info about Data Collection and processing</h2>", "level": 8}, {"value": "", "level": 0}], [{"value": "<h3>Data Retention Policy, Managing Your Information </h3>", "level": 7}, {"value": "<p>We will retain User Provided data for as long as you use the Application and for a reasonable time thereafter. We will retain Automatically Collectedinformation for up to 24 months and thereafter may store it in aggregate. If you'd like us to delete User Provided Data that you have provided via theApplication, please contact us at privacy@ku.co and we will respond in a reasonable time. Please note that some or all of the User Provided Data may berequired in order for the Application to function properly.</p>", "level": 0}], [{"value": "<h3>Children </h3>", "level": 7}, {"value": "<p>We do not use the Application to knowingly solicit data from or market to children under the age of 13. If a parent or guardian becomes aware that his orher child has provided us with information without their consent, he or she should contact us at walli@shanga.co. We will delete such information fromour files within a reasonable time.</p>", "level": 0}], [{"value": "<h3>Security</h3>", "level": 7}, {"value": "<p>We are concerned about safeguarding the confidentiality of your information. We provide physical, electronic, and procedural safeguards to protectinformation we process and maintain. For example, we limit access to this information to authorized employees and contractors who need to know thatinformation in order to operate, developor improve our Application. Please be aware that, although we endeavor provide reasonable security for informationwe process and maintain, no security system can prevent all potential security breaches.</p>", "level": 0}], [{"value": "<h3>Your Consent</h3>", "level": 7}, {"value": "<p>By using the Application, you are consenting to our processing of your information as set forth in this Privacy Policy now and as amended by us.\"Processing\", means using cookies on a computer/hand held device or using or touching information in any way, including, but not limited to, collecting,storing, deleting, using, combining and disclosing information.</p>", "level": 0}], [{"value": "<h3>Contact us</h3>", "level": 7}, {"value": "<p>If you have any questions regarding privacy while using the Application, or have questions about our practices, please contact us via email atwalli@shanga.co.</p>", "level": 0}], [{"value": "<h3>Facebook ads preferences</h3>", "level": 7}, {"value": "<p>You can manage your Facebook ads preferences here: <a href=\"https://m.facebook.com/ads/ad_choices\">https://m.facebook.com/ads/ad_choices</a></p>", "level": 0}], [{"value": "<h3>Changes</h3>", "level": 7}, {"value": "<p>This Privacy Policy may be updated from time to time for any reason. You are advised to consult this Privacy Policy regularly for any changes, as continueduse is deemed approval of all changes. You can check the history of this policy below.<br/>Privacy Policy regulated on June 2nd 2016</p><div><br/></div></body>", "level": 0}]]