[[{"value": "<h2 id=\"privacy\">Miniclip Privacy Policy</h2>", "level": 8}, {"value": "", "level": 0}], [{"value": "<h3>(For War Wings players, please refer specifically to the <a href=\"#ww\">War Wings Privacy Policy</a>)</h3>", "level": 7}, {"value": "", "level": 0}], [{"value": "<h3>(For Snake Wars players, please refer specifically to the <a href=\"#sw\">Snake Wars Privacy Policy</a>)</h3>", "level": 7}, {"value": "<p>Last updated: 5 October 2018. Please check back regularly to keep informed of updates to this Privacy Policy.</p><div style=\"border-style: solid; border-width: 1; padding: 10\"><strong></strong>", "level": 0}], [{"value": "<p><strong>KEY POINTS:</strong></p>", "level": 1}, {"value": "<ul><li>Miniclip SA is the data controller of data processed through your use of its services.</li><li>The type and nature of the data includes profile and contact details, data relating to your use of the services including game stats, posts, log in, traffic data, data relating to the device you use to access the services.</li><li>We use your data to provide and personalise the services, respond to queries and monitor use of our services.</li><li>We may send you marketing materials relating to other services we think may be of interest to you which you can opt out of at any time. We don't give or sell your data to third parties for them to market to you.</li><li>We may send you push notifications. You will be given an option to allow such notifications or not via your device or the website you are using. You can always use your device or browser settings to control these notifications.</li><li>You have various rights in respect of our use of your personal information as set out in '<a href=\"#erase\">How do I erase or restrict or update my data?</a>' and '<a href=\"#copy\">How do I get a copy of my data?'</a> . Two of the key rights are that you may:              <ul><li>ask us to stop using your personal information for direct-marketing purposes. If you exercise this right, we will stop using your personal information for this purpose; and</li><li>ask us to consider any valid objections which you have to our use of your personal information where we process your personal information on the basis of our, or another person's, legitimate interest.</li></ul></li><li>If you have any questions about this Privacy Policy or wish to request a copy of the data which we hold about you, please contact our Data Protection Officer, at <a href=\"mailto:dataprotection@miniclip.com\">dataprotection@miniclip.com</a> or alternatively you can send a letter to: Miniclip SA, Case Postale 2671, 2001 Neuch\u00e2tel, Switzerland or to Miniclip at Legal Department, Holborn Gate, 326-330 High Holborn, London WC1V 7PP. </li></ul></div><p>You can find information about us and how we collect, use and store your personal data in each section of this Privacy Policy:</p><ul><li> <a href=\"#who\">Who we are</a> </li><li> <a href=\"#third_party\">Third party sites</a> </li><li> <a href=\"#what_data\">What data does Miniclip collect from you?</a> </li><li> <a href=\"#legal_basis\">What does Miniclip do with this data and what is our legal basis for processing this data?</a> </li><li> <a href=\"#marcoms\">Does Miniclip send marketing communications and how can I opt out?</a> </li><li> <a href=\"#protect\">What does Miniclip do to protect data?</a> </li><li> <a href=\"#term\">How long does Miniclip keep hold of data?</a> </li><li> <a href=\"#shared\">What data is shared with or accessed by third parties?</a> </li><li> <a href=\"#ad_cos\">Third party advertising companies</a> </li><li> <a href=\"#overseas\">Will data be transferred overseas?</a> </li><li> <a href=\"#childrens\">Children's privacy</a> </li><li> <a href=\"#erase\">How do I erase or restrict or update my data?</a> </li><li> <a href=\"#copy\">How do I get a copy of my data?</a> </li><li> <a href=\"#contact\">How can I contact Miniclip?</a> </li><li> <a href=\"#complaint\">What can I do if I have a complaint?</a> </li></ul><p>\u00a0</p>", "level": 0}], [{"value": "<h3 id=\"who\">Who we are</h3>", "level": 7}, {"value": "<p>Miniclip SA (a company registered in Switzerland (registration number CH-645-4103964-1), whose registered office is at Rue des Beaux-Arts 8, 2000, Neuch\u00e2tel, Switzerland) is the data controller of the personal information that we collect from you. Miniclip is a member of a group of companies who may process your personal data, which includes Miniclip (UK) Limited (a company registered in England and Wales (registration number 06432709), whose registered office is at Legal Department, Holborn Gate, 326-330 High Holborn, London, United Kingdom, WC1V 7PP), Miniclip Portugal (a company registered in Portugal (registration number 509371388), whose registered office is at Taguspark, Edificio Ciencia II, Av. Prof. Dr. An\u00edbal Cavaco Silva, N\u00ba 11 - 1C, 2740-120, Oeiras, Portugal) and Miniclip Italia (Testaluna) (a company registered in Italy (registration number MI1754241), whose registered office is at Via Melchiorre Gioia, 8, 20124, Milano (MI), Italy). Miniclip and its affiliated group companies are referred to in this Privacy Policy as \"Miniclip\", \"us\", \"we\" or \"our\".<br/><br/>Miniclip SA's EU representative for the purposes of EU data protection laws is Miniclip (UK) Limited (details above).</p><p>We are committed to providing fun and exciting digital entertainment. This Privacy Policy explains how and what personal data relating to you we may use in relation to:</p><ul><li>our main website www.miniclip.com or through our other dedicated websites (such as www.agar.io, www.diep.io, www.spaceone.io and any other .io sites which may be offered by us from time to time) (\"<strong>websites</strong>\");</li><li>any of our mobile applications (\"<strong>apps</strong>\"); and</li><li>any games, products, forums and services we offer through the apps or websites, or otherwise provided by us (all collectively referred to in this Privacy Policy as our \"<strong>Services</strong>\").</li></ul><p>This Privacy Policy governs the collection, storage and use of personal information by us via our websites, apps and Services. It provides you with details about the personal information we collect from you, how we use your personal information, and your rights regarding the personal information we hold about you. Please read this Privacy Policy carefully.</p>", "level": 0}], [{"value": "<h3 id=\"third_party\">Third party sites</h3>", "level": 7}, {"value": "<p>Please note that the Services may contain links to websites or other services owned and operated by third parties. We do not endorse any such third-party services. We are not responsible or liable for anything that happens to you when you visit or use these services. Miniclip strongly recommends that you review the privacy policies and cookie usage of these third parties.</p>", "level": 0}], [{"value": "<h3 id=\"what_data\">What data does Miniclip collect from you?</h3>", "level": 7}, {"value": "<p>In this Privacy Policy, \"data\" means any personal data about you which could identify you (by itself or in combination with other data) such as your name, address, email address or an online identifier.</p><p>We collect data about you in a number of different ways. In this section, we explain the different ways we collect personal data about you and the ways in which that information will be used. For more detail on how we use your data, please see the section titled \" <a href=\"#legal_basis\">What does Miniclip do with this data?</a>\"</p><p>We will usually collect and store the following data about you when you access and use our Services:</p>", "level": 0}], [{"value": "<p><strong>Data you give us directly:</strong></p>", "level": 1}, {"value": "<ul><li>if you register an account with us directly on our Services, we will collect your date of birth, location, username, avatar, password and email address;</li><li>if you enter into any competitions or complete any surveys on our apps or websites, or when using any of our Services, we will collect and store the data you submit to us, including your name and contact details as well as information on your game scores and ranking in any competition;</li><li>when you complete any in-app or in-game purchases, such as buying in-game currency and other items, we will collect data relating to your purchase history;</li><li>when you participate in any Miniclip chat forums on our Services, we will collect your username, email address and any data that you share within your messages posted to that forum; and</li><li>we will also collect information you provide to us if you raise a complaint, ask for technical support or report a problem with any of our Services, including when you contribute to or post on our Community pages.</li></ul><p><strong>Data we may collect when you use our Services (whether or not you register with us):</strong></p><ul><li>data about your location, device type and model, operating system and version and platform, and any apps you are using in conjunction with our Services;</li><li>data about your device's browser version, page loading time, mobile phone network and operator, generated device identifier information, referral source and IP address;</li><li>data generated when you play our games, such as the game version you are playing, your high score, log-in method, VIP level and rankings;</li><li>attribution data (engagement with advertising on third party websites and in-app event data) and advertising ID, for user acquisition campaigns and monitoring the success of the same;</li><li>data relating to your game play history on our Services, including any purchases made;</li><li>the number of times you visit or use any of our Services and the amount of time you spend using the Services; and</li><li>where you are accessing our Services through a third-party account such as Facebook or Google, we will collect certain information relating to your account with those third parties including your name, user ID, location (country and/or city specific), email address, date of birth, information from your public profile including friends and connections, log in details, avatar and other information based on your use of our Services. You can manage the data which is shared by such third parties with us by amending your preferences using the privacy settings which these third parties provide on their platforms.</li></ul><p>We will sometimes use third party advertising companies to help us collect this data. Further information is provided below in the section titled \"<a href=\"#ad_cos\">Third party advertising companies</a>\".</p>", "level": 0}], [{"value": "<h3 id=\"legal_basis\">What does Miniclip do with this data and what is our legal basis for processing this data?</h3>", "level": 7}, {"value": "", "level": 0}], [{"value": "<p><strong>Use of data which is necessary to perform a contract</strong></p>", "level": 1}, {"value": "<p>We collect, store and use certain data as it is necessary in order for us to provide you with access to our Services under the relevant terms and conditions of those Services. This includes:</p><ul><li>providing you with a consistent and personalised Service across different devices and platforms and parts of our Services, for example, ensuring that your progress is saved across devices and displaying your image to your social media contacts (for example, Facebook friends that also use our Services);</li><li>to restrict customers from attempting to use our Services from a restricted territory or who are under-age and attempting to access inappropriate content in breach of our <a href=\"https://www.miniclip.com/terms/\" target=\"_blank\">terms and conditions</a>; </li><li>to ensure that you are complying with our <a href=\"https://www.miniclip.com/terms/\" target=\"_blank\">terms and conditions</a> when you use our Services and taking any necessary action if you are not complying with our terms and conditions; </li><li>to moderate any chat messages in chat forums, in order to restrict access to harmful, infringing or illegal content; and</li><li>to process any refunds requested by you.</li></ul><p>This applies to the following data:</p><ul><li>your username and password in order to allow you to log-in to your account for any of our Services from any device;</li><li>your contact details so that we can contact you with material variations to the legal terms relating to the Services you have asked us to supply (in accordance with our <a href=\"https://www.miniclip.com/terms/\" target=\"_blank\">terms and conditions</a>); </li><li>your contact details to communicate with you in relation to any competition that you have entered through our Services (in accordance with the relevant competition terms and conditions); and</li><li>your name and contact details along with details of your device operating system, browser version and IP address, in order to offer you technical support or respond to service questions that you raise.</li></ul>", "level": 0}], [{"value": "<p><strong>Use of data which is necessary for our legitimate interests</strong></p>", "level": 1}, {"value": "<p>Sometimes, our use of your data is for purposes which are ancillary to the provision of the Services, which are desirable in order to make them operate more effectively or which are vital to the viability of particular Services. In those circumstances, we believe we have a legitimate interest in handling your data, and do not believe that this storage and use of your data will be of particular concern to you.</p><p>We use your data for our legitimate interests in the following ways:</p><ul><li>to detect and prevent fraud, hacking and/or cheating;</li><li>to keep our Services secure;</li><li>to provide you with any newsletter or blog that you subscribe to with us (which you can opt out of at any time using the privacy settings on our apps or through your profile settings on our websites);</li><li>to customise the Services which are available to you;</li><li>to improve the Services, for analysis and reporting purposes (this also includes using data to log any crashes in our provision of the Services, so we may report such interruptions (in this regard, we may use a third party to assist us));</li><li>to track your use of our Services across our different games and platforms in order to provide you with a seamless experience;</li><li>to connect social media accounts which you have actively linked with our Services (such as Facebook or Google+);</li><li>to understand your preferences and personalise your experience of our Services;</li><li>to send you push notifications with service-related information for certain Services (which you can choose not to accept or turn off by visiting the settings section of your device and selecting the appropriate setting);</li><li>to communicate to you details of our events, promotions or updates that you may be interested in, both within a game and via user acquisition campaigns on third party applications;</li><li>to help us manage and provide you with advertising, as further described in the '<a href=\"#ad_cos\">Third Party Advertising'</a> section below; </li><li>to serve you with targeted advertising on our websites in certain circumstances so that the advertisements you see are more relevant to you;</li><li>to record your preferences in relation to advertising and marketing communications; and</li><li>to provide you with any customer support you have requested.</li></ul>", "level": 0}], [{"value": "<p><strong>Data we use with your consent</strong></p>", "level": 1}, {"value": "<p>We collect, store and use your email address, if you have provided your consent, in order to send to you promotional offers and provide marketing for Services that we believe may be of interest to you (see below for details of our marketing communications). We also use your data to offer you other Services which we think may be of interest to you by email where you have given your consent. You can withdraw your consent for these email communications at any time by clicking the \u201cUnsubscribe\u201d button at the bottom of our emails.</p><p>On our apps, some of the third party advertising companies that we work with also collect, use and store data about you with your consent when you access and use our Services in order to provide you with targeted advertising. You can withdraw your consent for targeted advertising on our apps at any point using the privacy settings available on our apps. (On our websites, you can choose to disable targeted advertising at any point using your privacy settings on our websites. Note however that we will still serve you advertising when you visit or use our websites but this will no longer be tailored to you or your preferences). For more details on our relationship with third party advertising companies, please see the section below titled '<a href=\"#ad_cos\">Third party advertising companies</a>'.</p>", "level": 0}], [{"value": "<p><strong>Anonymous data</strong></p>", "level": 1}, {"value": "<p>We will also collect anonymised details about visitors to and use of our Services for the purposes of creating aggregate statistics or reporting purposes. However, no single individual will be identifiable from the anonymised details we collect for these purposes.</p>", "level": 0}], [{"value": "<h3 id=\"marcoms\">Does Miniclip send marketing communications and how can I opt out?</h3>", "level": 7}, {"value": "<p>If you have provided your consent, we may send you marketing communications in relation to our other Services that we think may be of interest to you via email. These messages will only ever be in relation to the named other similar Services of Miniclip that you have provided your consent to receive. We do not provide your data to third parties so that they can send you direct marketing communications via email or push notification without first obtaining your consent. Please also see the section below regarding <a href=\"#ad_cos\">third party advertising</a> for more information about advertising activities on our Services involving third parties.</p><p>You can opt-out of receiving any direct marketing communications that we (or any third party to whom we have disclosed your personal information with your consent) may send you by using the unsubscribe mechanism in those marketing emails, or, in relation to push notifications, by choosing not to accept them or by turning them off by visiting the settings on your device and selecting the appropriate setting.</p>", "level": 0}], [{"value": "<h3 id=\"protect\">What does Miniclip do to protect data?</h3>", "level": 7}, {"value": "<p>We have implemented appropriate physical, electronic and managerial security procedures to safeguard the data we process from loss, misuse, and alteration and to help prevent unauthorised access, maintain data security and to ensure that we correctly use the data we hold in accordance with the purposes for which we collected that data.</p><p>We use industry-standard practices such as encryption, physically secured rooms, firewalls and password protection systems to safeguard the confidentiality of any personal information that we might collect from you. For example, your email address and password will be encrypted which will make it very difficult for someone to discover and use them without our authorisation. We also strive to limit access to your data to employees performing a legitimate business function which requires them to access and use your data in order to supply you with our Services. We review our security procedures periodically to consider appropriate new technology and updated methods to ensure we continue to protect your data.</p><p>Whilst we will do our best to protect your data, the transmission of information by you to us over the internet is not completely secure and we cannot guarantee the security of data during its transfer over the Internet to us. Any such transmission is at your own risk. Once we have received your data, we will use the procedures and security features outlined in this section to try to prevent any unauthorised access.</p>", "level": 0}], [{"value": "<h3 id=\"#term\">How long does Miniclip keep hold of data?</h3>", "level": 7}, {"value": "<p>We will keep data only for as long as it is relevant and useful for the purpose for which it was originally collected and otherwise where required by law. This means that we will only retain your data for the minimum reasonable time period to allow us to provide our Services to you. If you decide to delete an account you have with us, certain data does stay on our Miniclip system for administrative purposes and to defend or bring any legal action. Please email us at <a href=\"mailto:dataprotection@miniclip.com\">dataprotection@miniclip.com</a> for information regarding retention periods.</p>", "level": 0}], [{"value": "<h3 id=\"#shared\">What data is shared with or accessed by third parties?</h3>", "level": 7}, {"value": "<p>Miniclip will share your data with various third parties (including our affiliate companies in other countries) as follows:</p><ul><li>We use third parties to help us manage your information and the Services, such as our cloud service provider, customer service and technical support provider, software and game developers, marketing delivery companies and IT maintenance providers. These are companies who are authorised to process data on our behalf only as necessary to provide the relevant services to us and cannot use it for their own independent purposes.</li><li>Some games available via our websites are only \"iFramed\". This means that, while such content looks like it is on our websites, it does not belong to us and is served by a third-party game developer and links to their site. In such instance your use of those games will be subject to their terms and conditions and privacy policy. However, the data you provide to them may also be shared with us and be subject to this Privacy Policy as well. We will let you know when you are playing an \"iFramed\" game through a pop-up message.</li><li>We share your data with our third party payment providers where you have specifically asked us to complete any in-app or in-game purchases. These third-party payment providers may also ask us to share your data with them to confirm the nature of any payment transaction and to verify your identity and payment details.</li><li>You may create a profile for certain Services which may be visible to other users. Other users can choose to add you as a friend. You can change your settings through the 'edit profile' function in our Services at any time.</li><li>We or our third-party partners may disclose your personal data where we are required or permitted to do so by law or to protect or enforce our rights or the rights of any third party. We may also share your data with third parties to prevent fraud, abusive or unlawful behaviour or to demonstrate our compliance with other terms or laws.</li><li>Miniclip may disclose your information to third parties in connection with a purchase, transfer or sale of Miniclip.</li><li>If you choose to access any Services through a third party platform such as Facebook or Google, then that third party may collect other information about you (including about your use of the Services) in accordance with its terms and own privacy policy and sometimes they share some data with us. They have their own privacy settings which you can access on that third party platform in order to change your preferences.</li></ul><p>We require any third parties processing your data on our behalf to process it in accordance with your rights, our instructions and applicable law.</p>", "level": 0}], [{"value": "<h3 id=\"ad_cos\">Third party advertising companies</h3>", "level": 7}, {"value": "<p>We want to make sure that the advertising on our Services and marketing is relevant and interesting to you and our other customers.</p><p>To achieve this, we use third-party advertising and technology companies to serve ads and/or provide aggregated data to assist in serving ads when you visit or use our Services. This includes third party technology companies which collect data about you in order to build a profile of your preferences based on your activities when you visit or use our Services. We also use these companies to automatically collect data from you when you use our Services in order to help us identify the ads that are served to you and what you do after seeing those ads. In addition, we share data with providers of web analytics tools, such as Google Analytics, which we use to analyse your use of the Services. A list of the third party advertising and technology companies that we use, and links to their privacy information, is available here: <a href=\"#adpart_list\">List of advertising partners used in Miniclip's games</a>.</p><p>These third party advertising companies collect, store and use data by integrating cookies, tracking code and other software in our Services. The relevant data collected by these third parties will vary but may include your unique device ID, geo-location details, advertising ID, IP address, information on your interaction with advertising, browsing history and other technical information. Data which you provide to Miniclip when using our Services may also be captured by these third parties.</p><p>On our apps, these third party advertising companies will collect and use your data to provide you with targeted advertising that is relevant to you and your preferences with your consent. You can control and withdraw your consent at any time by visiting the game settings page of our apps. If you do not provide or withdraw your consent to receive targeted advertising on our apps, or if we know you are under the age of 16, then we will still serve you advertising when you visit or use our Services but this will no longer be tailored to you or your preferences.</p><p>On our websites, we rely on our legitimate interests to allow third party advertising companies to collect and use your data to provide you with targeted advertising that is relevant to you and your preferences. Nonetheless, you can still control and disable such targeted advertising by visiting the settings page of our websites. If you disable targeted advertising on our websites, or if we know you are under the age of 16, then we will still serve you advertising when you visit or use our Services but this will no longer be tailored to you or your preferences.</p><p>In some cases the third parties advertising companies that we work with will also use the data that they collect for their own purposes, for example they may aggregate your data with other data they hold and use this to inform advertising related services provided to other clients.</p><p>Please see our <a href=\"https://www.miniclip.com/cookie-policy/\" target=\"_blank\">Cookies Policy</a> for more information on the third party advertising companies which collect, use and store data about you, and the use of cookies and other tracking technologies on our Services.</p><p>", "level": 0}], [{"value": "<strong><span style=\"font-size: small;\">Advertising our products on third party websites and mobile</span><br/></strong>", "level": 1}, {"value": "<br/>We will also share your data with social media or other similar platforms, so that you and other people can see relevant content on that platform. For example, we may use the Facebook Custom Audiences service and share your Facebook ID or advertising ID in a protected format with Facebook so that we can: include you in a custom audience that we will serve relevant advertising content to on Facebook; or create an audience of other Facebook users based on the information in your Facebook profile. You can opt-out from Facebook Custom Audiences in your Facebook privacy settings.<br/><br/>We will also share your data with user acquistion partners, via our third party mobile measurement service provider, for the purpose of telling you via third party applications about our new products, promotions and features that maybe of interest to you.\u00a0 We will also work with these partners to monitor the success of such campaigns.\u00a0 You can object to such use in accordance with the \"<i>How do I erase or restrict or update my data?</i>\" below.</p>", "level": 0}], [{"value": "<h3 id=\"overseas\">Will data be transferred overseas?</h3>", "level": 7}, {"value": "<p>The data that we collect from you will be transferred to, and stored at, a destination outside of the UK or the European Economic Area (\"<strong>EEA</strong>\"), including the US (where some of our third-party cloud-based servers are based). It may also be processed by other Miniclip group companies or by one of our third-party partners operating outside of the UK or EEA. This transfer is required to host the Services, provide you with technical and customer support services, perform backups of your data, and to process your payment details if you make any in game purchases.</p><p>Please be aware that countries which are outside the EEA may not offer the same level of data protection as the UK or countries within the EEA, although our collection, storage and use of your personal data will continue to be governed by this Privacy Policy. Transfers of data to Switzerland are guaranteed to be afforded the same level of data protection as in the EEA on the basis that Switzerland benefits from an adequacy finding from the European Commission.</p><p>We will always ensure that any other such transfers of data are conducted in accordance with relevant laws in order to ensure adequate protection. Where we transfer data outside the EEA, other than to Switzerland, we have included in our contracts with the relevant third parties the standard contractual data protection clauses approved by the European Commission for transferring personal information outside the EEA (these are the clauses approved under Article 46.2 of the General Data Protection Regulation, which is the relevant data protection law).</p><p>You can find out further information about the rules on data transfers outside the EEA, including the mechanisms that we rely upon, on the European Commission website here <a href=\"https://ec.europa.eu/info/strategy/justice-and-fundamental-rights/data-protection_en\" target=\"_blank\">https://ec.europa.eu/info/strategy/justice-and-fundamental-rights/data-protection_en</a>.</p>", "level": 0}], [{"value": "<h3 id=\"childrens\">Children's privacy</h3>", "level": 7}, {"value": "<p>Most of our Services are not specifically targeted at children. Where the Services are being used by children under the age of 16, we recommend parents and guardians regularly clear their browser cache and/or browsing history to clear cookies. Please see our <a href=\"https://www.miniclip.com/cookie-policy\" target=\"_blank\">Cookies Policy</a> for more information.</p><p>For some Services however it may be possible for those under the age of 16 to register an account and access games and other content (with parental or guardian consent). Where children under 16 sign up and use our Services, their account is limited to those aspects of the Services which we deem appropriate for children.</p><p>If you are under 16 and have signed up to use any of our Services, we will only collect and process the following limited data about you:</p><ul><li>your date of birth and email address. We collect, use and store this data as it is necessary in order to allow you to log-in and use the Services you have registered for. We need to use your date of birth to make sure that users are not attempting to access Services which we deem inappropriate; and</li><li>data which is necessary to respond to a question or one-off request for customer service support from you. We believe we have a legitimate interest in handling your data for this purpose as it allows us to provide you with customer and technical support and a better experience of our Services and the benefits of this outweigh any potential impact on you in storing and using your personal information in this way.</li></ul><p>If you are under the age of 16 and in the EEA, your email address is encrypted. This means that your email address will be put into a secret code, so no one can use it, including us.</p><p>As your email address is encrypted, we are not able to contact you by email after registration for any purpose, including to send service emails or promotional offers.</p>", "level": 0}], [{"value": "<p><strong>For parents/guardians:</strong></p>", "level": 1}, {"value": "<p>If you would like to review or amend your child's information, ask to have it deleted, and/or refuse to allow any further collection or use of your child's information, then please send an email to our Data Protection Officer at <a href=\"mailto:dataprotection@miniclip.com\">dataprotection@miniclip.com</a>. Please be sure to include your email address and a telephone number where we can reach you. To protect your child's privacy and security, we will take reasonable steps to help verify your identity before granting you access to the information that we collect and maintain about your child.</p><p>We recommend that parents take the time to communicate and educate their children about Internet Safety. Please see the Miniclip Internet Safety webpage for information on Internet Safety: <a href=\"https://www.miniclip.com/games/page/en/internet-safety/\">https://www.miniclip.com/games/page/en/internet-safety/</a></p>", "level": 0}], [{"value": "<h3 id=\"erase\">How do I erase or restrict or update my data?</h3>", "level": 7}, {"value": "<p>If you no longer wish for us to use your data, please get in touch. Please note that this may affect the provision of our Services to you, for example, you may not be able to enter any competitions or make any in game purchases.</p><p>You have the right to ask us to amend or update any of your data which is out of date or incorrect, or change the way we may use your data.</p><p>You also have the right to ask us to delete any personal information which we are holding about you. You can also object to our processing of data about you, and we will consider any valid objections which you raise. In certain circumstances we may not be able to stop using your personal data but, if that is the case, we'll let you know and tell you why.</p><p>If you wish to opt out of receiving any promotional emails or newsletters you can do so by clicking on the \"unsubscribe here\" link at the bottom of each email. To change or delete push notifications, visit the settings section on your device and select the appropriate setting, or change the settings on your browser if you are accessing any of our websites.</p><p>If you have an account with us, in certain games, you can view and edit your profile to change the settings in order to prevent others being able to add you as a friend.</p><p>If you wish to exercise any of the above rights, please get in touch with us by emailing <a href=\"mailto:dataprotection@miniclip.com\">dataprotection@miniclip.com</a>.</p>", "level": 0}], [{"value": "<h3 id=\"copy\">How do I get a copy of my data?</h3>", "level": 7}, {"value": "<p>You have the right to ask us to provide you with copies of personal data that we hold about you at any time. Please contact us by emailing <a href=\"mailto:dataprotection@miniclip.com\">dataprotection@miniclip.com</a>.</p>", "level": 0}], [{"value": "<h3>How can I contact Miniclip?</h3>", "level": 7}, {"value": "<p>If you have any questions about this Privacy Policy or wish to request a copy of the data which we hold about you, please contact our Data Protection Officer at <a href=\"mailto:dataprotection@miniclip.com\">dataprotection@miniclip.com</a> or alternatively you can send a letter to: Miniclip SA, Case Postale 2671, 2001 Neuch\u00e2tel, Switzerland or Miniclip, Legal Department, Holborn Gate, 326-330 High Holborn, London WC1V 7PP.</p><p>Miniclip SA has designated Miniclip (UK) Limited as its representative in the European Union, who can be contacted at Miniclip at Legal Department, Miniclip (UK) Limited, Holborn Gate, 326-330 High Holborn, London WC1V 7PP.</p>", "level": 0}], [{"value": "<h3 id=\"complaint\">What can I do if I have a complaint?</h3>", "level": 7}, {"value": "<p>If you are not satisfied with the way your query or complaint is handled by Miniclip, please let us know by emailing us at <a href=\"mailto:dataprotection@miniclip.com\">dataprotection@miniclip.com</a>. If you are still unhappy, you may refer your complaint to your local data protection regulator. For example, in the United Kingdom this is the Information Commissioner\u2019s Office and in Switzerland it is the Federal Data Protection and Information Commissioner (FDPIC).</p><style><!--      table {         font-family: arial, sans-serif;         border-collapse: collapse;         width: 100%;      }      td, th {         border: 1px solid #dddddd;         text-align: left;         padding: 8px;      }      /* tr:nth-child(even) {         background-color: #dddddd;         font: #000000;       }*/--></style><p>\u00a0</p>", "level": 0}], [{"value": "<h2 id=\"adpart_list\">List of advertising partners used in Miniclip's games</h2>", "level": 8}, {"value": "<p>As set out in our <a href=\"https://www.miniclip.com/privacy\" target=\"_blank\">Privacy Policy</a>, the following advertising partners are integrated into some or all of our games. These advertising partners may process personal data of our end users in accordance with their own privacy policies.</p><p>The links to the third party privacy policies below were last checked on 5th October 2018.</p>", "level": 0}], [{"value": "<h3>MOBILE</h3>", "level": 7}, {"value": "<table><tbody><tr><th>Advertising Partner</th> <th>Link to Privacy Policy</th></tr><tr><td>AdColony</td><td><a href=\"https://www.adcolony.com/privacy-policy/\" target=\"_blank\">https://www.adcolony.com/privacy-policy/</a></td></tr><tr><td>AdMob (Google)</td><td><a href=\"https://policies.google.com/technologies/partner-sites\" target=\"_blank\">https://policies.google.com/technologies/partner-sites</a></td></tr><tr><td>Adview</td><td><a href=\"https://www.adview.cn/web/overseas/policy/privacy\" target=\"_blank\">https://www.adview.cn/web/overseas/policy/privacy</a></td></tr><tr><td>Facebook</td><td><a href=\"https://www.facebook.com/policy.php\" target=\"_blank\">https://www.facebook.com/policy.php</a></td></tr><tr><td>Fyber</td><td><a href=\"https://www.fyber.com/legal/privacy-policy/\" target=\"_blank\">https://www.fyber.com/legal/privacy-policy/</a></td></tr><tr><td>IQZone</td><td><a href=\"https://iqzone.com/about/privacy/\">https://iqzone.com/about/privacy/</a></td></tr><tr><td>inMobi</td><td><a href=\"https://www.inmobi.com/privacy-policy/\" target=\"_blank\">https://www.inmobi.com/privacy-policy/</a></td></tr><tr><td>ironSource</td><td><a href=\"https://developers.ironsrc.com/ironsource-mobile/air/ironsource-mobile-privacy-policy/\" target=\"_blank\">https://developers.ironsrc.com/ironsource-mobile/air/ironsource-mobile-privacy-policy/</a></td></tr><tr><td>Loopme</td><td><a href=\"https://loopme.com/privacy/\" target=\"_blank\">https://loopme.com/privacy/</a></td></tr><tr><td>MoPub</td><td><a href=\"https://www.mopub.com/legal/privacy/\" target=\"_blank\">https://www.mopub.com/legal/privacy/</a></td></tr><tr><td>Oath</td><td><a href=\"https://policies.oath.com/in/en/oath/privacy/index.html\" target=\"_blank\">https://policies.oath.com/in/en/oath/privacy/index.html</a></td></tr><tr><td>Smartstream.tv</td><td><a href=\"https://smartstream.tv/en/privacy\" target=\"_blank\">https://smartstream.tv/en/privacy</a></td></tr><tr><td>Soomla</td><td><a href=\"https://soomla.com/privacy-policy.html\" target=\"_blank\">https://soomla.com/privacy-policy.html</a></td></tr><tr><td>Tapjoy</td><td><a href=\"https://www.tapjoy.com/legal/#privacy-policy\" target=\"_blank\">https://www.tapjoy.com/legal/#privacy-policy</a></td></tr><tr><td>Unity Ads</td><td><a href=\"https://unity3d.com/legal/privacy-policy\" target=\"_blank\">https://unity3d.com/legal/privacy-policy</a></td></tr><tr><td>Vungle</td><td><a href=\"https://vungle.com/privacy/\" target=\"_blank\">https://vungle.com/privacy/</a></td></tr></tbody></table>", "level": 0}], [{"value": "<h3>WEB</h3>", "level": 7}, {"value": "<table><tbody><tr><th>Advertising Partner</th> <th>Link to Privacy Policy</th></tr><tr><td>AppNexus</td><td><a href=\"https://www.appnexus.com/en/company/platform-privacy-policy\" target=\"_blank\">https://www.appnexus.com/en/company/platform-privacy-policy</a></td></tr><tr><td>Content Ignite</td><td><a href=\"https://www.contentignite.com/privacy-policy/\">https://www.contentignite.com/privacy-policy/</a></td></tr><tr><td>Criteo</td><td><a href=\"https://www.criteo.com/privacy/\" target=\"_blank\">https://www.criteo.com/privacy/</a></td></tr><tr><td>Google Doubleclick</td><td><a href=\"https://policies.google.com/technologies/ads\" target=\"_blank\">https://policies.google.com/technologies/ads</a></td></tr><tr><td>Index Exchange</td><td><a href=\"http://www.indexexchange.com/privacy/\" target=\"_blank\">http://www.indexexchange.com/privacy/</a></td></tr><tr><td>Lifestreet Media</td><td><a href=\"http://www.lifestreet.com/privacy/\" target=\"_blank\">http://www.lifestreet.com/privacy/</a></td></tr><tr><td>Open X</td><td><a href=\"https://www.openx.com/legal/privacy-policy/\" target=\"_blank\">https://www.openx.com/legal/privacy-policy/</a></td></tr><tr><td>Pubmatic</td><td><a href=\"https://pubmatic.com/legal/privacy-policy/\" target=\"_blank\">https://pubmatic.com/legal/privacy-policy/</a></td></tr><tr><td>Rubicon Project</td><td><a href=\"https://rubiconproject.com/privacy/\" target=\"_blank\">https://rubiconproject.com/privacy/</a></td></tr><tr><td>Supersonic/Ironsource</td><td><a href=\"https://developers.ironsrc.com/ironsource-mobile/air/ironsource-mobile-privacy-policy/\" target=\"_blank\">https://developers.ironsrc.com/ironsource-mobile/air/ironsource-mobile-privacy-policy/</a></td></tr><tr><td>Tap Research</td><td><a href=\"https://www.tapresearch.com/user/privacy\" target=\"_blank\">https://www.tapresearch.com/user/privacy</a></td></tr></tbody></table><br/><p>This content was last updated on 5th October 2018.</p><hr/><br/>", "level": 0}], [{"value": "<h2 id=\"ww\">WAR WINGS PRIVACY POLICY</h2>", "level": 8}, {"value": "<p>Last updated: 24th May 2018.</p><p>If we make any changes to this policy, we will post them here. Please check back regularly to keep informed of updates to this Privacy Policy.</p><div style=\"border-style: solid; border-width: 1; padding: 10\">", "level": 0}], [{"value": "<p><strong>KEY POINTS:</strong></p>", "level": 1}, {"value": "<ul><li>Miniclip SA and Sixjoy Hong Kong Limited are joint controllers of most data processed through your use of the game.</li><li>The type and nature of the data includes username, social media registration information, , data relating to your use of the services including game stats, posts, log in, traffic data, data relating to the device you use to access the services.</li><li>We use your data to provide and personalise the services, respond to queries and monitor use of our services.</li><li>Miniclip may send you marketing materials relating to the services that Miniclip thinks may be of interest to you which you can opt out of at any time. We don't sell your data to third parties for them to market to you.</li><li>We may send you push notifications if you are using an app. You will be given an option to allow such notifications or not via your device or the website you are using. You can always use your device or browser settings to control these notifications.</li><li>You have various rights in respect of our use of your personal information as set out in '<a href=\"#ww_erase\">How do I erase or restrict or update my data?</a>' and '<a href=\"#ww_copy\">How do I get a copy of my data?</a>'. Two of the key rights are that you may:              <ul><li>ask us to stop using your personal information for direct-marketing purposes. If you exercise this right, we will stop using your personal information for this purpose; and</li><li>ask us to consider any valid objections which you have to our use of your personal information where we process your personal information on the basis of our, or another person's, legitimate interest.</li></ul></li><li>If you have any questions about this Privacy Policy or wish to request a copy of the data which we hold about you, please contact the Data Protection Officer of Miniclip SA, at <a href=\"mailto:dataprotection@miniclip.com\">dataprotection@miniclip.com</a> or alternatively you can send a letter to: Miniclip SA, Case Postale 2671, 2001 Neuch\u00e2tel, Switzerland or to Miniclip at Legal Department, Holborn Gate, 326-330 High Holborn, London WC1V 7PP. If you wish to contact Sixjoy, including to exercise any of the rights described in this Privacy Policy, please contact <a href=\"mailto:warwingsdpo@sixjoy.com\">warwingsdpo@sixjoy.com</a>. </li></ul></div><p>You can find information about us and how we collect, use and store your personal data in each section of this Privacy Policy:</p><ul><li> <a href=\"#ww_who\">Who we are</a> </li><li> <a href=\"#ww_third_party\">Third party sites</a> </li><li> <a href=\"#ww_what_data\">What data do we collect from you?</a> </li><li> <a href=\"#ww_legal_basis\">What do we do with this data and what is our legal basis for processing this data?</a> </li><li> <a href=\"#ww_marcoms\">Does Miniclip send marketing communications and how can I opt out?</a> </li><li> <a href=\"#ww_protect\">What do we do to protect data?</a> </li><li> <a href=\"#ww_term\">How long do we keep hold of data?</a> </li><li> <a href=\"#ww_shared\">What data is shared with or accessed by third parties?</a> </li><li> <a href=\"#ww_overseas\">Will data be transferred overseas?</a> </li><li> <a href=\"#ww_childrens\">Children's privacy</a> </li><li> <a href=\"#ww_erase\">How do I erase or restrict or update my data?</a> </li><li> <a href=\"#ww_copy\">How do I get a copy of my data?</a> </li><li> <a href=\"#ww_contact_mc\">How can I contact Miniclip?</a> </li><li> <a href=\"#ww__contact_sj\">How can I contact Sixjoy?</a> </li><li> <a href=\"#ww_complaint\">What can I do if I have a complaint?</a> </li></ul>", "level": 0}], [{"value": "<h3 id=\"ww_who\">Who we are</h3>", "level": 7}, {"value": "<p>Miniclip SA (a company registered in Switzerland (registration number CH-645-4103964-1), whose registered office is at Rue des Beaux-Arts 8, 2000, Neuch\u00e2tel, Switzerland)(\u201cMiniclip\u201d) and Sixjoy Hong Kong Limited (an affiliate of Miniclip SA), with its registered office address at Room 907, Wing Tuck Commercial Centre, 177-183 Wing Lok Street, Hong Kong (\u201cSixjoy\u201d), are (except where otherwise stated in this policy) joint data controllers of the personal information that we collect from you in the mobile game promoted as \u201cWar Wings\u201d.</p><p>Miniclip, Sixjoy and their affiliated group companies are referred to in this Privacy Policy as \"us\", \"we\" or \"our\". A reference in this Privacy Policy to either \u201cMiniclip\u201d or \u201cSixjoy\u201d is a reference to that specific entity.</p><p>We are committed to providing fun and exciting digital entertainment. This Privacy Policy explains how and what personal data relating to you we may use in relation to the mobile game marketed as \u201cWar Wings\u201d (\u201cGame\u201d, or \u201cServices\u201d).</p><p>This Privacy Policy governs the collection, storage and use of personal information by us via the Services. It provides you with details about the personal information we collect from you, how we use your personal information, and your rights regarding the personal information we hold about you. Please read this Privacy Policy carefully.</p><p>If you have any questions about this Privacy Policy, wish to exercise any of the rights described in this Privacy Policy, with respect to the Services, please at first instance contact the Data Protection Officer of Miniclip SA, at <a href=\"mailto:dataprotection@miniclip.com\">dataprotection@miniclip.com</a> or alternatively you can send a letter to: Miniclip SA, Case Postale 2671, 2001 Neuch\u00e2tel, Switzerland or to Miniclip at Legal Department, Holborn Gate, 326-330 High Holborn, London WC1V 7PP.</p><p>If you wish to contact Sixjoy, including to exercise any of the rights described in this Privacy Policy, please contact <a href=\"mailto:warwingsdpo@sixjoy.com\">warwingsdpo@sixjoy.com</a>.</p>", "level": 0}], [{"value": "<h3 id=\"ww_third_party\">Third party sites</h3>", "level": 7}, {"value": "<p>Please note that the Services may contain links to websites or other services owned and operated by third parties. We do not endorse any such third-party services. We are not responsible or liable for anything that happens to you when you visit or use these services. Miniclip strongly recommends that you review the privacy policies and cookie usage notices of these third parties.</p>", "level": 0}], [{"value": "<h3 id=\"ww_what\">What data do we collect from you?</h3>", "level": 7}, {"value": "<p>In this Privacy Policy, \"data\" means any personal data about you which could identify you (by itself or in combination with other data) such as your name, address, email address or an online identifier.</p><p>We collect data about you in a number of different ways. In this section, we explain the different ways we collect personal data about you and the ways in which that information will be used. For more detail on how we use your data, please see the section titled \"<a href=\"#ww_what_data\">What do we do with this data?</a>\".</p><p>Please see our <a href=\"https://www.miniclip.com/cookie-policy#ww_cookies\" target=\"_blank\">Cookie Policy</a> for more information on the use of cookies and other tracking technologies on our Services.</p><p>We will usually collect and store the following data, to the extent possible, about you when you access and use the Services:</p>", "level": 0}], [{"value": "<p><strong>Data you give us directly:</strong></p>", "level": 1}, {"value": "<ul><li>Registration Data (Guest Account): if you set up an account, we process your Nickname, Generated Player ID, device ID;</li><li>Transaction Data: when you complete any in-app or in-game purchases, such as buying in-game currency and other items, we will collect data relating to your purchase history; and</li><li>Support Data: we will collect information you provide to us if you raise a complaint, ask for technical support or report a problem with the Services, including Device ID, Player ID, app version, battery, WiFi strength, free space on device, OS version, network, platform, carrier and country.</li><li>Email Marketing Data: we will collect your email address for the purposes of sending you marketing information, promotions and other offers over email (with your permission).</li></ul><p><strong>Data we collect when you use the Services (whether or not you register with us):</strong></p><ul><li>Device Data: data about your location, device type and model, operating system and version and platform; data about your device's browser version, network, and IP address and log data such as session duration.</li><li>Chat Data: your communications to users on the Services;</li><li>Game Data: data relating to your game statistics and progress, including Player ID, IP Address, game statistics, progress and purchase history.</li><li>Analytics Data: data relating to your use of the Game, including Advertising ID and log data (session time, load time, server pings, actions, crash data).</li><li>Registration Data (Social Media): where you are accessing the Services through a third-party account such as Facebook or Vkontakte, we will collect certain information relating to your account with those third parties including:              <ul><li>Facebook: Name, Facebook ID, gender, profile picture, friends list (if user voluntary requests this)</li><li>VKontakte: userID, nickname, legal name, gender, profile picture, friend list. You can manage the data which is shared by such third parties with us by amending your preferences using the privacy settings which these third parties provide on their platforms.</li></ul></li></ul>", "level": 0}], [{"value": "<h3 id=\"ww_legal_basis\">What do we do with this data and what is our legal basis for processing this data?</h3>", "level": 7}, {"value": "", "level": 0}], [{"value": "<p><strong>Use of data which is necessary to perform a contract</strong></p>", "level": 1}, {"value": "<p>We collect, store and use certain data as it is necessary in order for us to provide you with access to the Services under the relevant terms and conditions of those Services. This includes:</p><ul><li>providing you with a consistent and personalised Service across different devices and platforms and parts of the Services, for example, ensuring that your progress is saved across devices and displaying your image to your social media contacts (for example, Facebook friends that also use the Services);</li><li>to ensure that you are complying with our terms of use when you use the Services and taking any necessary action if you are not complying with our terms of use;</li></ul><p>This applies to the following data:</p><ul><li>Registration Data (Guest Account, Social Media)</li><li>Transaction Data</li><li>Support Data</li><li>Chat Data</li><li>Game Data</li></ul><p>Use of data which is necessary for our legitimate interests Sometimes, our use of your data is for purposes which are ancillary to the provision of the Services, or which are desirable in order to make them operate more effectively. In those circumstances, we believe we have a legitimate interest in handling your data, and do not believe that this storage and use of your data will be of particular concern to you. This applies to the following data: Device Data and Analytics Data.</p><p>We use such data for our legitimate interests in the following ways:</p><ul><li>to detect and prevent fraud, hacking and/or cheating;</li><li>to keep the Services secure;</li><li>to customise the Services which are available to you;</li><li>to improve the Services, for analysis and reporting purposes (this also includes using data to log any crashes in our provision of the Services, so we may report such interruptions (in this regard, we may use a third party to assist us));</li><li>to understand your preferences and personalise your experience of the Services; and</li><li>to send you push notifications with service-related information for the Services (which you can choose not to accept or turn off by visiting the settings section of your device and selecting the appropriate setting).</li></ul>", "level": 0}], [{"value": "<p><strong>Data we use with your consent</strong></p>", "level": 1}, {"value": "<p>Miniclip collects, stores and uses certain data if you have provided your consent. This applies to Email Marketing Data. For Email Marketing Data, Miniclip uses this information in order to send to you promotional offers and provide marketing for Services that Miniclip believes may be of interest to you (see below for details of Miniclip\u2019s marketing communications).</p><p>You can withdraw your consent at any point, which means you will no longer receive these marketing messages. Miniclip also uses your data to offer you other services which Miniclip thinks may be of interest to you by push notifications where you have given your consent or chosen not to opt-out.</p>", "level": 0}], [{"value": "<h3 id=\"ww_marcoms\">Does Miniclip send marketing communications and how can I opt out?</h3>", "level": 7}, {"value": "<p>Yes, Miniclip may send you marketing communications in relation to their other services that Miniclip thinks may be of interest to you via email or push notification. These messages will only ever be in relation to other similar services of Miniclip. Miniclip does not provide your data to third parties so that they can send you direct marketing communications via email or push notification without first obtaining your consent.</p><p>You can opt-out of receiving any direct marketing communications that Miniclip (or any third party to whom Miniclip has disclosed your personal information with your consent) may send you by using the unsubscribe mechanism in those marketing emails, or, in relation to push notifications, by choosing not to accept them or by turning them off by visiting the settings on your device and selecting the appropriate setting.</p>", "level": 0}], [{"value": "<h3 id=\"ww_protect\">What do we do to protect data?</h3>", "level": 7}, {"value": "<p>We have implemented appropriate physical, electronic and managerial security procedures to safeguard the data we process from loss, misuse, and alteration and to help prevent unauthorised access, maintain data security and to ensure that we correctly use the data we hold in accordance with the purposes for which we collected that data.</p><p>We use industry-standard practices such as encryption, physically secured rooms, firewalls and password protection systems to safeguard the confidentiality of any personal information that we might collect from you. For example, your email address and password will be encrypted which will make it extra hard for someone to discover and use them without our authorisation. We also strive to limit access to your data to employees performing a legitimate business function which requires them to access and use your data in order to supply you with our Services.</p><p>We review our security procedures periodically to consider appropriate new technology and updated methods to ensure we continue to protect your data.</p><p>Whilst we will do our best to protect your data, the transmission of information by you to us over the internet is not completely secure and we cannot guarantee the security of data during its transfer over the Internet to us. Any such transmission is at your own risk.</p><p>Once we have received your data, we will use the procedures and security features outlined in this section to try to prevent any unauthorised access.</p>", "level": 0}], [{"value": "<h3 id=\"ww_term\">How long do we keep hold of data?</h3>", "level": 7}, {"value": "<p>We will keep data only for as long as it is relevant and useful for the purpose for which it was originally collected and otherwise where required by law. This means that we will only retain your data for the minimum reasonable time period to allow us to provide the Services to you.</p><p>To the extent you have a legal right to request deletion of your personal information, then upon receipt of a lawful, valid request from you to delete your personal information, we will inform you of the action that we have taken in response to such request within thirty (30) days.</p><p>If you decide to delete an account you have with us, certain data does stay on our system for analytics, administrative purposes and to defend or bring any legal action. Please email us at <a href=\"mailto:dataprotection@miniclip.com\">dataprotection@miniclip.com</a> or <a href=\"mailto:warwingsdpo@sixjoy.com\">warwingsdpo@sixjoy.com</a> for information regarding retention periods.</p>", "level": 0}], [{"value": "<h3 id=\"ww_shared\">What data is shared with or accessed by third parties?</h3>", "level": 7}, {"value": "<p>We will share your data with various third parties (including our affiliate companies in other countries) as follows:</p><ul><li>We use third parties to help us manage your information and the Services, such as our customer service and technical support provider, game developer and analytics services provider. These are companies who are authorised to process data on our behalf only as necessary to provide the relevant services to us and cannot use it for their own independent purposes.</li><li>You may create a profile for certain Services which may be visible to other users. Other users can choose to add you as a friend. You can change your settings through the 'edit profile' function in our Services at any time.</li><li>We or our third-party partners may disclose your personal data where we are required or permitted to do so by law or to protect or enforce our rights or the rights of any third party. We may also share your data with third parties to prevent fraud, abusive or unlawful behaviour or to demonstrate our compliance with other terms or laws.</li><li>Miniclip or Sixjoy (as applicable) may disclose your information to third parties in connection with a purchase, transfer or sale of Miniclip or Sixjoy (as applicable).</li><li>If you choose to access the Services through a third party platform such as Facebook or Vkontakte, then that third party may collect other information about you (including about your use of the Services) in accordance with its terms and own privacy policy and sometimes they share some data with us. They have their own privacy settings which you can access on that third party platform in order to change your preferences.</li></ul><p>We require any third parties processing your data on our behalf to process it in accordance with this Privacy Policy, your rights and our instructions.</p>", "level": 0}], [{"value": "<h3 id=\"ww_overseas\">Will data be transferred overseas?</h3>", "level": 7}, {"value": "<p>The data that we collect from you will be transferred to, and stored at, a destination outside of the UK or the European Economic Area (\"<strong>EEA</strong>\"), including Canada, Hong Kong, Germany, Australia and Brazil. This transfer is required to host the Services, provide you with technical and customer support services and perform backups of your data.</p><p>Please be aware that countries which are outside the European Economic Area may not offer the same level of data protection as the United Kingdom, although our collection, storage and use of your personal data will continue to be governed by this privacy policy. Transfers of data to Switzerland, however, are guaranteed to be afforded the same level of data protection as in the United Kingdom on the basis that Switzerland benefits from an adequacy finding from the European Commission.</p><p>We will always ensure that any other such transfers of data are conducted in accordance with relevant laws in order to ensure adequate protection. Where we transfer data outside the European Economic Area, other than to Switzerland, we have put in place the following measures to ensure it is afforded appropriate protection: the European Commission\u2019s model contracts for the transfer of personal data to third countries (i.e., the standard contractual clauses), pursuant to Decision 2004/915/EC (in the case of transfers to a controller) and Decision 2010/87/EU (in the case of transfers to a processor).</p>", "level": 0}], [{"value": "<h3 id=\"ww_childrens\">Children's privacy</h3>", "level": 7}, {"value": "<p>The Services are not specifically targeted at children. If you are under the age of 16 and use the Game, certain functionality may be limited (for example, chat will be restricted).</p>", "level": 0}], [{"value": "<h3 id=\"ww_erase\">How do I erase or restrict or update my data?</h3>", "level": 7}, {"value": "<p>If you no longer wish for us to use your data, please get in touch. Please note that this may affect the provision of the Services to you, for example, you may not be able to enter any competitions or make any in game purchases.</p><p>You have the right to ask us to amend or update any of your data which is out of date or incorrect, or change the way we may use your data.</p><p>You also have the right to ask us to delete any personal information which we are holding about you. You can also object to our processing of data about you, and we will consider any valid objections which you raise. In certain circumstances we may not be able to stop using your personal data but, if that is the case, we'll let you know and tell you why.</p><p>If you wish to opt out of receiving any promotional emails or newsletters you can do so by clicking on the \"unsubscribe here\" link at the bottom of each email. To change or delete push notifications, visit the settings section on your device and select the appropriate setting, or change the settings on your browser if you are accessing any of our websites.</p><p>If you wish to exercise any of the above rights, please get in touch with us by emailing <a href=\"mailto:dataprotection@miniclip.com\">dataprotection@miniclip.com</a> or <a href=\"mailto:warwingsdpo@sixjoy.com\">warwingsdpo@sixjoy.com</a>.</p>", "level": 0}], [{"value": "<h3 id=\"ww_copy\">How do I get a copy of my data?</h3>", "level": 7}, {"value": "<p>You have the right to ask us to provide you with copies of personal data that we hold about you at any time.</p><p>Please contact Miniclip by emailing <a href=\"mailto:dataprotection@miniclip.com\">dataprotection@miniclip.com</a> or Sixjoy at <a href=\"mailto:warwingsdpo@sixjoy.com\">warwingsdpo@sixjoy.com</a>.</p>", "level": 0}], [{"value": "<h3 id=\"ww_contact_mc\">How can I contact Miniclip?</h3>", "level": 7}, {"value": "<p>If you have any questions about this Privacy Policy or wish to request a copy of the data which we hold about you, at first instance please contact Miniclip\u2019s Data Protection Officer, at <a href=\"mailto:dataprotection@miniclip.com\">dataprotection@miniclip.com</a> or alternatively you can send a letter to: Miniclip SA, Case Postale 2671, 2001 Neuch\u00e2tel, Switzerland or to Miniclip at Legal Department, Holborn Gate, 326-330 High Holborn, London WC1V 7PP.</p><p>Miniclip SA has designated Miniclip (UK) Limited as its representative in the European Union, who can be contacted at Miniclip at Legal Department, Miniclip (UK) Limited, Holborn Gate, 326-330 High Holborn, London WC1V 7PP.</p>", "level": 0}], [{"value": "<h3 id=\"ww_contact_sj\">How can I contact Sixjoy?</h3>", "level": 7}, {"value": "<p>If you wish to contact Sixjoy, including to exercise any of the rights described in this Privacy Policy, with respect to the Services, please contact <a href=\"mailto:warwingsdpo@sixjoy.com\">warwingsdpo@sixjoy.com</a>.</p><p>The EU representative for Sixjoy is Tencent International Service Europe B.V. and who can be contacted via email at <a href=\"mailto:eudataprotection@tencent.com\">eudataprotection@tencent.com</a>.</p>", "level": 0}], [{"value": "<h3 id=\"ww_complaint\">What can I do if I have a complaint?</h3>", "level": 7}, {"value": "<p>If you are not satisfied with the way your query or complaint is handled by Miniclip or Sixjoy, please let us know by emailing us at <a href=\"mailto:dataprotection@miniclip.com\">dataprotection@miniclip.com</a> or <a href=\"mailto:eudataprotection@tencent.com\">eudataprotection@tencent.com</a>.</p><p>If you are still unhappy, you may refer your complaint to your local data protection regulator. For example, in the United Kingdom this is the Information Commissioner\u2019s Office and in Switzerland it is the Federal Data Protection and Information Commissioner (FDPIC).</p>", "level": 0}], [{"value": "<h2 id=\"sw\">SNAKE WARS PRIVACY POLICY</h2>", "level": 8}, {"value": "<p>Last updated: Last updated: 18 July 2018.</p><p>If we make any changes to this policy, we will post them here. Please check back regularly to keep informed of updates to this Privacy Policy.</p><div style=\"border-style: solid; border-width: 1; padding: 10\">", "level": 0}], [{"value": "<p><strong>KEY POINTS:</strong></p>", "level": 1}, {"value": "<ul><li>Miniclip SA and Sixjoy Hong Kong Limited are joint controllers of most data processed through your use of the game.</li><li>The type and nature of the data includes username, social media registration information, data relating to your use of the services including game stats, posts, log in, traffic data, data relating to the device you use to access the services.</li><li>We use your data to provide and personalise the services, respond to queries and monitor use of our services.</li><li>Miniclip may send you marketing materials relating to the services that Miniclip thinks may be of interest to you which you can opt out of at any time. We don't sell your data to third parties for them to market to you.</li><li>We may send you push notifications if you are using an app. You will be given an option to allow such notifications or not via your device or the website you are using. You can always use your device or browser settings to control these notifications.</li><li>You have various rights in respect of our use of your personal information as set out in '<a href=\"#sw_erase\">How do I erase or restrict or update my data?</a>' and '<a href=\"#sw_copy\">How do I get a copy of my data?</a>'. Two of the key rights are that you may:              <ul><li>ask us to stop using your personal information for direct-marketing purposes. If you exercise this right, we will stop using your personal information for this purpose; and</li><li>ask us to consider any valid objections which you have to our use of your personal information where we process your personal information on the basis of our, or another person's, legitimate interest.</li></ul></li><li>If you have any questions about this Privacy Policy or wish to request a copy of the data which we hold about you, please contact the Data Protection Officer of Miniclip SA, at <a href=\"mailto:dataprotection@miniclip.com\">dataprotection@miniclip.com</a> or alternatively you can send a letter to: Miniclip SA, Case Postale 2671, 2001 Neuch\u00e2tel, Switzerland or to Miniclip at Legal Department, Holborn Gate, 326-330 High Holborn, London WC1V 7PP. If you wish to contact Sixjoy, including to exercise any of the rights described in this Privacy Policy, please contact <a href=\"mailto:snakewarsdpo@sixjoy.com\">snakewarsdpo@sixjoy.com</a>. </li></ul></div><p>You can find information about us and how we collect, use and store your personal data in each section of this Privacy Policy:</p><ul><li> <a href=\"#sw_who\">Who we are</a> </li><li> <a href=\"#sw_third_party\">Third party sites</a> </li><li> <a href=\"#sw_what_data\">What data do we collect from you?</a> </li><li> <a href=\"#sw_legal_basis\">What do we do with this data and what is our legal basis for processing this data?</a> </li><li> <a href=\"#sw_marcoms\">Does Miniclip send marketing communications and how can I opt out?</a> </li><li> <a href=\"#sw_protect\">What do we do to protect data?</a> </li><li> <a href=\"#sw_term\">How long do we keep hold of data?</a> </li><li> <a href=\"#sw_shared\">What data is shared with or accessed by third parties?</a> </li><li> <a href=\"#sw_3pac\">Third party advertising companies</a> </li><li> <a href=\"#sw_overseas\">Will data be transferred overseas?</a> </li><li> <a href=\"#sw_childrens\">Children's privacy</a> </li><li> <a href=\"#sw_erase\">How do I erase or restrict or update my data?</a> </li><li> <a href=\"#sw_copy\">How do I get a copy of my data?</a> </li><li> <a href=\"#sw_contact_mc\">How can I contact Miniclip?</a> </li><li> <a href=\"#sw__contact_sj\">How can I contact Sixjoy?</a> </li><li> <a href=\"#sw_complaint\">What can I do if I have a complaint?</a> </li></ul>", "level": 0}], [{"value": "<h3 id=\"sw_who\">Who we are</h3>", "level": 7}, {"value": "<p>Miniclip SA (a company registered in Switzerland (registration number CH-645-4103964-1), whose registered office is at Rue des Beaux-Arts 8, 2000, Neuch\u00e2tel, Switzerland)(\u201cMiniclip\u201d) and Sixjoy Hong Kong Limited (an affiliate of Miniclip SA), with its registered office address at Room 907, Wing Tuck Commercial Centre, 177-183 Wing Lok Street, Hong Kong (\u201cSixjoy\u201d), are (except where otherwise stated in this policy) joint data controllers of the personal information that we collect from you in the mobile game promoted as \u201cSNAKE WARS\u201d.</p><p>Miniclip, Sixjoy and their affiliated group companies are referred to in this Privacy Policy as \"us\", \"we\" or \"our\". A reference in this Privacy Policy to either \u201cMiniclip\u201d or \u201cSixjoy\u201d is a reference to that specific entity.</p><p>We are committed to providing fun and exciting digital entertainment. This Privacy Policy explains how and what personal data relating to you we may use in relation to the mobile game marketed as \u201cSNAKE WARS\u201d (the \u201cGame\u201d).</p><p>This Privacy Policy governs the collection, storage and use of personal information by us via the Game. It provides you with details about the personal information we collect from you, how we use your personal information, and your rights regarding the personal information we hold about you. Please read this Privacy Policy carefully.</p><p>If you have any questions about this Privacy Policy, wish to exercise any of the rights described in this Privacy Policy, with respect to the Game, please at first instance contact the Data Protection Officer of Miniclip SA, at <a href=\"mailto:dataprotection@miniclip.com\">dataprotection@miniclip.com</a> or alternatively you can send a letter to: Miniclip SA, Case Postale 2671, 2001 Neuch\u00e2tel, Switzerland or to Miniclip at Legal Department, Holborn Gate, 326-330 High Holborn, London WC1V 7PP.</p><p>If you wish to contact Sixjoy, including to exercise any of the rights described in this Privacy Policy, please contact <a href=\"mailto:snakewarsdpo@sixjoy.com\">snakewarsdpo@sixjoy.com</a>.</p>", "level": 0}], [{"value": "<h3 id=\"sw_third_party\">Third party sites</h3>", "level": 7}, {"value": "<p>Please note that the Game may contain links to websites or other services owned and operated by third parties. We do not endorse any such third-party services. We are not responsible or liable for anything that happens to you when you visit or use these services. Miniclip strongly recommends that you review the privacy policies and cookie usage notices of these third parties.</p>", "level": 0}], [{"value": "<h3 id=\"sw_what\">What data do we collect from you?</h3>", "level": 7}, {"value": "<p>In this Privacy Policy, \"data\" means any personal data about you which could identify you (by itself or in combination with other data) such as your name, address, email address or an online identifier.</p><p>We collect data about you in a number of different ways. In this section, we explain the different ways we collect personal data about you and the ways in which that information will be used. For more detail on how we use your data, please see the section titled \"<a href=\"#sw_what_data\">What do we do with this data?</a>\".</p><p>Please see our <a href=\"https://www.miniclip.com/cookie-policy#sw_cookies\" target=\"_blank\">Cookie Policy</a> for more information on the use of cookies and other tracking technologies on our Game.</p><p>We will usually collect and store the following data, to the extent possible, about you when you access and use the Game:</p>", "level": 0}], [{"value": "<p><strong>Data you give us directly:</strong></p>", "level": 1}, {"value": "<ul><li>Registration Data (Non-Social Account): if you set up an account, we process your Nickname, Generated Player ID, device ID;</li><li>Transaction Data: when you complete any in-app or in-game purchases, such as buying in-game currency and other items, we will collect data relating to your purchase history; and</li><li>Support Data: we will collect information you provide to us if you raise a complaint, ask for technical support or report a problem with the Game, including Device ID, Player ID, app version, battery, WiFi strength, free space on device, OS version, network, platform, carrier and country.</li><li>Email Marketing Data: we will collect your email address for the purposes of sending you marketing information, promotions and other offers over email (with your permission).</li></ul><p><strong>Data we collect when you use the Game (whether or not you register with us):</strong></p><ul><li>Device Data: data about your location, device type and model, operating system and version and platform; data about your device's browser version, network, and IP address and log data such as session duration.</li><li>Game Data: data relating to your game statistics and progress, including Player ID, IP Address, game statistics, progress and purchase history.</li><li>Analytics Data: data relating to your use of the Game, including Advertising ID and log data (session time, load time, server pings, actions, crash data).</li><li>Advertising Data: third parties will collect, process, and use your data for the purpose of serving advertisements to you in the Game, including Advertising ID, IP address, information on your interaction with advertising, browsing history and technical information of your device.</li><li>Registration Data (Social Media): where you are accessing the Game through Facebook, we will collect certain information relating to your account including Name, Facebook ID, gender, profile picture, friends list (if user voluntary requests this).</li></ul>", "level": 0}], [{"value": "<h3 id=\"sw_legal_basis\">What do we do with this data and what is our legal basis for processing this data?</h3>", "level": 7}, {"value": "", "level": 0}], [{"value": "<p><strong>Use of data which is necessary to perform a contract</strong></p>", "level": 1}, {"value": "<p>We collect, store and use certain data as it is necessary in order for us to provide you with access to the Game under the relevant terms and conditions of those Game. This includes:</p><ul><li>providing you with a consistent and personalised Service across different devices and platforms and parts of the Game, for example, ensuring that your progress is saved across devices and displaying your image to your social media contacts (for example, Facebook friends that also use the Game);</li><li>to ensure that you are complying with our terms of use when you use the Game and taking any necessary action if you are not complying with our terms of use;</li></ul><p>This applies to the following data:</p><ul><li>Registration Data (Guest Account, Social Media)</li><li>Transaction Data</li><li>Support Data</li><li>Chat Data</li><li>Game Data</li></ul>", "level": 0}], [{"value": "<p><strong>Use of data which is necessary for our legitimate interests</strong></p>", "level": 1}, {"value": "<p>Sometimes, our use of your data is for purposes which are ancillary to the provision of the Game, or which are desirable in order to make them operate more effectively. In those circumstances, we believe we have a legitimate interest in handling your data, and do not believe that this storage and use of your data will be of particular concern to you. This applies to the following data: Device Data and Analytics Data.</p><p>We use such data for our legitimate interests in the following ways:</p><ul><li>to detect and prevent fraud, hacking and/or cheating;</li><li>to keep the Game secure;</li><li>to customise the Game which is available to you;</li><li>to improve the Game, for analysis and reporting purposes (this also includes using data to log any crashes in our provision of the Game, so we may report such interruptions (in this regard, we may use a third party to assist us));</li><li>to serve you with non-targeted advertising in the Game;</li><li>to understand your preferences and personalise your experience of the Game; and</li><li>to send you push notifications with service-related information for the Game (which you can choose not to accept or turn off by visiting the settings section of your device and selecting the appropriate setting).</li></ul>", "level": 0}], [{"value": "<p><strong>Data we use with your consent</strong></p>", "level": 1}, {"value": "<p>Miniclip collects, stores and uses certain data if you have provided your consent. This applies to Email Marketing Data.</p><p>Miniclip also allows third parties to collect, store, and use certain data if you have provided your consent. This applies to Advertising Data.</p><p>For Email Marketing Data, Miniclip uses this information in order to send to you promotional offers and provide marketing for Game that Miniclip believes may be of interest to you (see below for details of Miniclip\u2019s marketing communications). You can withdraw your consent at any point, which means you will no longer receive these marketing messages. Miniclip also uses your data to offer you other services which Miniclip thinks may be of interest to you by push notifications where you have given your consent or chosen not to opt-out.</p><p>For Advertising Data, the third party advertising companies that Miniclip works with collect, use and store data about you with your consent when you access and use the Game, for the purpose of serving targeted advertisements (i.e. advertisements that are tailored to your preferences and interests) to you in the Game. For more details on Miniclip\u2019s relationship with third party advertising companies and how you can manage your consents please see the section below titled <a href=\"#sw_3pac\">Third party advertising companies</a>.</p>", "level": 0}], [{"value": "<h3 id=\"sw_marcoms\">Does Miniclip send marketing communications and how can I opt out?</h3>", "level": 7}, {"value": "<p>If you select \u201cMore Games\u201d in Settings, you will be shown other games available from Miniclip. This is not targeted to any particular user.</p><p>Miniclip may send you marketing communications in relation to their other services that Miniclip thinks may be of interest to you via email or push notification. These messages will only ever be in relation to other similar services of Miniclip. Miniclip does not provide your data to third parties so that they can send you direct marketing communications via email or push notification without first obtaining your consent. The advertising is not targeted to any specific user or category of user.</p><p>You can opt-out of receiving any direct marketing communications that Miniclip (or any third party to whom Miniclip has disclosed your personal information with your consent) may send you by using the unsubscribe mechanism in those marketing emails, or, in relation to push notifications, by choosing not to accept them or by turning them off by visiting the settings on your device and selecting the appropriate setting.</p>", "level": 0}], [{"value": "<h3 id=\"sw_protect\">What do we do to protect data?</h3>", "level": 7}, {"value": "<p>We have implemented appropriate physical, electronic and managerial security procedures to safeguard the data we process from loss, misuse, and alteration and to help prevent unauthorised access, maintain data security and to ensure that we correctly use the data we hold in accordance with the purposes for which we collected that data.</p><p>We use industry-standard practices such as encryption, physically secured rooms, firewalls and password protection systems to safeguard the confidentiality of any personal information that we might collect from you. We also strive to limit access to your data to employees performing a legitimate business function which requires them to access and use your data in order to supply you with our Game. We review our security procedures periodically to consider appropriate new technology and updated methods to ensure we continue to protect your data.</p><p>Whilst we will do our best to protect your data, the transmission of information by you to us over the internet is not completely secure and we cannot guarantee the security of data during its transfer over the Internet to us. Any such transmission is at your own risk. Once we have received your data, we will use the procedures and security features outlined in this section to try to prevent any unauthorised access.</p>", "level": 0}], [{"value": "<h3 id=\"sw_term\">How long do we keep hold of data?</h3>", "level": 7}, {"value": "<p>We will keep data only for as long as it is relevant and useful for the purpose for which it was originally collected and otherwise where required by law. This means that we will only retain your data for the minimum reasonable time period to allow us to provide the Game to you.</p><p>To the extent you have a legal right to request deletion of your personal information, then upon receipt of a lawful, valid request from you to delete your personal information, we will inform you of the action that we have taken in response to such request within thirty (30) days.</p><p>If you decide to delete an account you have with us, certain data does stay on our system for analytics, administrative purposes and to defend or bring any legal action. Please email us at <a href=\"mailto:dataprotection@miniclip.com\">dataprotection@miniclip.com</a> or <a href=\"mailto:snakewarsdpo@sixjoy.com\">snakewarsdpo@sixjoy.com</a> for information regarding retention periods.</p>", "level": 0}], [{"value": "<h3 id=\"sw_shared\">What data is shared with or accessed by third parties?</h3>", "level": 7}, {"value": "<p>We will share your data with various third parties (including our affiliate companies in other countries) as follows:</p><ul><li>We use third parties to help us manage your information and the Game, such as our customer service and technical support provider, game developer and analytics services provider. These are companies who are authorised to process data on our behalf only as necessary to provide the relevant services to us and cannot use it for their own independent purposes.</li><li>You may create a profile for certain Game which may be visible to other users. Other users can choose to add you as a friend. You can change your settings through the 'edit profile' function in our Game at any time.</li><li>We or our third-party partners may disclose your personal data where we are required or permitted to do so by law or to protect or enforce our rights or the rights of any third party. We may also share your data with third parties to prevent fraud, abusive or unlawful behaviour or to demonstrate our compliance with other terms or laws.</li><li>Miniclip or Sixjoy (as applicable) may disclose your information to third parties in connection with a purchase, transfer or sale of Miniclip or Sixjoy (as applicable).</li><li>If you choose to access the Game through a third party platform such as Facebook or Vkontakte, then that third party may collect other information about you (including about your use of the Game) in accordance with its terms and own privacy policy and sometimes they share some data with us. They have their own privacy settings which you can access on that third party platform in order to change your preferences.</li></ul><p>We require any third parties processing your data on our behalf to process it in accordance with this Privacy Policy, your rights and our instructions.</p>", "level": 0}], [{"value": "<h3 id=\"sw_3pac\">Third party advertising companies</h3>", "level": 7}, {"value": "<p>This section relates to advertising that will be provided by third party advertising companies in the game.</p><p>Miniclip wants to make sure that any advertising and marketing is relevant and interesting to you and our other customers.</p><p>To achieve this, Miniclip uses third-party advertising and technology companies to serve advertisements and/or provide aggregated data to assist in serving advertisements when you visit or use the Game. This includes third party technology companies which collect data about you in order to build a profile of your preferences based on your activities when you use the Game. Miniclip also uses these companies to automatically collect data from you when you use the Game in order to help Miniclip identify any advertisements that are served to you and what you do after seeing those advertisements. In addition, Miniclip shares data with providers of web analytics tools, such as Google Analytics, which Miniclip uses to analyse your use of the Game. A list of the third party advertising and technology companies that we use, and links to their privacy information, is available here: <a href=\"#adpart_list\">List of advertising partners used in Miniclip's games.</a></p><p>These third party advertising companies collect, store and use data by integrating cookies, tracking software and other software in the Game. The relevant data collected by these third parties includes Advertising ID, IP address, geo-location details, and technical information relating to your device.</p><p>In some cases these third parties will also use the data that they collect for their own purposes, for example they may aggregate your data with other data they hold and use this to inform advertising related services provided to other clients. These third party advertising companies will only collect and use your data in the ways described above to show targeted advertising with your consent. You can control and withdraw your consent at any time by visiting the Game settings page. If you withdraw your consent then you will either see no advertising at all or the advertising that you see when you visit or use our Game will no longer be tailored to your preferences.</p><p>Please see our <a href=\"https://www.miniclip.com/cookie-policy#sw_cookies\">Cookies Policy</a> for more information on the third party advertising companies which collect, use and store data about you, and the use of cookies and other tracking technologies on our Game.</p><p>Miniclip will also share your data with social media or other similar platforms, so that you can see relevant content on that platform. For example, Miniclip will use the Facebook Custom Audiences service and share your email address in a protected format with Facebook so that Miniclip can: include you in a custom audience that Miniclip will serve relevant advertising content to on Facebook; or create an audience of other Facebook users based on the information in your Facebook profile. You can opt-out from Facebook Custom Audiences in your Facebook privacy settings.</p>", "level": 0}], [{"value": "<h3 id=\"sw_overseas\">Will data be transferred overseas?</h3>", "level": 7}, {"value": "<p>The data that we collect from you will be transferred to, and stored at, a destination outside of the UK or the European Economic Area (\"<strong>EEA</strong>\"): the People\u2019s Republic of China. This transfer is required to host the Game, provide you with technical and customer support services and perform backups of your data.</p><p>Please be aware that countries which are outside the European Economic Area may not offer the same level of data protection as the United Kingdom, although our collection, storage and use of your personal data will continue to be governed by this privacy policy. Transfers of data to Switzerland, however, are guaranteed to be afforded the same level of data protection as in the United Kingdom on the basis that Switzerland benefits from an adequacy finding from the European Commission.</p><p>We will always ensure that any other such transfers of data are conducted in accordance with relevant laws in order to ensure adequate protection. Where we transfer data outside the European Economic Area, other than to Switzerland, we have put in place the following measures to ensure it is afforded appropriate protection: the European Commission\u2019s model contracts for the transfer of personal data to third countries (i.e., the standard contractual clauses), pursuant to Decision 2004/915/EC (in the case of transfers to a controller) and Decision 2010/87/EU (in the case of transfers to a processor).</p>", "level": 0}], [{"value": "<h3 id=\"sw_childrens\">Children's privacy</h3>", "level": 7}, {"value": "<p>The Game is not specifically targeted at persons under the age of 13. Children under the age of 13 must not use the Game for any purpose. If you are under the age of 16 and use the Game, certain functionality may be limited (for example, rewarded video will be restricted). Targeted advertising will also be automatically disabled for children under the age of 16.</p>", "level": 0}], [{"value": "<h3 id=\"sw_erase\">How do I erase or restrict or update my data?</h3>", "level": 7}, {"value": "<p>If you no longer wish for us to use your data, please get in touch. Please note that this may affect the provision of the Game to you, for example, you may not be able to enter any competitions or make any in game purchases.</p><p>You have the right to ask us to amend or update any of your data which is out of date or incorrect, or change the way we may use your data.</p><p>You also have the right to ask us to delete any personal information which we are holding about you. You can also object to our processing of data about you, and we will consider any valid objections which you raise. In certain circumstances we may not be able to stop using your personal data but, if that is the case, we'll let you know and tell you why.</p><p>If you wish to opt out of receiving any promotional emails or newsletters you can do so by clicking on the \"unsubscribe here\" link at the bottom of each email. To change or delete push notifications, visit the settings section on your device and select the appropriate setting, or change the settings on your browser if you are accessing any of our websites.</p><p>If you wish to exercise any of the above rights, please get in touch with us by emailing <a href=\"mailto:dataprotection@miniclip.com\">dataprotection@miniclip.com</a> or <a href=\"mailto:snakewarsdpo@sixjoy.com\">snakewarsdpo@sixjoy.com</a>.</p>", "level": 0}], [{"value": "<h3 id=\"sw_copy\">How do I get a copy of my data?</h3>", "level": 7}, {"value": "<p>You have the right to ask us to provide you with copies of personal data that we hold about you at any time.</p><p>Please contact Miniclip by emailing <a href=\"mailto:dataprotection@miniclip.com\">dataprotection@miniclip.com</a> or Sixjoy at <a href=\"mailto:snakewarsdpo@sixjoy.com\">snakewarsdpo@sixjoy.com</a>.</p>", "level": 0}], [{"value": "<h3 id=\"sw_contact_mc\">How can I contact Miniclip?</h3>", "level": 7}, {"value": "<p>If you have any questions about this Privacy Policy or wish to request a copy of the data which we hold about you, at first instance please contact Miniclip\u2019s Data Protection Officer, at <a href=\"mailto:dataprotection@miniclip.com\">dataprotection@miniclip.com</a> or alternatively you can send a letter to: Miniclip SA, Case Postale 2671, 2001 Neuch\u00e2tel, Switzerland or to Miniclip at Legal Department, Holborn Gate, 326-330 High Holborn, London WC1V 7PP.</p><p>Miniclip SA has designated Miniclip (UK) Limited as its representative in the European Union, who can be contacted at Miniclip at Legal Department, Miniclip (UK) Limited, Holborn Gate, 326-330 High Holborn, London WC1V 7PP.</p>", "level": 0}], [{"value": "<h3 id=\"sw_contact_sj\">How can I contact Sixjoy?</h3>", "level": 7}, {"value": "<p>If you wish to contact Sixjoy, including to exercise any of the rights described in this Privacy Policy, with respect to the Game, please contact</p><a href=\"mailto:snakewarsdpo@sixjoy.com\">snakewarsdpo@sixjoy.com</a>.<p>The EU representative for Sixjoy is Tencent International Service Europe B.V. and who can be contacted via email at <a href=\"mailto:eudataprotection@tencent.com\">eudataprotection@tencent.com</a>.</p>", "level": 0}], [{"value": "<h3 id=\"sw_complaint\">What can I do if I have a complaint?</h3>", "level": 7}, {"value": "<p>If you are not satisfied with the way your query or complaint is handled by Miniclip or Sixjoy, please let us know by emailing us at <a href=\"mailto:dataprotection@miniclip.com\">dataprotection@miniclip.com</a> or <a href=\"mailto:eudataprotection@tencent.com\">eudataprotection@tencent.com</a>.</p><p>If you are still unhappy, you may refer your complaint to your local data protection regulator. For example, in the United Kingdom this is the Information Commissioner\u2019s Office and in Switzerland it is the Federal Data Protection and Information Commissioner (FDPIC).</p> </div></div> </div></body>", "level": 0}]]