[[{"value": "<h4 class=\"sites-embed-title\">Navigation</h4>", "level": 6}, {"value": "<div class=\"sites-embed-content sites-sidebar-nav\"><ul jotid=\"navList\" role=\"navigation\"><li class=\"nav-first \"><div dir=\"ltr\" style=\"padding-left: 5px;\"><a class=\"sites-navigation-link\" href=\"http://sites.google.com/site/mxvpen\">Front Page</a></div></li><li class=\"\"><div dir=\"ltr\" style=\"padding-left: 5px;\"><a class=\"sites-navigation-link\" href=\"/site/mxvpen/features\" jotid=\"wuid:gx:23197c4d6d3f7cff\">Features</a></div></li><li class=\"\"><div dir=\"ltr\" style=\"padding-left: 5px;\"><a class=\"sites-navigation-link\" href=\"/site/mxvpen/download\" jotid=\"wuid:gx:1cadaa9552033a2b\">Download</a></div></li><li class=\"\"><div dir=\"ltr\" style=\"padding-left: 5px;\"><a class=\"sites-navigation-link\" href=\"https://sites.google.com/site/mxvpen/buy\">Buy</a></div></li><li class=\"\"><div dir=\"ltr\" style=\"padding-left: 5px;\"><a class=\"sites-navigation-link\" href=\"/site/mxvpen/join-us\" jotid=\"wuid:gx:30ce364794ad640a\">Join us</a></div></li><li class=\"\"><div dir=\"ltr\" style=\"padding-left: 5px;\"><a class=\"sites-navigation-link\" href=\"/site/mxvpen/about\" jotid=\"wuid:gx:3889db73d38f70c9\">About</a></div></li></ul></div></div><div class=\"sites-embed\" id=\"COMP_8414625800214708\" role=\"navigation\" xmlns=\"http://www.w3.org/1999/xhtml\">", "level": 0}], [{"value": "<h4 class=\"sites-embed-title\">Support</h4>", "level": 6}, {"value": "<div class=\"sites-embed-content sites-sidebar-nav\"><ul jotid=\"navList\" role=\"navigation\"><li class=\"nav-first \"><div dir=\"ltr\" style=\"padding-left: 5px;\"><a class=\"sites-navigation-link\" href=\"/site/mxvpen/faq\" jotid=\"wuid:gx:729aa07caf724e4a\">FAQ</a></div></li><li class=\"\"><div dir=\"ltr\" style=\"padding-left: 5px;\"><a class=\"sites-navigation-link\" href=\"http://forum.xda-developers.com/apps/mx-player\">Forum</a></div></li><li class=\"\"><div dir=\"ltr\" style=\"padding-left: 5px;\"><a class=\"sites-navigation-link\" href=\"/site/mxvpen/report-an-issue\" jotid=\"wuid:gx:38fc7c16c1ce5821\">Report an Issue</a></div></li><li class=\"\"><div dir=\"ltr\" style=\"padding-left: 5px;\"><a class=\"sites-navigation-link\" href=\"/site/mxvpen/translation\" jotid=\"wuid:gx:1ba9f9edaae50364\">Translation</a></div></li><li class=\"\"><div dir=\"ltr\" style=\"padding-left: 5px;\"><a class=\"sites-navigation-link\" href=\"http://sites.google.com/site/mxvpen/api\">API</a></div></li><li class=\"\"><div dir=\"ltr\" style=\"padding-left: 5px;\"><a class=\"sites-navigation-link\" href=\"https://sites.google.com/site/mxvpen/ffmpeg\">Custom codec</a></div></li></ul></div></div></td><td id=\"sites-canvas-wrapper\"><div id=\"sites-canvas\" role=\"main\"><div id=\"goog-ws-editor-toolbar-container\"> </div><div id=\"title-crumbs\" style=\"\" xmlns=\"http://www.w3.org/1999/xhtml\"><a dir=\"ltr\" href=\"/site/mxvpen/about\">About</a>\u200e > \u200e  </div>", "level": 0}], [{"value": "<h3 align=\"left\" id=\"sites-page-title-header\" style=\"\" xmlns=\"http://www.w3.org/1999/xhtml\"><span dir=\"ltr\" id=\"sites-page-title\" style=\"outline: none\" tabindex=\"-1\">Privacy Policy</span></h3>", "level": 7}, {"value": "<div class=\"sites-canvas-main\" id=\"sites-canvas-main\"><div id=\"sites-canvas-main-content\"><table cellspacing=\"0\" class=\"sites-layout-name-one-column sites-layout-hbox\" xmlns=\"http://www.w3.org/1999/xhtml\"><tbody><tr><td class=\"sites-layout-tile sites-tile-name-content-1\"><div dir=\"ltr\"><span style=\"color:rgb(169,7,7);font-family:Palatino,Palatino Linotype,serif;font-size:1.5em;background-color:transparent\">1. J2 Privacy Policy</span><br/><blockquote style=\"margin:0 0 0 40px;border:none;padding:0px\">This Privacy Policy describes how and when J2 collects, processes, uses and shares your information when you use J2, including our mobile applications and websites (the \"Services\"). J2 receives your information through our mobile applications, websites, email notifications, and other interactions with our Services. When using any of our Services you consent to the collection, transfer, processing, storage, disclosure and other uses of your information as described in this Privacy Policy. Irrespective of which country you reside in or supply information from, you authorize J2 to use your information in the United States and any other country where J2 operates.<br/><br/></blockquote><span style=\"color:rgb(169,7,7);font-family:Palatino,Palatino Linotype,serif;font-size:1.5em;background-color:transparent\">2. Contact Us</span><br/><blockquote style=\"margin:0 0 0 40px;border:none;padding:0px\">If you have general questions while using any of our Services, please visit our Facebook Page or XDA MX Player forum:<a href=\"https://www.facebook.com/MX.Player.Official\" rel=\"nofollow\"> https://www.facebook.com/MX.Player.Official</a> or<a href=\"http://forum.xda-developers.com/apps/mx-player\" rel=\"nofollow\"> http://forum.xda-developers.com/apps/mx-player</a>. For questions specifically about this Privacy Statement, or our use of your personal information or similar technologies, please contact our Data Protection Officer by email at <a href=\"mailto:j2apps.privacy@gmail.com\">j2apps.privacy@gmail.com</a>.<br/><br/></blockquote><span style=\"color:rgb(169,7,7);font-family:Palatino,Palatino Linotype,serif;font-size:1.5em;background-color:transparent\">3. Personal Data Collection and Use</span><br/><blockquote style=\"margin:0 0 0 40px;border:none;padding:0px\"><div>We use Personal Information to facilitate and improve our Services and communicate with you following existing regulations, while data integrity, accuracy, relevancy and legally justified processing are ensured. The data we collect depends on the context of your interactions with us, the choices you make, including your privacy settings, and the products and features listed below:</div><div><br/></div></blockquote><blockquote style=\"margin:0 0 0 40px;border:none;padding:0px\"><span style=\"color:rgb(169,7,7);font-size:1.1em;background-color:transparent\">3.1 General Information:</span><blockquote style=\"margin:0 0 0 40px;border:none;padding:0px\"><div>The general data we collect can include SDK/API/JS code version, browser, Internet service provider, IP address, platform, timestamp, application identifier, application version, application distribution channel, independent device identifier, Android ad master identifier, network card (MAC) address, and international mobile device identification code (IMEI) the equipment model, the terminal manufacturer, the terminal device operating system version, the session start / stop time, the location of the language, the time zone and the network state (WiFi and so on).</div><div><br/></div></blockquote><span style=\"color:rgb(169,7,7);font-size:1.1em;background-color:transparent\">3.2 Creating a J2 Account and Profile Information:</span><blockquote style=\"margin:0 0 0 40px;border:none;padding:0px\"><div>When you create a J2 account, you must provide access credentials either in the form of an email address and password or by authentication using another service, such as Twitter. You may optionally provide us with additional profile information, including a short bio, location, and profile picture. If you create your J2 account by connecting through another service, we may use public information from that connected account to help complete your J2 profile. You may update or modify your profile information and contact information at any time. Profile information is available publicly on our Services, such as on your profile page.</div><div><br/></div></blockquote><span style=\"color:rgb(169,7,7);font-size:1.1em;background-color:transparent\">3.3 Contact Information:</span><blockquote style=\"margin:0 0 0 40px;border:none;padding:0px\"><div>In addition to using your contact information to create your account, we may use this information to send you information about our Services, respond to your requests and facilitate your use of the Services. We may use the contact information (such as your phone number or email address) to help connect you with other J2 users, even if that information is not publicly displayed. Some contact information may be required in order to use certain Services. For example, you must have a verified phone number attached to your account in order to send a J2 Message to someone who does not follow you.</div><div><br/></div></blockquote><span style=\"color:rgb(169,7,7);font-size:1.1em;background-color:transparent\">3.4 Finding Friends and Connecting to Other Services:</span><blockquote style=\"margin:0 0 0 40px;border:none;padding:0px\"><div>Our Services include several features to help connect you to the accounts of people you already know. For example, you may upload information from your address book or connect your J2 account to your account on another service such as Twitter. J2 will match the information you provide with the contact information of other J2 users in order to provide and improve the Services, for example by making recommendations and routing J2 messages. You may remove address book data from J2 at any time through the settings in your J2 app. When you connect your J2 account to other services, you are able to post your Content to those services as well. You may disconnect your J2 account from your account on the other services at any time. Disconnecting your J2 account will immediately revoke our authorization to cross-post on your behalf or otherwise access that account and we will delete information obtained from that connection (other than information that was publicly posted on J2, such as profile information), which may take some time.</div></blockquote><blockquote style=\"margin:0 0 0 40px;border:none;padding:0px\"><div><br/></div></blockquote><span style=\"color:rgb(169,7,7);font-size:1.1em;background-color:transparent\">3.5 Content, Following, and other Public Information:</span><blockquote style=\"margin:0 0 0 40px;border:none;padding:0px\"><div>J2 is a video sharing platform, so most of the information you provide us is information that you choose to be made public. This includes not only the Content that you post and data provided with such Content, such as when it was posted, but also the accounts you follow, the Content that you like or comment on, and other public interactions on the Services. Your public information is broadly and instantly disseminated. For instance, your profile information and public Content are immediately delivered to a wide range of users and other services that access J2. When you share information or Content via the Services, you should think carefully about what you are making public.</div></blockquote><blockquote style=\"margin:0 0 0 40px;border:none;padding:0px\"><div><br/></div></blockquote><span style=\"color:rgb(169,7,7);font-size:1.1em;background-color:transparent\">3.6 Location Information:</span><blockquote style=\"margin:0 0 0 40px;border:none;padding:0px\"><div>In addition to profile information, you may also tell us your exact location if you choose to enable your computer or mobile device to send us location information. We may use and store information about your location to provide features of our Services, such as tagging a video with a location, and to improve and customize the Services, for example, with Content that has been tagged near your location.</div></blockquote><blockquote style=\"margin:0 0 0 40px;border:none;padding:0px\"><div><br/></div></blockquote><span style=\"color:rgb(169,7,7);font-size:1.1em;background-color:transparent\">3.7 Links:</span><blockquote style=\"margin:0 0 0 40px;border:none;padding:0px\"><div>We may keep track of how you interact with links across our Services, including our email notifications, third-party services, and client applications, by redirecting clicks or through other means. We do this to help improve our Services, for example to provide relevant advertising, and to be able to share aggregate click statistics such as how many times a particular link was clicked on.</div><div><br/></div></blockquote><span style=\"color:rgb(169,7,7);font-size:1.1em;background-color:transparent\">3.8 Cookies:</span><blockquote style=\"margin:0 0 0 40px;border:none;padding:0px\"><div>Like many websites, we use \"cookie\" technology to collect additional website usage data and to improve our Services, but we do not require cookies for many parts of our Services such as viewing public videos. A cookie is a small data file that is transferred to your computer's hard disk. J2 may use both session cookies and persistent cookies to better understand how you interact with our Services, to monitor aggregate usage by our users and web traffic routing on our Services, and to customize and improve our Services. Most Internet browsers automatically accept cookies. If you do not want cookies from J2 or other websites, you can instruct your browser, by changing its settings, to stop accepting cookies or to prompt you before accepting a cookie from the websites you visit. However, some Services may not function properly if you disable cookies.</div><div><br/></div></blockquote><span style=\"color:rgb(169,7,7);font-size:1.1em;background-color:transparent\">3.9 Log Data:</span><blockquote style=\"margin:0 0 0 40px;border:none;padding:0px\"><div>Our servers automatically record information (\"Log Data\") created by your use of the Services. Log Data may include information such as your IP address, browser type, operating system, the referring web page, pages visited, location, your mobile carrier, device and application IDs, search terms, and cookie information. We receive Log Data when you interact with our Services, for example, when you visit our websites, sign into our Services, view videos hosted by J2, or interact with our email notifications. J2 uses Log Data to provide our Services and to measure, customize, and improve them. If not already done earlier, we will either delete Log Data or remove any common account identifiers, such as your username, full IP address, or email address, after 18 months.</div></blockquote><blockquote style=\"margin:0 0 0 40px;border:none;padding:0px\"><div><br/></div></blockquote><span style=\"color:rgb(169,7,7);font-size:1.1em;background-color:transparent\">3.10 Other non-personal identification information\uff1a</span><blockquote style=\"margin:0 0 0 40px;border:none;padding:0px\"><div>We do not collect the \"Personal Information\" which can identify you or another person. We may collect non-personal identification information about Users whenever they interact with our apps. Non-personal identification information may include the type of your phone, apps and other technical information about Users means of connection to our apps, such as the versions of phone model and other similar information.</div></blockquote><blockquote style=\"margin:0 0 0 40px;border:none;padding:0px\"><div><br/></div></blockquote><span style=\"color:rgb(169,7,7);font-size:1.1em;background-color:transparent\">3.11 Third-Party Services:</span><blockquote style=\"margin:0 0 0 40px;border:none;padding:0px\"><div>J2 uses a variety of third-party services to help provide our Services, including to host our various blogs and wikis and to help us understand the use of our Services. These third-party service providers may use cookies and other technologies to collect information about your use of our Services and other websites and services, including your IP address, device ID, pages viewed, and links clicked. Our service providers include<a href=\"http://www.google.com/policies/privacy/partners/\"> Google Analytics</a> and its demographics and interests reporting feature, which you can opt out of<a href=\"https://www.google.com/settings/ads\"> here</a> and<a href=\"http://www.google.com/ads/preferences/html/mobile-about.html\"> here</a>. J2 also use Facebook ad support:<a href=\"https://m.facebook.com/ads/ad_choices\" rel=\"nofollow\"> https://m.facebook.com/ads/ad_choices</a>.\u00a0<span style=\"background-color:transparent;font-size:1em\">J2\u00a0</span><span style=\"background-color:transparent;font-size:13.3333px\">also uses YouTube API Services in some of it's products</span><span style=\"background-color:transparent;font-size:1em\">, that means if you are using a J2's service which makes use of Youtube APIs, then you are agreeing to the </span><a href=\"https://www.youtube.com/static?gl=HK&template=terms\" style=\"font-size:1em\">YouTube Terms of Service</a><span style=\"background-color:transparent;font-size:1em\"> &</span><a href=\"https://www.google.com/policies/privacy/\" style=\"font-size:1em\"> Google Privacy Policy</a>\u00a0as well<span style=\"background-color:transparent;font-size:1em\">.</span></div></blockquote><blockquote style=\"margin:0 0 0 40px;border:none;padding:0px\"><div><br/></div></blockquote><span style=\"color:rgb(169,7,7);font-size:1.1em;background-color:transparent\">3.12 Interest-Based Ads:</span><blockquote style=\"margin:0 0 0 40px;border:none;padding:0px\"><div>In order to provide with a personalized advertisement experience to you, third parties, including Facebook, may collect or receive information from our app and other apps and use that information to improve services and targeted ads.</div></blockquote><blockquote style=\"margin:0 0 0 40px;border:none;padding:0px\"><div><br/></div></blockquote><blockquote style=\"margin:0 0 0 40px;border:none;padding:0px\"><div>On your Android, you can change your device settings to control whether you see online interest-based ads from Facebook and other companies.</div></blockquote><blockquote style=\"margin:0 0 0 40px;border:none;padding:0px\"><div><br/></div></blockquote><blockquote style=\"margin:0 0 0 40px;border:none;padding:0px\"><div>On your Android (versions 2.2 and up) and Google Play Services (versions 4.0 and up):</div></blockquote></blockquote><blockquote style=\"margin:0 0 0 40px;border:none;padding:0px\"><blockquote style=\"margin:0 0 0 40px;border:none;padding:0px\"><ul><li>Go to Google Settings</li><li>Tap Ads</li><li>Tap Opt out of interest-based ads and tap OK</li></ul></blockquote></blockquote><blockquote style=\"margin:0 0 0 40px;border:none;padding:0px\"><blockquote style=\"margin:0 0 0 40px;border:none;padding:0px\"><div>Based on your choice on Admob ad personalization consent page, Admob & its partners will deliver personalized ads or non-personalized ads to you while using our Services. But, if you ever change your mind in the future, you can easily change your choice about interest-based ads anytime by:</div></blockquote></blockquote><blockquote style=\"margin:0 0 0 40px;border:none;padding:0px\"><blockquote style=\"margin:0 0 0 40px;border:none;padding:0px\"><ul><li>Tap Help menu in our app</li><li>Tap Ad Preferences and make your choice</li><li>Revisit our Services</li></ul></blockquote></blockquote><span style=\"background-color:transparent;color:rgb(169,7,7);font-family:Palatino,Palatino Linotype,serif;font-size:1.5em\">4. Information Sharing and Disclosure</span><br/><blockquote style=\"margin:0 0 0 40px;border:none;padding:0px\"><div><span style=\"background-color:transparent;font-size:1em\">To improve our products and provide you with better service, we also share personal data with vendors or agents working on our behalf for the purposes described in this privacy policy. For example, companies we've hired to provide data analytical services may need collect and access to personal data to provide those functions. In such cases, these companies must abide by our data privacy and security requirements.</span></div><div><span style=\"background-color:transparent;font-size:1em\"><br/></span></div></blockquote><blockquote style=\"margin:0 0 0 40px;border:none;padding:0px\"><span style=\"color:rgb(169,7,7);font-size:1.1em;background-color:transparent\">4.1 Your Consent:</span><blockquote style=\"margin:0 0 0 40px;border:none;padding:0px\"><div>We may share or disclose your information at your direction, such as when you choose to publicly post a video or update your profile information.</div></blockquote><blockquote style=\"margin:0 0 0 40px;border:none;padding:0px\"><div><br/></div></blockquote><span style=\"color:rgb(169,7,7);font-size:1.1em;background-color:transparent\">4.2 Service Providers:</span><blockquote style=\"margin:0 0 0 40px;border:none;padding:0px\"><div>We engage service providers to perform functions and provide services to us in the United States and abroad. We may share your private personal information with such service providers subject to confidentiality obligations consistent with this Privacy Policy, and on the condition that the third parties use your private personal data only on our behalf and pursuant to our instructions.</div></blockquote><blockquote style=\"margin:0 0 0 40px;border:none;padding:0px\"><div><br/></div></blockquote><span style=\"color:rgb(169,7,7);font-size:1.1em;background-color:transparent\">4.3 Law and Harm:</span><blockquote style=\"margin:0 0 0 40px;border:none;padding:0px\"><div>Notwithstanding anything to the contrary in this Policy, we may preserve or disclose your information if we believe that it is reasonably necessary to comply with a law, regulation or legal request; to protect the safety of any person; to address fraud, security or technical issues; or to protect J2\u2019s rights or property. However, nothing in this Privacy Policy is intended to limit any legal defenses or objections that you may have to a third party's, including a government's, request to disclose your information.</div></blockquote><blockquote style=\"margin:0 0 0 40px;border:none;padding:0px\"><div><br/></div></blockquote><span style=\"color:rgb(169,7,7);font-size:1.1em;background-color:transparent\">4.4 Business Transfers:</span><blockquote style=\"margin:0 0 0 40px;border:none;padding:0px\"><div><span style=\"background-color:transparent;font-size:1em\">In the event that J2 is involved in a bankruptcy, merger, acquisition, reorganization or sale of assets, your information may be sold or transferred as part of that transaction. The promises in this Privacy Policy will apply to your information as transferred to the new entity. By providing your information to us, you consent to any transfer and processing in accordance with this Privacy Policy.</span></div></blockquote><blockquote style=\"margin:0 0 0 40px;border:none;padding:0px\"><div><span style=\"background-color:transparent;font-size:1em\"><br/></span></div></blockquote><span style=\"color:rgb(169,7,7);font-size:1.1em;background-color:transparent\">4.5 International Transfers:</span><blockquote style=\"margin:0 0 0 40px;border:none;padding:0px\"><div><span style=\"background-color:transparent;font-size:1em\">Our business may require us to transfer your Personal Data to countries outside of the European Economic Area (\u201cEEA\u201d), including to countries such as the People\u2019s Republic of China or Singapore. We take appropriate steps to ensure that recipients of your Personal Data are bound to duties of confidentiality and we implement measures such as standard contractual clauses. A copy of those clauses can be obtained by contacting via </span><a href=\"mailto:j2apps.privacy@gmail.com\">j2apps.privacy@gmail.com</a><span style=\"background-color:transparent;font-size:1em\">.</span></div></blockquote><blockquote style=\"margin:0 0 0 40px;border:none;padding:0px\"><div><span style=\"background-color:transparent;font-size:1em\"><br/></span></div></blockquote><span style=\"color:rgb(169,7,7);font-size:1.1em;background-color:transparent\">4.6 Non-Private or Non-Personal Information:</span><blockquote style=\"margin:0 0 0 40px;border:none;padding:0px\"><div><span style=\"background-color:transparent;font-size:1em\">We may share or disclose your non-private, aggregated or otherwise non-personal information, such as your public user profile information, public posts, the people you follow or that follow you, or the number of users who clicked on a particular link (even if only one did).</span></div></blockquote></blockquote><blockquote style=\"margin:0 0 0 40px;border:none;padding:0px\"><div><br/></div></blockquote><span style=\"color:rgb(169,7,7);font-family:Palatino,Palatino Linotype,serif;font-size:1.5em;background-color:transparent\">5. Our Policy Towards Children</span><br/><blockquote style=\"margin:0 0 0 40px;border:none;padding:0px\"><div><span style=\"background-color:transparent;font-size:1em\">Our Services are not directed to persons under 13. If you become aware that your child has provided us with personal information without your consent, please email to </span><a href=\"mailto:j2apps.privacy@gmail.com\">j2apps.privacy@gmail.com</a><span style=\"background-color:transparent;font-size:1em\">. We do not knowingly collect personal information from children under 13. If we become aware that a child under 13 has provided us with personal information, we take steps to remove such information and terminate the child's account.</span></div><div><span style=\"background-color:transparent;font-size:1em\"><br/></span></div></blockquote><span style=\"color:rgb(169,7,7);font-family:Palatino,Palatino Linotype,serif;font-size:1.5em;background-color:transparent\">6. Legal Basis for Data Processing</span><blockquote style=\"margin:0 0 0 40px;border:none;padding:0px\"><div>We process Personal Data for the purposes set out in this Privacy Policy, as described above. Our legal basis to process personal data includes processing that is: necessary for the performance of the contract with you (for example, to provide you with the services you request and to identify and authenticate you so you may use the Sites); necessary to comply with legal requirements (for example, to comply with applicable accounting rules and to make mandatory disclosures to law enforcement); necessary for our legitimate interests (for example, to manage our relationship with you, to ensure the security of our services, to communicate with you about our products and services); and based on consent by our customers (for example, to place certain cookies and to share your information with third parties for advertising purposes). </div><div><br/></div><div>In some instances, you may be required to provide us with Personal Data for processing as described above, in order for us to be able to provide you all of our services, and for you to use all the features of our Sites.</div><div><br/></div></blockquote><span style=\"color:rgb(169,7,7);font-family:Palatino,Palatino Linotype,serif;font-size:1.5em;background-color:transparent\">7. Your Rights of your Personal Data</span><br/><blockquote style=\"margin:0 0 0 40px;border:none;padding:0px\"><div><span style=\"background-color:transparent;font-size:1em\">Subject to limitations in applicable law, you are entitled to object to or request the restriction of processing of your Personal Data, and to request access to, rectification, erasure and portability of your own Personal Data.</span></div><div><br/></div><div>Where the use of your information is based on consent, you can withdraw this consent at any time without affecting the lawfulness of processing based on consent before its withdrawal.</div><div><br/></div><div>If you are a registered user of our Services, we provide you with tools and account settings to access or modify the profile information you provided to us and associated with your account.</div><div><br/></div><div>You can also permanently delete your J2 account and your personal data collected by us by email to <a href=\"mailto:j2apps.privacy@gmail.com\">j2apps.privacy@gmail.com</a>.</div><div><br/></div><div>If you are aware of changes or inaccuracies in your information, you should inform us of such changes so that our records may be updated or corrected. We will respond to your request as soon as possible under relevant regulation. You may lodge a complaint with a supervisory authority if you consider that our processing of your Personal Data infringes applicable law.</div><div><br/></div><div>We retain your Personal Data as long as needed to provide services or products to you, or as required or permitted by applicable laws, such as tax and accounting laws.</div><div><br/></div></blockquote><span style=\"color:rgb(169,7,7);font-family:Palatino,Palatino Linotype,serif;font-size:1.5em;background-color:transparent\">8. Changes to this Policy</span><br/><blockquote style=\"margin:0 0 0 40px;border:none;padding:0px\"><div><span style=\"background-color:transparent;font-size:1em\">We may revise this Privacy Policy from time to time. The most current version of the policy will govern our use of your information and will always be at</span><a href=\"http://mx.j2inter.com/about/privacy-policy\" rel=\"nofollow\" style=\"font-size:1em\"> https://sites.google.com/site/mxvpen/about/privacy-policy</a><span style=\"background-color:transparent;font-size:1em\">. If we make a change to this policy that, in our sole discretion, is material, we will notify you via an email to the email address associated with your account or through the Services. By continuing to access or use the Services after those changes become effective, you agree to be bound by the revised Privacy Policy.</span></div></blockquote><div><span style=\"color:rgb(169,7,7);font-family:Palatino,Palatino Linotype,serif;font-size:1.5em;background-color:transparent\"><div></div></span><div><blockquote style=\"margin:0 0 0 40px;border:none;padding:0px\"> </blockquote></div></div></div></td></tr></tbody></table></div></div><div id=\"sites-canvas-bottom-panel\"><div id=\"sites-attachments-container\"></div></div></div></td></tr></table></div></div><div id=\"sites-chrome-footer-wrapper\"><div id=\"sites-chrome-footer-wrapper-inside\"><div id=\"sites-chrome-footer\"></div></div></div></div></div><div id=\"sites-chrome-adminfooter-container\"></div></div></div><div id=\"sites-chrome-onebar-footer\"></div><div id=\"server-timer-div\" style=\"display:none\"> </div></body>", "level": 0}]]