[[{"value": "<h2>Privacy Policy</h2>", "level": 8}, {"value": " <p> T.Na Studio built the +50000 Anime Wallpaper app as a Free app. This SERVICE is provided by T.Na Studio at no cost and is intended for use as is.                  </p> <p>This page is used to inform visitors regarding my policies with the collection, use, and                    disclosure of Personal Information if anyone decided to use my Service.                  </p> <p>If you choose to use my Service, then you agree to the collection and use of information in relation                    to this policy. The Personal Information that I collect is used for providing and improving the                    Service. I will not use or share your information with anyone except as described                    in this Privacy Policy.                  </p> <p>The terms used in this Privacy Policy have the same meanings as in our Terms and Conditions, which is accessible                    at +50000 Anime Wallpaper unless otherwise defined in this Privacy Policy.                  </p> ", "level": 0}], [{"value": "<p><strong>Information Collection and Use</strong></p>", "level": 1}, {"value": " <p>For a better experience, while using our Service, I may require you to provide us with certain                    personally identifiable information, including but not limited to android.permission.INTERNET ,android.permission.CHANGE_WIFI_STATE ,android.permission.ACCESS_WIFI_STATE ,android.permission.ACCESS_NETWORK_STATE ,android.permission.ACCESS_WIFI_STATE ,android.permission.WAKE_LOCK ,com.google.android.c2dm.permission.RECEIVE ,hinhnen.anime.anhdep.permission.C2D_MESSAGE ,android.permission.VIBRATE ,android.permission.RECEIVE_BOOT_COMPLETED ,com.sec.android.provider.badge.permission.READ ,com.sec.android.provider.badge.permission.WRITE ,com.htc.launcher.permission.READ_SETTINGS ,com.htc.launcher.permission.UPDATE_SHORTCUT ,com.sonyericsson.home.permission.BROADCAST_BADGE ,com.sonymobile.home.permission.PROVIDER_INSERT_BADGE ,com.anddoes.launcher.permission.UPDATE_COUNT ,com.majeur.launcher.permission.UPDATE_BADGE ,com.huawei.android.launcher.permission.CHANGE_BADGE ,com.huawei.android.launcher.permission.READ_SETTINGS ,com.huawei.android.launcher.permission.WRITE_SETTINGS ,android.permission.READ_APP_BADGE ,com.oppo.launcher.permission.READ_SETTINGS ,com.oppo.launcher.permission.WRITE_SETTINGS ,me.everything.badger.permission.BADGE_COUNT_READ  ,me.everything.badger.permission.BADGE_COUNT_WRITE ,com.google.android.finsky.permission.BIND_GET_INSTALL_REFERRER_SERVICE ,android.permission.READ_EXTERNAL_STORAGE ,android.permission.WRITE_EXTERNAL_STORAGE. The information that I request will be retained on your device and is not collected by me in any way.                  </p> <p>The app does use third party services that may collect information used to identify you.</p> <div><p>Link to privacy policy of third party service providers used by the app</p> <ul><li><a href=\"https://www.google.com/policies/privacy/\" target=\"_blank\">Google Play Services</a></li> <li><a href=\"https://support.google.com/admob/answer/6128543?hl=en\" target=\"_blank\">AdMob</a></li> <li><a href=\"https://firebase.google.com/policies/analytics\" target=\"_blank\">Firebase Analytics</a></li> <!-- --> <!-- --> <!-- --></ul></div> ", "level": 0}], [{"value": "<p><strong>Log Data</strong></p>", "level": 1}, {"value": " <p> I want to inform you that whenever you use my Service, in a case of an                    error in the app I collect data and information (through third party products) on your phone                    called Log Data. This Log Data may include information such as your device Internet Protocol (\u00e2\u0080\u009cIP\u00e2\u0080\u009d) address,                    device name, operating system version, the configuration of the app when utilizing my Service,                    the time and date of your use of the Service, and other statistics.                  </p> ", "level": 0}], [{"value": "<p><strong>Cookies</strong></p>", "level": 1}, {"value": " <p>Cookies are files with a small amount of data that are commonly used as anonymous unique identifiers. These                    are sent to your browser from the websites that you visit and are stored on your device's internal memory.                  </p> <p>This Service does not use these \u00e2\u0080\u009ccookies\u00e2\u0080\u009d explicitly. However, the app may use third party code and libraries                    that use \u00e2\u0080\u009ccookies\u00e2\u0080\u009d to collect information and improve their services. You have the option to either                    accept or refuse these cookies and know when a cookie is being sent to your device. If you choose to                    refuse our cookies, you may not be able to use some portions of this Service.                  </p> ", "level": 0}], [{"value": "<p><strong>Service Providers</strong></p>", "level": 1}, {"value": " <p> I may employ third-party companies and individuals due to the following reasons:</p> <ul><li>To facilitate our Service;</li> <li>To provide the Service on our behalf;</li> <li>To perform Service-related services; or</li> <li>To assist us in analyzing how our Service is used.</li></ul> <p> I want to inform users of this Service that these third parties have access to your                    Personal Information. The reason is to perform the tasks assigned to them on our behalf. However, they                    are obligated not to disclose or use the information for any other purpose.                  </p> ", "level": 0}], [{"value": "<p><strong>Security</strong></p>", "level": 1}, {"value": " <p> I value your trust in providing us your Personal Information, thus we are striving                    to use commercially acceptable means of protecting it. But remember that no method of transmission over                    the internet, or method of electronic storage is 100% secure and reliable, and I cannot guarantee                    its absolute security.                  </p> ", "level": 0}], [{"value": "<p><strong>Links to Other Sites</strong></p>", "level": 1}, {"value": " <p>This Service may contain links to other sites. If you click on a third-party link, you will be directed                    to that site. Note that these external sites are not operated by me. Therefore, I strongly                    advise you to review the Privacy Policy of these websites. I have no control over                    and assume no responsibility for the content, privacy policies, or practices of any third-party sites                    or services.                  </p> ", "level": 0}], [{"value": "<p><strong>Children\u00e2\u0080\u0099s Privacy</strong></p>", "level": 1}, {"value": " <p>These Services do not address anyone under the age of 13. I do not knowingly collect                    personally identifiable information from children under 13. In the case I discover that a child                    under 13 has provided me with personal information, I immediately delete this from                    our servers. If you are a parent or guardian and you are aware that your child has provided us with personal                    information, please contact me so that I will be able to do necessary actions.                  </p> ", "level": 0}], [{"value": "<p><strong>Changes to This Privacy Policy</strong></p>", "level": 1}, {"value": " <p> I may update our Privacy Policy from time to time. Thus, you are advised to review                    this page periodically for any changes. I will notify you of any changes by posting                    the new Privacy Policy on this page. These changes are effective immediately after they are posted on                    this page.                  </p> ", "level": 0}], [{"value": "<p><strong>Contact Us</strong></p>", "level": 1}, {"value": " <p>If you have any questions or suggestions about my Privacy Policy, do not hesitate to <a href=\"mailto:nastudiocontact@gmail.com\"> contact                    me.</a></p></body>", "level": 0}]]