[[{"value": "<h1><span class=\"medium\">Apps Privacy Policy</span></h1>", "level": 9}, {"value": "</div></div></div></div><div class=\"privacyContent\"><div class=\"container\"><div class=\"row\"><div class=\"col-sm-8 col-sm-offset-2\"><div class=\"spaceLeft\">", "level": 0}], [{"value": "<h3><b><span class=\"number\">1.</span> Introduction</b></h3>", "level": 7}, {"value": "<p>We, the TeamViewer GmbH, take protection of your personal data very seriously and strictly adhere to the rules laid out by data protection laws.</p><p>The following policy provides an overview of how we ensure this protection and what kind of data is collected for what purpose.</p>", "level": 0}], [{"value": "<h3><b><span class=\"number\">2.</span> Information about the Collection of Personal Data</b></h3>", "level": 7}, {"value": "<p>Below we provide information about the collection of personal data when using TeamViewer App (including but not limited to TeamViewer Host, TeamViewer QuickSupport and TeamViewer for Remote Control, hereinafter \u201cTeamViewer App\u201d). Personal data is any data that can personally reference you, such as your name, email addresses, user behavior.</p>", "level": 0}], [{"value": "<h3><b><span class=\"number\">3.</span> Provider Identification</b></h3>", "level": 7}, {"value": "<p>The service provider in accordance with \u00a7 13 Telemediengesetz (TMG) [German Telemedia Act] and the responsible body in accordance with \u00a7 3 para. 7 Bundesdatenschutzgesetz (BDSG) [German Federal Data Protection Act] is TeamViewer GmbH, Jahnstr. 30, 73037 G\u00f6ppingen, Germany, for details see our imprint: <a href=\"https://www.teamviewer.com/imprint/\">https://www.teamviewer.com/imprint/</a>.</p>", "level": 0}], [{"value": "<h3><b><span class=\"number\">4.</span> Data Security</b></h3>", "level": 7}, {"value": "<p>We maintain technical measures to ensure data security, in particular to protect your personal data from threats when transmitting data as well as from third party access. These measures are adjusted according to the latest technologies.</p>", "level": 0}], [{"value": "<h3><b><span class=\"number\">5.</span> Collection of Personal Data for Use of the Product</b></h3>", "level": 7}, {"value": "<p>By using the TeamViewer App, TeamViewer collects data as it deems appropriate for the fulfillment of the contract. This includes, among other things, the TeamViewer ID as well as the last known IP address. TeamViewer does not collect any content data and due to end-to-end encryption, cannot access the contents of your connection. Details can be found under Section 6.</p>", "level": 0}], [{"value": "<h3><b><span class=\"number\">6.</span> Use of the TeamViewer App</b></h3>", "level": 7}, {"value": "<p>When you use the TeamViewer App, TeamViewer collects certain data which is necessary for us to provide our services to you.</p><p>In the following we would like to give you an idea on which information is collected by TeamViewer and for what purpose.</p>", "level": 0}], [{"value": "<p><b><span class=\"number\">6.1</span> Information necessary for establishment of a connection</b></p>", "level": 1}, {"value": "<p>First of all, TeamViewer collects data which is required to make it possible for us to establish a connection between devices over the Internet, such as the IP address and the TeamViewer ID.</p>", "level": 0}], [{"value": "<p><b><span class=\"number\">6.2</span> Information necessary for providing the service</b></p>", "level": 1}, {"value": "<p>Moreover, TeamViewer aims to provide with its software a service which is easy and comfortable to use. This is why you are able to create an account and then consequently a contact list, notes etc. To be able to provide this kind of service, TeamViewer collects and saves the data you provide in the functions you choose to use.</p>", "level": 0}], [{"value": "<p><b><span class=\"number\">6.3</span> Requested permissions</b></p>", "level": 1}, {"value": "<p>The permissions which the TeamViewer App requests are connected with the operability of functions in the TeamViewer App.</p><p>Moreover, TeamViewer also request some permissions at installation to be able to create a device specific and unique TeamViewer ID to unmistakably identify your device for connections.</p>", "level": 0}], [{"value": "<h3><b><span class=\"number\">7.</span> Consent and Limits to Use</b></h3>", "level": 7}, {"value": "<p>When entering personal or business data (email address, names), the disclosure of your data is entirely voluntary. By entering this data, you indicate your consent that the entered data can be collected, processed, or used for the purposes of establishing contact, processing contracts, for advertising, or for the protection of our own legitimate business interests with regard to advising and supporting our customers and prospective customers. It will not be collected, processed, or used for any other purpose. This consent may be revoked with future effect at any time.</p><p>Such data will not be transferred to third parties unless this is specifically requested by yourself. Companies affiliated with us (within the meaning of \u00a7 15 AktG [Aktiengesetzes; German Stock Corporation Act]) shall not be regarded as third parties.</p>", "level": 0}], [{"value": "<h3><b><span class=\"number\">8.</span> Data Transfer to Third Parties</b></h3>", "level": 7}, {"value": "<p>We can transfer your personal data to third parties if we offer participation in campaigns, contests, reservations, or contract agreements in conjunction with a third party. In this case, you will be informed specifically about the transmission to the third parties before your data is forwarded.</p><p>In some cases, we use external service providers to process your data. We have chosen these providers carefully and have commissioned them in writing. They are bound by our directives and are regularly monitored by us. These service providers will not forward this data to third parties. Insofar as these service providers are located in the US, we will notify you of this in connection with the respective functions. This data processing is also carried out according to current law.</p>", "level": 0}], [{"value": "<h3><b><span class=\"number\">9.</span> Right to Obtain Information and Revocation</b></h3>", "level": 7}, {"value": "<p>You have the right to request information from us about the data stored about you with us at any time, as well as to their origin, recipients or categories of recipients to whom this data is transmitted, and the storage purpose.</p><p>If you have given consent for the use of data, you can revoke this consent at any time.</p><p>All requests and inquiries for information or objections for data processing should be sent by email to <a href=\"mailto:dataprotection@teamviewer.com\">dataprotection@teamviewer.com</a><span class=\"externalArrowBlue\"></span> or to the address specified in Point 3.</p>", "level": 0}], [{"value": "<h3><b><span class=\"number\">10.</span> Additional Information</b></h3>", "level": 7}, {"value": "<p>Your trust is important to us. That is why we are always available to talk with you at any time and answer any questions concerning how your data is processed. If you have any questions that could not be answered by this privacy policy or if you wish to receive more in depth information about any topic within it, please contact the Data Protection Officer at any time at: <a href=\"mailto:dataprotection@teamviewer.com\">dataprotection@teamviewer.com</a><span class=\"externalArrowBlue\"></span>.</p>", "level": 0}], [{"value": "<h3><b><span class=\"number\">11.</span> Address</b></h3>", "level": 7}, {"value": "<p>TeamViewer GmbH<br/>Jahnstr. 30<br/>73037 G\u00f6ppingen<br/>\u5fb7\u56fd</p><p><span id=\"ContentPlaceHolderContent_PhoneNumber_spanPhone\">    \u7535\u8bdd\uff1a 400 120 3541    <br/></span><span id=\"ContentPlaceHolderContent_PhoneNumber_spanFax\">    \u4f20\u771f\uff1a +49 (0) 7161 60692 79    <br/></span><span id=\"ContentPlaceHolderContent_PhoneNumber_spanEmail\">    \u7535\u5b50\u90ae\u7bb1\uff1a <span class=\"encryptedmail\" data=\"u\\hgmZ\\m9m^Zfob^p^k'\\hf\">\u7535\u5b50\u90ae\u4ef6\u670d\u52a1</span></span></p></div></div></div></div></div></form></div><footer><div id=\"footerDownloadArea\"><div class=\"container containerMainSmall\"><div class=\"row text-center\"><div class=\"col-sm-12\"><span class=\"h2\"><span class=\"medium\">\u7acb\u5373\u5f00\u59cb\uff01</span> \u4e2a\u4eba\u53ef\u514d\u8d39\u4f7f\u7528\uff0c\u4f01\u4e1a\u7528\u6237\u53ef\u4ee5\u8bd5\u7528\u3002</span><a class=\"btn btn-call-to-action btn-default\" href=\"https://download.teamviewer.com/download/TeamViewer_Setup.exe\">\u4e0b\u8f7d TeamViewer</a><br/><span class=\"redir-link underlined\" data-submit=\"/zhcn/privacy-policy/\">\u9690\u79c1\u653f\u7b56</span><br/></div></div></div></div><div id=\"footerContactArea\"><div class=\"container containerMainSmall\"><div class=\"row\"><div class=\"col-sm-6 footerNewsletterArea\"><div class=\"h4\" id=\"newsletter\">\u83b7\u53d6\u4e13\u4eab\u4f18\u60e0\uff0c\u4e86\u89e3\u6700\u65b0\u8d44\u8baf</div><p>\u884c\u4e1a\u5feb\u8baf\u8ba2\u9605</p><p class=\"pSmall\">By subscribing I hereby consent to receiving emails from TeamViewer GmbH in relation to product information, offers, and general marketing. Details of the processing of your personal data are explained in the <span class=\"redir-link underlined\" data-submit=\"https://www.teamviewer.com/en/privacy-policy/\">Privacy Policy</span>.</p><div id=\"Footer_ctl01_ctl00\"><input class=\"form-control\" id=\"Footer_ctl01_txtNlEmailAddress\" name=\"ctl00$Footer$ctl01$txtNlEmailAddress\" placeholder=\"\u7535\u5b50\u90ae\u4ef6\u5730\u5740\" type=\"text\"/><input class=\"btn btn-call-to-action btn-primary marginLeftZero\" id=\"Footer_ctl01_btnNlSubscribe\" name=\"ctl00$Footer$ctl01$btnNlSubscribe\" type=\"submit\" value=\"\u8ba2\u9605\"/><div><div id=\"captchaContainer\"><input id=\"Footer_ctl01_captcha_hfInvalidAttempts\" name=\"ctl00$Footer$ctl01$captcha$hfInvalidAttempts\" type=\"hidden\"/></div></div></div></div><div class=\"col-sm-6 footerLanguageSelectorArea\"><div class=\"h4\">\u8bed\u8a00\u9009\u62e9</div><p>TeamViewer \u652f\u6301 30 \u591a\u79cd\u8bed\u8a00</p><img alt=\"\" class=\"img-responsive imgFooterLanguageGlobe\" height=\"25\" src=\"https://tv-static-net.oss-cn-beijing.aliyuncs.com/c3613269c72c44b18f3c68b43fc13018/resources/images/icons/globe-small-white.svg\" width=\"25\"/><select class=\"footerLanguageLink customSelectArrow\" id=\"footerLanguageLinkSelect\" onchange=\"changeLanguage(this.options[this.selectedIndex].value, 'https://www.teamviewer.com/', /\\/zhcn\\//i)\"><option value=\"en\">English</option><option value=\"de\">Deutsch</option><option value=\"bg\">\u0411\u044a\u043b\u0433\u0430\u0440\u0441\u043a\u0438</option><option value=\"cs\">\u010cesky</option><option value=\"da\">Dansk</option><option value=\"el\">\u0395\u03bb\u03bb\u03b7\u03bd\u03b9\u03ba\u03ac</option><option value=\"es\">Espa\u00f1ol</option><option value=\"fi\">Suomi</option><option value=\"fr\">Fran\u00e7ais</option><option value=\"hr\">Hrvatski</option><option value=\"hu\">Magyar</option><option value=\"it\">Italiano</option><option value=\"id\">Bahasa Indonesia</option><option value=\"ja\">\u65e5\u672c\u8a9e</option><option value=\"ko\">\ud55c\uad6d\uc5b4</option><option value=\"lt\">Lietuvi\u0173</option><option value=\"nl\">Nederlands</option><option value=\"no\">Norsk</option><option value=\"pl\">Polski</option><option value=\"pt\">Portugu\u00eas</option><option value=\"ro\">Rom\u00e2n\u0103</option><option value=\"ru\">\u0420\u0443\u0441\u0441\u043a\u0438\u0439</option><option value=\"sk\">Sloven\u010dina</option><option value=\"sr\">Srpski</option><option value=\"sv\">Svenska</option><option value=\"th\">\u0e44\u0e17\u0e22</option><option value=\"tr\">T\u00fcrk\u00e7e</option><option value=\"uk\">\u0423\u043a\u0440\u0430\u0457\u043d\u0441\u044c\u043a\u0430</option><option value=\"vi\">Ti\u1ebfng Vi\u1ec7t</option><option selected=\"selected\" value=\"zhcn\">\u4e2d\u6587 (\u7b80\u4f53)</option><option value=\"zhtw\">\u4e2d\u6587 (\u53f0\u7063)</option></select><span class=\"linkWhite footerLanguageLink\" data-container=\"#footerContactArea\" data-toggle=\"popover\" id=\"footerLanguageLinkPopover\" onclick=\"if(!$('.popover').hasClass('in')){$('#footerLanguageLinkPopover').popover('show')}else{$('#footerLanguageLinkPopover').popover('hide')}\">\u4e2d\u6587 (\u7b80\u4f53)</span><div id=\"languagePopoverContentFooter\" style=\"display: none;\"><div class=\"languagePopoverContentInner\"><div class=\"h3\">\u8bf7\u9009\u62e9\u4e00\u79cd\u8bed\u8a00</div><ul><li><a onclick=\"changeLanguage('en', 'https://www.teamviewer.com/', /\\/zhcn\\//i)\">English</a></li><li><a onclick=\"changeLanguage('de', 'https://www.teamviewer.com/', /\\/zhcn\\//i)\">Deutsch</a></li><li><a onclick=\"changeLanguage('bg', 'https://www.teamviewer.com/', /\\/zhcn\\//i)\">\u0411\u044a\u043b\u0433\u0430\u0440\u0441\u043a\u0438</a></li><li><a onclick=\"changeLanguage('cs', 'https://www.teamviewer.com/', /\\/zhcn\\//i)\">\u010cesky</a></li><li><a onclick=\"changeLanguage('da', 'https://www.teamviewer.com/', /\\/zhcn\\//i)\">Dansk</a></li><li><a onclick=\"changeLanguage('el', 'https://www.teamviewer.com/', /\\/zhcn\\//i)\">\u0395\u03bb\u03bb\u03b7\u03bd\u03b9\u03ba\u03ac</a></li><li><a onclick=\"changeLanguage('es', 'https://www.teamviewer.com/', /\\/zhcn\\//i)\">Espa\u00f1ol</a></li><li><a onclick=\"changeLanguage('fi', 'https://www.teamviewer.com/', /\\/zhcn\\//i)\">Suomi</a></li><li><a onclick=\"changeLanguage('fr', 'https://www.teamviewer.com/', /\\/zhcn\\//i)\">Fran\u00e7ais</a></li><li><a onclick=\"changeLanguage('hr', 'https://www.teamviewer.com/', /\\/zhcn\\//i)\">Hrvatski</a></li><li><a onclick=\"changeLanguage('hu', 'https://www.teamviewer.com/', /\\/zhcn\\//i)\">Magyar</a></li></ul><ul><li><a onclick=\"changeLanguage('it', 'https://www.teamviewer.com/', /\\/zhcn\\//i)\">Italiano</a></li><li><a onclick=\"changeLanguage('id', 'https://www.teamviewer.com/', /\\/zhcn\\//i)\">Bahasa Indonesia</a></li><li><a onclick=\"changeLanguage('ja', 'https://www.teamviewer.com/', /\\/zhcn\\//i)\">\u65e5\u672c\u8a9e</a></li><li><a onclick=\"changeLanguage('ko', 'https://www.teamviewer.com/', /\\/zhcn\\//i)\">\ud55c\uad6d\uc5b4</a></li><li><a onclick=\"changeLanguage('lt', 'https://www.teamviewer.com/', /\\/zhcn\\//i)\">Lietuvi\u0173</a></li><li><a onclick=\"changeLanguage('nl', 'https://www.teamviewer.com/', /\\/zhcn\\//i)\">Nederlands</a></li><li><a onclick=\"changeLanguage('no', 'https://www.teamviewer.com/', /\\/zhcn\\//i)\">Norsk</a></li><li><a onclick=\"changeLanguage('pl', 'https://www.teamviewer.com/', /\\/zhcn\\//i)\">Polski</a></li><li><a onclick=\"changeLanguage('pt', 'https://www.teamviewer.com/', /\\/zhcn\\//i)\">Portugu\u00eas</a></li><li><a onclick=\"changeLanguage('ro', 'https://www.teamviewer.com/', /\\/zhcn\\//i)\">Rom\u00e2n\u0103</a></li><li><a onclick=\"changeLanguage('ru', 'https://www.teamviewer.com/', /\\/zhcn\\//i)\">\u0420\u0443\u0441\u0441\u043a\u0438\u0439</a></li><li><a onclick=\"changeLanguage('sk', 'https://www.teamviewer.com/', /\\/zhcn\\//i)\">Sloven\u010dina</a></li></ul><ul><li><a onclick=\"changeLanguage('sr', 'https://www.teamviewer.com/', /\\/zhcn\\//i)\">Srpski</a></li><li><a onclick=\"changeLanguage('sv', 'https://www.teamviewer.com/', /\\/zhcn\\//i)\">Svenska</a></li><li><a onclick=\"changeLanguage('th', 'https://www.teamviewer.com/', /\\/zhcn\\//i)\">\u0e44\u0e17\u0e22</a></li><li><a onclick=\"changeLanguage('tr', 'https://www.teamviewer.com/', /\\/zhcn\\//i)\">T\u00fcrk\u00e7e</a></li><li><a onclick=\"changeLanguage('uk', 'https://www.teamviewer.com/', /\\/zhcn\\//i)\">\u0423\u043a\u0440\u0430\u0457\u043d\u0441\u044c\u043a\u0430</a></li><li><a onclick=\"changeLanguage('vi', 'https://www.teamviewer.com/', /\\/zhcn\\//i)\">Ti\u1ebfng Vi\u1ec7t</a></li><li><a onclick=\"changeLanguage('zhcn', 'https://www.teamviewer.com/', /\\/zhcn\\//i)\">\u4e2d\u6587 (\u7b80\u4f53)</a></li><li><a onclick=\"changeLanguage('zhtw', 'https://www.teamviewer.com/', /\\/zhcn\\//i)\">\u4e2d\u6587 (\u53f0\u7063)</a></li></ul><div class=\"clearfix\"></div></div></div></div></div></div></div><div id=\"footerMenuArea\"><div class=\"container containerMainSmall\"><div class=\"row\"><div class=\"col-sm-12\"><div aria-multiselectable=\"true\" class=\"panel-group\" id=\"accordion\" role=\"tablist\"><div class=\"panel panel-default footerCustomCols\" onclick=\"showFooterPanel('collapseEins', 'toggle', 'imgFooterArrowUpOne', 'imgFooterArrowDownOne');\"><div class=\"panel-heading\" id=\"headingFooterOne\" role=\"tab\"><span class=\"h4 panel-title\"><a data-parent=\"#accordion\" role=\"button\" style=\"cursor: default;\">TeamViewer<img alt=\"\" class=\"imgFooterArrowDown\" id=\"imgFooterArrowDownOne\" src=\"https://tv-static-net.oss-cn-beijing.aliyuncs.com/c3613269c72c44b18f3c68b43fc13018/resources/images/icons/arrow-down-white.svg\" title=\"\"/><img alt=\"\" class=\"imgFooterArrowUp\" id=\"imgFooterArrowUpOne\" src=\"https://tv-static-net.oss-cn-beijing.aliyuncs.com/c3613269c72c44b18f3c68b43fc13018/resources/images/icons/arrow-up-white.svg\" title=\"\"/></a></span></div><div aria-labelledby=\"headingFooterOne\" class=\"panel-collapse collapse in js-sameHeight\" id=\"collapseEins\" role=\"tabpanel\"><div class=\"panel-body\"><div><a class=\"linkWhiteNormal\" href=\"/zhcn/latest-version/\" title=\"\">\u6700\u65b0\u7248\u672c</a></div><div><a class=\"linkWhiteNormal\" href=\"/zhcn/use-cases/remote-support/\" title=\"\">\u8fdc\u7a0b\u652f\u6301</a></div><div><a class=\"linkWhiteNormal\" href=\"/zhcn/use-cases/remote-access/\" title=\"\">\u8fdc\u7a0b\u8bbf\u95ee</a></div><div><a class=\"linkWhiteNormal\" href=\"/zhcn/use-cases/meetings-and-collaboration/\" title=\"\">\u4f1a\u8bae\u53ca\u5408\u4f5c</a></div><div><a class=\"linkWhiteNormal\" href=\"/zhcn/use-cases/mobile-connections/\" title=\"\">\u79fb\u52a8\u8bbe\u5907\u652f\u6301</a></div><div><a class=\"linkWhiteNormal\" href=\"/zhcn/#screenshotsAnchor\" title=\"\">\u5c4f\u5e55\u622a\u56fe</a></div><div><a class=\"linkWhiteNormal\" href=\"/zhcn/integrations/\" title=\"\">\u96c6\u6210\u63d2\u4ef6</a></div></div></div></div><div class=\"panel panel-default footerCustomCols\" onclick=\"showFooterPanel('collapseZwei', 'toggle', 'imgFooterArrowUpTwo', 'imgFooterArrowDownTwo')\"><div class=\"panel-heading\" id=\"headingFooterTwo\" role=\"tab\"><span class=\"h4 panel-title\"><a data-parent=\"#accordion\" role=\"button\" style=\"cursor: default;\">\u5173\u4e8e\u6211\u4eec<img alt=\"\" class=\"imgFooterArrowDown\" id=\"imgFooterArrowDownTwo\" src=\"https://tv-static-net.oss-cn-beijing.aliyuncs.com/c3613269c72c44b18f3c68b43fc13018/resources/images/icons/arrow-down-white.svg\" title=\"\"/><img alt=\"\" class=\"imgFooterArrowUp\" id=\"imgFooterArrowUpTwo\" src=\"https://tv-static-net.oss-cn-beijing.aliyuncs.com/c3613269c72c44b18f3c68b43fc13018/resources/images/icons/arrow-up-white.svg\" title=\"\"/></a></span></div><div aria-labelledby=\"headingFooterTwo\" class=\"panel-collapse collapse in js-sameHeight\" id=\"collapseZwei\" role=\"tabpanel\"><div class=\"panel-body\"><div><a class=\"linkWhiteNormal\" href=\"/zhcn/company/\" title=\"\">\u516c\u53f8\u7b80\u4ecb</a></div><div><a class=\"linkWhiteNormal\" href=\"/en/company/press/\" rel=\"noopener\" target=\"_blank\">\u65b0\u95fb\u7a3f\u00a0<span class=\"externalArrowWhite\"></span></a></div><div><a class=\"linkWhiteNormal\" href=\"https://blog.teamviewer.com/\" rel=\"noopener\" target=\"_blank\" title=\"\">\u535a\u5ba2\u00a0<span class=\"externalArrowWhite\"></span></a></div><div><a class=\"linkWhiteNormal\" href=\"https://jobs.teamviewer.com/\" rel=\"noopener\" target=\"_blank\" title=\"\">\u804c\u4e1a\u673a\u4f1a\u00a0<span class=\"externalArrowWhite\"></span></a></div><div><a class=\"linkWhiteNormal\" href=\"/zhcn/support/contact/\" title=\"\">\u8054\u7cfb\u6211\u4eec</a></div><div><a class=\"linkWhiteNormal\" href=\"/en/trust-center/\" title=\"\">Trust Center (\u82f1\u8bed)</a></div></div></div></div><div class=\"panel panel-default footerCustomCols\" onclick=\"showFooterPanel('collapseDrei', 'toggle', 'imgFooterArrowUpThree', 'imgFooterArrowDownThree')\"><div class=\"panel-heading\" id=\"headingFooterThree\" role=\"tab\"><span class=\"h4 panel-title\"><a data-parent=\"#accordion\" role=\"button\" style=\"cursor: default;\">\u652f\u6301<img alt=\"\" class=\"imgFooterArrowDown\" id=\"imgFooterArrowDownThree\" src=\"https://tv-static-net.oss-cn-beijing.aliyuncs.com/c3613269c72c44b18f3c68b43fc13018/resources/images/icons/arrow-down-white.svg\" title=\"\"/><img alt=\"\" class=\"imgFooterArrowUp\" id=\"imgFooterArrowUpThree\" src=\"https://tv-static-net.oss-cn-beijing.aliyuncs.com/c3613269c72c44b18f3c68b43fc13018/resources/images/icons/arrow-up-white.svg\" title=\"\"/></a></span></div><div aria-labelledby=\"headingFooterThree\" class=\"panel-collapse collapse in js-sameHeight\" id=\"collapseDrei\" role=\"tabpanel\"><div class=\"panel-body\"><div><a class=\"linkWhiteNormal\" href=\"https://community.teamviewer.com/t5/Knowledge-Base/tkb-p/Knowledgebase\" rel=\"noopener\" target=\"_blank\" title=\"\">\u77e5\u8bc6\u5e93 (\u82f1\u8bed)\u00a0<span class=\"externalArrowWhite\"></span></a></div><div><a class=\"linkWhiteNormal\" href=\"https://community.teamviewer.com/\" rel=\"noopener\" target=\"_blank\" title=\"\">TeamViewer Community\u00a0<span class=\"externalArrowWhite\"></span></a></div><div><a class=\"linkWhiteNormal\" href=\"/zhcn/support/teamviewer-academy/\" target=\"_blank\" title=\"\">TeamViewer Academy\u00a0<span class=\"externalArrowWhite\"></span><span class=\"internalLanguageChangeEnglish\"></span></a></div><div><a class=\"linkWhiteNormal\" href=\"/zhcn/support/\" title=\"\">\u63d0\u4ea4\u51ed\u5355</a></div><div><a class=\"linkWhiteNormal\" href=\"/zhcn/support/documents/\" title=\"\">\u5165\u95e8\u6b65\u9aa4</a></div><div><a class=\"linkWhiteNormal\" href=\"/zhcn/support/videos/\" title=\"\">\u89c6\u9891</a></div><div><a class=\"linkWhiteNormal\" href=\"/zhcn/download/changelog/\" title=\"\">\u53d8\u66f4\u65e5\u5fd7</a></div></div></div></div><div class=\"footerCustomCols\"><div class=\"panel panel-default footerInnerCustomCols\" onclick=\"showFooterPanel('collapseVier', 'toggle', 'imgFooterArrowUpFour', 'imgFooterArrowDownFour')\" style=\"padding-bottom: 0;\"><div class=\"panel-heading\" id=\"headingFooterFour\" role=\"tab\"><span class=\"h4 panel-title\"><a data-parent=\"#accordion\" role=\"button\" style=\"cursor: default;\">\u66f4\u591a\u4ea7\u54c1<img alt=\"\" class=\"imgFooterArrowDown\" id=\"imgFooterArrowDownFour\" src=\"https://tv-static-net.oss-cn-beijing.aliyuncs.com/c3613269c72c44b18f3c68b43fc13018/resources/images/icons/arrow-down-white.svg\" title=\"\"/><img alt=\"\" class=\"imgFooterArrowUp\" id=\"imgFooterArrowUpFour\" src=\"https://tv-static-net.oss-cn-beijing.aliyuncs.com/c3613269c72c44b18f3c68b43fc13018/resources/images/icons/arrow-up-white.svg\" title=\"\"/></a></span></div><div aria-labelledby=\"headingFooterFour\" class=\"panel-collapse collapse in\" id=\"collapseVier\" role=\"tabpanel\"><div class=\"panel-body\"><div><a class=\"linkWhiteNormal\" href=\"https://www.blizz.com/\" rel=\"noopener\" target=\"_blank\" title=\"\">Blizz\u00a0<span class=\"externalArrowWhite\"></span></a></div><div><a class=\"linkWhiteNormal\" href=\"https://www.itbrain.com/\" rel=\"noopener\" target=\"_blank\" title=\"\">ITbrain\u00a0<span class=\"externalArrowWhite\"></span></a></div><div><a class=\"linkWhiteNormal\" href=\"https://www.monitis.com/\" rel=\"noopener\" target=\"_blank\" title=\"\">Monitis\u00a0<span class=\"externalArrowWhite\"></span></a></div></div></div></div><div class=\"panel panel-default footerInnerCustomCols\" onclick=\"showFooterPanel('collapseFuenf', 'toggle', 'imgFooterArrowUpFuenf', 'imgFooterArrowDownFuenf')\" style=\"padding-bottom: 0;\"><div class=\"panel-heading\" id=\"headingFooterFuenf\" role=\"tab\"><span class=\"h4 panel-title\"><a data-parent=\"#accordion\" role=\"button\" style=\"cursor: default;\">\u6e20\u9053\u5408\u4f5c\u4f19\u4f34<img alt=\"\" class=\"imgFooterArrowDown\" id=\"imgFooterArrowDownFuenf\" src=\"https://tv-static-net.oss-cn-beijing.aliyuncs.com/c3613269c72c44b18f3c68b43fc13018/resources/images/icons/arrow-down-white.svg\" title=\"\"/><img alt=\"\" class=\"imgFooterArrowUp\" id=\"imgFooterArrowUpFuenf\" src=\"https://tv-static-net.oss-cn-beijing.aliyuncs.com/c3613269c72c44b18f3c68b43fc13018/resources/images/icons/arrow-up-white.svg\" title=\"\"/></a></span></div><div aria-labelledby=\"headingFooterFuenf\" class=\"panel-collapse collapse in\" id=\"collapseFuenf\" role=\"tabpanel\"><div class=\"panel-body\"><div><a class=\"linkWhiteNormal\" href=\"https://channelpartner.teamviewer.com/directory\" target=\"_blank\" title=\"\">\u5bfb\u627e\u5408\u4f5c\u4f19\u4f34\u00a0<span class=\"externalArrowWhite\"></span></a></div><div><a class=\"linkWhiteNormal\" href=\"https://channelpartner.teamviewer.com/\" target=\"_blank\" title=\"\">\u6210\u4e3a\u6388\u6743\u5408\u4f5c\u4f19\u4f34\u00a0<span class=\"externalArrowWhite\"></span></a></div></div></div></div></div></div></div></div></div></div><div id=\"footerBottomArea\"><div class=\"container containerMainSmall\"><div class=\"row\"><div class=\"col-sm-12\"><div class=\"footerBottomAreaLeft\"><span class=\"redir-link linkWhiteNormal footerBottomLink\" data-submit=\"/zhcn/uninstall/\" title=\"\">\u5378\u8f7d</span>\u00a0\u00a0\u00a0\u00a0\u00a0\u00a0<span class=\"redir-link linkWhiteNormal footerBottomLink\" data-submit=\"/zhcn/imprint/\" title=\"\">\u7248\u672c\u8bf4\u660e</span>\u00a0\u00a0\u00a0\u00a0\u00a0\u00a0<span class=\"redir-link linkWhiteNormal footerBottomLink\" data-submit=\"/zhcn/privacy-policy/\" title=\"\">\u9690\u79c1\u653f\u7b56</span>\u00a0\u00a0\u00a0\u00a0\u00a0\u00a0<span class=\"redir-link linkWhiteNormal footerBottomLink\" data-submit=\"/zhcn/eula/\" title=\"\">EULA</span>\u00a0\u00a0\u00a0\u00a0\u00a0\u00a0<span class=\"redir-link linkWhiteNormal footerBottomLink\" data-submit=\"/zhcn/privacy-policy/?policy=cookies\" title=\"\">Cookies</span>\u00a0\u00a0\u00a0\u00a0\u00a0\u00a0<a class=\"linkWhiteNormal footerBottomLink\" href=\"/sitemap/\" title=\"\">\u7f51\u7ad9\u5730\u56fe</a></div><div class=\"footerBottomAreaRight\"><a href=\"https://www.facebook.com/teamviewer\" target=\"_blank\"><img alt=\"Facebook icon\" class=\"imgSocialIcon\" src=\"https://tv-static-net.oss-cn-beijing.aliyuncs.com/c3613269c72c44b18f3c68b43fc13018/resources/images/icons/social-facebook.svg\" title=\"\"/></a><a href=\"https://twitter.com/teamviewer\" target=\"_blank\"><img alt=\"Twitter icon\" class=\"imgSocialIcon\" src=\"https://tv-static-net.oss-cn-beijing.aliyuncs.com/c3613269c72c44b18f3c68b43fc13018/resources/images/icons/social-twitter.svg\" title=\"\"/></a><a href=\"https://plus.google.com/+teamviewer\" target=\"_blank\"><img alt=\"Google Plus icon\" class=\"imgSocialIcon\" src=\"https://tv-static-net.oss-cn-beijing.aliyuncs.com/c3613269c72c44b18f3c68b43fc13018/resources/images/icons/social-googleplus.svg\" title=\"\"/></a><a href=\"https://www.linkedin.com/company/teamviewer\" target=\"_blank\"><img alt=\"LinkedIn icon\" class=\"imgSocialIcon\" src=\"https://tv-static-net.oss-cn-beijing.aliyuncs.com/c3613269c72c44b18f3c68b43fc13018/resources/images/icons/social-linkedin.svg\" title=\"\"/></a></div></div></div></div></div></footer><div id=\"mediaQuerryDetect\"></div><div class=\"cookieBar\" id=\"teamviewer-cookie-accept\"><div class=\"cookieBarText\"><p class=\"pSmall\">We use cookies and plug-ins to enhance your online experience, analyze our marketing efforts, and provide offers through advertising, marketing, and analytics partners. Browsing our website means you consent to the usage of cookies and plug-ins. For more information, see our <span class=\"redir-link linkWhite\" data-submit=\"https://www.teamviewer.com/zhcn/privacy-policy/\">privacy policy</span> and <span class=\"redir-link linkWhite\" data-submit=\"https://www.teamviewer.com/zhcn/privacy-policy/?policy=cookies\">cookie policy</span>. </p></div><div class=\"cookieBarButton\"><button class=\"cookieButton\" onclick=\"teamviewerAcceptCookies(); return false;\">I accept</button></div></div></form><form action=\"https://www.teamviewer.com/Handlers/RedirectHandler/\" id=\"redirform\" method=\"post\"><input id=\"redirdata\" name=\"redirdata\" type=\"hidden\"/></form></body>", "level": 0}]]