[[{"value": "<p class=\"qtext_para\"><i>Last updated: May 18, 2018</i></p>", "level": 1}, {"value": "<p class=\"qtext_para\">Quora recognizes that your privacy is very important and we take it seriously. This Privacy Policy (\u201cPrivacy Policy\u201d) describes our policies and procedures on the collection, use, disclosure, and sharing of your personal information or personal data when you use the Quora Platform. This Privacy Policy applies to activities by Quora, Inc. and its affiliates and subsidiaries (collectively \u201cQuora,\u201d \u201cwe\u201d or \u201cus\u201d). Capitalized terms that are not defined in this Privacy Policy have the meaning given to them in our <span class=\"qlink_container\"><a href=\"/about/tos\">Terms of Service</a></span>.</p>", "level": 0}], [{"value": "<p class=\"qtext_para\"><b>The Information We Collect</b></p>", "level": 1}, {"value": "<p class=\"qtext_para\">We collect information directly from individuals, from third parties, and automatically through the Quora Platform.</p><p class=\"qtext_para\"><b>", "level": 0}], [{"value": "<i>Account and Profile Information:</i>", "level": 1}, {"value": "</b> When you create an account and profile on the Quora Platform, we collect your name, contact information, and other information you provide, such as topics that you know about or find interesting. Your name, photo, and any other information that you choose to add to your public-facing profile will be available for viewing to users of the Quora Platform. Once you create a profile, other users will be able to see in your profile certain information about your activity on the Quora Platform, such as the questions and answers you post, your followers and who you follow, topics of interest to you, the information you list as credentials, and your edits to Your Content. For more information about your choices for publicly displayed information, see the section below about Your Choices.</p><p class=\"qtext_para\"><b>", "level": 0}], [{"value": "<i>Your Content:</i>", "level": 1}, {"value": "</b> We collect and store the information and content that you post to the Quora Platform, including your questions, answers, photos, and comments. Unless you have posted certain content anonymously, Your Content, date and time stamps, and all associated comments are publicly viewable on the Quora Platform, along with your name. This also may be indexed by search engines and be republished elsewhere on the Internet in accordance with our <span class=\"qlink_container\"><a href=\"/about/tos\">Terms of Service</a></span>. For more information about what you can change, see the below section on Your Choices.</p><p class=\"qtext_para\"><b>", "level": 0}], [{"value": "<i>Communications.</i>", "level": 1}, {"value": "</b> When you communicate with us (via email, phone, through the Quora Platform, or otherwise), we may maintain a record of your communication.</p><p class=\"qtext_para\"><b>", "level": 0}], [{"value": "<i>Integrated Service Provider and Linked Networks. </i>", "level": 1}, {"value": "</b>You can elect to sign in or sign up to the Quora Platform through a linked network (i.e.Facebook or Google), and you can connect your existing Quora account with certain third party networks like Facebook, Twitter and LinkedIn (each a \u201cLinked Network\u201d). If you elect to sign up through or connect a Linked Network, we receive certain profile and account information about you from the Linked Network. These Linked Networks may also appear in your profile, so that people can find you on these Linked Networks. The specific information provided to us by Linked Networks is determined by these third parties and may vary by network. In all cases, the permissions page for the Linked Network will describe the information being shared. You should consult their respective privacy policies for information about their practices. You may elect to use information from the Linked Network to populate your profile on the Quora Platform and help you find and follow your contacts on the Quora Platform. For information on your choices, including how to disconnect a Linked Network from your Quora profile, see the \u201cYour Choices\u201d section below. You may also elect to connect and make and receive payments to and from use through third party networks (\u201cIntegrated Service Provider\u201d); if you do so, you will be allowing us to pass to and receive from the Integrated Service Provider your login information and other user data for payment purposes.</p><p class=\"qtext_para\"><b>", "level": 0}], [{"value": "<i>Automatically Collected Information About Your Activity.</i>", "level": 1}, {"value": "</b> We use cookies, log files, pixel tags, local storage objects, and other tracking technologies to automatically collect information about your activities, such as your searches, page views, date and time of your visit, and other information about your use of the Quora Platform. We also collect and may store information that your computer or mobile device provides to us in connection with your use of the Quora Platform such as your browser type, type of computer or mobile device, browser language, IP address, mobile carrier, unique device identifier, location, and requested and referring URLs. We also receive information when you view content on or otherwise interact with the Quora Platform, even if you have not created an account. For more information, see the \u201cCookies, Pixels and Tracking\u201d section below and our <span class=\"qlink_container\"><a href=\"/about/cookies\">Cookie Policy</a></span>.</p><p class=\"qtext_para\"><b>", "level": 0}], [{"value": "<i>Engagement. </i>", "level": 1}, {"value": "</b>We collect browsing information \u2013 such as IP address and location, date and time stamp, user agent, Quora cookie ID (if applicable), URL, unique advertising or content identifiers (if applicable) and time zone, and other information about user activities on the Quora Platform, as well as on third party sites and services that have embedded our Quora pixels (\u201cPixels\u201d), widgets, plug-ins, buttons, or related services. See the section below about Quora Ads and Personalization for more detailed information about how our Pixels may be used by publishers or users of our advertising services (\u201cAd Services\u201d) on the Quora Platform to enable personalization, as well as your choices related to advertising and personalization. We may also receive information about you from third parties, such as other users, partners (including ad partners), or our affiliated companies.</p>", "level": 0}], [{"value": "<p class=\"qtext_para\"><b>How We Use Your Information</b></p>", "level": 1}, {"value": "<p class=\"qtext_para\">We do not sell your personal data \u2013 such as your name and contact information \u2013 to third parties to use for their own marketing purposes. Quora uses the information we collect for the following purposes:</p><ul><li>Provide our Services. To provide you the services we offer on the Quora Platform, communicate with you about your use of the Quora Platform, respond to your inquiries, provide troubleshooting, and for other customer service purposes.</li><li>Personalization. To tailor the content and information that we may send or display to you in the Quora Platform, to suggest followers and content, to offer location customization, and personalized help and instructions, and to otherwise personalize your experiences while using the Quora Platform.</li><li>Advertising. To display interest-based advertising to you in the Quora Platform, to improve our advertising and measurement systems so we can show you relevant ads, and to measure the effectiveness and reach of ads and services. For more information, see the Ad Services section below about Quora Ads and Personalization.</li><li>Marketing and Promotions. For marketing and promotional purposes, such as to send you news and newsletters, special offers, and promotions, or to otherwise contact you about products or information we think may interest you, including information about third party products and services.</li><li>Analytics. To gather metrics to better understand how users access and use the Quora Platform; to evaluate and improve the Quora Platform, including the Ad Services and personalization, and to develop new products and services.</li><li>Comply with Law. To comply with legal obligations, as part of our general business operations, and for other business administration purposes.</li><li>Prevent Misuse. Where we believe necessary to investigate, prevent or take action regarding illegal activities, suspected fraud, situations involving potential threats to the safety of any person or violations of our Terms of Service or this Privacy Policy.</li></ul>", "level": 0}], [{"value": "<p class=\"qtext_para\"><b>How We Share Your Information</b></p>", "level": 1}, {"value": "<p class=\"qtext_para\">We share information as set forth below, and where individuals have otherwise consented:</p><p class=\"qtext_para\"><b>", "level": 0}], [{"value": "<i>Service Providers.</i>", "level": 1}, {"value": "</b> We may share your information with third party service providers who use this information to perform services for us, such as payment processors, hosting providers, auditors, advisors, consultants, customer service and support providers, as well as those who assist us in providing the Ad Services.</p><p class=\"qtext_para\"><b>", "level": 0}], [{"value": "<i>Affiliates</i>", "level": 1}, {"value": "</b>. The information collected about you may be accessed by or shared with subsidiaries and affiliates of Quora, Inc., whose use and disclosure of your personal information is subject to this Privacy Policy.</p><p class=\"qtext_para\"><b>", "level": 0}], [{"value": "<i>Business Transfers. </i>", "level": 1}, {"value": "</b>We may disclose or transfer information, including personal information, as part of any merger, sale, and transfer of our assets, acquisition or restructuring of all or part of our business, bankruptcy, or similar event.</p><p class=\"qtext_para\"><b>", "level": 0}], [{"value": "<i>Legally Required.</i>", "level": 1}, {"value": "</b> We may disclose your information if we are required to do so by law.</p><p class=\"qtext_para\"><b>", "level": 0}], [{"value": "<i>Protection of Rights. </i>", "level": 1}, {"value": "</b>We may disclose information where we believe it necessary to respond to claims asserted against us or, comply with legal process (e.g., subpoenas or warrants), enforce or administer our agreements and terms, for fraud prevention, risk assessment, investigation, and protect the rights, property or safety of Quora, its users, or others.</p><p class=\"qtext_para\"><b>", "level": 0}], [{"value": "<i>Your Content and Activity. </i>", "level": 1}, {"value": "</b>Your Content, including your name, profile picture, profile information, and certain associated activity information is available to other users of the Quora Platform and may be viewed publicly. Public viewing includes availability to non-registered visitors and can occur when users share Your Content across other sites or services. In addition, Your Content may be indexed by search engines. See the section below about Your Choices for information about how you may change how certain information is shared or viewed by others.</p><p class=\"qtext_para\"><b>", "level": 0}], [{"value": "<i>Metrics</i>", "level": 1}, {"value": "</b>. We may share with users of our advertisers or publishers aggregate statistics, metrics and other reports about the performance of their ads or content in the Quora Platform such as the number of unique user views, demographics about the users who saw their ads or content, conversion rates, and date and time information. We do not share IP addresses or personal information. We may also allow our advertisers or publishers to use Pixels on the Quora Platform in order to collect information about the performance of their ads or content.</p><p class=\"qtext_para\"><b>", "level": 0}], [{"value": "<i>Anonymized and Aggregated Data.</i>", "level": 1}, {"value": "</b> We may share aggregated or de-identified information with third parties for research, marketing, analytics and other purposes, provided such information does not identify a particular individual.</p>", "level": 0}], [{"value": "<p class=\"qtext_para\"><b>Cookies, Pixels and Tracking</b></p>", "level": 1}, {"value": "<p class=\"qtext_para\">We and our third party providers use cookies, clear GIFs/pixel tags, JavaScript, local storage, log files, and other mechanisms to automatically collect and record information about your usage and browsing activities on the Quora Platform and across third party sites or online services. We may combine this information with other information we collect about users. Below, we provide a brief summary these activities. For more detailed information about these mechanisms and how we collect activity information, see our <span class=\"qlink_container\"><a href=\"/about/cookies\">Cookie Policy</a></span>.</p><ul><li>", "level": 0}], [{"value": "<i>Cookies</i>", "level": 1}, {"value": ". These are small files with a unique identifier that are transferred to your browser through our websites. They allow us to remember users who are logged in, to understand how users navigate through and use the Quora Platform, and to display personalized content and targeted ads (including on third party sites and applications).</li><li>", "level": 0}], [{"value": "<i>Pixels, web beacons, clear GIFs</i>", "level": 1}, {"value": ". These are tiny graphics with a unique identifier, similar in function to cookies, which we use to track the online movements of users of the Quora Platform and the web pages of users of our Ad Services, and to personalize content. We also use these in our emails to let us know when they have been opened or forwarded, so we can gauge the effectiveness of our communications.</li><li>", "level": 0}], [{"value": "<i>Analytics Tools.</i>", "level": 1}, {"value": " We may use internal and third party analytics tools, including <span class=\"qlink_container\"><a class=\"external_link\" data-qt-tooltip=\"google.com\" href=\"https://support.google.com/analytics/answer/6004245?hl=en\" onclick=\"return Q.openUrl(this);\" rel=\"noopener nofollow\" target=\"_blank\">Google Analytics</a></span>. The third party analytics companies we work with may combine the information collected with other information they have independently collected from other websites and/or other online products and services. Their collection and use of information is subject to their own privacy policies.</li></ul><p class=\"qtext_para\">", "level": 0}], [{"value": "<b>Do-Not-Track Signals.</b>", "level": 1}, {"value": " Please note we do not change system behavior within the Quora Platform in response to browser requests not to be tracked. You may, however, disable certain tracking by third-parties as discussed in the Quora Ads and Personalization section below. You may also opt out of tracking by Quora Pixels, as described below in Quora Ads and Personalization.</p>", "level": 0}], [{"value": "<p class=\"qtext_para\"><b>Quora Ads and Personalization</b></p>", "level": 1}, {"value": "<p class=\"qtext_para\">We may display personalized content (including from third party publishers) and personalized ads (including sponsored content), based on information that we have collected via the Quora Platform, and through our Pixels, widgets, and buttons embedded on third party sites. We also may report aggregated or de-identified information about the number of users that saw a particular ad or content and related audience engagement information to users of our Ad Services and to publishers of content on the Quora Platform. See Quora\u2019s <span class=\"qlink_container\"><a href=\"/about/pixel_privacy\">Pixel Privacy Terms</a></span> for more information about how our Pixels are used, and also see the \u201cYour Choices\u201d section below for information about opting out of tracking by our Pixels.</p><p class=\"qtext_para\">Users of our Ad Services may also provide us with information as part of their ad campaigns, including customer list information (e.g., email addresses and demographic or interest data) with us in order to create customized audiences for their ad campaigns; we only use this information to facilitate the particular user\u2019s campaign (including ad metrics and reporting to that user) or for fraud detection and security purposes; and we do not disclose this information to third parties (other than our service providers) unless required by law. We also do not disclose to the users of our Ad Services the names or identities of their customers that were successfully reached as part of such campaigns.</p><p class=\"qtext_para\">As described in our <span class=\"qlink_container\"><a href=\"/about/cookies\">Cookie Policy</a></span>, we may also work with third parties such as network advertisers to serve ads on the Quora Platform and on third-party websites or other media (e.g., social networking platforms), such as Google AdSense (more info <span class=\"qlink_container\"><a class=\"external_link\" data-qt-tooltip=\"google.com\" href=\"https://support.google.com/adsense/answer/142293?hl=en\" onclick=\"return Q.openUrl(this);\" rel=\"noopener nofollow\" target=\"_blank\">here)</a></span> and Facebook Audience Network (more info <span class=\"qlink_container\"><a class=\"external_link\" data-qt-tooltip=\"facebook.com\" href=\"https://www.facebook.com/help/568137493302217\" onclick=\"return Q.openUrl(this);\" rel=\"noopener nofollow\" target=\"_blank\">here</a></span>). These third parties may use cookies, JavaScript, web beacons (including clear GIFs), Flash LSOs and other tracking technologies to measure the effectiveness of their ads and to personalize advertising content to you.</p><p class=\"qtext_para\">In addition to opting out of tracking across sites by our Pixels (see \u201cYour Choices\u201d section below), you also may opt out of much interest-based advertising on third party sites and through third party ad networks (including Facebook Audience Network and Google AdSense). See \u201cYour Choices\u201d section below for more information about opting out of third-party ad networks.</p>", "level": 0}], [{"value": "<p class=\"qtext_para\"><b>How We Protect Your Information</b></p>", "level": 1}, {"value": "<p class=\"qtext_para\">The security of your information is important to us. Quora has implemented safeguards to protect the information we collect. However, no website or Internet transmission is completely secure. We urge you to take steps to keep your personal information safe, such as choosing a strong password and keeping it private, as well as logging out of your user account, and closing your web browser when finished using the Quora Platform on a shared or unsecured device.</p>", "level": 0}], [{"value": "<p class=\"qtext_para\"><b>Access and Amend Your Information</b></p>", "level": 1}, {"value": "<p class=\"qtext_para\">You may update or correct your account information at any time by logging in to your account. You may also make a number of other adjustments to settings or the display of information about you as described in more detail in the following section about Your Choices.</p>", "level": 0}], [{"value": "<p class=\"qtext_para\"><b>Your Choices</b></p>", "level": 1}, {"value": "<p class=\"qtext_para\">You may, of course, decline to submit information through the Quora Platform, in which case we may not be able to provide certain services to you. You may also control the types of notifications and communications we send, limit the information shared within the Quora Platform about you, and otherwise amend certain privacy settings. Here is some further information about some of your choices:</p><p class=\"qtext_para\"><b>", "level": 0}], [{"value": "<i>Anonymous Posts.</i>", "level": 1}, {"value": "</b> You may post certain content anonymously, including questions and answers. In such event, your name is not displayed along with the content, and Quora does not associate such content with your user ID and other profile data. For further information see <span class=\"qlink_container\"><a href=\"/How-does-anonymity-on-Quora-work/answer/Quora-Official-Account\">how anonymity works on Quora.</a></span></p><p class=\"qtext_para\"><b>", "level": 0}], [{"value": "<i>Your Content</i>", "level": 1}, {"value": "</b>. You may edit or delete the answers that you post at any time. Any questions you have posted may remain on the Quora Platform and be edited by other users. Any deleted content will be removed from third party sites from which it has been shared via Quora\u2019s standard sharing features; however we have no control over deletions or changes to Your Content if it has been shared manually by others. When you make edits to Your Content, other users will be able to see the history of those edits in your profile activity and on content edit logs.</p><p class=\"qtext_para\"><b>", "level": 0}], [{"value": "<i>Adult Content.</i>", "level": 1}, {"value": "</b> In your profile\u2019s privacy settings, you can elect whether to receive adult content.</p><p class=\"qtext_para\"><b>", "level": 0}], [{"value": "<i>Emails and Communications. </i>", "level": 1}, {"value": "</b>When you join the Quora Platform by signing up for an account or creating a profile, as part of the service, you will receive the Quora digest containing content that we believe may match your interests. You can manage your email and notice preferences in your account profile settings, under your Emails and Notifications settings. If you opt out of receiving emails about recommendations or other information we think may interest you, we may still send you transactional e-mails about your account or any services you have requested or received from us.</p><p class=\"qtext_para\">Third parties may comment on your postings within the Quora Platform. In your profile, under your Privacy Settings, you can adjust whether to allow people to comment on your answers and posts. You can also adjust permissions about who you allow to send you messages on the Quora Platform.</p><p class=\"qtext_para\"><b>", "level": 0}], [{"value": "<i>Followers. </i>", "level": 1}, {"value": "</b>You can block the ability of another Quora user to follow you by selecting the setting for this in the other user\u2019s profile. You can change whether or not you follow other users.</p><p class=\"qtext_para\"><b>", "level": 0}], [{"value": "<i>Topics</i>", "level": 1}, {"value": "</b>. You can change topics that you follow or that your profile lists as areas that you know about.</p><p class=\"qtext_para\"><b>", "level": 0}], [{"value": "<i>Credentials</i>", "level": 1}, {"value": "</b>. You can change your credentials that are displayed in your profile or in connection with a specific answer.</p><p class=\"qtext_para\"><b>", "level": 0}], [{"value": "<i>Indexed Search. </i>", "level": 1}, {"value": "</b>In your privacy settings, you can control whether your profile and name is indexed by search engines. Changes to privacy settings may only apply on a going-forward basis; for example, your name (e.g., answers and profile) that has already been indexed by search engines may remain indexed for a period of time even after you have turned off indexing, as implementing this change is outside of our control.</p><p class=\"qtext_para\"><b>", "level": 0}], [{"value": "<i>Deleted or Deactivated Account. </i>", "level": 1}, {"value": "</b>If you choose Delete Your Account in your privacy settings, then all of Your Content will be removed from public visibility on the Quora Platform, and it may not be restored by us, even if you change your mind. If you choose Deactivate Your Account, then you will no longer receive any communications from us, and users will not be able to interact with you; however Your Content will remain on the Quora Platform. Once you deactivate your account, you can reactivate it any time by choosing to log in.</p><p class=\"qtext_para\"><b>", "level": 0}], [{"value": "<i>Pixels</i>", "level": 1}, {"value": "</b>. To opt out of tracking via the Quora Pixels, please visit <span class=\"qlink_container\"><a href=\"/optout\">this page</a></span>. Opting out of Pixels tracking may impact our ability to personalize ads and content tailored to your interests. This setting is tied to your cookies, and, unless you are logged in to the Quora Platform, will only be effective on the browser for which you have performed the opt-out.</p>", "level": 0}], [{"value": "<p class=\"qtext_para\"><b>Third Party Ad Networks</b></p>", "level": 1}, {"value": "<p class=\"qtext_para\">For information about and to opt out of interest-based ads from many ad networks, go to:</p><ul><li>U.S.: <span class=\"qlink_container\"><a class=\"external_link\" data-qt-tooltip=\"aboutads.info\" href=\"http://www.aboutads.info/\" onclick=\"return Q.openUrl(this);\" rel=\"noopener nofollow\" target=\"_blank\">www.aboutads.info</a></span> Internet Advertising Bureau</li><li>Canada: <span class=\"qlink_container\"><a class=\"external_link\" data-qt-tooltip=\"youradchoices.ca\" href=\"http://www.youradchoices.ca/\" onclick=\"return Q.openUrl(this);\" rel=\"noopener nofollow\" target=\"_blank\">www.youradchoices.ca</a></span></li><li>European Union: <span class=\"qlink_container\"><a class=\"external_link\" data-qt-tooltip=\"youronlinechoices.eu\" href=\"http://www.youronlinechoices.eu/\" onclick=\"return Q.openUrl(this);\" rel=\"noopener nofollow\" target=\"_blank\">www.youronlinechoices.eu/</a></span></li></ul><p class=\"qtext_para\"><b>", "level": 0}], [{"value": "<i>Linked Networks. </i>", "level": 1}, {"value": "</b>You may connect or disconnect your Linked Networks, such as Facebook, through the Account Settings tab in your profile settings, and you may access, amend and delete much of your profile information through your profile settings. Once you disconnect a Linked Network, we will not receive information from that Linked Network going forward; unless you choose to reconnect it. You may also control whether the Linked Network is visible in your profile. Please see <span class=\"qlink_container\"><a href=\"/about/linked_networks\">this page</a></span> for more information about Linked Networks and the Quora Platform</p>", "level": 0}], [{"value": "<p class=\"qtext_para\"><b>Transferring Your Data</b></p>", "level": 1}, {"value": "<p class=\"qtext_para\">Quora is headquartered in the United States, and has operations, entities and service providers in the United States and throughout the world. As such, we and our service providers may transfer your personal information to, or access it in, jurisdictions (including the United States) that may not provide equivalent levels of data protection as your home jurisdiction. We will take steps to ensure that your personal information receives an adequate level of protection in the jurisdictions in which we process it.</p>", "level": 0}], [{"value": "<p class=\"qtext_para\"><b>Children\u2019s Privacy</b></p>", "level": 1}, {"value": "<p class=\"qtext_para\">We do not knowingly collect or solicit personal information from anyone under the age of 13 (or under the age of 14 for anyone living in Spain or South Korea) or knowingly allow such persons to register. If we become aware that we have collected personal information from a child under the relevant age without parental consent, we take steps to delete that information.</p>", "level": 0}], [{"value": "<p class=\"qtext_para\"><b>Links to Other Websites</b></p>", "level": 1}, {"value": "<p class=\"qtext_para\">The Quora Platform may contain links to third party sites or online services. We are not responsible for the practices of such third parties, whose information practices are subject to their own policies and procedures, not to this Privacy Policy.</p>", "level": 0}], [{"value": "<p class=\"qtext_para\"><b>Your California Privacy Rights</b></p>", "level": 1}, {"value": "<p class=\"qtext_para\">California law permits users who are California residents to request and obtain from us once a year, free of charge, a list of the third parties to whom we have disclosed their personal information (if any) for their direct marketing purposes in the prior calendar year, as well as the types of personal information disclosed to those parties. If you are a California resident and would like to request this information, please submit your request in an email to <span class=\"qlink_container\"><a class=\"external_link\" href=\"mailto:privacy@quora.com\" onclick=\"return Q.openUrl(this);\" rel=\"noopener nofollow\">privacy@quora.com</a></span>.</p>", "level": 0}], [{"value": "<p class=\"qtext_para\"><b>Contact Us</b></p>", "level": 1}, {"value": "<p class=\"qtext_para\">If you have any questions about our practices or this Privacy Policy, please contact us at <span class=\"qlink_container\"><a class=\"external_link\" href=\"mailto:privacy@quora.com\" onclick=\"return Q.openUrl(this);\" rel=\"noopener nofollow\">privacy@quora.com</a></span>, or send mail to:</p><p class=\"qtext_para\">Quora, Inc.<br/>Attn: Privacy<br/>650 Castro Street, Suite 450<br/>Mountain View, CA 94041</p>", "level": 0}], [{"value": "<p class=\"qtext_para\"><b>Changes to Our Privacy Policy</b></p>", "level": 1}, {"value": "<p class=\"qtext_para\">If we change our privacy policies and procedures, we will post those changes on this page. If we make any changes to this Privacy Policy that materially change how we treat your personal information, we will endeavor to provide you with reasonable notice of such changes, such as via prominent notice in the Quora Platform or to your email address of record, and where required by law, we will obtain your consent or give you the opportunity to opt out of such changes.</p><p class=\"qtext_para\"><span class=\"qlink_container\"><a href=\"/about/privacy_archive\">Prior Versions</a></span></p></span></div></div></div></div><div id=\"wqQ9ZoNF2\"></div><div id=\"__w2_wqQ9ZoNF1_signup_wall_wrapper\"></div><div class=\"__live_spinner hidden\" id=\"__w2_wqQ9ZoNF17_loading\"><div class=\"__live_spinner_indicator\" id=\"__w2_wqQ9ZoNF17_spinner\"></div></div><div class=\"PMsgContainer\" id=\"__w2_wqQ9ZoNF18_pmsg_container\"></div><div id=\"wqQ9ZoNF19\"></div><div id=\"wqQ9ZoNF21\"></div></body>", "level": 0}]]