[[{"value": "<h2 class=\"block__title\"><span></span><span></span><span></span><span></span></h2>", "level": 8}, {"value": "<div class=\"menu-block-wrapper menu-block-1 menu-name-main-menu parent-mlid-0 menu-level-1\"><ul class=\"menu\"><li class=\"first leaf menu-mlid-728\"><a href=\"/\" title=\"\">Home</a></li><li class=\"expanded menu-mlid-326\"><a href=\"/about\">About</a><ul class=\"menu\"><li class=\"first leaf has-children menu-mlid-472\"><a href=\"/contact-kodi-team\">Contact</a></li><li class=\"leaf menu-mlid-484\"><a href=\"/sponsors\">Sponsors</a></li><li class=\"leaf menu-mlid-730\"><a href=\"/about/software\" title=\"\">Software</a></li><li class=\"last leaf menu-mlid-786\"><a href=\"http://kodi.tv/about/xbmc-foundation\" title=\"\">Foundation</a></li></ul></li><li class=\"expanded menu-mlid-437\"><a href=\"/addons\" title=\"Extend Kodi functionality\">Add-Ons</a><ul class=\"menu\"><li class=\"first leaf menu-mlid-791\"><a href=\"/addons/browse\" title=\"\">Search Add-Ons</a></li><li class=\"last leaf menu-mlid-796\"><a href=\"/addon-top-authors\" title=\"\">Top Authors</a></li></ul></li><li class=\"leaf menu-mlid-388\"><a href=\"/blog\" title=\"\">News</a></li><li class=\"leaf menu-mlid-478\"><a href=\"http://forum.kodi.tv/\" title=\"\">Forum</a></li><li class=\"leaf menu-mlid-477\"><a href=\"http://kodi.wiki/\" title=\"\">Wiki</a></li><li class=\"expanded menu-mlid-474\"><a href=\"/get-involved\">Contribute</a><ul class=\"menu\"><li class=\"first leaf has-children menu-mlid-475\"><a href=\"/contribute/donate\" title=\"\">Donate</a></li><li class=\"leaf menu-mlid-1146\"><a href=\"/store\" title=\"Visit the Kodi store for some awesome Kodi merch!\">Kodi Store</a></li><li class=\"last leaf menu-mlid-479\"><a href=\"https://github.com/xbmc\" title=\"\">GitHub</a></li></ul></li><li class=\"leaf menu-mlid-1326\"><a href=\"/contribute/donate\" title=\"\">Donate</a></li><li class=\"last leaf menu-mlid-327\"><a href=\"/download\" title=\"\">Download</a></li></ul></div></div></nav></div></div></nav><header class=\"l-header\" role=\"banner\"><div class=\"constraints\"></div></header></div><div class=\"l-main\"><div class=\"l-content\" role=\"main\"><a id=\"main-content\"></a><div class=\"l-title\"><div class=\"constraints\"><div class=\"l-region l-region--highlighted\"><div class=\"block block--kodi-core block--kodi-core-social\" id=\"block-kodi-core-social\"><div class=\"block-inner\"><div class=\"block__content\"><ul class=\"social-networks\"><li><a class=\"network-facebook\" href=\"http://www.facebook.com/KodiEntertainment\" title=\"Facebook\"><i class=\"icon-facebook\"></i></a></li><li><a class=\"network-google-plus\" href=\"https://plus.google.com/+Kodi-TV/posts\" title=\"Google Plus\"><i class=\"icon-google-plus\"></i></a></li><li><a class=\"network-twitter\" href=\"https://twitter.com/KodiTV\" title=\"Twitter\"><i class=\"icon-twitter\"></i></a></li><li><a class=\"network-youtube\" href=\"https://www.youtube.com/c/TeamKodiOfficial\" title=\"YouTube\"><i class=\"icon-youtube\"></i></a></li><li><a class=\"network-github\" href=\"https://github.com/xbmc\" title=\"GitHub\"><i class=\"icon-github\"></i></a></li><li><a class=\"network-mastodon\" href=\"https://mastodon.cloud/@Kodi\" title=\"Mastodon\"><i class=\"icon-mastodon\"></i></a></li><li><a class=\"network-paypal\" href=\"/contribute/donate\" title=\"Donate\"><i class=\"icon-paypal\"></i></a></li></ul> </div></div></div></div>", "level": 0}], [{"value": "<h2 class=\"element-invisible\">You are here</h2>", "level": 8}, {"value": "<ul class=\"breadcrumb\"><li><a href=\"/\">Home</a></li><li><a href=\"/about\" title=\"\">About</a></li></ul> ", "level": 0}], [{"value": "<h1>Kodi Privacy Policy</h1>", "level": 9}, {"value": "</div></div><div class=\"l-below-title\"></div><div class=\"l-system\"></div><div class=\"l-content-top\"></div><div class=\"l-main-content constraints constraints-content\"><div class=\"l-region--content\"><div about=\"/kodi-privacy-policy\" class=\"ds-1col node node--page view-mode-full node--full node--page--full clearfix\" typeof=\"foaf:Document\"><div class=\"page__content css-wrapper \"><div class=\"pane-inner\"><div class=\"page__body\"><p>2017 Mar 17</p><p>Your privacy is an important factor that the XBMC Foundation and Team Kodi considers in the development of all of our software and services. We are committed to being transparent and open. This Privacy Policy explains generally how we receive information about you, and what we do with that information once we have it.</p>", "level": 0}], [{"value": "<h2>What do we mean by \u201cpersonal information\u201d?</h2>", "level": 8}, {"value": "<p>For us, \u201cpersonal information\u201d means information which identifies you, like your name or email address.</p><p>Any information that falls outside of this is \u201cnon-personal information\u201d.</p><p>If we store your personal information with information that is non-personal, we will consider the combination as personal information. If we remove all personal information from a set of data then the remaining is non-personal information.</p><p><section id=\"how-do-we-learn-information-about-you\"><header><br/>", "level": 0}], [{"value": "<h2>How do we learn information about you?</h2>", "level": 8}, {"value": "<p>We learn information about you when:</p><ul><li>You give it to us directly (e.g., when you choose to send us logs in the forums)</li><li>We collect it automatically through our software and services (e.g., when your Kodi connects with our servers to update add-ons, or in download statistics provided by Google Play)</li><li>When we try and understand more about you based on information you\u2019ve given to us (e.g., when we use your platform information provided to the add-on server to figure out which platforms use Kodi the most, to better understand where we should focus our efforts)</li><li>You visit the website, wiki, or forum (We employ Google Analytics on our website, which may use cookies for the purposes of tracking how many unique visits we get to the site, and where, generally, they come from. To learn more, visit the <a href=\"https://en.wikipedia.org/wiki/Google_Analytics\">Google Analytics wiki page</a>.)\u00a0</li></ul>", "level": 0}], [{"value": "<h2>What do we do with your information once we have it?</h2>", "level": 8}, {"value": "<p>Generally, we use your information to help us provide and improve our software and services for you (e.g., we use a log you send us to figure out why Kodi isn\u2019t playing a video right or why it might have crashed, or we determine how many active users are using each platform in order to determine how to allocate resources per platform).</p>", "level": 0}], [{"value": "<h2>When do we share your information with others?</h2>", "level": 8}, {"value": "<ul><li>When we have asked and received your permission to share it.</li><li>When we are fulfilling our\u00a0<a href=\"https://kodi.wiki/images/3/30/Delaware_Incorporation_Notice.pdf\" target=\"_blank\" title=\"XBMC Foundation Cert of Incorporation\">educational purpose</a>. We sometimes publicly release information to make our software better and foster an open web, but when we do so, we will remove your personal information and try to disclose it in a way that minimizes the risk of you being re-identified. For example, here is\u00a0<a href=\"/xbmc-statistics\" title=\"XBMC Statistics\">a blog post where we attempt to analyze from available data how many active users of XBMC existed at the time and share that info with the community</a>.</li><li>When the law requires it. To date, this has never happened, and we do not anticipating it happening in the future, as the majority of the information we collect is already almost entirely anonymous and never shows unique user behavior, except in voluntarily submitted logs on our forum.</li><li>If our organizational structure or status changes (if we undergo a restructuring, are acquired, or go bankrupt) we may pass your information to a successor or affiliate.</li></ul>", "level": 0}], [{"value": "<h2>How do we store and protect your personal information?</h2>", "level": 8}, {"value": "<p>We are committed to protecting your personal information once we have it. We implement physical, business and technical security measures. Despite our efforts, if we learn of a security breach, we\u2019ll notify you so that you can take appropriate protective steps.</p><p>We also don\u2019t want your personal information for any longer than we need it, so we only keep it long enough to do what we collected it for. Once we don\u2019t need it, we take steps to destroy it unless we are required by law to keep it longer. In the case of logs provided to us in the forums, our servers do not store those logs, and we rely on the users submitting those logs to remove the links when they deem appropriate.</p>", "level": 0}], [{"value": "<h2>What else should you know?</h2>", "level": 8}, {"value": "<p>We\u2019re a global organization and our computers are in several different places around the world. We also use service providers whose computers may also be in various countries. This means that your information might end up on one of those computers in another country, and that country may have a different level of data protection regulation than yours. By giving us information, you consent to this kind of transfer of your information. No matter what country your information is in, we comply with applicable law and will also abide by the commitments we make in this privacy policy.</p><p>If you are under 13, we don\u2019t want your personal information, and you must not provide it to us. If you are a parent and believe that your child who is under 13 has provided us with personal information, please\u00a0contact us\u00a0to have your child\u2019s information removed.</p>", "level": 0}], [{"value": "<h2>What if we change this privacy policy or any of our privacy notices?</h2>", "level": 8}, {"value": "<p>We may need to change this policy and our notices. The updates will be posted online. If the changes are substantive, we will announce the update through Kodi\u2019s usual channels for such announcements such as blog posts and forums. Your continued use of the product or service after the effective date of such changes constitutes your acceptance of such changes. To make your review more convenient, we will post an effective date at the top of the page.</p><p>\u00a0</p>", "level": 0}], [{"value": "<h2>History</h2>", "level": 8}, {"value": "<p>2017 Mar 17 - Changelog</p><ul><li>Updated how we learn about people to include information about Google Analytics and how it works and the fact that it can use cookies</li></ul><p></p></header></section></p></div></div></div></div></div></div><div class=\"l-content-bottom\"></div></div></div><footer class=\"l-footer\" role=\"contentinfo\"><div class=\"l-region l-region--footer\"><div class=\"block block--block block--block-3\" id=\"block-block-3\"><div class=\"block-inner\">", "level": 0}], [{"value": "<h2 class=\"block__title\">Kodi</h2>", "level": 8}, {"value": "<div class=\"block__content\"><p>Kodi (formerly XBMC) is a free and open source media player application developed by the XBMC/Kodi Foundation, a non-profit technology consortium. Kodi is available for multiple operating-systems and hardware platforms, featuring a 10-foot user interface for use with televisions and remote controls. It allows users to play and view most videos, music, podcasts, and other digital media files from local and network storage media and the internet.</p></div></div></div><nav class=\"block block--menu-block block--menu-block-2\" id=\"block-menu-block-2\" role=\"navigation\"><div class=\"block-inner\"><div class=\"menu-block-wrapper menu-block-2 menu-name-menu-footer-menu parent-mlid-0 menu-level-1\"><ul class=\"menu\"><li class=\"first expanded active-trail menu-mlid-493\"><a class=\"active-trail\" href=\"/about\" title=\"\">About</a><ul class=\"menu\"><li class=\"first leaf menu-mlid-494\"><a href=\"/corporate-enquiries\" title=\"\">Corporate</a></li><li class=\"leaf menu-mlid-495\"><a href=\"/get-involved\" title=\"\">Get Involved</a></li><li class=\"leaf menu-mlid-496\"><a href=\"/known-list-of-gpl-violators\" title=\"\">GPL Violators</a></li><li class=\"leaf menu-mlid-731\"><a href=\"/about/software\" title=\"\">Kodi Software</a></li><li class=\"leaf menu-mlid-498\"><a href=\"/kodi-team\">Kodi Team</a></li><li class=\"leaf active-trail active menu-mlid-738\"><a class=\"active-trail active\" href=\"/kodi-privacy-policy\">Privacy Policy</a></li><li class=\"leaf menu-mlid-499\"><a href=\"/sponsors\" title=\"\">Sponsorship</a></li><li class=\"last leaf menu-mlid-500\"><a href=\"/about/xbmc-foundation\">XBMC Foundation</a></li></ul></li><li class=\"expanded menu-mlid-501\"><a href=\"/sponsors\" title=\"\">Sponsors</a><ul class=\"menu\"><li class=\"first leaf menu-mlid-1151\"><a href=\"https://www.acquia.com/\" title=\"\">Acquia</a></li><li class=\"leaf menu-mlid-502\"><a href=\"http://www.bytemark.co.uk/r/xbmc\" title=\"\">Bytemark</a></li><li class=\"last leaf menu-mlid-507\"><a href=\"http://www.wetek.com/\" title=\"\">WeTek</a></li></ul></li><li class=\"expanded menu-mlid-508\"><a href=\"/\" title=\"\">Friends</a><ul class=\"menu\"><li class=\"first leaf menu-mlid-509\"><a href=\"http://fanart.tv/\" title=\"\">Fanart.TV</a></li><li class=\"leaf menu-mlid-737\"><a href=\"https://libreelec.tv/\" title=\"\">LibreELEC</a></li><li class=\"leaf menu-mlid-732\"><a href=\"https://musicbrainz.org/\" title=\"\">MusicBrainz.org</a></li><li class=\"leaf menu-mlid-511\"><a href=\"http://www.theaudiodb.com/\" title=\"\">TheAudioDB.com</a></li><li class=\"leaf menu-mlid-512\"><a href=\"http://thegamesdb.net/\" title=\"\">TheGamesDB.net</a></li><li class=\"leaf menu-mlid-513\"><a href=\"http://www.themoviedb.org/\" title=\"\">TheMovieDB.org</a></li><li class=\"last leaf menu-mlid-514\"><a href=\"http://www.thetvdb.com/\" title=\"\">TheTVDB.com</a></li></ul></li><li class=\"last expanded menu-mlid-516\"><a href=\"/\" title=\"\">Social</a><ul class=\"menu\"><li class=\"first leaf menu-mlid-517\"><a href=\"https://plus.google.com/+XBMC/posts\" title=\"\">Google+</a></li><li class=\"leaf menu-mlid-518\"><a href=\"https://www.facebook.com/KodiEntertainment\" title=\"\">Facebook</a></li><li class=\"leaf menu-mlid-519\"><a href=\"https://twitter.com/KodiTV\" title=\"\">Twitter</a></li><li class=\"leaf menu-mlid-520\"><a href=\"http://www.youtube.com/user/teamxbmc\" title=\"\">Youtube</a></li><li class=\"leaf menu-mlid-521\"><a href=\"/contribute/donate\" title=\"\">Paypal</a></li><li class=\"last leaf menu-mlid-1281\"><a href=\"http://feeds.kodi.tv/xbmc\" title=\"\">RSS</a></li></ul></li></ul></div></div></nav></div></footer></div><div id=\"outdated\"></div><div id=\"breakpoint\"></div></body>", "level": 0}]]