[[{"value": "<h1>Reddit Privacy Policy</h1>", "level": 9}, {"value": "<div class=\"large-text\">                                                    Effective June 8, 2018.                                                                            Last Revised May 25, 2018                                            </div><div class=\"text no-counter\"><p>We want you to understand how and why Reddit, Inc. (\u201cReddit,\u201d \u201cwe\u201d or \u201cus\u201d) collects, uses, and shares information about you when you use our websites, mobile apps, widgets, and other online products and services (collectively, the \"Services\") or when you otherwise interact with us or receive a communication from us. This Privacy Policy applies to all of our Services including Reddit Gifts, which maintains a <a href=\"https://www.redditgifts.com/privacy/\">separate privacy notice</a> that incorporates this Privacy Policy by reference.</p></div></div><div class=\"text-holder\" id=\"text-content1\"><strong class=\"h3\">What We Collect</strong><strong class=\"h4\">Information You Provide to Us</strong><div class=\"text no-counter\"><p>We collect information you provide to us directly when you use the Services. This includes:</p><p>", "level": 0}], [{"value": "<em>Account information.</em>", "level": 1}, {"value": "\u00a0 To create an account, you must provide a username and password. Your username is public, and it doesn\u2019t have to be related to your real name. You may also provide an email address. We also store your user account preferences and settings.</p><p>", "level": 0}], [{"value": "<em>Content you submit.</em>", "level": 1}, {"value": "\u00a0 We collect the content you submit to the Services. This includes your posts and comments including saved drafts, your messages with other users (e.g., private messages, chats, and modmail), and your reports and other communications with moderators and with us. Your content may include text, links, images, gifs, and videos.</p><p>", "level": 0}], [{"value": "<em>Actions you take.</em>", "level": 1}, {"value": "\u00a0 We collect information about the actions you take when using the Services. This includes your interactions with content, like voting, saving, hiding, and reporting. It also includes your interactions with other users, such as following, friending, and blocking. We collect your interactions with communities, like your subscriptions or moderator status.\u00a0</p><p>", "level": 0}], [{"value": "<em>Transactional information.</em>", "level": 1}, {"value": "\u00a0 If you purchase products or services from us (e.g., Reddit Gold or Reddit Ads) or sign up as a potential advertiser on Reddit Ads, we will collect certain information from you, including your name, address, email address, and information about the product or service you are purchasing. Payments are processed by third-party payment processors (e.g., Stripe and PayPal), so please refer to the applicable processor\u2019s terms and privacy policy for more information about how payment information is processed and stored.</p><p>", "level": 0}], [{"value": "<em>Other information.</em>", "level": 1}, {"value": "\u00a0 You may choose to provide other information directly to us. For example, we may collect information when you fill out a form, participate in Reddit-sponsored activities or promotions, apply for a job, request customer support or otherwise communicate with us.</p></div><strong class=\"h4\">Information We Collect Automatically</strong><div class=\"text no-counter\"><p>When you access or use our Services, we may also automatically collect information about you. This includes:</p><p>", "level": 0}], [{"value": "<em>Log and usage data.</em>", "level": 1}, {"value": "\u00a0 We may log information when you access and use the Services. This may include your IP address, user-agent string, browser type, operating system, referral URLs, device information (e.g., device IDs), pages visited, links clicked, the requested URL, hardware settings, and search terms. Except for the IP address used to create your account, Reddit will delete any IP addresses collected after 100 days.</p><p>", "level": 0}], [{"value": "<em>Information collected from cookies and similar technologies.</em>", "level": 1}, {"value": "\u00a0 We may receive information from cookies, which are pieces of data your browser stores and sends back to us when making requests, and similar technologies. We use this information to improve your experience, understand user activity, personalize content and advertisements, and improve the quality of our Services. For example, we store and retrieve information about your preferred language and other settings. For more information on how you can disable cookies, please see \u201cYour Choices\u201d below.</p><p>", "level": 0}], [{"value": "<em>Location information.</em>", "level": 1}, {"value": "\u00a0 We may receive and process information about your location. For example, with your consent, we may collect information about the specific location of your mobile device (for example, by using GPS or Bluetooth). We may also receive location information from you when you choose to share such information on our Services, including by associating your content with a location, or we may derive your approximate location from other information about you, including your IP address.</p></div><strong class=\"h4\">Information Collected from Other Sources</strong><div class=\"text no-counter\"><p>We may receive information about you from other sources, including from other users and third parties, and combine that information with the other information we have about you. For example, we may receive demographic or interest information about you from third parties, including advertisers, and combine it with our own data using a common account identifier such as a hash of an email address or a mobile-device ID. You can control how we use this information to personalize the Services for you by adjusting your preferences <a href=\"https://reddit.com/personalization\">here</a>.<br/></p><p>", "level": 0}], [{"value": "<em>Linked services.</em>", "level": 1}, {"value": "\u00a0 If you authorize or link other services (e.g., third-party apps or websites) to access your Reddit account, Reddit receives information about your use of that service when it uses that authorization. Linking services may also cause the other service to send us information about your account with that service. To learn how information is shared with linked services, see \u201cHow Information About You Is Shared\u201d below.</p><p>", "level": 0}], [{"value": "<em>Information collected from integrations.</em>", "level": 1}, {"value": "\u00a0 We also may receive information about you, including log and usage data and cookie information, from third-party websites that integrate our Services, including our embeds, buttons, and advertising technology. For example, when you visit a website that uses <a href=\"https://www.redditinc.com/partnerships#tab4\">Reddit embeds</a>, we may receive information about the web page you visited. You can control how we use this information to personalize the Services for you by adjusting your preferences <a href=\"https://reddit.com/personalization\">here</a>.</p></div></div> <div class=\"text-holder\" id=\"text-content2\"><strong class=\"h3\">How We Use Information About You</strong><div class=\"text no-counter\"><p>We use information about you to:<br/></p><ul><li>Provide, maintain, and improve the Services;</li><li>Research and develop new services;</li><li>Help protect the safety of Reddit and our users, which includes blocking suspected spammers, addressing abuse, and enforcing the Reddit user agreement and our other policies;</li><li>Send you technical notices, updates, security alerts, invoices and other support and administrative messages;</li><li>Provide customer service;</li><li>Communicate with you about products, services, offers, promotions, and events, and provide other news and information we think will be of interest to you (for information about how to opt out of these communications, see \u201cYour Choices\u201d below);</li><li>Monitor and analyze trends, usage, and activities in connection with our Services; and</li><li>Personalize the Services and provide advertisements, content and features that match user profiles or interests. (for information about how to manage the types of advertisements you experience on our Services, see \u201cYour Choices\u201d below)</li></ul></div></div> <div class=\"text-holder\" id=\"text-content3\"><strong class=\"h3\">How Information About You Is Shared</strong><div class=\"text no-counter\"><p>When you use the Services, certain information may be shared with other users and the public. For example:</p><ul><li>When you submit content (such as a post or comment or public chat) to the Services, any visitors to and users of our Services will be able to see that content, the username associated with the content, and the date and time you originally submitted the content. Reddit allows other websites to embed public Reddit content via our embed tools. Reddit also allows third parties to access public Reddit content via the Reddit API and via other similar technologies. Although some parts of the Services may be private or quarantined, they may become public (e.g., at the moderator\u2019s option in the case of private communities) and you should take that into consideration before posting to the Services.</li></ul><ul><li>When you send private messages, messages via modmail, or private chats, the recipients of those messages will be able to see the content of your message, your username, and the date and time the message was sent. Keep in mind that additional users may be invited to join a private chat after you send a message. Moderators may elect to have modmail forwarded to their email accounts and, as a result, any modmail received by these moderators will be subject to the terms and policies of the moderator\u2019s email provider.</li></ul><ul><li>When other users view your profile, they will be able to see information about your activities on the Services, such as your username, prior posts and comments, karma, trophies, moderator status, Reddit Gold status, and how long you have been a member of the Services. If you choose to make the information public, your profile may also include your voting history.</li></ul><ul><li>We offer social sharing features that let you share content or actions you take on our Services with other media. Your use of these features enables the sharing of certain information with your friends or the public, depending on the settings you establish with the third party that provides the social sharing feature. For more information about the purpose and scope of data collection and processing in connection with social sharing features, please visit the privacy policies of the third parties that provide these social sharing features (e.g., <a href=\"https://www.tumblr.com/privacy\">Tumblr</a>, <a href=\"https://www.facebook.com/about/privacy/\">Facebook</a>, and <a href=\"https://twitter.com/privacy\">Twitter</a>).</li></ul><p>Please note that, even when you delete your account, the posts, comments and messages you submit through the Services may still be viewable or available on our servers. For more information, see \u201cYour Choices\u201d below.</p><p>Otherwise, we do not share, sell, or give away your personal information to third parties unless one of the following circumstances applies:</p><ul><li>", "level": 0}], [{"value": "<em>With linked services.</em>", "level": 1}, {"value": "\u00a0 If you link your Reddit account with a third-party service, Reddit will share the information you authorize with that third-party service. You can control this sharing as described in \"Your Choices\" below.</li></ul><ul><li>", "level": 0}], [{"value": "<em>With our partners.</em>", "level": 1}, {"value": "\u00a0 We may share information with vendors, consultants, and other service providers (but not with advertisers and ad partners) who need access to such information to carry out work for us. The partner\u2019s use of personal data will be subject to appropriate confidentiality and security measures.</li></ul><ul><li>", "level": 0}], [{"value": "<em>To comply with the law.</em>", "level": 1}, {"value": "\u00a0 We may share information in response to a request for information if we believe disclosure is in accordance with, or required by, any applicable law, regulation, legal process or governmental request, including, but not limited to, meeting national security or law enforcement requirements. To the extent the law allows it, we will attempt to provide you with prior notice before disclosing your information in response to such a request. Our\u00a0<a href=\"https://www.redditinc.com/policies/transparency-report\">Transparency Report</a> has additional information about how we respond to government requests.</li></ul><ul><li>", "level": 0}], [{"value": "<em>In an emergency.</em>", "level": 1}, {"value": "\u00a0 We may share information if we believe it's necessary to prevent imminent and serious bodily harm to a person.</li></ul><ul><li>", "level": 0}], [{"value": "<em>To enforce our policies and rights.</em>", "level": 1}, {"value": "\u00a0 We may share information if we believe your actions are inconsistent with our user agreements, <a href=\"https://www.reddit.com/help/contentpolicy\">rules</a>, or other Reddit policies, or to protect the rights, property, and safety of ourselves and others.</li></ul><ul><li>", "level": 0}], [{"value": "<em>With our affiliates.</em>", "level": 1}, {"value": "\u00a0 We may share information between and among Reddit, and any of our parents, affiliates, subsidiaries, and other companies under common control and ownership.</li></ul><ul><li>", "level": 0}], [{"value": "<em>With your consent.</em>", "level": 1}, {"value": "\u00a0 We may share information about you with your consent or at your direction.</li></ul><ul><li>", "level": 0}], [{"value": "<em>Aggregated or de-identified information.</em>", "level": 1}, {"value": "\u00a0 We may share information about you that has been aggregated or anonymized such that it cannot reasonably be used to identify you. For example, we may show the total number of times a post has been upvoted without identifying who the visitors were.</li></ul></div></div> <div class=\"text-holder\" id=\"text-content4\"><strong class=\"h3\">Ads and Analytics Partners</strong><div class=\"text no-counter\"><p>We may partner with third-party advertisers, ad networks, and analytics providers to deliver advertising and content targeted to your interests and to better understand your use of the Services. These third parties may collect information sent by your computer, browser, or mobile device in response to a request for content, such as unique identifiers, your IP address, or other information about your computer or device. For example:</p></div><strong class=\"h4\">Advertisers and Ad Networks</strong><div class=\"text no-counter\"><p>Our ad partners and ad networks may use cookies and related technologies to collect information when ads are delivered to you on our Services, but Reddit does not link to or provide them with your actual Reddit account details. This means that Reddit does not share your individual account browsing habits with advertisers. Reddit cannot see advertisers\u2019 cookies and advertisers will not see Reddit cookies.\u00a0</p></div><strong class=\"h4\">Analytics Partners</strong><div class=\"text no-counter\"><p>We use analytics partners (such as <a href=\"https://www.google.com/policies/privacy/partners/\">Google Analytics</a>) to help analyze usage and traffic for our Services. As an example, we may use analytics partners to analyze and measure, in the aggregate, the number of unique visitors to our Services.</p></div></div> <div class=\"text-holder\" id=\"text-content5\"><strong class=\"h3\">Your Choices</strong><div class=\"text no-counter\"><p>As a Reddit user, you have choices about how to protect and limit the collection, use, and disclosure of information about you.</p></div><strong class=\"h4\">Accessing and Changing Your Information</strong><div class=\"text no-counter\"><p>You can access and change certain information through the Services. See our <a href=\"https://www.reddithelp.com/en/categories/using-reddit/your-reddit-account/accessing-your-reddit-data\">Help Center</a> page for more information.</p></div><strong class=\"h4\">Deleting Your Account</strong><div class=\"text no-counter\"><p>You may delete your account information at any time from the user preferences page. When you delete your account, your profile is no longer visible to other users and disassociated from content you posted under that account. Please note, however, that the posts, comments, and messages you submitted prior to deleting your account will still be visible to others unless you first delete the specific content. We may also retain certain information about you as required by law or for legitimate business purposes after you delete your account.\u00a0</p></div><strong class=\"h4\">Controlling Linked Services\u2019 Access to Your Account</strong><div class=\"text no-counter\"><p>You can review the services you have linked to your account and revoke access to individual services <a href=\"https://www.reddit.com/prefs/apps/\">here</a>.\u00a0</p></div><strong class=\"h4\">Controlling the Use of Cookies</strong><div class=\"text no-counter\"><p>Most web browsers are set to accept cookies by default. If you prefer, you can usually choose to set your browser to remove or reject first- and third-party cookies. Please note that if you choose to remove or reject cookies, this could affect the availability and functionality of our Services.</p></div><strong class=\"h4\">Controlling Advertising and Analytics</strong><div class=\"text no-counter\"><p>Some analytics providers we partner with may provide specific opt-out mechanisms and we may provide, as needed and as available, additional tools and third-party services that allow you to better understand cookies and how you can opt-out. For example, you may manage the use and collection of certain information by Google Analytics <a href=\"https://tools.google.com/dlpage/gaoptout\">here</a>.</p><p>We also offer you choices about receiving personalized advertisements. You can adjust how we personalize advertisements for you by visiting your ads preferences <a href=\"https://www.reddit.com/personalization\">here</a>. You may also generally opt out of receiving personalized advertisements from certain third-party advertisers and ad networks. To learn more about these advertisements or to opt out, please visit the websites of the <a href=\"http://optout.aboutads.info/#!\">Digital Advertising Alliance</a> and the <a href=\"http://optout.networkadvertising.org/#!\">Network Advertising Initiative</a>, or if you are a user in the European Economic Area, <a href=\"http://www.youronlinechoices.eu/\">Your Online Choices</a>.</p></div><strong class=\"h4\">Do Not Track</strong><div class=\"text no-counter\"><p>Most modern web browsers give you the option to send a Do Not Track signal to the websites you visit, indicating that you do not wish to be tracked. However, there is no accepted standard for how a website should respond to this signal, and we do not take any action in response to this signal. Instead, in addition to publicly available third-party tools, we offer you the choices described in this policy to manage the collection and use of information about you.</p></div><strong class=\"h4\">Controlling Promotional Communications</strong><div class=\"text no-counter\"><p>You may opt out of receiving some or all categories of promotional communications from us by following the instructions in those communications or by updating your email options in your account preferences <a href=\"https://www.reddit.com/prefs/\">here</a>. If you opt out of promotional communications, we may still send you non-promotional communications, such as information about your account or your use of the Services.<br/></p></div><strong class=\"h4\">Controlling Mobile Notifications</strong><div class=\"text no-counter\"><p>With your consent, we may send promotional and non-promotional push notifications or alerts to your mobile device. You can deactivate these messages at any time by changing the notification settings on your mobile device.</p></div><strong class=\"h4\">Controlling Location Information</strong><div class=\"text no-counter\"><p>If you initially consent to our collection of location information, you can subsequently stop the collection of this information at any time by changing the preferences on your mobile device.</p></div></div> <div class=\"text-holder\" id=\"text-content6\"><strong class=\"h3\">Other Information</strong><strong class=\"h4\">Information Security</strong><div class=\"text no-counter\"><p>We take measures to help protect information about you from loss, theft, misuse and unauthorized access, disclosure, alteration, and destruction. For example, we use HTTPS while information is being transmitted. We also enforce technical and administrative access controls to limit which of our employees have access to non-public personal information.</p><p>You can help maintain the security of your account by configuring <a href=\"https://www.reddithelp.com/en/categories/using-reddit/your-reddit-account/how-set-two-factor-authentication\">two-factor authentication</a>.<br/></p></div><strong class=\"h4\">Data Retention</strong><div class=\"text no-counter\"><p>We store the information we collect for as long as it is necessary for the purpose(s) for which we originally collected it. We may retain certain information for legitimate business purposes or as required by law.</p></div><strong class=\"h4\">International Data Transfers</strong><div class=\"text no-counter\"><p>We are based in the United States and we process and store information on servers located in the United States.  We may store information on servers and equipment in other countries depending on a variety of factors, including the locations of our users and service providers. By accessing or using the Services or otherwise providing information to us, you consent to the processing, transfer and storage of information in and to the U.S. and other countries, where you may not have the same rights as you do under local law.</p><p>In connection with Reddit's processing of personal data received from the European Union and Switzerland, we adhere to the EU-U.S. and Swiss-U.S. Privacy Shield Program (\u201cPrivacy Shield\u201d) and comply with its framework and principles.</p><p>Please direct any inquiries or complaints regarding our compliance with the Privacy Shield principles to the point of contact listed in the \u201cContact Us\u201d section below. If we do not resolve your complaint, you may submit your complaint free of charge to <a href=\"https://www.jamsadr.com/eu-us-privacy-shield\">JAMS</a>. Under certain conditions specified by the Privacy Shield principles, you may also be able to invoke binding arbitration to resolve your complaint. We are subject to the investigatory and enforcement powers of the Federal Trade Commission. If we share EU or Swiss data with a third-party service provider that processes the data solely on our behalf, then we will be liable for that third party\u2019s processing of EU or Swiss data in violation of the Privacy Shield principles, unless we can prove that we are not responsible for the event giving rise to the damage.</p><p>For more information about the Privacy Shield principles and to view our certification, please visit the U.S. Department of Commerce\u2019s <a href=\"https://www.privacyshield.gov/\">Privacy Shield website.</a></p></div><strong class=\"h4\">Additional Information for EEA Users</strong><div class=\"text no-counter\"><p>Users in the European Economic Area have the right to request access to, rectification of, or erasure of their personal data; to data portability in certain circumstances; to request restriction of processing; to object to processing; and to withdraw consent for processing where they have previously provided consent. These rights can be exercised using the information provided under \u201cYour Choices\u201d above or using the contact information provided at the end of this document. EEA users also have the right to lodge a complaint with their local supervisory authority.\u00a0<br/></p><p>As required by applicable law, we collect and process information about individuals in the EEA only where we have legal bases for doing so. Our legal bases depend on the Services you use and how you use them. We process your information on the following legal bases:</p><ul><li>You have consented for us to do so for a specific purpose;</li></ul><ul><li>We need to process the information to provide you the Services, including to operate the Services, provide customer support and personalized features and to protect the safety and security of the Services;</li></ul><ul><li>It satisfies a legitimate interest (which is not overridden by your data protection interests), such as preventing fraud, ensuring network and information security, enforcing our rules and policies, protecting our legal rights and interests, research and development, and marketing and promoting the Services;</li></ul><ul><li>We need to process your information to comply with our legal obligations.</li></ul></div><strong class=\"h4\">Children</strong><div class=\"text no-counter\"><p>Children under the age of 13 are not allowed to create an account or otherwise use the Services. Additionally, if you are in the EEA, you must be over the age required by the laws of your country to create an account or otherwise use the Services, or we need to have obtained verifiable consent from your parent or legal guardian.</p></div><strong class=\"h4\">Changes to This Policy</strong><div class=\"text no-counter\"><p>We may change this Privacy Policy from time to time. If we do, we will let you know by revising the date at the top of the policy. If we make a change to this policy that, in our sole discretion, is material, we will provide you with additional notice (such as adding a statement to <a href=\"https://www.reddit.com/r/announcements/\">r/announcements</a>, the front page of the Services or sending you a notification). We encourage you to review the Privacy Policy whenever you access or use our Services or otherwise interact with us to stay informed about our information practices and the ways you can help protect your privacy. By continuing to use our Services after Privacy Policy changes go into effect, you agree to be bound by the revised policy.</p></div></div> <div class=\"text-holder\" id=\"text-content7\"><strong class=\"h3\">Contact Us</strong><div class=\"text no-counter\"><p>If you have any questions about this Privacy Policy, please contact us at <a href=\"mailto:legal@reddit.com\">legal@reddit.com</a> or at:\u00a0</p><p>Reddit, Inc.<br/>548 Market St. #16093<br/>San Francisco, California 94104</p><p>We have also appointed a representative in the EU to receive inquiries about our data practices:</p><p>Reddit, Inc.<br/>c/o First European Data Rep B.V.<br/><a href=\"mailto:eurepresentative@reddit.com\">eurepresentative@reddit.com</a><br/>Schiphol Boulevard 195<br/>1118 BG Schiphol, The Netherlands</p></div></div> </div></div></div><footer id=\"footer\"><div class=\"container\"><div class=\"columns\"><div class=\"nav-holder col\"><ul class=\"footer-nav\"><li><a href=\"https://www.redditinc.com/\">About</a></li><li><a href=\"https://www.redditinc.com/careers\">Careers</a></li><li><a href=\"https://www.redditinc.com/press#publish\">Brand Assets</a></li><li><a href=\"https://www.redditinc.com/press\">Press</a></li><li><a href=\"https://redditblog.com/\">Blog</a></li></ul><ul class=\"footer-nav\"><li><a href=\"https://www.redditinc.com/advertising\">Advertising</a></li><li><a href=\"https://www.redditinc.com/partnerships\">Partnerships</a></li><li><a href=\"/policies\">Policies</a></li><li><a href=\"https://www.reddithelp.com\">Help</a></li></ul></div><div class=\"col link-wrapper\"><ul class=\"footer-link\"><li><a href=\"https://www.reddit.com/mobile/download\" target=\"_blank\">Reddit Mobile App</a></li><li><a href=\"https://www.reddit.com/\" target=\"_blank\">Reddit.com</a></li><li><a href=\"https://www.redditgifts.com/\" target=\"_blank\">Reddit Gifts</a></li><li><a href=\"https://www.reddit.com/coins\" target=\"_blank\">Reddit Coins</a></li><li><a href=\"https://www.reddit.com/premium\" target=\"_blank\">Reddit Premium</a></li></ul></div><div class=\"col social-block\"><span class=\"title\">Social Links</span><ul class=\"social-networks\"><li><a href=\"https://www.facebook.com/reddit\" target=\"_blank\">Facebook</a></li><li><a href=\"https://www.twitter.com/reddit\" target=\"_blank\">Twitter</a></li><li><a href=\"https://www.instagram.com/reddit\" target=\"_blank\">Instagram</a></li></ul></div></div><div class=\"doc\"><a href=\"https://www.reddit.com/help/useragreement\" target=\"_blank\">User Agreement</a> \u00a0 \u00a0                            <a href=\"https://www.reddit.com/help/privacypolicy\" target=\"_blank\">Privacy Policy</a> \u00a0 \u00a0                            <a href=\"https://www.reddit.com/help/contentpolicy\" target=\"_blank\">Content Policy</a> \u00a0 \u00a0                            <a href=\"https://www.reddit.com/help/healthycommunities/\" target=\"_blank\">Moderator Guidelines</a> \u00a0 \u00a0                        <span id=\"copyright\">\u00a9 2018 <a href=\"https://www.reddit.com\" target=\"_blank\">Reddit Inc.</a> All rights reserved.</span></div></div></footer><div class=\"cookie\"><div class=\"holder\"><div class=\"img-holder\"><img alt=\"Snoo upvote\" height=\"24\" src=\"/assets/images/site/give_upvote.svg\" width=\"24\"/></div><div class=\"cookie-text\"><p>Cookies help us deliver our Services. By using our Services or clicking I agree, you agree to our use of cookies. <a href=\"https://www.reddit.com/help/privacypolicy/#section_cookies\" target=\"_blank\">Learn More</a></p></div></div><a class=\"button\" href=\"#\">i agree</a></div><div class=\"popup-holder\"><div class=\"lightbox-block adblock\" id=\"popup-weareblocked\"><div class=\"text-holder\"><!--<span class=\"name\">Uh oh.</span>--><!--            <div class=\"text frame\">                <img src=\"/assets/images/site/snoo_facepalm.png\" alt=\"Snoo facepalming\" width=\"175\" height=\"175\">                <p>Uh oh. It looks like you might have ad block enabled.</p>                <p>Please disable it and refresh the page to continue.</p>            </div>            <button data-fancybox-close=\"\" class=\"fancybox-close-small\"><span class=\"icon-close\"></span></button>            --><img alt=\"Please turn off your ad blocker\" data-fancybox-close=\"\" height=\"170\" src=\"/assets/images/site/unblock-me-pretty-please.png\" width=\"640\"/></div></div><style>        .lightbox-block.adblock {            padding: 0;            cursor: pointer;        }    </style></div></div></body>", "level": 0}]]