[[{"value": "<h1 style=\"text-align: center;\"><span style=\"color: #00ff00;\">\u00c2\u00a0</span><span style=\"font-size: 36pt; color: #00ff00;\">Privacy Policy</span></h1>", "level": 9}, {"value": "<p>\u00c2\u00a0</p>", "level": 0}, {"value": "<div class=\"row\" id=\"columns\">\n<div class=\"span12\" id=\"middle-col\">\n<section id=\"content\">\n<div id=\"system-message-container\">\n</div>\n<div class=\"item-page\">\n<p class=\"zfr3Q JYVBee\" id=\"h.p_wX9dUlKjrx1M\" style=\"text-align: justify;\"><span style=\"font-size: 18pt;\">UDevTerm does not collect or share personal information.</span></p>\n<p class=\"zfr3Q JYVBee\" id=\"h.p_wX9dUlKjrx1M\" style=\"text-align: justify;\"><span style=\"font-size: 18pt;\">This site does not collect or share personal information. Performance Horizon Group Limited (PHG) and/or Advertiser (or another third party, where applicable) may use code or cookies on Publisher's website to track the performance of Advertiser's marketing efforts, no personally identifiable information is collected in such process.</span></p>\n<p class=\"zfr3Q JYVBee\" id=\"h.p_czFPdJ27sAVP\"><span style=\"font-size: 18pt;\">This privacy policy is subject to change without notice and was last updated on July, 27, 2017.</span></p>\n<p class=\"zfr3Q JYVBee\" id=\"h.p_3uW52EN6uhxU\"><span style=\"font-size: 18pt;\">If you have any questions feel free to send email to: <span id=\"cloak560c5e5d0f0c8cebba4a7f4013ef4da2\">This email address is being protected from spambots. You need JavaScript enabled to view it.</span>.</span></p>\n</div>\n</section><!-- /#content -->\n</div>\n</div>", "level": 0}, {"value": "<footer id=\"footer\">\n<div class=\"container clearfix\">\n<div id=\"copyright_area\">\n<p id=\"copyright\">\u00a9 UDevTerm 2018</p>\n<div id=\"copyrightmenu\">\n<div class=\"bannergroup\">\n<div class=\"banneritem\">\n<div id=\"ibb-widget-root-1244159962\"></div> <div class=\"clr\"></div>\n</div>\n</div>\n</div>\n<div id=\"ice_social\">\n<div id=\"social_tw\">\n<a class=\"twitter-follow-button\" data-show-count=\"false\" data-size=\"large\" href=\"https://twitter.com/UDevTerm\">Follow @icetheme</a>\n </div>\n</div>\n</div>\n</div>\n</footer>", "level": 0}, {"value": "<div class=\"\" id=\"gotop\">\n<a class=\"scrollup\" href=\"#\">Scroll</a>\n</div>", "level": 0}]]