[[{"value": "<h1 class=\"title\">\n<a href=\"http://aacount-lk.blogspot.com/\">\nAa Development for Android\n</a>\n</h1>", "level": 9}, {"value": "<div class=\"descriptionwrapper\">\n<p class=\"description\"><span>Aa Art Incredible Jigsaw Puzzle  was just awarded with \"5 stars Reviewers' choice!\" on FileDir.com</span></p>\n</div>", "level": 0}, {"value": "<div id=\"ppHeader\" style=\"font-family: verdana; font-size: 21pt; margin: 0px auto; width: 1247px;\">\nAaDevelopment Privacy Policy</div>", "level": 0}, {"value": "<div id=\"ppBody\" style=\"font-size: 11pt; margin: 0px auto; text-align: justify; width: 1247px;\">\n<div style=\"clear: both; height: 10px;\">\n</div>\n<div style=\"clear: both; height: 10px;\">\n</div>\n<div class=\"innerText\">\nThis privacy policy has been compiled to better serve those who are concerned with how their 'Personally Identifiable Information' (PII) is being used online. PII, as described in US privacy law and information security, is information that can be used on its own or with other information to identify, contact, or locate a single person, or to identify an individual in context. Please read our privacy policy carefully to get a clear understanding of how we collect, use, protect or otherwise handle your Personally Identifiable Information in accordance with our website.</div>\n<span id=\"infoCo\"></span><br/><div class=\"grayText\">\n<strong>What personal information do we collect from the people that visit our blog, website or app?</strong></div>\n<br/><div class=\"innerText\">\nWe do not collect information from visitors of our site.</div>\nor other details to help you with your experience.</div>", "level": 0}], [{"value": "<div class=\"grayText\">\n<strong>When do we collect information?</strong></div>", "level": 1}, {"value": "<div class=\"innerText\">\nWe collect information from you when you Open a Support Ticket or enter information on our site.</div>", "level": 0}], [{"value": "<div class=\"grayText\">\n<strong>How do we use your information?</strong></div>", "level": 1}, {"value": "<div class=\"innerText\">\nWe may use the information we collect from you when you register, make a purchase, sign up for our newsletter, respond to a survey or marketing communication, surf the website, or use certain other site features in the following ways:<br/></div>", "level": 0}, {"value": "<div class=\"innerText\">\n\u00a0\u00a0\u00a0\u00a0\u00a0\u00a0<strong>\u2022</strong>\u00a0To allow us to better service you in responding to your customer service requests.</div>", "level": 0}], [{"value": "<div class=\"grayText\">\n<strong>Do we use 'cookies'?</strong></div>", "level": 1}, {"value": "<div class=\"innerText\">\nWe do not use cookies for tracking purposes</div>", "level": 0}, {"value": "<div class=\"innerText\">\n<br/>You can choose to have your computer warn you each time a cookie is being sent, or you can choose to turn off all cookies. You do this through your browser settings. Since browser is a little different, look at your browser's Help Menu to learn the correct way to modify your cookies.</div>", "level": 0}, {"value": "<div class=\"innerText\">\nIf you turn cookies off, some features will be disabled. that make your site experience more efficient and may not function properly.</div>", "level": 0}, {"value": "<div class=\"innerText\">\nHowever, you will still be able to place orders .</div>", "level": 0}], [{"value": "<div class=\"grayText\">\n<strong>Third-party disclosure</strong></div>", "level": 1}, {"value": "<div class=\"innerText\">\nWe do not sell, trade, or otherwise transfer to outside parties your Personally Identifiable Information.</div>", "level": 0}], [{"value": "<div class=\"grayText\">\n<strong>Third-party links</strong></div>", "level": 1}, {"value": "<div class=\"innerText\">\nWe do not include or offer third-party products or services on our website.</div>", "level": 0}], [{"value": "<div class=\"blueText\">\n<strong>Google</strong></div>", "level": 1}, {"value": "<div class=\"innerText\">\nGoogle's advertising requirements can be summed up by Google's Advertising Principles. They are put in place to provide a positive experience for users. https://support.google.com/adwordspolicy/answer/1316548?hl=en<br/></div>", "level": 0}, {"value": "<div class=\"innerText\">\nWe have not enabled Google AdSense on our site but we may do so in the future.</div>", "level": 0}], [{"value": "<div class=\"blueText\">\n<strong>COPPA (Children Online Privacy Protection Act)</strong></div>", "level": 1}, {"value": "<div class=\"innerText\">\nWhen it comes to the collection of personal information from children under the age of 13 years old, the Children's Online Privacy Protection Act (COPPA) puts parents in control. The Federal Trade Commission, United States' consumer protection agency, enforces the COPPA Rule, which spells out what operators of websites and online services must do to protect children's privacy and safety online.<br/></div>", "level": 0}, {"value": "<div class=\"innerText\">\nWe do not specifically market to children under the age of 13 years old.</div>", "level": 0}], [{"value": "<div class=\"blueText\">\n<strong>CAN SPAM Act</strong></div>", "level": 1}, {"value": "<div class=\"innerText\">\nThe CAN-SPAM Act is a law that sets the rules for commercial email, establishes requirements for commercial messages, gives recipients the right to have emails stopped from being sent to them, and spells out tough penalties for violations.<br/></div>", "level": 0}], [{"value": "<div class=\"innerText\">\n<strong>We collect your email address in order to:</strong></div>", "level": 1}], [{"value": "<div class=\"innerText\">\n<br/><strong>To be in accordance with CANSPAM, we agree to the following:</strong></div>", "level": 1}, {"value": "<div class=\"innerText\">\n<strong><br/>If at any time you would like to unsubscribe from receiving future emails, you can email us at</strong></div>", "level": 0}, {"value": "<strong>ALL</strong>", "level": 0}], [{"value": "<div class=\"blueText\">\n<strong>Contacting Us</strong></div>", "level": 1}, {"value": "<div class=\"innerText\">\nIf there are any questions regarding this privacy policy, you may contact us using the information below.<br/></div>", "level": 0}, {"value": "<div class=\"innerText\">\nAaDevelopment</div>", "level": 0}, {"value": "<div class=\"innerText\">\nIsrael</div>", "level": 0}, {"value": "<div class=\"post-footer\">\n<div class=\"post-footer-line post-footer-line-1\">\n<span class=\"post-author vcard\">\n</span>\n<span class=\"post-timestamp\">\n</span>\n<span class=\"reaction-buttons\">\n</span>\n<span class=\"post-comment-link\">\n</span>\n<span class=\"post-backlinks post-comment-link\">\n</span>\n<span class=\"post-icons\">\n<span class=\"item-control blog-admin pid-1137749287\">\n<a href=\"https://www.blogger.com/page-edit.g?blogID=6413465121710519146&amp;pageID=6459653303473072533&amp;from=pencil\" title=\"Edit Page\">\n<img alt=\"\" class=\"icon-action\" height=\"18\" src=\"https://resources.blogblog.com/img/icon18_edit_allbkg.gif\" width=\"18\"/>\n</a>\n</span>\n</span>\n<div class=\"post-share-buttons goog-inline-block\">\n<a class=\"goog-inline-block share-button sb-email\" href=\"https://www.blogger.com/share-post.g?blogID=6413465121710519146&amp;pageID=6459653303473072533&amp;target=email\" target=\"_blank\" title=\"Email This\"><span class=\"share-button-link-text\">Email This</span></a><a class=\"goog-inline-block share-button sb-blog\" href=\"https://www.blogger.com/share-post.g?blogID=6413465121710519146&amp;pageID=6459653303473072533&amp;target=blog\" onclick='window.open(this.href, \"_blank\", \"height=270,width=475\"); return false;' target=\"_blank\" title=\"BlogThis!\"><span class=\"share-button-link-text\">BlogThis!</span></a><a class=\"goog-inline-block share-button sb-twitter\" href=\"https://www.blogger.com/share-post.g?blogID=6413465121710519146&amp;pageID=6459653303473072533&amp;target=twitter\" target=\"_blank\" title=\"Share to Twitter\"><span class=\"share-button-link-text\">Share to Twitter</span></a><a class=\"goog-inline-block share-button sb-facebook\" href=\"https://www.blogger.com/share-post.g?blogID=6413465121710519146&amp;pageID=6459653303473072533&amp;target=facebook\" onclick='window.open(this.href, \"_blank\", \"height=430,width=640\"); return false;' target=\"_blank\" title=\"Share to Facebook\"><span class=\"share-button-link-text\">Share to Facebook</span></a><a class=\"goog-inline-block share-button sb-pinterest\" href=\"https://www.blogger.com/share-post.g?blogID=6413465121710519146&amp;pageID=6459653303473072533&amp;target=pinterest\" target=\"_blank\" title=\"Share to Pinterest\"><span class=\"share-button-link-text\">Share to Pinterest</span></a><div class=\"goog-inline-block google-plus-share-container\"><g:plusone annotation=\"inline\" href=\"http://aacount-lk.blogspot.com/p/aadevelopment-privacy-policy-this.html\" size=\"medium\" source=\"blogger:blog:plusone\" width=\"300\"></g:plusone></div>\n</div>\n</div>\n<div class=\"post-footer-line post-footer-line-2\">\n<span class=\"post-labels\">\n</span>\n</div>\n<div class=\"post-footer-line post-footer-line-3\">\n<span class=\"post-location\">\n</span>\n</div>\n</div>", "level": 0}], [{"value": "<h4>No comments:</h4>", "level": 6}], [{"value": "<h4 id=\"comment-post-message\">Post a Comment</h4>", "level": 6}, {"value": "<p>Setting/Comment Form Message</p>", "level": 0}, {"value": "<div class=\"blog-pager\" id=\"blog-pager\">\n<a class=\"home-link\" href=\"http://aacount-lk.blogspot.com/\">Home</a>\n</div>", "level": 0}, {"value": "<div class=\"blog-feeds\">\n<div class=\"feed-links\">\nSubscribe to:\n<a class=\"feed-link\" href=\"http://aacount-lk.blogspot.com/feeds/posts/default\" target=\"_blank\" type=\"application/atom+xml\">Posts (Atom)</a>\n</div>\n</div>", "level": 0}], [{"value": "<h2 class=\"title\">Donate $1</h2>", "level": 8}], [{"value": "<h2>\u00d0\u00a1\u00d1\u0082\u00d1\u0080\u00d0\u00b0\u00d0\u00bd\u00d0\u00b8\u00d1\u0086\u00d1\u008b</h2>", "level": 8}, {"value": "<div class=\"widget-content\">\n<ul>\n<li>\n<a href=\"http://aacount-lk.blogspot.com/\">Application list</a>\n</li>\n<li>\n<a href=\"http://aacount-lk.blogspot.com/p/aaart-incredible-puzzle-game.html\">AaArt incredible puzzle game</a>\n</li>\n<li>\n<a href=\"http://aacount-lk.blogspot.com/p/aacamera-version-10.html\">AaCamera version 1.0</a>\n</li>\n<li>\n<a href=\"http://aacount-lk.blogspot.com/p/aacamera-history-faq-troubleshooting.html\">AaCamera History, F.A.Q., Troubleshooting</a>\n</li>\n<li>\n<a href=\"http://aacount-lk.blogspot.com/p/aacount-usage.html\">AaCount version 1.1</a>\n</li>\n<li>\n<a href=\"http://aacount-lk.blogspot.com/p/faq.html\">AaCount History, F.A.Q., Troubleshooting</a>\n</li>\n<li>\n<a href=\"http://aacount-lk.blogspot.com/p/how-to-make-stand-for-android.html\">How to make a stand for Android</a>\n</li>\n<li>\n<a href=\"http://aacount-lk.blogspot.com/p/blog-page.html\">AaArt Pro share pictures</a>\n</li>\n</ul>\n<div class=\"clear\"></div>\n<span class=\"widget-item-control\">\n<span class=\"item-control blog-admin\">\n<a class=\"quickedit\" href=\"//www.blogger.com/rearrange?blogID=6413465121710519146&amp;widgetType=PageList&amp;widgetId=PageList1&amp;action=editWidget&amp;sectionId=sidebar-right-1\" onclick='return _WidgetManager._PopupConfig(document.getElementById(\"PageList1\"));' target=\"configPageList1\" title=\"Edit\">\n<img alt=\"\" height=\"18\" src=\"https://resources.blogblog.com/img/icon18_wrench_allbkg.png\" width=\"18\"/>\n</a>\n</span>\n</span>\n<div class=\"clear\"></div>\n</div>", "level": 0}, {"value": "<div class=\"widget Image\" data-version=\"1\" id=\"Image3\">\n<div class=\"widget-content\">\n<a href=\"https://market.android.com/developer?pub=Aa+Development\">\n<img alt=\"\" height=\"120\" id=\"Image3_img\" src=\"http://4.bp.blogspot.com/-zweEuQyaLiY/T8tN3nYA4bI/AAAAAAAAAa0/TVDegrvigJA/s300/180x120.png\" width=\"180\"/>\n</a>\n<br/>\n<span class=\"caption\">Go to Android Market</span>\n</div>\n<div class=\"clear\"></div>\n<span class=\"widget-item-control\">\n<span class=\"item-control blog-admin\">\n<a class=\"quickedit\" href=\"//www.blogger.com/rearrange?blogID=6413465121710519146&amp;widgetType=Image&amp;widgetId=Image3&amp;action=editWidget&amp;sectionId=sidebar-right-1\" onclick='return _WidgetManager._PopupConfig(document.getElementById(\"Image3\"));' target=\"configImage3\" title=\"Edit\">\n<img alt=\"\" height=\"18\" src=\"https://resources.blogblog.com/img/icon18_wrench_allbkg.png\" width=\"18\"/>\n</a>\n</span>\n</span>\n<div class=\"clear\"></div>\n</div>", "level": 0}, {"value": "<div class=\"widget HTML\" data-version=\"1\" id=\"HTML2\">\n<h2 class=\"title\">AaCamera</h2>\n<div class=\"widget-content\">\n<a href=\"http://market.android.com/details?id=aa.AaCamera\">\n<img alt=\"Available in Android Market\" src=\"http://www.android.com/images/brand/60_avail_market_logo2.png\"/>\n</a>\n</div>\n<div class=\"clear\"></div>\n<span class=\"widget-item-control\">\n<span class=\"item-control blog-admin\">\n<a class=\"quickedit\" href=\"//www.blogger.com/rearrange?blogID=6413465121710519146&amp;widgetType=HTML&amp;widgetId=HTML2&amp;action=editWidget&amp;sectionId=sidebar-right-2-1\" onclick='return _WidgetManager._PopupConfig(document.getElementById(\"HTML2\"));' target=\"configHTML2\" title=\"Edit\">\n<img alt=\"\" height=\"18\" src=\"https://resources.blogblog.com/img/icon18_wrench_allbkg.png\" width=\"18\"/>\n</a>\n</span>\n</span>\n<div class=\"clear\"></div>\n</div>", "level": 0}], [{"value": "<h2 class=\"title\">AaCamera</h2>", "level": 8}], [{"value": "<h2 class=\"title\">AaCount</h2>", "level": 8}, {"value": "<div class=\"widget Stats\" data-version=\"1\" id=\"Stats1\">\n<h2>Total Pageviews</h2>\n<div class=\"widget-content\">\n<div id=\"Stats1_content\" style=\"display: none;\">\n<img alt=\"Sparkline\" height=\"30\" id=\"Stats1_sparkline\" width=\"75\"/>\n<span class=\"counter-wrapper graph-counter-wrapper\" id=\"Stats1_totalCount\">\n</span>\n<div class=\"clear\"></div>\n<span class=\"widget-item-control\">\n<span class=\"item-control blog-admin\">\n<a class=\"quickedit\" href=\"//www.blogger.com/rearrange?blogID=6413465121710519146&amp;widgetType=Stats&amp;widgetId=Stats1&amp;action=editWidget&amp;sectionId=footer-1\" onclick='return _WidgetManager._PopupConfig(document.getElementById(\"Stats1\"));' target=\"configStats1\" title=\"Edit\">\n<img alt=\"\" height=\"18\" src=\"https://resources.blogblog.com/img/icon18_wrench_allbkg.png\" width=\"18\"/>\n</a>\n</span>\n</span>\n<div class=\"clear\"></div>\n</div>\n</div>\n</div>", "level": 0}], [{"value": "<h2>Total Pageviews</h2>", "level": 8}, {"value": "<div class=\"foot section\" id=\"footer-3\" name=\"Footer\"><div class=\"widget Attribution\" data-version=\"1\" id=\"Attribution1\">\n<div class=\"widget-content\" style=\"text-align: center;\">\nAa Count Android application. Watermark theme. Powered by <a href=\"https://www.blogger.com\" target=\"_blank\">Blogger</a>.\n</div>\n<div class=\"clear\"></div>\n<span class=\"widget-item-control\">\n<span class=\"item-control blog-admin\">\n<a class=\"quickedit\" href=\"//www.blogger.com/rearrange?blogID=6413465121710519146&amp;widgetType=Attribution&amp;widgetId=Attribution1&amp;action=editWidget&amp;sectionId=footer-3\" onclick='return _WidgetManager._PopupConfig(document.getElementById(\"Attribution1\"));' target=\"configAttribution1\" title=\"Edit\">\n<img alt=\"\" height=\"18\" src=\"https://resources.blogblog.com/img/icon18_wrench_allbkg.png\" width=\"18\"/>\n</a>\n</span>\n</span>\n<div class=\"clear\"></div>\n</div></div>", "level": 0}]]