[[{"value": "<h4>Welcome</h4>", "level": 6}], [{"value": "<h2>Welcome To <span>Agranee</span></h2>", "level": 8}, {"value": "<p> Our structured client focused approach ensures your business and market needs are met in an efficient and candid manner.</p>", "level": 0}, {"value": "<p>Upon initial contact, we perform a needs analysis, ensuring we fully understand your business needs. We review your business requirements and translate them into functional and non-functional system requirements.</p>", "level": 0}], [{"value": "<h3>Web Development Services</h3>", "level": 7}, {"value": "<p> Web presence is not only the need of today but a must have tool to reach out to your clients.</p>", "level": 0}, {"value": "<div class=\"feature-box-two wow fadeInUp\" data-wow-delay=\"0.7s\">\n<div class=\"fea-icon\"> <i class=\"iconsmind-Palette\"></i> </div>\n<h3>Industry Focus</h3>\n<p> Agranee specializes in Software development with special focus on industries like Banking, Retail, Telecom etc. </p>\n</div>", "level": 0}], [{"value": "<h3>Industry Focus</h3>", "level": 7}, {"value": "<p> Agranee specializes in Software development with special focus on industries like Banking, Retail, Telecom etc. </p>", "level": 0}, {"value": "<div class=\"feature-box-two wow fadeInUp\" data-wow-delay=\"0.9s\">\n<div class=\"fea-icon\"> <i class=\"iconsmind-Phone-Wifi\"></i> </div>\n<h3>Mobile Development</h3>\n<p> Our mobile &amp; application development services help you address evolving markets.</p>\n</div>", "level": 0}], [{"value": "<h3>Mobile Development</h3>", "level": 7}, {"value": "<p> Our mobile &amp; application development services help you address evolving markets.</p>", "level": 0}, {"value": "<div class=\"feature-box-two wow fadeInUp\" data-wow-delay=\"0.11s\">\n<div class=\"fea-icon\"> <i class=\"iconsmind-Monitor-Analytics\"></i> </div>\n<h3>Search Engine Optimization</h3>\n<p> Give your business an extra edge using search engine optimization. </p>\n</div>", "level": 0}], [{"value": "<h3>Search Engine Optimization</h3>", "level": 7}, {"value": "<p> Give your business an extra edge using search engine optimization. </p>", "level": 0}, {"value": "<div class=\"feature-box-two wow fadeInUp\" data-wow-delay=\"0.13s\">\n<div class=\"fea-icon\"> <i class=\"iconsmind-Camera-2\"></i> </div>\n<h3>Technology Focus</h3>\n<p> Agranee core technology focus in on all aspects of Enterprise Application Development.</p>\n</div>", "level": 0}], [{"value": "<h3>Technology Focus</h3>", "level": 7}, {"value": "<p> Agranee core technology focus in on all aspects of Enterprise Application Development.</p>", "level": 0}, {"value": "<div class=\"feature-box-two wow fadeInUp\" data-wow-delay=\"0.15s\">\n<div class=\"fea-icon\"> <i class=\"iconsmind-Monitor-Tablet\"></i> </div>\n<h3>Software Development</h3>\n<p> Our cross-industry, offshore software development provides you highly quality with reasonable costs. </p>\n</div>", "level": 0}], [{"value": "<h3>Software Development</h3>", "level": 7}, {"value": "<p> Our cross-industry, offshore software development provides you highly quality with reasonable costs. </p>", "level": 0}], [{"value": "<h3>why choose us?</h3>", "level": 7}, {"value": "<div class=\"row\">\n<div class=\"col-md-3 col-sm-6\">\n<p>Quality that you desire</p>\n<p>On time Delivery</p>\n</div>\n<div class=\"col-md-3 col-sm-6\">\n<p>Maintain Confidentiality</p>\n<p>Daily Reporting</p>\n</div>\n<div class=\"col-md-3 col-sm-6\">\n<p>Effective Cost</p>\n<p>Highly Skilled Resource Base</p>\n</div>\n<div class=\"col-md-3 col-sm-6\">\n<p>Innovative Ideas</p>\n<p>Implementable Solutions</p>\n</div>\n</div>", "level": 0}], [{"value": "<h4>Service</h4>", "level": 6}], [{"value": "<h2>What We <span>Offer</span></h2>", "level": 8}, {"value": "<p class=\"wow fadeInUp\" data-wow-delay=\"0.5s\">We at Agranee Solutions dedicate our Highly Technical resources to meet all your Information Technology related needs. We specialize in delivering all kinds of projects ranging from small desktop applications to huge enterprise applications.</p>", "level": 0}, {"value": "<p class=\"wow fadeInUp\" data-wow-delay=\"0.7s\">Our structured client focused approach ensures your business and market needs are met in an efficient and candid manner. Upon initial contact, we perform a needs analysis, ensuring we fully understand your business needs.</p>", "level": 0}, {"value": "<p class=\"wow fadeInUp\" data-wow-delay=\"0.7s\">We will review your business requirements and translate them into functional and non-functional system requirements. The designing, development, testing, user acceptance phases of software evolution will iterate until our clients are fully satisfied.</p>", "level": 0}], [{"value": "<h3 class=\"about-title wow fadeInUp\" data-wow-delay=\"0.7s\">Web Develoment Services</h3>", "level": 7}, {"value": "<p class=\"wow fadeInUp\" data-wow-delay=\"0.7s\">Web presence is not only the need of today but a must have tool to reach out to your clients. We provide complete range of cutting-edge and highly reliable custom web development services to empower your business to reach out to customers who rely heavily on Internet to find vendors and services.</p>", "level": 0}, {"value": "<p class=\"wow fadeInUp\" data-wow-delay=\"0.7s\">Our team focus not only on the creation of the application but also on the structure, strategy and design of the project. Our emphasis on the user interface designs sets us apart from merely being a web design company. We not only give you a higly attractive web design but we also build solid features, so that you can services your clients in much more efficient way. Our company offers our clients with business-centric set of web design.</p>", "level": 0}, {"value": "<ul class=\"about-feature wow fadeInUp\" data-wow-delay=\"1.1s\">\n<li>Custom Web Development</li>\n<li>Web Application Development</li>\n<li>E-Business Solutions</li>\n<li>Enterprise Portal Development</li>\n<li>Content Management Systems ((Joomla, WordPress, OSCommerce,Drupal)</li>\n</ul>", "level": 0}], [{"value": "<h3 class=\"about-title wow fadeInUp\" data-wow-delay=\"0.7s\">Software Develoment Services</h3>", "level": 7}, {"value": "<p>AGRANEE's cross-industry, offshore software development services help you craft a vision for your organization and then implement a result-oriented technology framework that will turn that vision into reality.</p>", "level": 0}, {"value": "<p>Our technical team is well trained and have many years of expertise to handle various Software Development platforms and methodologies. We have a well trained and experienced team for the below mentioned technologies:</p>", "level": 0}, {"value": "<ul class=\"about-feature wow fadeInUp\" data-wow-delay=\"1.1s\">\n<li>Software Outsourcing @ AGRANEE</li>\n<li>Custom Software Development</li>\n<li>Software Migration and Re-engineering</li>\n<li>Software Testing Services</li>\n</ul>", "level": 0}], [{"value": "<h3 class=\"about-title wow fadeInUp\" data-wow-delay=\"0.7s\">Mobile / Application Development</h3>", "level": 7}, {"value": "<p>Our mobile &amp; application development services help you address evolving market challenges by defining, designing and building applications tailored to meet your specific business requirements.</p>", "level": 0}, {"value": "<ul class=\"about-feature wow fadeInUp\" data-wow-delay=\"1.1s\">\n<li>Mobile Application Development</li>\n<li>Enterprise Mobility Solutions</li>\n<li>Custom Application Development</li>\n<li>Enterprise Application Development</li>\n<li>Application Maintenance Services</li>\n</ul>", "level": 0}], [{"value": "<h3 class=\"about-title wow fadeInUp\" data-wow-delay=\"0.7s\">Search Engine Optimization</h3>", "level": 7}, {"value": "<p>Give your business an extra edge using search engine optimization. SEO or Search Engine Optimization is the process of optimizing the website to bring the websites position on the higher ranks on search engine results pages. Our SEO Package includes:</p>", "level": 0}, {"value": "<ul class=\"about-feature wow fadeInUp\" data-wow-delay=\"1.1s\">\n<li>Web Market Competition Analysis</li>\n<li>The Best Keyword Research</li>\n<li>Title Tag and META Tags Optimization</li>\n<li>XML Sitemap Creation</li>\n<li>Google Analytics Reporting</li>\n<li>On-site content planning</li>\n<li>Social bookmarking</li>\n<li>Blog commenting</li>\n<li>Article syndication</li>\n</ul>", "level": 0}, {"value": "<p>Through our in-depth knowledge and years of experience in On-Site and Off-Site optimization, SEO strategy making and result-oriented approach, we ensure you the best services for your website promotion. We provide all SEO services includingSEM (Search Engine Marketing) and SMO (Social Media Optimization). You can also view ourSEO Pakages Plans (On-Page &amp; Off-Page) for more information.</p>", "level": 0}], [{"value": "<h3>industry focus</h3>", "level": 7}, {"value": "<div class=\"row\">\n<div class=\"col-md-3 col-sm-6\">\n<p>Information Technology</p><p>Web Design and Development</p>\n</div>\n<div class=\"col-md-3 col-sm-6\">\n<p>Project Management</p><p>Product Management</p>\n</div>\n<div class=\"col-md-3 col-sm-6\">\n<p>Mobile Development</p><p>Search Engine Optimization</p>\n</div>\n<div class=\"col-md-3 col-sm-6\">\n<p>Quality Assurance</p>\n</div>\n</div>", "level": 0}], [{"value": "<h4>About Us</h4>", "level": 6}], [{"value": "<h2>About Our <span>Company</span></h2>", "level": 8}, {"value": "<p class=\"wow fadeInUp\" data-wow-delay=\"0.7s\">AGRANEE SOLUTIONS is an established software development company with an enviable &amp; proven track-record engaged in providing application development services, technology consulting and IT outsourcing solutions to clients worldwide.</p>", "level": 0}], [{"value": "<h3 class=\"about-title wow fadeInUp\" data-wow-delay=\"0.5s\">Our Mission</h3>", "level": 7}, {"value": "<p class=\"wow fadeInUp\" data-wow-delay=\"0.9s\">We are a company hoping to grow in software and IT services. Our vision is to become technology leader and one of the best IT service providers by developing best-of-its-class solutions, by developing long term relations with our clients and by innovation and implementation of our innovative solutions that facilitate faster, smarter and continuous growth of our clients.</p>", "level": 0}], [{"value": "<h3>Management</h3>", "level": 7}, {"value": "<p class=\"wow fadeInUp\" data-wow-delay=\"1.1s\">Our Management Team has decades of combined Technical as well as Management experience in different domains and with different roles. They have rich experience in working with all kind of companies ranging from start-ups to Billion Dollar Multinationals like IBM, Boeing, Telus,Yahoo, Adobe, Dropbox and many more.</p>", "level": 0}], [{"value": "<h3 class=\"about-title wow fadeInUp\" data-wow-delay=\"0.7s\">Vision</h3>", "level": 7}, {"value": "<p>Our Vision is to help people and corporations around the globe with their solutions. We believe in making our employees happy, which results in even happier clients.</p>", "level": 0}, {"value": "<div class=\"count text-center\">\n<i class=\"iconsmind-Project\"></i>\n<h2 data-counter=\"999\">1750</h2>\n<p>Complete Project</p>\n</div>", "level": 0}], [{"value": "<h2 data-counter=\"999\">1750</h2>", "level": 8}, {"value": "<p>Complete Project</p>", "level": 0}], [{"value": "<h2 data-counter=\"1200\">1800</h2>", "level": 8}, {"value": "<p>Satisfied Clients</p>", "level": 0}], [{"value": "<h2 data-counter=\"786\">2250</h2>", "level": 8}, {"value": "<p>Cups Of Coffee</p>", "level": 0}], [{"value": "<h2 data-counter=\"679\">11</h2>", "level": 8}, {"value": "<p>Awards won</p>", "level": 0}], [{"value": "<h4>Clients</h4>", "level": 6}], [{"value": "<h2>Our Valuable <span>Clients</span></h2>", "level": 8}], [{"value": "<h2>Career <span>@ AGRANEE</span></h2>", "level": 8}, {"value": "<p><strong>At AGRANEE, we believe in offering much more than just a job; we strive to give you a full-fledged growing career.</strong></p>", "level": 0}, {"value": "<p>If you have talent, we want you to be a part of our team. AGRANEE recognizes that even technology companies are people businesses, and that our greatest assets are our employees. We operate a lean but brilliant team, where innovation and creativity are encouraged and rewarded. Working with leading-edge technology, we have built a culture of collaboration, learning and fun, with the entire organization united behind the success of our product.</p>", "level": 0}, {"value": "<p><strong>To apply the given below positions, please send your resume at <a href=\"mailto:jobs@agranee.com\">jobs@agranee.com</a> with specific position.</strong></p>", "level": 0}], [{"value": "<h3>Full Stack Java/Web <span>Developer</span></h3>", "level": 7}, {"value": "<p><strong>Positions</strong> : 6</p>", "level": 0}, {"value": "<p><strong>Experience</strong> : 1-3 years</p>", "level": 0}, {"value": "<p><strong>Salary</strong> :$26 per hour for 35 hours per week</p>", "level": 0}], [{"value": "<h4><strong>Location</strong> : Burnaby, Canada</h4>", "level": 6}, {"value": "<div class=\"feature-box-two wow fadeInUp real-career-btn-2\" data-wow-delay=\"0.7s\">\n<h3>Android / iOS <span>Developer</span></h3>\n<p><strong>Positions :</strong> 1</p>\n<p><strong>Experience :</strong> 3+ years</p>\n<p><strong>Salary :</strong> As per Market Standard</p>\n<h4><strong>Location</strong> : Burnaby, Canada</h4>\n</div>", "level": 0}], [{"value": "<h3>Android / iOS <span>Developer</span></h3>", "level": 7}, {"value": "<p><strong>Positions :</strong> 1</p>", "level": 0}, {"value": "<p><strong>Experience :</strong> 3+ years</p>", "level": 0}, {"value": "<p><strong>Salary :</strong> As per Market Standard</p>", "level": 0}], [{"value": "<h4><strong>Location</strong> : Burnaby, Canada</h4>", "level": 6}, {"value": "<div class=\"feature-box-two wow fadeInUp real-career-btn-4\" data-wow-delay=\"0.5s\">\n<h3>Software Test Engineer <span>Automation</span></h3>\n<p><strong>Positions</strong> : 2</p>\n<p><strong>Experience</strong> : 2-3 years</p>\n<p><strong>Salary</strong> :$39-$41/hour for 35 hours per week</p>\n<h4><strong>Location</strong> : Burnaby, Canada</h4>\n</div>", "level": 0}], [{"value": "<h3>Software Test Engineer <span>Automation</span></h3>", "level": 7}, {"value": "<p><strong>Positions</strong> : 2</p>", "level": 0}, {"value": "<p><strong>Experience</strong> : 2-3 years</p>", "level": 0}, {"value": "<p><strong>Salary</strong> :$39-$41/hour for 35 hours per week</p>", "level": 0}], [{"value": "<h4><strong>Location</strong> : Burnaby, Canada</h4>", "level": 6}, {"value": "<div style=\"background-color:#97f0e6; padding: 10px 15px;\">\n<h3>Location: Canada</h3>\n</div>", "level": 0}], [{"value": "<h3>Location: Canada</h3>", "level": 7}, {"value": "<div style=\"padding: 8px 0px;\">\n<h4>Full Stack Java/Web Developer</h4>\n</div>", "level": 0}], [{"value": "<h4>Full Stack Java/Web Developer</h4>", "level": 6}, {"value": "<p><strong>Positions :</strong> 6<br/>\n<strong>Experience :</strong> 1-3 years<br/>\n<strong>Salary :</strong>$26 per hour for 35 hours per week<br/>\n<strong>Location :</strong> Vancouver, Canada<br/>\n<strong>Job Description :</strong> Agranee Solutions Ltd is looking for Full Stack Java/Web Developers to join our product team responsible for designing and developing web applications. As a key member of our team, you'll be responsible for the creative execution of new features and technology, designing and developing our web-based products.<br/>\n<strong>Mandatory Skills</strong></p>", "level": 0}, {"value": "<div style=\"padding-left:2em\">\n<ul>\n<li>Hands on experience with client-side development of web applications, including HTML, CSS, JavaScript in addition to advanced knowledge of web development techniques and knowledge of Java enterprise application development</li>\n<li>Experience with object-oriented JavaScript concepts and frameworks (including MVC patterns, JQuery and one of the following: Angular, Angular 2 and React)</li>\n<li>Knowledge of Data Structures in JavaScript</li>\n<li>Experience with JavaScript Testing best practices and unit testing, including knowledge of Jasmine or PhantomJS or other</li>\n<li>Strong understanding of Java programming language and best practices</li>\n<li>Travel to client locations to install intranet settings and educate clients on day to day operations.</li>\n<li>Experience with Java based web presentation frameworks (i.e. JSP\u2019s, JSF, other)</li>\n<li>Experience with Object-Oriented and Service-Oriented Architecture, applications design, object modeling and data modelling</li>\n<li>Version control systems (SVN,Git) and continuous integration systems (Bamboo, Jenkins)</li>\n<li>Highly developed analytical, problem solving, organizational and time management skills</li>\n<li>Experience working with agile/scrum software development methodology</li>\n<li>Develops cross platform desktop, mobile responsive web sites.</li>\n<li>Develops cross platform mobile responsive emails.</li>\n<li>Accurately translate designs from creative department to HTML/CSS.</li>\n<li>Experiment with and evaluate new technologies.</li>\n</ul>\n</div>", "level": 0}, {"value": "<strong>Qualifications</strong>", "level": 0}, {"value": "<div style=\"padding-left:2em\">\n<ul>\n<li><b>Education:</b> Diploma/Degree in Computer Science.</li>\n<li><b>Experience:</b> 3+ year experience developing HTML-based web content, JavaScript, CSS and Java Programming Language</li>\n<li><b>Other:</b> Must be able to read, write and speak English and work as part of a team and supervise them if required.</li>\n</ul>\n</div>", "level": 0}, {"value": "<div style=\"background-color:#97f0e6; padding: 10px 15px;\">\n<h3>Location: Canada</h3>\n</div>", "level": 0}], [{"value": "<h3>Location: Canada</h3>", "level": 7}, {"value": "<div style=\"padding: 8px 0px;\">\n<h4>Android / iOS Developer</h4>\n</div>", "level": 0}], [{"value": "<h4>Android / iOS Developer</h4>", "level": 6}, {"value": "<p><strong>Positions :</strong> 1<br/>\n<strong>Experience :</strong> 3+ years<br/>\n<strong>Salary :</strong> As per Market Standard<br/>\n<strong>Location :</strong> Toronto, Canada<br/>\n<strong>Job Description :</strong> Agranee Solutions is looking for a candidate to join our product team responsible for designing and building core components of our Andriod/iOS Applications. As a key member of our team, you'll be responsible for the creative execution of new features in our undrergoing product development.<br/>\n          It is essential that you have a strong working knowledge of Andriod/iOS to develop world class Applications. A familiarity with 2D/3D graphics for user interaction purposes is preferred.<br/>\n          This is a senior level position for mobile technology driven team.<br/>\n<strong>Mandatory Skills</strong></p>", "level": 0}, {"value": "<div style=\"padding-left:2em\">\n<ul>\n<li>Demonstrated experience leading a technical team.</li>\n<li>Experience developing technical architecture recommendations / diagrams.</li>\n<li>Experience working in a fast-paced, high demand environment.</li>\n<li>Proficiency with Java/J2EE and/or Objective C/Swift</li>\n<li>Proficiency with Designing, Creating and deploying Web services in environment like AWS and EC2</li>\n<li>Broad range of app experiences, and well versed in market trends and styles</li>\n<li>Knowledge of object oriented analysis and design.</li>\n<li>Experience in commercial software development with at least 3 years in mobile technology.</li>\n<li>University degree in software engineering or equivalent experience</li>\n</ul>\n</div>", "level": 0}, {"value": "<div style=\"background-color:#97f0e6; padding: 10px 15px;\">\n<h3>Location: India</h3>\n</div>", "level": 0}], [{"value": "<h3>Location: India</h3>", "level": 7}, {"value": "<div style=\"padding: 8px 0px;\">\n<h4>Android / iOS Developer</h4>\n</div>", "level": 0}], [{"value": "<h4>Android / iOS Developer</h4>", "level": 6}, {"value": "<p><strong>Positions :</strong> 1<br/>\n<strong>Experience :</strong> 3+ years<br/>\n<strong>Salary :</strong> No Bar for suitable Candidate<br/>\n<strong>Location :</strong> Pune, India<br/>\n<strong>Job Description :</strong> Agranee Solutions is looking for a candidate to join our product team responsible for designing and building core components of our Andriod/iOS Applications. As a key member of our team, you'll be responsible for the creative execution of new features in our undrergoing product development.<br/>\n          It is essential that you have a strong working knowledge of Andriod/iOS to develop world class Applications. A familiarity with 2D/3D graphics for user interaction purposes is preferred.<br/>\n          This is a senior level position for mobile technology driven team.<br/>\n<strong>Mandatory Skills</strong></p>", "level": 0}, {"value": "<div style=\"padding-left:2em\">\n<ul>\n<li>Demonstrated experience leading a technical team.</li>\n<li>Experience developing technical architecture recommendations / diagrams.</li>\n<li>Experience working in a fast-paced, high demand environment.</li>\n<li>Proficiency with Java/J2EE and/or Objective C/Swift</li>\n<li>Proficiency with Designing, Creating and deploying Web services in environment like AWS and EC2</li>\n<li>Broad range of app experiences, and well versed in market trends and styles</li>\n<li>Knowledge of object oriented analysis and design.</li>\n<li>Experience in commercial software development with at least 3 years in mobile technology.</li>\n<li>University degree in software engineering or equivalent experience</li>\n</ul>\n</div>", "level": 0}, {"value": "<div style=\"background-color:#97f0e6; padding: 10px 15px;\">\n<h3>Location: Canada</h3>\n</div>", "level": 0}], [{"value": "<h3>Location: Canada</h3>", "level": 7}, {"value": "<div style=\"padding: 8px 0px;\">\n<h4>Software Test Engineer- Automation</h4>\n</div>", "level": 0}], [{"value": "<h4>Software Test Engineer- Automation</h4>", "level": 6}, {"value": "<p><strong>Positions :</strong> 2<br/>\n<strong>Experience :</strong> 2 to 3 years<br/>\n<strong>Salary :</strong> $39 to $41 per hour for 35 hours per week<br/>\n<strong>Location :</strong> Burnaby, BC<br/>\n<strong>Job Description :</strong> Agranee Solutions has a strong QA team who are responsible for network server, endpoint, and UI/application testing, and are looking for 2 new Senior Test Engineers who are experienced in Agile Testing. The successful candidates will work to prevent delays that result from system bugs and errors being caught late in the development cycle.<br/>\n          This is a senior level position for mobile technology driven team.<br/>\n          Our ideal candidates will have 2-3 years hands-on experience with testing hardware, software and firmware components and an undergraduate degree in Computer Science, or equivalent. You also bring at least 2 years experience in each of the following:<br/>\n<strong>Mandatory Skills</strong></p>", "level": 0}, {"value": "<div style=\"padding-left:2em\">\n<ul>\n<li>Linux development environment experience.</li>\n<li>Testing experience in an Agile development environment.</li>\n<li>Proficiency with Java/J2EE or similar Object Oritend Programming Languages.</li>\n<li>Proficiency with Designing, Creating and deploying Web services in environment like AWS and EC2</li>\n<li>Broad range of Domain experiences, and well versed in market trends and styles</li>\n<li>Knowledge of object oriented analysis and design.</li>\n<li>University degree in software engineering or equivalent experience</li>\n</ul>\n</div>", "level": 0}, {"value": "<div class=\"feature-box-two wow fadeInUp real-career-btn-1\" data-wow-delay=\"0.5s\">\n<h3>Full Stack Java/Web <span>Developer</span></h3>\n<p><strong>Positions</strong> : 6</p>\n<p><strong>Experience</strong> : 1-3 years</p>\n<p><strong>Salary</strong> :$26 per hour for 35 hours per week</p>\n<h4><strong>Location</strong> : Vancouver, Canada</h4>\n</div>", "level": 0}], [{"value": "<h3>Full Stack Java/Web <span>Developer</span></h3>", "level": 7}, {"value": "<p><strong>Positions</strong> : 6</p>", "level": 0}, {"value": "<p><strong>Experience</strong> : 1-3 years</p>", "level": 0}, {"value": "<p><strong>Salary</strong> :$26 per hour for 35 hours per week</p>", "level": 0}], [{"value": "<h4><strong>Location</strong> : Vancouver, Canada</h4>", "level": 6}], [{"value": "<h3>Location: Canada</h3>", "level": 7}, {"value": "<div style=\"padding: 8px 0px;\">\n<h4>Full Stack Java/Web Developer</h4>\n</div>", "level": 0}], [{"value": "<h4>Full Stack Java/Web Developer</h4>", "level": 6}, {"value": "<p><strong>Positions :</strong> 6<br/>\n<strong>Experience :</strong> 1-3 years<br/>\n<strong>Salary :</strong>$26 per hour for 35 hours per week<br/>\n<strong>Location :</strong> Vancouver, Canada<br/>\n<strong>Job Description :</strong> Agranee Solutions Ltd is looking for Full Stack Java/Web Developers to join our product team responsible for designing and developing web applications. As a key member of our team, you'll be responsible for the creative execution of new features and technology, designing and developing our web-based products.<br/>\n<strong>Mandatory Skills</strong></p>", "level": 0}, {"value": "<div style=\"padding-left:2em\">\n<ul>\n<li>Hands on experience with client-side development of web applications, including HTML, CSS, JavaScript in addition to advanced knowledge of web development techniques and knowledge of Java enterprise application development</li>\n<li>Experience with object-oriented JavaScript concepts and frameworks (including MVC patterns, JQuery and one of the following: Angular, Angular 2 and React)</li>\n<li>Knowledge of Data Structures in JavaScript</li>\n<li>Experience with JavaScript Testing best practices and unit testing, including knowledge of Jasmine or PhantomJS or other</li>\n<li>Strong understanding of Java programming language and best practices</li>\n<li>Travel to client locations to install intranet settings and educate clients on day to day operations.</li>\n<li>Experience with Java based web presentation frameworks (i.e. JSP\u2019s, JSF, other)</li>\n<li>Experience with Object-Oriented and Service-Oriented Architecture, applications design, object modeling and data modelling</li>\n<li>Version control systems (SVN,Git) and continuous integration systems (Bamboo, Jenkins)</li>\n<li>Highly developed analytical, problem solving, organizational and time management skills</li>\n<li>Experience working with agile/scrum software development methodology</li>\n<li>Develops cross platform desktop, mobile responsive web sites.</li>\n<li>Develops cross platform mobile responsive emails.</li>\n<li>Accurately translate designs from creative department to HTML/CSS.</li>\n<li>Experiment with and evaluate new technologies.</li>\n</ul>\n</div>", "level": 0}, {"value": "<strong>Qualifications</strong>", "level": 0}, {"value": "<div style=\"padding-left:2em\">\n<ul>\n<li><b>Education:</b> Diploma/Degree in Computer Science.</li>\n<li><b>Experience:</b> 3+ year experience developing HTML-based web content, JavaScript, CSS and Java Programming Language</li>\n<li><b>Other:</b> Must be able to read, write and speak English and work as part of a team and supervise them if required.</li>\n</ul>\n</div>", "level": 0}], [{"value": "<h3>Android / iOS <span>Developer</span></h3>", "level": 7}, {"value": "<p><strong>Positions :</strong> 1</p>", "level": 0}, {"value": "<p><strong>Experience :</strong> 3+ years</p>", "level": 0}, {"value": "<p><strong>Salary :</strong> As per Market Standard</p>", "level": 0}], [{"value": "<h4><strong>Location</strong> : Toronto, Canada</h4>", "level": 6}], [{"value": "<h3>Location: Canada</h3>", "level": 7}, {"value": "<div style=\"padding: 8px 0px;\">\n<h4>Android / iOS Developer</h4>\n</div>", "level": 0}], [{"value": "<h4>Android / iOS Developer</h4>", "level": 6}, {"value": "<p><strong>Positions :</strong> 1<br/>\n<strong>Experience :</strong> 3+ years<br/>\n<strong>Salary :</strong> As per Market Standard<br/>\n<strong>Location :</strong> Toronto, Canada<br/>\n<strong>Job Description :</strong> Agranee Solutions is looking for a candidate to join our product team responsible for designing and building core components of our Andriod/iOS Applications. As a key member of our team, you'll be responsible for the creative execution of new features in our undrergoing product development.<br/>\n                It is essential that you have a strong working knowledge of Andriod/iOS to develop world class Applications. A familiarity with 2D/3D graphics for user interaction purposes is preferred.<br/>\n                This is a senior level position for mobile technology driven team.<br/>\n<strong>Mandatory Skills</strong></p>", "level": 0}, {"value": "<div style=\"padding-left:2em\">\n<ul>\n<li>Demonstrated experience leading a technical team.</li>\n<li>Experience developing technical architecture recommendations / diagrams.</li>\n<li>Experience working in a fast-paced, high demand environment.</li>\n<li>Proficiency with Java/J2EE and/or Objective C/Swift</li>\n<li>Proficiency with Designing, Creating and deploying Web services in environment like AWS and EC2</li>\n<li>Broad range of app experiences, and well versed in market trends and styles</li>\n<li>Knowledge of object oriented analysis and design.</li>\n<li>Experience in commercial software development with at least 3 years in mobile technology.</li>\n<li>University degree in software engineering or equivalent experience</li>\n</ul>\n</div>", "level": 0}], [{"value": "<h3>Android / iOS <span>Developer</span></h3>", "level": 7}, {"value": "<p><strong>Positions :</strong> 1</p>", "level": 0}, {"value": "<p><strong>Experience :</strong> 3+ years</p>", "level": 0}, {"value": "<p><strong>Salary :</strong> No Bar for suitable Candidate</p>", "level": 0}], [{"value": "<h4><strong>Location</strong> : Pune, India</h4>", "level": 6}], [{"value": "<h3>Location: India</h3>", "level": 7}, {"value": "<div style=\"padding: 8px 0px;\">\n<h4>Android / iOS Developer</h4>\n</div>", "level": 0}], [{"value": "<h4>Android / iOS Developer</h4>", "level": 6}, {"value": "<p><strong>Positions :</strong> 1<br/>\n<strong>Experience :</strong> 3+ years<br/>\n<strong>Salary :</strong> No Bar for suitable Candidate<br/>\n<strong>Location :</strong> Pune, India<br/>\n<strong>Job Description :</strong> Agranee Solutions is looking for a candidate to join our product team responsible for designing and building core components of our Andriod/iOS Applications. As a key member of our team, you'll be responsible for the creative execution of new features in our undrergoing product development.<br/>\n                It is essential that you have a strong working knowledge of Andriod/iOS to develop world class Applications. A familiarity with 2D/3D graphics for user interaction purposes is preferred.<br/>\n                This is a senior level position for mobile technology driven team.<br/>\n<strong>Mandatory Skills</strong></p>", "level": 0}, {"value": "<div style=\"padding-left:2em\">\n<ul>\n<li>Demonstrated experience leading a technical team.</li>\n<li>Experience developing technical architecture recommendations / diagrams.</li>\n<li>Experience working in a fast-paced, high demand environment.</li>\n<li>Proficiency with Java/J2EE and/or Objective C/Swift</li>\n<li>Proficiency with Designing, Creating and deploying Web services in environment like AWS and EC2</li>\n<li>Broad range of app experiences, and well versed in market trends and styles</li>\n<li>Knowledge of object oriented analysis and design.</li>\n<li>Experience in commercial software development with at least 3 years in mobile technology.</li>\n<li>University degree in software engineering or equivalent experience</li>\n</ul>\n</div>", "level": 0}, {"value": "<div style=\"background-color:#97f0e6; padding: 10px 15px;\">\n<h3>Location: Canada</h3>\n</div>", "level": 0}], [{"value": "<h3>Location: Canada</h3>", "level": 7}, {"value": "<div style=\"padding: 8px 0px;\">\n<h4>Software Test Engineer - Automation</h4>\n</div>", "level": 0}], [{"value": "<h4>Software Test Engineer - Automation</h4>", "level": 6}, {"value": "<p><strong>Positions :</strong> 2<br/>\n<strong>Experience :</strong> 2-3 years<br/>\n<strong>Salary :</strong> $39 to $41 per hour for 35 hours per week<br/>\n<strong>Location :</strong> Burnaby, BC<br/>\n<strong>Job Description :</strong> Agranee Solutions has a strong QA team who are responsible for network server, endpoint, and UI/application testing, and are looking for 2 new Senior Test Engineers who are experienced in Agile Testing. The successful candidates will work to prevent delays that result from system bugs and errors being caught late in the development cycle.<br/>\n          This is a senior level position for mobile technology driven team.<br/>\n          Our ideal candidates will have 2-3 years hands-on experience with testing hardware, software and firmware components and an undergraduate degree in Computer Science, or equivalent. You also bring at least 2 years experience in each of the following:<br/>\n<strong>Mandatory Skills</strong></p>", "level": 0}, {"value": "<div style=\"padding-left:2em\">\n<ul>\n<li>Linux development environment experience.</li>\n<li>Testing experience in an Agile development environment.</li>\n<li>Proficiency with Java/J2EE or similar Object Oritend Programming Languages.</li>\n<li>Proficiency with Designing, Creating and deploying Web services in environment like AWS and EC2</li>\n<li>Version control systems (SVN,Git) and continuous integration systems (Bamboo, Jenkins)</li>\n<li>Broad range of Domain experiences, and well versed in market trends and styles</li>\n<li>Knowledge of object oriented analysis and design.</li>\n<li>University degree in software engineering or equivalent experience</li>\n</ul>\n</div>", "level": 0}, {"value": "<div class=\"section-title text-center\">\n<h4>Get In Touch</h4>\n<h2>Contact Us</h2>\n</div>", "level": 0}], [{"value": "<h4>Get In Touch</h4>", "level": 6}], [{"value": "<h2>Contact Us</h2>", "level": 8}, {"value": "<form action=\"mail.php\" id=\"gp-contact-form-four\" method=\"POST\" name=\"appai_message_form\" onsubmit=\"return contactvalid()\">\n<div class=\"row\">\n<div class=\"col-md-6\">\n<div class=\"form-group\">\n<input class=\"form-control\" id=\"name-two\" name=\"your_name\" placeholder=\"Your Name*\" type=\"text\"/>\n</div>\n</div>\n<div class=\"col-md-6\">\n<div class=\"form-group\">\n<input class=\"form-control\" id=\"email\" name=\"your_mail\" placeholder=\"Email Address*\" type=\"email\"/>\n</div>\n</div>\n<div class=\"col-md-6\">\n<div class=\"form-group\">\n<input class=\"form-control\" name=\"your_subject\" placeholder=\"Your Subject*\" type=\"text\"/>\n</div>\n</div>\n<div class=\"col-md-6\">\n<div class=\"form-group\">\n<input class=\"form-control\" name=\"your_phone\" placeholder=\"Phone Number*\" type=\"text\"/>\n</div>\n</div>\n</div>\n<div class=\"form-group\">\n<textarea class=\"form-control\" name=\"your_message\" placeholder=\"Write Message*\" rows=\"3\"></textarea>\n</div>\n<div class=\"form-group\">\n<div class=\"captcha\"><div class=\"g-recaptcha\" data-sitekey=\"6Le_6E0UAAAAAME8utk5JGIrbFOgqsvT9aD3zPAE\"></div></div>\n</div>\n<button class=\"gp-btn\" type=\"submit\">SEND MESSAGE <span></span></button>\n</form>", "level": 0}, {"value": "<p>You may e-mail us at <a href=\"mailto:info@agranee.ca\">info@agranee.ca</a></p>", "level": 0}], [{"value": "<h4>Locations</h4>", "level": 6}], [{"value": "<h2>Our <span>Locations</span></h2>", "level": 8}, {"value": "<aside class=\"widget widget_archive\" id=\"archives\">\n<h3 class=\"widget-title\">Canada Office</h3>\n<h4>Phone - +1 - (778) - 869- 2648</h4>\n<p>\u00a0</p>\n<h5>Headquarters, Vancouver, Canada</h5>\n<p>#208 - B-7877 Kingsway<br/>\n          Burnaby, BC, V3N 3E4<br/>\n        Canada</p>\n<h5>Toronto, Canada</h5>\n<p>#600 - 3250 Bloor Street West<br/>\n          Toronto, ON, M8X 2X9<br/>\n        Canada</p>\n</aside>", "level": 0}], [{"value": "<h3 class=\"widget-title\">Canada Office</h3>", "level": 7}], [{"value": "<h4>Phone - +1 - (778) - 869- 2648</h4>", "level": 6}], [{"value": "<h5>Headquarters, Vancouver, Canada</h5>", "level": 5}, {"value": "<p>#208 - B-7877 Kingsway<br/>\n          Burnaby, BC, V3N 3E4<br/>\n        Canada</p>", "level": 0}], [{"value": "<h5>Toronto, Canada</h5>", "level": 5}, {"value": "<p>#600 - 3250 Bloor Street West<br/>\n          Toronto, ON, M8X 2X9<br/>\n        Canada</p>", "level": 0}], [{"value": "<h3 class=\"widget-title\">USA Office</h3>", "level": 7}], [{"value": "<h4>Phone - +1 - (650) - 646- 9738</h4>", "level": 6}], [{"value": "<h5>Menlo Park, California, USA</h5>", "level": 5}, {"value": "<p>#114 - 3705 Haven Avenue<br/>Menlo Park, CA, 94025<br/>USA</p>", "level": 0}], [{"value": "<h3 class=\"widget-title\">India Office</h3>", "level": 7}], [{"value": "<h4>Phone - +91 - 97-65-39-7788</h4>", "level": 6}], [{"value": "<h5>Pune, India</h5>", "level": 5}, {"value": "<p>Office No \u2013 423, 4<sup>th</sup> Floor<br/>East Block, Amanora Chambers<br/>Hadapasar, Pune, Maharastra<br/>India<br/>Pin - 411028</p>", "level": 0}], [{"value": "<h5>Patna, India</h5>", "level": 5}, {"value": "<p>304, Ram Krishna Amar Villa,<br/>New PP Colony, Patna, Bihar<br/>India<br/>Pin - 800013</p>", "level": 0}, {"value": "<div class=\"footer-about\">\n<div class=\"footer-logo\"> <a href=\"index.html\"><img alt=\"Agranee\" src=\"assets/img/site-logo.png\"/></a> </div>\n<p> We are a company hoping to grow in software and IT services. Our vision is to become technology leader and one of the best IT service providers by developing best-of-its-class solutions, by developing long term relations with our clients and by innovation and implementation of our innovative solutions that facilitate faster, smarter and continuous growth of our clients.</p>\n</div>", "level": 0}], [{"value": "<h3 class=\"footer-title\">Technology Focus</h3>", "level": 7}, {"value": "<ul>\n<li style=\"color:#FFFFFF\">Java / J2EE</li>\n<li style=\"color:#FFFFFF\">.NET</li>\n<li style=\"color:#FFFFFF\">C / C++</li>\n<li style=\"color:#FFFFFF\">Oracle / DB2/ MS SQL Server</li>\n<li style=\"color:#FFFFFF\">Visual Basic (VB)</li>\n<li style=\"color:#FFFFFF\">PHP</li>\n<li style=\"color:#FFFFFF\">Mainframes</li>\n<li style=\"color:#FFFFFF\">Quality Assurance</li></ul>", "level": 0}, {"value": "<div id=\"instagram-feed\">\n<h3 class=\"footer-title\">our valuable clients</h3>\n<ul>\n<li> <img alt=\"insta thumb\" src=\"media/instagram/1.jpg\"/> </li>\n<li> <img alt=\"insta thumb\" src=\"media/instagram/2.jpg\"/> </li>\n<li> <img alt=\"insta thumb\" src=\"media/instagram/3.jpg\"/> </li>\n<li> <img alt=\"insta thumb\" src=\"media/instagram/4.jpg\"/> </li>\n<li> <img alt=\"insta thumb\" src=\"media/instagram/5.jpg\"/> </li>\n<li> <img alt=\"insta thumb\" src=\"media/instagram/6.jpg\"/> </li>\n</ul>\n</div>", "level": 0}], [{"value": "<h3 class=\"footer-title\">our valuable clients</h3>", "level": 7}, {"value": "<div class=\"copy-right\">\n<div class=\"container\">\n<div class=\"row\">\n<div class=\"col-md-6 col-sm-12\">\n<p>\u00a9 2018 Agranee Solutions Ltd\u00c2\u00b7 All Rights reserved.</p>\n</div>\n<div class=\"col-md-6 col-sm-12\">\n<ul class=\"footer-soclink text-right\">\n<li><a href=\"https://www.facebook.com/pages/Agranee-Solutions-Ltd/113738915361866\" target=\"_blank\"><i class=\"fa fa-facebook\"></i></a></li>\n<li><a href=\"https://twitter.com/agranee1\" target=\"_blank\"><i class=\"fa fa-twitter\"></i></a></li>\n<li><a href=\"http://www.linkedin.com/company/agranee-solutions-pvt.-ltd.\" target=\"_blank\"><i class=\"fa fa-linkedin\"></i></a></li>\n</ul>\n</div>\n</div>\n<!-- /.row -->\n</div>\n</div>", "level": 0}]]