[[{"value": "<h2>Privacy Policy</h2>", "level": 8}, {"value": "<p> Munir built the MySymphony app as a Free app. This SERVICE is provided by Munir at no cost and is intended for use as is.\n                  </p>", "level": 0}, {"value": "<p>This page is used to inform website visitors regarding my policies with the collection, use, and\n                    disclosure of Personal Information if anyone decided to use my Service.\n                  </p>", "level": 0}, {"value": "<p>If you choose to use my Service, then you agree to the collection and use of information in relation\n                    to this policy. The Personal Information that I collect is used for providing and improving the\n                    Service. I will not use or share your information with anyone except as described\n                    in this Privacy Policy.\n                  </p>", "level": 0}, {"value": "<p>The terms used in this Privacy Policy have the same meanings as in our Terms and Conditions, which is accessible\n                    at MySymphony unless otherwise defined in this Privacy Policy.\n                  </p>", "level": 0}], [{"value": "<p><strong>Information Collection and Use</strong></p>", "level": 1}, {"value": "<p>For a better experience, while using our Service, I may require you to provide us with certain\n                    personally identifiable information, including but not limited to Passionate android developer. The information that I request is retained on your device and is not collected by me in any way\n                  </p>", "level": 0}, {"value": "<p>The app does use third party services that may collect information used to identify you.</p>", "level": 0}, {"value": "<div><p>Link to privacy policy of third party service providers used by the app</p> <ul><li><a href=\"https://www.google.com/policies/privacy/\" target=\"_blank\">Google Play Services</a></li> <!-- --> <!-- --> <!-- --> <!-- --> <!-- --></ul></div>", "level": 0}], [{"value": "<p><strong>Log Data</strong></p>", "level": 1}, {"value": "<p> I want to inform you that whenever you use my Service, in a case of an\n                    error in the app I collect data and information (through third party products) on your phone\n                    called Log Data. This Log Data may include information such as your device Internet Protocol (\u00e2\u0080\u009cIP\u00e2\u0080\u009d) address,\n                    device name, operating system version, the configuration of the app when utilizing my Service,\n                    the time and date of your use of the Service, and other statistics.\n                  </p>", "level": 0}], [{"value": "<p><strong>Cookies</strong></p>", "level": 1}, {"value": "<p>Cookies are files with small amount of data that is commonly used an anonymous unique identifier. These\n                    are sent to your browser from the website that you visit and are stored on your device internal memory.\n                  </p>", "level": 0}, {"value": "<p>This Service does not use these \u00e2\u0080\u009ccookies\u00e2\u0080\u009d explicitly. However, the app may use third party code and libraries\n                    that use \u00e2\u0080\u009ccookies\u00e2\u0080\u009d to collection information and to improve their services. You have the option to either\n                    accept or refuse these cookies and know when a cookie is being sent to your device. If you choose to\n                    refuse our cookies, you may not be able to use some portions of this Service.\n                  </p>", "level": 0}], [{"value": "<p><strong>Service Providers</strong></p>", "level": 1}, {"value": "<p> I may employ third-party companies and individuals due to the following reasons:</p>", "level": 0}, {"value": "<ul><li>To facilitate our Service;</li> <li>To provide the Service on our behalf;</li> <li>To perform Service-related services; or</li> <li>To assist us in analyzing how our Service is used.</li></ul>", "level": 0}, {"value": "<p> I want to inform users of this Service that these third parties have access to your\n                    Personal Information. The reason is to perform the tasks assigned to them on our behalf. However, they\n                    are obligated not to disclose or use the information for any other purpose.\n                  </p>", "level": 0}], [{"value": "<p><strong>Security</strong></p>", "level": 1}, {"value": "<p> I value your trust in providing us your Personal Information, thus we are striving\n                    to use commercially acceptable means of protecting it. But remember that no method of transmission over\n                    the internet, or method of electronic storage is 100% secure and reliable, and I cannot guarantee\n                    its absolute security.\n                  </p>", "level": 0}], [{"value": "<p><strong>Links to Other Sites</strong></p>", "level": 1}, {"value": "<p>This Service may contain links to other sites. If you click on a third-party link, you will be directed\n                    to that site. Note that these external sites are not operated by me. Therefore, I strongly\n                    advise you to review the Privacy Policy of these websites. I have no control over\n                    and assume no responsibility for the content, privacy policies, or practices of any third-party sites\n                    or services.\n                  </p>", "level": 0}], [{"value": "<p><strong>Children\u00e2\u0080\u0099s Privacy</strong></p>", "level": 1}, {"value": "<p>These Services do not address anyone under the age of 13. I do not knowingly collect\n                    personally identifiable information from children under 13. In the case I discover that a child\n                    under 13 has provided me with personal information, I immediately delete this from\n                    our servers. If you are a parent or guardian and you are aware that your child has provided us with personal\n                    information, please contact me so that I will be able to do necessary actions.\n                  </p>", "level": 0}], [{"value": "<p><strong>Changes to This Privacy Policy</strong></p>", "level": 1}, {"value": "<p> I may update our Privacy Policy from time to time. Thus, you are advised to review\n                    this page periodically for any changes. I will notify you of any changes by posting\n                    the new Privacy Policy on this page. These changes are effective immediately after they are posted on\n                    this page.\n                  </p>", "level": 0}], [{"value": "<p><strong>Contact Us</strong></p>", "level": 1}, {"value": "<p>If you have any questions or suggestions about my Privacy Policy, do not hesitate to contact\n                    me.\n                  </p>", "level": 0}, {"value": "<p>This privacy policy page was created at <a href=\"https://privacypolicytemplate.net\" target=\"_blank\">privacypolicytemplate.net</a>                    and modified/generated by <a href=\"https://app-privacy-policy-generator.firebaseapp.com/\" target=\"_blank\">App Privacy Policy Generator</a></p>", "level": 0}]]