[[{"value": "<div class=\"grayText\"><strong>When do we collect information?</strong></div>", "level": 1}, {"value": "<div class=\"innerText\">We collect information from you when you or enter information on our site.</div>", "level": 0}, {"value": "<div class=\"grayText\"><strong>How do we use your information? </strong></div>", "level": 0}, {"value": "<div class=\"innerText\"> We may use the information we collect from you when you register, sign up for our applications, respond to a survey , or use certain other site features in the following ways:<br/><br/></div>", "level": 0}, {"value": "<div class=\"innerText\">\u00a0\u00a0\u00a0\u00a0\u00a0 <strong>\u2022</strong> To personalize your experience and to allow us to deliver the type of content and product offerings in which you are most interested.</div>", "level": 0}], [{"value": "<div class=\"grayText\"><strong>How do we protect your information?</strong></div>", "level": 1}, {"value": "<div class=\"innerText\">We do not use vulnerability scanning and/or scanning to PCI standards.</div>", "level": 0}, {"value": "<div class=\"innerText\">We do collect credit card information, but did not know PCI compliant scans are now required.</div>", "level": 0}, {"value": "<div class=\"innerText\">We do not use Malware Scanning.<br/><br/></div>", "level": 0}, {"value": "<div class=\"innerText\">We do not use an SSL certificate</div>", "level": 0}, {"value": "<div class=\"innerText\">\u00a0\u00a0\u00a0\u00a0\u00a0 <strong>\u2022</strong> We only provide articles and information. We never ask for personal or private information like names, email addresses, or credit card numbers.</div>", "level": 0}], [{"value": "<div class=\"grayText\"><strong>Do we use 'cookies'?</strong></div>", "level": 1}, {"value": "<div class=\"innerText\">We do not use cookies for tracking purposes </div>", "level": 0}, {"value": "<div class=\"innerText\"><br/>You can choose to have your computer warn you each time a cookie is being sent, or you can choose to turn off all cookies. You do this through your browser settings. Since browser is a little different, look at your browser's Help Menu to learn the correct way to modify your cookies.<br/></div>", "level": 0}, {"value": "<div class=\"innerText\">If you turn cookies off, some features will be disabled. that make your site experience more efficient and may not function properly.</div>", "level": 0}, {"value": "<div class=\"innerText\">However, you will still be able to place orders .</div>", "level": 0}], [{"value": "<div class=\"grayText\"><strong>Third-party disclosure</strong></div>", "level": 1}, {"value": "<div class=\"innerText\">We do not sell, trade, or otherwise transfer to outside parties your Personally Identifiable Information.</div>", "level": 0}], [{"value": "<div class=\"grayText\"><strong>Third-party links</strong></div>", "level": 1}, {"value": "<div class=\"innerText\">We do not include or offer third-party products or services on our website.</div>", "level": 0}], [{"value": "<div class=\"blueText\"><strong>Google</strong></div>", "level": 1}, {"value": "<div class=\"innerText\">Google's advertising requirements can be summed up by Google's Advertising Principles. They are put in place to provide a positive experience for users. https://support.google.com/adwordspolicy/answer/1316548?hl=en <br/><br/></div>", "level": 0}, {"value": "<div class=\"innerText\">We have not enabled Google AdSense on our site but we may do so in the future.</div>", "level": 0}], [{"value": "<div class=\"blueText\"><strong>COPPA (Children Online Privacy Protection Act)</strong></div>", "level": 1}, {"value": "<div class=\"innerText\">When it comes to the collection of personal information from children under the age of 13 years old, the Children's Online Privacy Protection Act (COPPA) puts parents in control.  The Federal Trade Commission, United States' consumer protection agency, enforces the COPPA Rule, which spells out what operators of websites and online services must do to protect children's privacy and safety online.<br/><br/></div>", "level": 0}, {"value": "<div class=\"innerText\">We do not specifically market to children under the age of 13 years old.</div>", "level": 0}], [{"value": "<div class=\"blueText\"><strong>Fair Information Practices</strong></div>", "level": 1}, {"value": "<div class=\"innerText\">The Fair Information Practices Principles form the backbone of privacy law in the United States and the concepts they include have played a significant role in the development of data protection laws around the globe. Understanding the Fair Information Practice Principles and how they should be implemented is critical to comply with the various privacy laws that protect personal information.<br/><br/></div>", "level": 0}, {"value": "<div class=\"innerText\"><strong>In order to be in line with Fair Information Practices we will take the following responsive action, should a data breach occur:</strong></div>", "level": 0}, {"value": "<div class=\"innerText\">We will notify the users via in-site notification</div>", "level": 0}, {"value": "<div class=\"innerText\">\u00a0\u00a0\u00a0\u00a0\u00a0 <strong>\u2022</strong> Within 7 business days</div>", "level": 0}, {"value": "<div class=\"innerText\"><br/>We also agree to the Individual Redress Principle which requires that individuals have the right to legally pursue enforceable rights against data collectors and processors who fail to adhere to the law. This principle requires not only that individuals have enforceable rights against data users, but also that individuals have recourse to courts or government agencies to investigate and/or prosecute non-compliance by data processors.</div>", "level": 0}], [{"value": "<div class=\"blueText\"><strong>CAN SPAM Act</strong></div>", "level": 1}, {"value": "<div class=\"innerText\">The CAN-SPAM Act is a law that sets the rules for commercial email, establishes requirements for commercial messages, gives recipients the right to have emails stopped from being sent to them, and spells out tough penalties for violations.<br/><br/></div>", "level": 0}], [{"value": "<div class=\"innerText\"><strong>We collect your email address in order to:</strong></div>", "level": 1}, {"value": "<div class=\"innerText\">\u00a0\u00a0\u00a0\u00a0\u00a0 <strong>\u2022</strong> Send information, respond to inquiries, and/or other requests or questions</div>", "level": 0}], [{"value": "<div class=\"innerText\"><br/><strong>To be in accordance with CANSPAM, we agree to the following:</strong></div>", "level": 1}, {"value": "<div class=\"innerText\">\u00a0\u00a0\u00a0\u00a0\u00a0 <strong>\u2022</strong> Not use false or misleading subjects or email addresses.</div>", "level": 0}, {"value": "<div class=\"innerText\"><strong><br/>If at any time you would like to unsubscribe from receiving future emails, you can email us at</strong></div>", "level": 0}, {"value": "<strong>ALL</strong>", "level": 0}], [{"value": "<div class=\"blueText\"><strong>Contacting Us</strong></div>", "level": 1}, {"value": "<div class=\"innerText\">If there are any questions regarding this privacy policy, you may contact us using the information below.<br/><br/></div>", "level": 0}, {"value": "<div class=\"innerText\">ABR Systems Private Ltd</div>", "level": 0}, {"value": "<div class=\"innerText\">#35 / B, J.B. Complex Second Floor (Opp Maruthi Show Room) Promenade Road, Cantonment,</div>", "level": 0}, {"value": "<div class=\"innerText\">India</div>", "level": 0}, {"value": "<div class=\"innerText\">info@abrsys.com</div>", "level": 0}, {"value": "<div class=\"innerText\">+914314001232</div>", "level": 0}, {"value": "<div class=\"innerText\"><br/>Last Edited on 2017-02-03</div>", "level": 0}]]