[[{"value": "<h1>presence</h1>", "level": 9}, {"value": "<a class=\"cta\" href=\"/requestdemo\">Request Demo</a>", "level": 0}, {"value": "<div class=\"menu-main-container\"><ul class=\"hidden-sm hidden-xs\"><li class=\"menu-item menu-item-type-post_type menu-item-object-page menu-item-has-children menu-item-14081\"><a href=\"http://www.presence.io/product/\" title=\"Product\">Product</a>\n<ul class=\"sub-menu\">\n<li class=\"menu-item menu-item-type-post_type menu-item-object-page menu-item-32581\"><a href=\"http://www.presence.io/product/manage-and-simplify-processes/\">Manage &amp; Simplify Processes</a></li>\n<li class=\"menu-item menu-item-type-post_type menu-item-object-page menu-item-32591\"><a href=\"http://www.presence.io/product/track-student-involvement-with-card-swipe-mobile-devices/\">Track Student Involvement</a></li>\n<li class=\"menu-item menu-item-type-post_type menu-item-object-page menu-item-32601\"><a href=\"http://www.presence.io/product/assess-behaviors-trends/\">Assess Behaviors &amp; Trends</a></li>\n<li class=\"menu-item menu-item-type-post_type menu-item-object-page menu-item-32611\"><a href=\"http://www.presence.io/product/engage-more-students/\">Engage More Students</a></li>\n<li class=\"menu-item menu-item-type-post_type menu-item-object-page menu-item-87614\"><a href=\"http://www.presence.io/product/encourage-measure-experiential-learning/\">Encourage &amp; Measure Experiential Learning</a></li>\n</ul>\n</li>\n<li class=\"menu-item menu-item-type-custom menu-item-object-custom menu-item-has-children menu-item-56031\"><a href=\"http://www.presence.io/solutions/increase-student-engagement-leadership/\">Solutions</a>\n<ul class=\"sub-menu\">\n<li class=\"menu-item menu-item-type-post_type menu-item-object-page menu-item-14111\"><a href=\"http://www.presence.io/solutions/increase-student-engagement-leadership/\">Increase Student Engagement &amp; Leadership</a></li>\n<li class=\"menu-item menu-item-type-post_type menu-item-object-page menu-item-14121\"><a href=\"http://www.presence.io/solutions/understand-and-improve-rentention/\">Understand &amp; Improve Retention</a></li>\n<li class=\"menu-item menu-item-type-post_type menu-item-object-page menu-item-29021\"><a href=\"http://www.presence.io/solutions/learn-elevate-with-insightful-assessment/\">Learn &amp; Elevate with Insightful Assessment</a></li>\n<li class=\"menu-item menu-item-type-post_type menu-item-object-page menu-item-86414\"><a href=\"http://www.presence.io/solutions/encourage-measure-student-learning/\">Encourage &amp; Measure Student Learning</a></li>\n<li class=\"menu-item menu-item-type-post_type menu-item-object-page menu-item-29081\"><a href=\"http://www.presence.io/solutions/save-resources-simplify-processes/\">Save Resources &amp; Simplify Processes</a></li>\n</ul>\n</li>\n<li class=\"menu-item menu-item-type-custom menu-item-object-custom menu-item-has-children menu-item-56021\"><a href=\"http://www.presence.io/customers/\">Customers</a>\n<ul class=\"sub-menu\">\n<li class=\"menu-item menu-item-type-post_type menu-item-object-page menu-item-14141\"><a href=\"http://www.presence.io/customers/student-affairs-officers/\">Student Affairs Officers</a></li>\n<li class=\"menu-item menu-item-type-post_type menu-item-object-page menu-item-28911\"><a href=\"http://www.presence.io/customers/student-involvement-staff/\">Student Involvement Staff</a></li>\n<li class=\"menu-item menu-item-type-post_type menu-item-object-page menu-item-28901\"><a href=\"http://www.presence.io/customers/student-leaders/\">Student Leaders</a></li>\n</ul>\n</li>\n<li class=\"menu-item menu-item-type-post_type menu-item-object-page menu-item-67784\"><a href=\"http://www.presence.io/blog/\">Blog</a></li>\n<li class=\"menu-item menu-item-type-post_type menu-item-object-page menu-item-has-children menu-item-32551\"><a href=\"http://www.presence.io/resources/\">Resources</a>\n<ul class=\"sub-menu\">\n<li class=\"menu-item menu-item-type-post_type menu-item-object-page menu-item-29092\"><a href=\"http://www.presence.io/blog/\">Blog</a></li>\n<li class=\"menu-item menu-item-type-post_type menu-item-object-page menu-item-87604\"><a href=\"http://www.presence.io/resources/complete-guide-cocurricular/\">The Complete Guide to Co-Curricular Learning</a></li>\n<li class=\"menu-item menu-item-type-post_type menu-item-object-page menu-item-29102\"><a href=\"http://www.presence.io/campus-culture-academy/\">Campus Culture Academy</a></li>\n<li class=\"menu-item menu-item-type-post_type menu-item-object-page menu-item-32561\"><a href=\"http://www.presence.io/resources/\">More</a></li>\n</ul>\n</li>\n<li class=\"menu-item menu-item-type-custom menu-item-object-custom menu-item-has-children menu-item-14201\"><a href=\"/company/about\">Company</a>\n<ul class=\"sub-menu\">\n<li class=\"menu-item menu-item-type-post_type menu-item-object-page menu-item-14171\"><a href=\"http://www.presence.io/company/about/\">About</a></li>\n<li class=\"menu-item menu-item-type-post_type menu-item-object-page menu-item-77804\"><a href=\"http://www.presence.io/company/happiness/\">Customer Happiness</a></li>\n<li class=\"menu-item menu-item-type-post_type menu-item-object-page menu-item-67424\"><a href=\"http://www.presence.io/company/inclusion/\">Inclusion And Diversity</a></li>\n<li class=\"menu-item menu-item-type-post_type menu-item-object-page menu-item-14181\"><a href=\"http://www.presence.io/company/team/\">Team</a></li>\n<li class=\"menu-item menu-item-type-post_type menu-item-object-page menu-item-14191\"><a href=\"http://www.presence.io/company/careers/\">Careers</a></li>\n</ul>\n</li>\n</ul></div>", "level": 0}, {"value": "<span class=\"shifter-handle visible-sm visible-xs\">Menu</span>", "level": 0}, {"value": "<div class=\"product-menu\">\n<div class=\"center\">\n<ul class=\"row\">\n<li>\n<a href=\"http://www.presence.io/product/manage-and-simplify-processes/\">\n<div class=\"icon\">\n<img alt=\"\" src=\"http://www.presence.io/wp-content/themes/presence/i/product-menu-icons/manage.png\"/>\n</div>\n<div class=\"title\">\n\t\t\t\t\t\t\t\t\t\tManage &amp; Simplify Processes\n\t\t\t\t\t\t\t\t\t</div>\n<div class=\"desc\">Simplify complicated and inconsistent practices by standardizing how involvement opportunities are structured and advertised.</div>\n<div class=\"clearfix\"></div>\n</a>\n</li>\n<li>\n<a href=\"http://www.presence.io/product/track-student-involvement-with-card-swipe-mobile-devices/\">\n<div class=\"icon\">\n<img alt=\"\" src=\"http://www.presence.io/wp-content/themes/presence/i/product-menu-icons/track.png\"/>\n</div>\n<div class=\"title\">\n\t\t\t\t\t\t\t\t\t\tTrack Student Involvement\n\t\t\t\t\t\t\t\t\t</div>\n<div class=\"desc\">Collect and verify participation information with mobile devices to better understand student engagement.</div>\n<div class=\"clearfix\"></div>\n</a>\n</li>\n<li>\n<a href=\"http://www.presence.io/product/assess-behaviors-trends/\">\n<div class=\"icon\">\n<img alt=\"\" src=\"http://www.presence.io/wp-content/themes/presence/i/product-menu-icons/assess.png\"/>\n</div>\n<div class=\"title\">\n\t\t\t\t\t\t\t\t\t\tAssess Behaviors &amp; Trends\n\t\t\t\t\t\t\t\t\t</div>\n<div class=\"desc\">Visually identify trends, compare effectiveness, and make data-driven decisions to better engagement, improving retention.</div>\n<div class=\"clearfix\"></div>\n</a>\n</li>\n<li>\n<a href=\"http://www.presence.io/product/engage-more-students/\">\n<div class=\"icon\">\n<img alt=\"\" src=\"http://www.presence.io/wp-content/themes/presence/i/product-menu-icons/engage.png\"/>\n</div>\n<div class=\"title\">\n\t\t\t\t\t\t\t\t\t\tEngage More Students\n\t\t\t\t\t\t\t\t\t</div>\n<div class=\"desc\">Reach students where they are - on web and mobile - with branded assets that get students involved.</div>\n<div class=\"clearfix\"></div>\n</a>\n</li>\n<li>\n<a href=\"http://www.presence.io/product/encourage-measure-experiential-learning/\">\n<div class=\"icon\">\n<img alt=\"\" src=\"http://www.presence.io/wp-content/themes/presence/i/product-menu-icons/learn.png\"/>\n</div>\n<div class=\"title\">\n\t\t\t\t\t\t\t\t\t\tEncourage &amp; Measure Learning\n\t\t\t\t\t\t\t\t\t</div>\n<div class=\"desc\">Design, build, and map learning outcomes to experiences and gamify involvement with our SmartTranscript.</div>\n<div class=\"clearfix\"></div>\n</a>\n</li>\n</ul>\n<div class=\"clearfix\"></div>\n</div>\n</div>", "level": 0}, {"value": "<div class=\"stories col-md-9\">\n<h2>Featured Success Stories</h2>\n<div class=\"stories row\">\n<div class=\"story col-md-4\">\n<a class=\"card\" href=\"http://www.presence.io/customers/success-stories/lynn-university/\">\n<div class=\"card-header\" style=\"background-image:url(http://www.presence.io/wp-content/uploads/2018/01/lynn.jpg);\">\n<div class=\"overlay\" style=\"background-color:rgba(139, 211, 230, 0.9);\">\n<div class=\"title\">Lynn University</div>\n</div>\n</div>\n<div class=\"card-body\">\n<p>An Early Adopter\u00e2\u0080\u0099s Journey to Data Confidence</p>\n</div>\n</a>\n</div>\n<div class=\"story col-md-4\">\n<a class=\"card\" href=\"http://www.presence.io/customers/success-stories/concordia-st-paul/\">\n<div class=\"card-header\" style=\"background-image:url(http://www.presence.io/wp-content/uploads/2018/01/cover.jpg);\">\n<div class=\"overlay\" style=\"background-color:rgba(10, 50, 84, 0.9);\">\n<div class=\"title\">Concordia St. Paul</div>\n</div>\n</div>\n<div class=\"card-body\">\n<p>Driving Decisions with Comprehensive Data</p>\n</div>\n</a>\n</div>\n<div class=\"story col-md-4\">\n<a class=\"card\" href=\"http://www.presence.io/customers/success-stories/harford-community-college/\">\n<div class=\"card-header\" style=\"background-image:url(http://www.presence.io/wp-content/uploads/2018/03/harfordcc.jpg);\">\n<div class=\"overlay\" style=\"background-color:rgba(86, 196, 197, 0.9);\">\n<div class=\"title\">Harford Community College</div>\n</div>\n</div>\n<div class=\"card-body\">\n<p>Increasing opportunities for student success through technology and experiential learning </p>\n</div>\n</a>\n</div>\n<div class=\"clearfix\"></div>\n</div>\n</div>", "level": 0}], [{"value": "<h2>Featured Success Stories</h2>", "level": 8}, {"value": "<div class=\"stories row\">\n<div class=\"story col-md-4\">\n<a class=\"card\" href=\"http://www.presence.io/customers/success-stories/lynn-university/\">\n<div class=\"card-header\" style=\"background-image:url(http://www.presence.io/wp-content/uploads/2018/01/lynn.jpg);\">\n<div class=\"overlay\" style=\"background-color:rgba(139, 211, 230, 0.9);\">\n<div class=\"title\">Lynn University</div>\n</div>\n</div>\n<div class=\"card-body\">\n<p>An Early Adopter\u00e2\u0080\u0099s Journey to Data Confidence</p>\n</div>\n</a>\n</div>\n<div class=\"story col-md-4\">\n<a class=\"card\" href=\"http://www.presence.io/customers/success-stories/concordia-st-paul/\">\n<div class=\"card-header\" style=\"background-image:url(http://www.presence.io/wp-content/uploads/2018/01/cover.jpg);\">\n<div class=\"overlay\" style=\"background-color:rgba(10, 50, 84, 0.9);\">\n<div class=\"title\">Concordia St. Paul</div>\n</div>\n</div>\n<div class=\"card-body\">\n<p>Driving Decisions with Comprehensive Data</p>\n</div>\n</a>\n</div>\n<div class=\"story col-md-4\">\n<a class=\"card\" href=\"http://www.presence.io/customers/success-stories/harford-community-college/\">\n<div class=\"card-header\" style=\"background-image:url(http://www.presence.io/wp-content/uploads/2018/03/harfordcc.jpg);\">\n<div class=\"overlay\" style=\"background-color:rgba(86, 196, 197, 0.9);\">\n<div class=\"title\">Harford Community College</div>\n</div>\n</div>\n<div class=\"card-body\">\n<p>Increasing opportunities for student success through technology and experiential learning </p>\n</div>\n</a>\n</div>\n<div class=\"clearfix\"></div>\n</div>", "level": 0}], [{"value": "<h2>Who Presence Benefits</h2>", "level": 8}, {"value": "<ul>\n<li><a href=\"http://www.presence.io/customers/student-involvement-staff/\">Student Involvement Staff</a></li>\n<li><a href=\"http://www.presence.io/customers/student-leaders/\">Student Leaders</a></li>\n<li><a href=\"http://www.presence.io/customers/student-affairs-officers/\">Student Affairs Officers</a></li>\n</ul>", "level": 0}, {"value": "<style type=\"text/css\">\n\t#main li {\n\t    margin-bottom: 20px;\n\t}\n</style>", "level": 0}], [{"value": "<h2 style=\"padding-top: 40px;\"><b>Presence</b><span style=\"font-weight: 400;\"> Terms of Service</span></h2>", "level": 8}, {"value": "<p><em>[As of June 27, 2018 these terms will no longer be in effect for new agreements. We have updated our terms of service which now must be completed along with an order form and signed by both parties.]</em></p>", "level": 0}, {"value": "<p><span style=\"font-weight: 400;\">These </span><b>TERMS OF SERVICE</b><span style=\"font-weight: 400;\"> (collectively, this \u00e2\u0080\u009cAgreement\u00e2\u0080\u009d) is made and entered into by and between Presence, INC (FKA Check I\u00e2\u0080\u0099m Here, INC), a Delaware Corporation (\u201cPresence\u201d), and the person or entity purchasing or using the Application (as defined below) (\u201cCustomer\u201d), as of the date and time thereof (the \u00e2\u0080\u009cEffective Date\u00e2\u0080\u009d). By signing this agreement and/or purchasing or using the Application (as defined below), Customer agrees to all of the provisions hereof.</span></p>", "level": 0}, {"value": "<ol>\n<li style=\"font-weight: 400;\"><span style=\"text-decoration: underline;\"><span style=\"font-weight: 400;\">The Application.</span></span>\n<ol type=\"a\">\n<li style=\"font-weight: 400;\"><span style=\"text-decoration: underline;\"><span style=\"font-weight: 400;\">License to Application.</span></span><span style=\"font-weight: 400;\"> Presence hereby grants to Customer a limited, non-exclusive right and license to access and use Presence\u00e2\u0080\u0099s web-based software application at http://checkimhere.com (the \u00e2\u0080\u009cApplication\u00e2\u0080\u009d) in accordance with all related documentation and Presence\u00e2\u0080\u0099s instructions, if any, during the Term (defined below) of this Agreement (the \u00e2\u0080\u009cLicense\u00e2\u0080\u009d).</span></li>\n<li style=\"font-weight: 400;\"><span style=\"text-decoration: underline;\"><span style=\"font-weight: 400;\">Authorized Users.</span></span><span style=\"font-weight: 400;\"> Customer may authorize users (\u00e2\u0080\u009cAuthorized Users\u00e2\u0080\u009d) to access or use the Application, including related downloadable applications. Each Authorized User must be either an employee, contractor, customer, or student of Customer. Each Authorized User must agree to terms and conditions of any End User License Agreements or other documentation provided along with the Application and any related downloadable applications. All use of the Application by any Authorized Users will be governed by the License terms.</span></li>\n<li style=\"font-weight: 400;\"><span style=\"text-decoration: underline;\"><span style=\"font-weight: 400;\">Control of Application.</span></span><span style=\"font-weight: 400;\"> The method and means of providing the Application shall be under the exclusive control, management, and supervision of Presence, giving due consideration to the requests of Customer.</span></li>\n<li style=\"font-weight: 400;\"><span style=\"text-decoration: underline;\"><span style=\"font-weight: 400;\">Presence Performance of Application.</span></span><span style=\"font-weight: 400;\"><span style=\"font-weight: 400;\"> Presence will use commercially reasonable means to provide the Application in line with Presence\u00e2\u0080\u0099s documentation and Presence\u00e2\u0080\u0099s Service level objectives identified in Section 3 below (the \u00e2\u0080\u009cService Level Objectives\u00e2\u0080\u009d). Presence reserves the right to support only certain releases or versions of the Application in its discretion. Presence\u00e2\u0080\u0099s provision of the Application and any Support and Maintenance shall be contingent on Customer\u00e2\u0080\u0099s full cooperation with Presence and Customer\u00e2\u0080\u0099s supplying all information, data, consents and access to Customer\u00e2\u0080\u0099s systems and data as necessary for Presence to integrate or adapt the Application.</span></span></li>\n</ol>\n</li>\n<li style=\"font-weight: 400;\"><span style=\"text-decoration: underline;\">License Fees; Term; Termination.</span>\n<ol>\n<li style=\"font-weight: 400;\"><span style=\"text-decoration: underline;\"><span style=\"font-weight: 400;\">Term of Agreement; License Fees.</span></span><span style=\"font-weight: 400;\"> The term of Customer\u00e2\u0080\u0099s permitted use of the Application, and the fees that Customer shall pay to use and access the Application, are each governed by separate documents to be entered into by and between Customer and Presence, which documentation may be an invoice. Customer shall have access to the Application for the number of years purchased.</span></li>\n<li style=\"font-weight: 400;\"><span style=\"text-decoration: underline;\"><span style=\"font-weight: 400;\">Suspension of Application.</span></span><span style=\"font-weight: 400;\"> Presence may suspend provision of the Application to Customer without terminating this Agreement in Presence\u00e2\u0080\u0099s sole discretion in the event that Customer fails to pay applicable fees within the time period set forth in this Agreement.</span></li>\n<li style=\"font-weight: 400;\"><span style=\"text-decoration: underline;\"><span style=\"font-weight: 400;\">Payments Upon Termination.</span></span><span style=\"font-weight: 400;\"> Upon the expiration or termination of this Agreement for any reason, Customer shall pay to Presence all amounts due and payable (including without limit all fees, costs and expenses) hereunder. </span></li>\n<li style=\"font-weight: 400;\"><span style=\"text-decoration: underline;\"><span style=\"font-weight: 400;\">Effect of Termination.</span></span><span style=\"font-weight: 400;\"> Upon expiration or earlier termination of this Agreement, Customer shall promptly cease all use of the Application and all materials provided with the Application and shall return all copies of any such materials to Presence.</span></li>\n<li style=\"font-weight: 400;\"><span style=\"text-decoration: underline;\"><span style=\"font-weight: 400;\">Characterization of Fees.</span></span><span style=\"font-weight: 400;\"><span style=\"font-weight: 400;\"> All fees paid by Customer hereunder are due and payable as invoiced and are nonrefundable. Fees may be allocated by Presence in whole or in part to the reservation of resources necessary to service Customer\u00e2\u0080\u0099s needs, and such fees shall not be characterized as ongoing subscription fees.</span></span></li>\n</ol>\n</li>\n<li style=\"font-weight: 400;\"><span style=\"text-decoration: underline;\"><span style=\"font-weight: 400;\">Service Level Objectives.</span></span><span style=\"font-weight: 400;\"><span style=\"font-weight: 400;\"> Presence understands the explicit trust the Customer has extended to Presence to provide the Application to Customer. Presence has built a fault tolerant application from the physical layer through the application logic to extend 99.5% percent uptime for the Application and certain interfaces (the \u00e2\u0080\u009cService Level Objective\u00e2\u0080\u009d). The calculation of downtime shall not include any periods in which access to the Application has been suspended based on scheduled maintenance events for which Customer has been notified in writing (email is acceptable for this purpose) at least twenty-four (24) hours in advance. Presence will use commercially reasonable efforts to meet this Service Level Objective. This Service Level Objective applies to server availability to process the Application and application requests as certain aspects of connectivity are outside the control of Presence. Presence will extend the length of Customer\u00e2\u0080\u0099s subscription to the Application through offering a service credit of one-week for every month during the Term in which Presence fails to meet the Service Level Objective based solely on Presence\u00e2\u0080\u0099s actions or omissions, and excluding any failures to meet the Service Level Objectives that are caused in whole or in part by any actions or omissions of third parties, causes beyond Presence\u00e2\u0080\u0099s control or any force majeure events. Customer agrees that the service credit described in this Section 3 will be Customer\u00e2\u0080\u0099s sole and exclusive remedy for any such failure to meet the Service Level Objectives. In order to qualify for the credit, Customer must submit a request for the credit in writing to Presence within thirty (30) days from the end of the year at question. Presence will review aggregate uptime records to determine, in Presence\u00e2\u0080\u0099s sole and reasonable discretion, whether the Service Level Objective was met for the year in question. Upon such written request, Presence will provide aggregate uptime records compiled from log files as a basis for Presence\u00e2\u0080\u0099s determination. Any such credit shall be paid to Customer by Presence at the end of the Term of this Agreement.</span></span></li>\n<li style=\"font-weight: 400;\"><span style=\"text-decoration: underline;\"><span style=\"font-weight: 400;\">Customer Resources and Presence Resources.</span></span><span style=\"font-weight: 400;\"><span style=\"font-weight: 400;\"> Customer shall provide appropriate resources, information, data and assistance to Presence as Presence may deem necessary for Presence to perform and provide the Application. In the event that Customer fails to provide Presence with the resources, information, data or access that are necessary in order to allow Presence to provide and perform the Application to Customer, Presence may, in Presence\u00e2\u0080\u0099s sole discretion, terminate this Agreement or suspend performance or provision of the Application without any liability to Customer whatsoever.</span></span></li>\n<li style=\"font-weight: 400;\"><span style=\"text-decoration: underline;\"><span style=\"font-weight: 400;\">Limitation of Liability\u00cd\u00be Disclaimer of Warranties.</span></span><span style=\"font-weight: 400;\"> CUSTOMER\u2019S SOLE AND EXCLUSIVE REMEDY FOR ANY DAMAGE OR LOSS ARISING IN CONNECTION WITH THE APPLICATION OR PRESENCE\u00e2\u0080\u0099S PERFORMANCE HEREUNDER SHALL BE RETURN OF A PRORATED PORTION OF THE FEES PAID BY CUSTOMER, WHICH CUSTOMER HEREBY AGREES IS A FAIR AND EQUITABLE REMEDY. UNDER NO CIRCUMSTANCES SHALL PRESENCE\u00c2\u00a0BE LIABLE TO CUSTOMER OR ANY </span><span style=\"font-weight: 400;\"><span style=\"font-weight: 400;\">OTHER PERSON OR ENTITY FOR ANY LOSS OF USE, REVENUE OR PROFIT, LOST OR DAMAGED DATA, OR OTHER COMMERCIAL OR ECONOMIC LOSS, OR FOR ANY DIRECT, INDIRECT, INCIDENTAL, SPECIAL, STATUTORY, PUNITIVE, EXEMPLARY OR CONSEQUENTIAL DAMAGES WHATSOEVER RELATED TO CUSTOMER\u00e2\u0080\u0099S USE OR RELIANCE UPON THE APPLICATION, EVEN IF ADVISED OF THE POSSIBILITY OF SUCH DAMAGES OR IF SUCH DAMAGES ARE FORESEEABLE. THIS LIMITATION SHALL APPLY EVEN IN THE EVENT OF A FUNDAMENTAL OR MATERIAL BREACH OR A BREACH OF THE FUNDAMENTAL OR MATERIAL TERMS OF THIS AGREEMENT. THE APPLICATION IS MADE AVAILABLE ON AN \u00e2\u0080\u009cAS IS\u00e2\u0080\u009d BASIS ONLY AND Presence MAKES NO WARRANTIES, CONDITIONS, INDEMNITIES, OR REPRESENTATIONS, EXPRESS OR IMPLIED, WHETHER BY STATUTE, COMMON LAW, CUSTOM, USAGE, OR OTHERWISE AS TO ANY MATTERS, INCLUDING WITHOUT LIMITATION NON-INFRINGEMENT OF THIRD PARTY RIGHTS, TITLE, INTEGRATION, ACCURACY, SECURITY, AVAILABILITY, SATISFACTORY QUALITY, MERCHANTABILITY, OR FITNESS FOR ANY PARTICULAR PURPOSE OTHER THAN AS MAY BE EXPRESSLY SET FORTH HEREIN. CUSTOMER REMAINS SOLELY RESPONSIBLE FOR OPERATING CUSTOMER\u00e2\u0080\u0099S BUSINESS RESPONSIBLY.</span></span></li>\n<li style=\"font-weight: 400;\"><span style=\"text-decoration: underline;\"><span style=\"font-weight: 400;\">Confidential Information.</span></span><span style=\"font-weight: 400;\"> The parties acknowledge that in performing their respective obligations under this Agreement each party may have access to certain Confidential Information (defined below) owned by or entrusted to the other party.</span>\n<ol>\n<li style=\"font-weight: 400;\"><span style=\"text-decoration: underline;\"><span style=\"font-weight: 400;\">Definition of Confidential Information.</span></span><span style=\"font-weight: 400;\"> For purposes of this Agreement the term \u00e2\u0080\u009cConfidential Information\u00e2\u0080\u009d means, any and all information provided by one party (the \u00e2\u0080\u009cDisclosing Party\u00e2\u0080\u009d) to the other party (the \u00e2\u0080\u009cReceiving Party\u00e2\u0080\u009d) under this Agreement that is marked as confidential or that the Receiving Party should reasonably understand to be maintained as confidential by the Disclosing Party including, without limitation, any software or source code related to the Application and all know-how or trade secrets.</span></li>\n<li style=\"font-weight: 400;\"><span style=\"text-decoration: underline;\"><span style=\"font-weight: 400;\">Confidentiality Obligations.</span></span><span style=\"font-weight: 400;\"> For so long as any Confidential Information is maintained as confidential by the Disclosing Party, Receiving Party will safeguard, protect and maintain the secrecy of any Confidential Information it receives and will protect such Confidential Information with measures at least as protective as it protects its own Confidential Information, but in no event will use less than commercially acceptable reasonable secrecy measures in protecting such Confidential Information. The Receiving Party agrees that it will not at any time, except as authorized or directed herein or in writing by the Disclosing Party, use for the Receiving Party\u00e2\u0080\u0099s own benefit (or for the benefit of any person or entity other than the Disclosing Party), copy, reveal, sell, exchange or give away, disclose, divulge, reverse engineer, or make known or available in any manner to any person, firm, corporation or other entity (whether or not the Receiving Party receives any benefit therefrom), any Confidential Information. All materials containing Confidential Information disclosed by either party under this Agreement are and will remain the property of such party. At the Disclosing Party\u00e2\u0080\u0099s request, all materials and copies that contain or embody any Confidential Information will be promptly returned to the Disclosing Party or destroyed by the Receiving Party and such destruction shall be certified in writing to the Disclosing Party by the Receiving Party.</span></li>\n<li style=\"font-weight: 400;\"><span style=\"text-decoration: underline;\"><span style=\"font-weight: 400;\">Exclusions from Confidential Information.</span></span><span style=\"font-weight: 400;\"> For purposes of this Agreement, Confidential Information shall not include information that: (a) is already known to the Receiving Party </span><span style=\"font-weight: 400;\">through legal means, as evidenced by a writing dated prior to disclosure, without any obligation to keep such information confidential;\u00cd\u00be (b) is or becomes generally known to the public at large through no fault of Receiving Party;\u00cd\u00be (c) is received by Receiving Party from a third party without either an obligation of nondisclosure or breach of an obligation of confidentiality;\u00cd\u00be (d) is approved in advance for release by written authorization of the Disclosing Party;\u00cd\u00be or (e) is required by law to be disclosed by Receiving Party, provided, however, that Receiving Party shall provide prompt notice of such legal requirement of disclosure to Disclosing Party to give Disclosing Party an opportunity to contest such required disclosure.</span></li>\n<li style=\"font-weight: 400;\"><span style=\"text-decoration: underline;\"><span style=\"font-weight: 400;\">Injunctive Relief Available.</span></span><span style=\"font-weight: 400;\"> Receiving Party agrees that in the event of a breach by Receiving Party of any of Receiving Party\u00e2\u0080\u0099s confidentiality obligations under this Agreement, Disclosing Party shall be entitled to seek and obtain injunctive or other equitable relief, or both, in each case without the requirement to post any bond or other form of security, and without such act constituting an election of remedies or disentitling Disclosing Party to each and every remedy available at law or in equity for a breach by Receiving Party of Receiving Party\u00e2\u0080\u0099s confidentiality obligations under this Agreement.</span></li>\n<li style=\"font-weight: 400;\"><span style=\"text-decoration: underline;\"><span style=\"font-weight: 400;\">Proprietary Rights.</span></span><span style=\"font-weight: 400;\"><span style=\"font-weight: 400;\"> The Application and all other materials provided with the Application are protected by applicable United States laws, including, without limitation, all copyright laws. Presence owns all rights, title and interests in and to the Application and all other materials provided with the Application, including, without limitation, all trade secrets, trademarks, service marks, patents, know-how, software, source code, copyrights and database rights, and the Application and the other materials provided with the Application shall remain the sole and exclusive property of Presence. Customer shall not distribute or otherwise make available the Application or any of the materials provided with the Application to any third party other than in accordance with the terms of this Agreement. Customer shall use commercially reasonable efforts to protect Presence\u00e2\u0080\u0099s intellectual property rights.</span></span></li>\n</ol>\n</li>\n<li style=\"font-weight: 400;\"><span style=\"text-decoration: underline;\"><span style=\"font-weight: 400;\">Customer Data.</span></span><span style=\"font-weight: 400;\"><span style=\"font-weight: 400;\"> Customer\u00e2\u0080\u0099s information, or any derivatives thereof, that is contained in or added to the Application (\u00e2\u0080\u009cCustomer Data\u00e2\u0080\u009d) shall be and remain the sole and exclusive property of Customer. Customer hereby grants to Presence a non-exclusive, perpetual, irrevocable, royalty-free, fully-paid and worldwide license to use Customer Data for the purposes of providing the Application to Customer and for all other legal purposes. Presence shall not share any personally identifiable information contained in any Customer Data with any third party. Presence may share Customer Data, whether in individual or aggregate form, with certain third parties approved of by Presence to the extent that it has been anonymized and stripped of all personally identifiable information. Presence shall comply with all applicable laws and regulations regarding Customer Data including, without limitation, the provisions of the Family Educational Rights and Privacy Act.</span></span></li>\n<li style=\"font-weight: 400;\"><span style=\"text-decoration: underline;\"><span style=\"font-weight: 400;\">Indemnification.</span></span><span style=\"font-weight: 400;\"> Customer shall defend, protect, indemnify, and hold harmless Presence from and against, and reimburse Presence for, any and all damages, losses and expenses (including reasonable attorney fees and court costs) incurred by Presence, or claims made against Presence, arising from or related to: (a) Customer\u00e2\u0080\u0099s material breach of any of the terms or provisions set forth in this Agreement;\u00cd\u00be (b) any misrepresentations, gross negligence, willful misconduct, or unlawful conduct of Customer or any of Customer\u00e2\u0080\u0099s representatives, agents, employees or contractors;\u00cd\u00be and (c) any claims or allegations of intellectual property infringement brought or threatened by any third party arising from Customer\u00e2\u0080\u0099s use or alteration of the Application in a manner not permitted by the terms of this </span><span style=\"font-weight: 400;\"><span style=\"font-weight: 400;\">Agreement.</span></span></li>\n<li style=\"font-weight: 400;\"><span style=\"text-decoration: underline;\"><span style=\"font-weight: 400;\">General.</span></span>\n<ol>\n<li style=\"font-weight: 400;\"><span style=\"text-decoration: underline;\"><span style=\"font-weight: 400;\">Assignment.</span></span><span style=\"font-weight: 400;\"> Presence may assign this Agreement, and all of Presence\u00e2\u0080\u0099s rights and obligations hereunder, to any of Presence\u00e2\u0080\u0099s subsidiaries or affiliates, to a parent entity, to a successor legal entity (by merger or otherwise), to any entity acquiring all or substantially all of the assets of Presence or to a purchaser of all or substantially all of the equity ownership interests of Presence. Customer may not assign this Agreement to any third party without first obtaining Presence\u00e2\u0080\u0099s prior written consent, which shall not be unreasonably withheld.</span></li>\n<li style=\"font-weight: 400;\"><span style=\"text-decoration: underline;\"><span style=\"font-weight: 400;\">Independent Parties.</span></span><span style=\"font-weight: 400;\"> Nothing herein shall be construed to create an employer-employee relationship between Presence and Customer. Presence is an independent contractor and not an employee of Customer or any of its respective subsidiaries or affiliates. It is understood that the Presence will not withhold any amounts for payment of taxes from any fee or compensation payable to Presence hereunder.</span></li>\n<li style=\"font-weight: 400;\"><span style=\"font-weight: 400;\"><span style=\"text-decoration: underline;\">Successors and Assigns</span>.</span><span style=\"font-weight: 400;\"> This Agreement shall be binding upon and inure to the benefit of the parties hereto and to each of their permitted successors and assigns.</span></li>\n<li style=\"font-weight: 400;\"><span style=\"text-decoration: underline;\"><span style=\"font-weight: 400;\">Severability.</span></span><span style=\"font-weight: 400;\"> In the event that any one or more provisions of this Agreement shall for any reason be held to be invalid, illegal or unenforceable, any such invalid, illegal or unenforceable provision shall be treated as modified to the least extent necessary to rectify its invalidity, illegality or unenforceability, and shall be enforced as so modified. If no feasible modification shall save such provision, it will be severed from the remainder of this Agreement, as appropriate. The remaining provisions of this Agreement shall be unimpaired, and remain in full force and effect.</span></li>\n<li style=\"font-weight: 400;\"><span style=\"text-decoration: underline;\"><span style=\"font-weight: 400;\">Headings.</span></span><span style=\"font-weight: 400;\"> The headings in this Agreement are for the purpose of convenience only. They are not intended to be a material part of the Agreement, and in the event of any conflict between the heading and the text, the text shall govern.</span></li>\n<li style=\"font-weight: 400;\"><span style=\"text-decoration: underline;\"><span style=\"font-weight: 400;\">Governing Law; Venue.</span></span><span style=\"font-weight: 400;\"> This Agreement shall be governed by and interpreted in accordance with the laws of the State of Florida without regard to its conflicts of law provisions. The parties agree to, and do hereby, submit to the exclusive jurisdiction of the state or federal courts of competent jurisdiction sitting in the State of Florida to hear and resolve disputes arising out of, or related to this Agreement, and agree that the exclusive venue for all such actions shall be in Hillsborough County, Florida. Each party, by executing this Agreement, consents and submits itself to the personal jurisdiction of such court, and waives any defense that, and agrees that they shall not assert that such forum is inconvenient or improper.</span></li>\n<li style=\"font-weight: 400;\"><span style=\"text-decoration: underline;\"><span style=\"font-weight: 400;\">Entire Agreement; Amendment.</span></span><span style=\"font-weight: 400;\"> This Agreement contains the entire agreement between the parties as to the subject matter hereof. This Agreement supersedes all prior oral and written agreements between the parties with respect to the subject matter hereof. This Agreement may be modified from time to time by Presence, which such modified Agreement shall be posted on the Presence website. Continued use of the Application by Customer thereafter shall constitute assent to such modified Agreement.</span></li>\n<li style=\"font-weight: 400;\"><span style=\"text-decoration: underline;\"><span style=\"font-weight: 400;\">Waiver.</span></span><span style=\"font-weight: 400;\"> A failure of either party to enforce at any time any of the provisions of this Agreement, or to require at any time performance of any of the provisions hereof, shall in no way affect the full right to require such performance at any time thereafter. No waiver shall be deemed a waiver of any other breach, or any other term or condition hereof.</span></li>\n<li style=\"font-weight: 400;\"><span style=\"text-decoration: underline;\"><span style=\"font-weight: 400;\">Notices.</span></span><span style=\"font-weight: 400;\"> Any and all notices, demands, consents, approvals, offers, elections and other communications required or permitted under this Agreement shall be deemed adequately given if in writing and the same shall be delivered either in hand, by confirmed email, or by mail or Federal Express or similar expedited commercial carrier, addressed to the recipient of the notice, post-paid and registered or certified with return receipt requested (if by mail), or with all freight charges prepaid (if by Federal Express or similar carrier). All notices required or permitted to be sent hereunder shall be deemed to have been given for all purposes of this Agreement upon the date of receipt or refusal, except that whenever under this Agreement a notice is either received on a day which is not a business day or is required to be delivered on or before a specific day which is not a business day, the day of receipt or required delivery shall automatically be extended to the next business day. All notices permitted or required to be given hereunder shall be addressed to the parties at the addresses set forth in the opening paragraph to this Agreement, or such other contact information as the receiving party may notify the other party of from time to time.</span></li>\n<li style=\"font-weight: 400;\"><span style=\"text-decoration: underline;\"><span style=\"font-weight: 400;\">Force Majeure.</span></span><span style=\"font-weight: 400;\"> Neither party shall be liable for, or be considered in breach of or default under this Agreement on account of any delay or failure to perform as required by this Agreement resulting from any external causes or conditions which are beyond such party\u00e2\u0080\u0099s reasonable control and which such party is unable to overcome by the exercise of reasonable diligence, including, but not limited to, internet outages, fires, floods, hurricanes, strikes, embargoes, acts of terrorism, power outages, insurrections and riots.</span></li>\n<li style=\"font-weight: 400;\"><span style=\"text-decoration: underline;\"><span style=\"font-weight: 400;\">Opportunity to Consult.</span></span><span style=\"font-weight: 400;\"> Each party acknowledges it had the opportunity to consult and have the advice of independent legal counsel in connection with the execution and delivery of this Agreement, and that this Agreement has been executed voluntarily by such party.</span></li>\n</ol>\n</li>\n</ol>", "level": 0}, {"value": "<p><span style=\"font-weight: 400;\">Thank you for choosing Presence!</span></p>", "level": 0}], [{"value": "<p><em style=\"padding-bottom: 40px;\">Last Updated\u00c2\u00a0June 27, 2018</em></p>", "level": 1}], [{"value": "<h3>The Complete Campus Engagement Platform</h3>", "level": 7}, {"value": "<div class=\"col-md-6\">\n<div class=\"social-links hidden-xs hidden-sm\">\n<div class=\"social-link\"><a href=\"javascript:void(0);\" onclick=\"olark('api.box.expand')\"><img alt=\"\" src=\"/wp-content/themes/presence/i/social/chat-white.png\"/></a></div>\n<div class=\"social-link\"><a href=\"https://www.linkedin.com/company/check-i%27m-here\" target=\"_blank\"><img alt=\"\" src=\"/wp-content/themes/presence/i/social/linkedin-white.png\"/></a></div>\n<div class=\"social-link\"><a href=\"http://twitter.com/hellopresence\" target=\"_blank\"><img alt=\"\" src=\"/wp-content/themes/presence/i/social/twitter-white.png\"/></a></div>\n<div class=\"social-link\"><a href=\"http://facebook.com/hellopresence\" target=\"_blank\"><img alt=\"\" src=\"/wp-content/themes/presence/i/social/facebook-white.png\"/></a></div>\n<div class=\"clearfix\"></div>\n</div>\n<div class=\"social-links hidden-md hidden-lg\">\n<div class=\"social-link\"><a href=\"http://facebook.com/hellopresence\" target=\"_blank\"><img alt=\"\" src=\"/wp-content/themes/presence/i/social/facebook-white.png\"/></a></div>\n<div class=\"social-link\"><a href=\"http://twitter.com/hellopresence\" target=\"_blank\"><img alt=\"\" src=\"/wp-content/themes/presence/i/social/twitter-white.png\"/></a></div>\n<div class=\"social-link\"><a href=\"https://www.linkedin.com/company/check-i%27m-here\" target=\"_blank\"><img alt=\"\" src=\"/wp-content/themes/presence/i/social/linkedin-white.png\"/></a></div>\n<div class=\"social-link\"><a href=\"javascript:void(0);\" onclick=\"olark('api.box.expand')\"><img alt=\"\" src=\"/wp-content/themes/presence/i/social/chat-white.png\"/></a></div>\n<div class=\"clearfix\"></div>\n</div>\n<a class=\"cta border\" href=\"/call\">Schedule A Call</a>\n<a class=\"cta\" href=\"/requestdemo\">Request Demo</a>\n</div>", "level": 0}, {"value": "<div class=\"row row-middle\">\n<div class=\"menu-main-container\"><ul class=\"hidden-sm hidden-xs\"><li class=\"menu-item menu-item-type-post_type menu-item-object-page menu-item-has-children menu-item-14081\"><a href=\"http://www.presence.io/product/\" title=\"Product\">Product</a>\n<ul class=\"sub-menu\">\n<li class=\"menu-item menu-item-type-post_type menu-item-object-page menu-item-32581\"><a href=\"http://www.presence.io/product/manage-and-simplify-processes/\">Manage &amp; Simplify Processes</a></li>\n<li class=\"menu-item menu-item-type-post_type menu-item-object-page menu-item-32591\"><a href=\"http://www.presence.io/product/track-student-involvement-with-card-swipe-mobile-devices/\">Track Student Involvement</a></li>\n<li class=\"menu-item menu-item-type-post_type menu-item-object-page menu-item-32601\"><a href=\"http://www.presence.io/product/assess-behaviors-trends/\">Assess Behaviors &amp; Trends</a></li>\n<li class=\"menu-item menu-item-type-post_type menu-item-object-page menu-item-32611\"><a href=\"http://www.presence.io/product/engage-more-students/\">Engage More Students</a></li>\n<li class=\"menu-item menu-item-type-post_type menu-item-object-page menu-item-87614\"><a href=\"http://www.presence.io/product/encourage-measure-experiential-learning/\">Encourage &amp; Measure Experiential Learning</a></li>\n</ul>\n</li>\n<li class=\"menu-item menu-item-type-custom menu-item-object-custom menu-item-has-children menu-item-56031\"><a href=\"http://www.presence.io/solutions/increase-student-engagement-leadership/\">Solutions</a>\n<ul class=\"sub-menu\">\n<li class=\"menu-item menu-item-type-post_type menu-item-object-page menu-item-14111\"><a href=\"http://www.presence.io/solutions/increase-student-engagement-leadership/\">Increase Student Engagement &amp; Leadership</a></li>\n<li class=\"menu-item menu-item-type-post_type menu-item-object-page menu-item-14121\"><a href=\"http://www.presence.io/solutions/understand-and-improve-rentention/\">Understand &amp; Improve Retention</a></li>\n<li class=\"menu-item menu-item-type-post_type menu-item-object-page menu-item-29021\"><a href=\"http://www.presence.io/solutions/learn-elevate-with-insightful-assessment/\">Learn &amp; Elevate with Insightful Assessment</a></li>\n<li class=\"menu-item menu-item-type-post_type menu-item-object-page menu-item-86414\"><a href=\"http://www.presence.io/solutions/encourage-measure-student-learning/\">Encourage &amp; Measure Student Learning</a></li>\n<li class=\"menu-item menu-item-type-post_type menu-item-object-page menu-item-29081\"><a href=\"http://www.presence.io/solutions/save-resources-simplify-processes/\">Save Resources &amp; Simplify Processes</a></li>\n</ul>\n</li>\n<li class=\"menu-item menu-item-type-custom menu-item-object-custom menu-item-has-children menu-item-56021\"><a href=\"http://www.presence.io/customers/\">Customers</a>\n<ul class=\"sub-menu\">\n<li class=\"menu-item menu-item-type-post_type menu-item-object-page menu-item-14141\"><a href=\"http://www.presence.io/customers/student-affairs-officers/\">Student Affairs Officers</a></li>\n<li class=\"menu-item menu-item-type-post_type menu-item-object-page menu-item-28911\"><a href=\"http://www.presence.io/customers/student-involvement-staff/\">Student Involvement Staff</a></li>\n<li class=\"menu-item menu-item-type-post_type menu-item-object-page menu-item-28901\"><a href=\"http://www.presence.io/customers/student-leaders/\">Student Leaders</a></li>\n</ul>\n</li>\n<li class=\"menu-item menu-item-type-post_type menu-item-object-page menu-item-67784\"><a href=\"http://www.presence.io/blog/\">Blog</a></li>\n<li class=\"menu-item menu-item-type-post_type menu-item-object-page menu-item-has-children menu-item-32551\"><a href=\"http://www.presence.io/resources/\">Resources</a>\n<ul class=\"sub-menu\">\n<li class=\"menu-item menu-item-type-post_type menu-item-object-page menu-item-29092\"><a href=\"http://www.presence.io/blog/\">Blog</a></li>\n<li class=\"menu-item menu-item-type-post_type menu-item-object-page menu-item-87604\"><a href=\"http://www.presence.io/resources/complete-guide-cocurricular/\">The Complete Guide to Co-Curricular Learning</a></li>\n<li class=\"menu-item menu-item-type-post_type menu-item-object-page menu-item-29102\"><a href=\"http://www.presence.io/campus-culture-academy/\">Campus Culture Academy</a></li>\n<li class=\"menu-item menu-item-type-post_type menu-item-object-page menu-item-32561\"><a href=\"http://www.presence.io/resources/\">More</a></li>\n</ul>\n</li>\n<li class=\"menu-item menu-item-type-custom menu-item-object-custom menu-item-has-children menu-item-14201\"><a href=\"/company/about\">Company</a>\n<ul class=\"sub-menu\">\n<li class=\"menu-item menu-item-type-post_type menu-item-object-page menu-item-14171\"><a href=\"http://www.presence.io/company/about/\">About</a></li>\n<li class=\"menu-item menu-item-type-post_type menu-item-object-page menu-item-77804\"><a href=\"http://www.presence.io/company/happiness/\">Customer Happiness</a></li>\n<li class=\"menu-item menu-item-type-post_type menu-item-object-page menu-item-67424\"><a href=\"http://www.presence.io/company/inclusion/\">Inclusion And Diversity</a></li>\n<li class=\"menu-item menu-item-type-post_type menu-item-object-page menu-item-14181\"><a href=\"http://www.presence.io/company/team/\">Team</a></li>\n<li class=\"menu-item menu-item-type-post_type menu-item-object-page menu-item-14191\"><a href=\"http://www.presence.io/company/careers/\">Careers</a></li>\n</ul>\n</li>\n</ul></div> </div>", "level": 0}, {"value": "<div class=\"row row-bottom\">\n<div class=\"col-lg-6\">\u00c2\u00a9 2018 Presence | All rights reserved.</div>\n<div class=\"col-lg-6\">Made With <img alt=\"\" src=\"/wp-content/themes/presence/i/heart.png\"/> In Saint Petersburg, FL</div>\n</div>", "level": 0}, {"value": "<div class=\"rebrand\" style=\"\n            position: fixed;\n            top: 0;\n            left: 0;\n            right: 0;\n            width: 100%;\n            height: 40px;\n            text-align: center;\n            background: #463243;\n            font-weight: 100;\n            box-shadow: 3px 3px 3px rgba(0, 0, 0, 0.4);\n            color: #fff;\n            line-height: 40px;\n            z-index: 999999;\">\n           Check I'm Here is now Presence. Learn more about this change in our <a href=\"http://www.checkimhere.com/blog/check-im-here-is-now-presence/\" style=\"display:initial; text-decoration:underline; color:#fff;\" target=\"_blank\">blog post here</a>.\n       </div>", "level": 0}, {"value": "<noscript><a href=\"https://www.olark.com/site/7353-197-10-1643/contact\" target=\"_blank\" title=\"Contact us\">Questions? Feedback?</a> powered by <a href=\"http://www.olark.com?welcome\" title=\"Olark live chat software\">Olark live chat software</a></noscript>", "level": 0}]]