[[{"value": "<h1>Privacy Policy</h1>", "level": 9}, {"value": "<div class=\"formet_part\">\n<p>\u00a0\u00a0\u00a0\u00a0\u00a0\u00a0\u00a0\u00a0When you use <b>Access Valley Studio</b> Mobile applications on Android, This Privacy Policy describes the information collected by <b>Access Valley Studio</b> through our mobile applications and how we use that information. Our Product Category is Video, Photography, Lifestyle, Entertainment, Tools, Utility &amp; Productivity, and Personalization\u00c2\u009d. These all apps are class Apps we created is only for User Entertainment purpose. Our Company developers continuously work on All Photography &amp; Video Apps and We Give Periodic Updates to Solve Problems And Bugs as well as to provide new features all for smooth User Experience.</p>\n</div>", "level": 0}], [{"value": "<h2> What kind of Information that we collect</h2>", "level": 8}, {"value": "<div class=\"formet_part\">\n<p>\u00a0\u00a0\u00a0\u00a0\u00a0\u00a0\u00a0\u00a0Device information - Device-specific information such as your hardware model and operating system version. We DO NOT collect any of your unique identification.</p>\n</div>", "level": 0}, {"value": "<div class=\"formet_part\">\n<p>\u00a0\u00a0\u00a0\u00a0\u00a0\u00a0\u00a0\u00a0Generally, We may collect personal information from our users in order to provide you with a personalized, useful and efficient experience. The categories of information we collect can include if necessary : Social network's personal information and device's gallery pictures, camera for take photos, Contact information,microphone, gps location if necessary and use the data for the above mentioned purposes. Our Product Category is \u00e2\u0080\u009cPhotography, Video, Entertainment, Tools, Utility, Personalization\u00e2\u0080\u009d and etc. These all class Apps we created is only for User Entertainment purpose.</p>\n</div>", "level": 0}, {"value": "<div class=\"formet_part\">\n<p>\u00a0\u00a0\u00a0\u00a0\u00a0\u00a0\u00a0\u00a0When you use Access Valley Studio Mobile applications on Android, we do not retrieve or store any personal information about you. We do check if certain application is installed on your phone before we display an advertisement for the application (To avoid displaying advertisement for an app that is already on your phone)</p>\n</div>", "level": 0}], [{"value": "<h2>Information May be Disclosed</h2>", "level": 8}, {"value": "<div class=\"formet_part\">\n<p>\u00a0\u00a0\u00a0\u00a0\u00a0\u00a0\u00a0\u00a0We do not combine Non-Personal Information with Personal Information (such as combining your name with your unique User Device number).\nWe do not store Personal Information and therefore we do not disclose your Personal Information.\nWe may disclose your non-personal information for promotion purpose to our trusted partners who shall comply with this privacy policy and the relevant privacy laws.</p>\n</div>", "level": 0}], [{"value": "<h2>Third- Party Sites</h2>", "level": 8}, {"value": "<div class=\"formet_part\">\n<p>\u00a0\u00a0\u00a0\u00a0\u00a0\u00a0\u00a0\u00a0The Applications ,Services and the Site access third party information (such as your social account information) through application interfaces. We may provide links to third-party Web sites, as a service to our Users. The Site may also carry advertisements from other companies. When you click on links of third parties in an Application, the Services or the Site, you may leave the Application, the Services or the Site. Some of these third party sites may be co-branded with our name/logo or our affiliated entity's name/logo, even though they are not operated or maintained by us. This Policy does not address, and we are not responsible for, the privacy practices of Web sites operated by third parties, whether they are linked to or otherwise accessible from an Application, the Services or the Site. The inclusion of a link or accessibility of third party Websites does not imply endorsement of such third party Website by us.</p>\n</div>", "level": 0}], [{"value": "<h2>Advertisement in App</h2>", "level": 8}, {"value": "<div class=\"formet_part\">\n<p>\u00a0\u00a0\u00a0\u00a0\u00a0\u00a0\u00a0\u00a0We use Google Admob and Startapp for advertisements in our applications. There could be errors in the programming and sometime programming errors may cause unwanted side effects.</p>\n</div>", "level": 0}], [{"value": "<h2>Security</h2>", "level": 8}, {"value": "<div class=\"formet_part\">\n<p>\u00a0\u00a0\u00a0\u00a0\u00a0\u00a0\u00a0\u00a0Access Valley Studio is very concerned about safeguarding the confidentiality of your information. We do not collect Personal Information, and we employ administrative, physical and electronic measures designed to protect your Non-Personal Information from unauthorized access and use. Please be aware that no security measures that we take to protect your information is absolutely guaranteed to avoid unauthorized access or use of your Non-Personal Information which is impenetrable.</p>\n</div>", "level": 0}], [{"value": "<h2>Sensitive Information</h2>", "level": 8}, {"value": "<div class=\"formet_part\">\n<p>\u00a0\u00a0\u00a0\u00a0\u00a0\u00a0\u00a0\u00a0We ask that you not send us, and you not to disclose, any sensitive Personal Information (e.g., information related to racial or ethnic origin, political opinions, religion or other beliefs, health, sexual orientation, criminal background or membership in past organizations, including trade union memberships) on or through an Application, the Services or the Site or otherwise to us.</p>\n</div>", "level": 0}], [{"value": "<h2>Developer Contact</h2>", "level": 8}, {"value": "<div class=\"dev_descript\">You can contact us about this privacy statement by writing email us at the address below:</div>", "level": 0}], [{"value": "<div class=\"dev_descript_2\"><b>Access Valley Studio</b></div>", "level": 1}, {"value": "<div class=\"dev_descript_2\"><b>Email: - accessvalleystudio@gmail.com</b></div>", "level": 0}, {"value": "<div class=\"bg\">\n<h3>Access Valley Studio : All Right Reserved</h3>\n</div>", "level": 0}], [{"value": "<h3>Access Valley Studio : All Right Reserved</h3>", "level": 7}]]