[[{"value": "<h4> \nWhat personal information do we collect from the people that visit our blog, website or app?\n</h4>", "level": 6}, {"value": "<p> \nWhen ordering or registering on our site, as appropriate, you may be asked to enter your or other details to help you with your experience.\n</p>", "level": 0}], [{"value": "<h4> \nWhen do we collect information?\n</h4>", "level": 6}], [{"value": "<h4> \nHow do we use your information?\n</h4>", "level": 6}], [{"value": "<h4> \nHow do we protect visitor information?\n</h4>", "level": 6}], [{"value": "<h4> \nDo we use 'cookies'?\n</h4>", "level": 6}], [{"value": "<h4> \nThird Party Disclosure\n</h4>", "level": 6}], [{"value": "<h4> \nThird party links\n</h4>", "level": 6}], [{"value": "<h4> \nGoogle\n</h4>", "level": 6}], [{"value": "<h4> \nCOPPA (Children Online Privacy Protection Act)\n</h4>", "level": 6}], [{"value": "<h4> \nFair Information Practices\n</h4>", "level": 6}], [{"value": "<h4> \nContacting Us\n</h4>", "level": 6}, {"value": "<p> \nnaladex.com\n\nMurcia\n\nSpain\n\nCL ELIAS ROS, 5\n\nMurcia\n\n30001\n  </p>", "level": 0}, {"value": "<div class=\"tm-block-footer\" id=\"tm-footer\">\n<div class=\"tm-block-texture\">\n<div class=\"uk-container uk-container-center \">\n<section class=\"tm-footer-bottom uk-grid\" data-uk-grid-margin=\"\" data-uk-grid-match=\"{target:'&gt; div &gt; .uk-panel'}\">\n<div class=\"uk-width-1-1 uk-width-large-1-3\"><div class=\"uk-panel\">\n<a class=\"uk-icon-button uk-icon-twitter\" href=\"https://twitter.com/naladex\" target=\"_blank\"></a>\n<a class=\"uk-icon-button uk-icon-facebook\" href=\"https://www.facebook.com/naladex.apps\" target=\"_blank\"></a>\n<a class=\"uk-icon-button uk-icon-google-plus\" href=\"https://plus.google.com/b/108846601151329719892\" target=\"_blank\"></a>\n<a class=\"uk-icon-button uk-icon-instagram\" href=\"https://instagram.com/memocool_notes\" target=\"_blank\"></a>\n<a class=\"uk-icon-button uk-icon-pinterest\" href=\"https://es.pinterest.com/memocool_notes\" target=\"_blank\"></a></div></div>\n<div class=\"uk-width-1-1 uk-width-large-1-3\"><div class=\"uk-panel\"><ul class=\"uk-subnav tm-subnav-bullet\"><li class=\"uk-active\"><a href=\"/privacy-policy\">Privacy Policy</a></li><li><a href=\"/contact\">Contact</a></li><li><a href=\"http://www.naladex.com/blog\">Blog</a></li><li><a href=\"/app-test\">APP Test</a></li></ul></div></div>\n<div class=\"uk-width-1-1 uk-width-large-1-3\"><div class=\"uk-panel\"><div class=\"mod-languages\">\n<form action=\"http://www.naladex.com/privacy-policy\" method=\"post\" name=\"lang\">\n<select class=\"inputbox\" onchange=\"document.location.replace(this.value);\">\n<option selected=\"selected\" value=\"/privacy-policy\">English (UK)</option>\n</select>\n</form>\n</div>\n</div></div>\n</section>\n<footer class=\"tm-footer tm-link-muted\">\n<a class=\"tm-totop-scroller\" data-uk-smooth-scroll=\"\" href=\"#\" id=\"tm-anchor-bottom\"></a>\n</footer>\n</div>\n</div>\n</div>", "level": 0}, {"value": "<div class=\"uk-offcanvas\" id=\"offcanvas\">\n<div class=\"uk-offcanvas-bar\"><ul class=\"uk-nav uk-nav-offcanvas\"><li><a href=\"/\">Home</a></li><li class=\"uk-parent\"><a href=\"#\">Apps</a>\n<ul class=\"uk-nav-sub\"><li><a href=\"/apps/memocool\">MemoCool Plus</a></li><li><a href=\"/apps/memocool-classic\">MemoCool Classic</a></li><li><a href=\"/apps/liston\">ListOn</a></li></ul></li><li><a href=\"/about\">About</a></li><li><a href=\"/contact\">Contact</a></li><li><a href=\"http://www.naladex.com/blog\">Blog</a></li></ul></div>\n</div>", "level": 0}]]