[[{"value": "<h3><span>Your browser is looking a little out of date...</span></h3>", "level": 7}, {"value": "<p>To get the best possible experience using our website, we recommend that you upgrade to latest version of this browser or install another web browser. See our <a href=\"/content/acs/en/system/browser-support.html\" target=\"_blank\">Browser Support/Compatibility page</a> for supported browsers list.</p>", "level": 0}, {"value": "<div class=\"checkbox\">\n<label>\n<input type=\"checkbox\"/> Don't show this again!\n        </label>\n</div>", "level": 0}, {"value": "<div class=\"container\" id=\"top\">\n<a name=\"top\"></a>\n<a class=\"skipNavigation\" href=\"#maincontent\">Skip Navigation</a>\n<div id=\"banner-bg\">\n<div id=\"global-banner\">\n<a class=\"btn btn-navbar navbar-toggle collapsed pull-left\" href=\"#mainSiteMenuMMenuNav\" id=\"hamburger\">\n<span class=\"sr-only\">Toggle navigation</span><span></span>\n</a>\n<div id=\"global-links\">\n<span class=\"visuallyhidden\" tabindex=\"0\">Links to other American Chemical Society websites:</span>\n<ul alt=\"ACS Websites Menu\" class=\"nav navbar-nav\" role=\"banner\">\n<li id=\"active-gb\">\n<a href=\"/content/acs/en.html\"><abbr title=\"American Chemical Society\">ACS</abbr></a>\n</li>\n<li>\n<a href=\"http://pubs.acs.org/\">Publications<span class=\"rightRuled\"></span></a>\n</li>\n<li>\n<a href=\"http://cen.acs.org/\"><abbr title=\"Chemical and Engineering News\">C&amp;EN</abbr><span class=\"rightRuled\"></span></a>\n</li>\n<li>\n<a href=\"http://www.cas.org/\"><abbr title=\"Chemical Abstracts Service\">CAS</abbr></a>\n</li>\n</ul>\n</div>\n<div class=\"acs-logo\">\n<a href=\"/content/acs/en.html\" title=\"American Chemical Society Home Page\">\n<img alt=\"American Chemical Society, Chemistry for Life \u00ae\" border=\"0\" src=\"//assets.acs.org/v2.0/acs-bootstrap/images/acs-logo-white.svg\"/>\n</a>\n</div>\n<!-- login menu -->\n<div class=\"dropdown\" id=\"my-menu\"></div>\n<a class=\"navbar-toggle icon\" href=\"#mainSiteProfileInfo\"><img alt=\"\" class=\"user-icon\" src=\"//assets.acs.org/v3.0/acs-bootstrap/images/myaccount-avatar.png\"/> <span class=\"caret\"></span></a>\n</div>\n</div>\n</div>", "level": 0}, {"value": "<div class=\"acsHeader parbase header\">\n<div id=\"hd\"><!-- header start -->\n<!--googleoff: index-->\n<div class=\"global-nav\">\n<div id=\"main-nav\">\n<div class=\"container\">\n<ul class=\"nav mainSiteMenu\" id=\"mainSiteMenu\" role=\"navigation\" title=\"Main Menu\">\n<li class=\"\" id=\"home\">\n<a href=\"/content/acs/en.html\" title=\"American Chemical Society Home Page\">ACS Home</a>\n</li>\n<li class=\"\" id=\"meetings\"><a href=\"/content/acs/en/meetings.html\" title=\"Meetings\" x-aem-linkchecker=\"valid\">Meetings</a></li><li class=\"\" id=\"careers\"><a href=\"/content/acs/en/careers.html\" title=\"Careers\" x-aem-linkchecker=\"valid\">Careers</a></li><li class=\"\" id=\"membership-and-networks\"><a href=\"/content/acs/en/membership-and-networks.html\" title=\"Communities\" x-aem-linkchecker=\"valid\">Communities</a></li><li class=\"\" id=\"education\"><a href=\"/content/acs/en/education.html\" title=\"Education\" x-aem-linkchecker=\"valid\">Education</a></li><li class=\"\" id=\"funding-and-awards\"><a href=\"/content/acs/en/funding-and-awards.html\" title=\"Funding\" x-aem-linkchecker=\"valid\">Funding</a></li><li class=\"\" id=\"policy\"><a href=\"/content/acs/en/policy.html\" title=\"Advocacy\" x-aem-linkchecker=\"valid\">Advocacy</a></li><li class=\"\" id=\"awards\"><a href=\"/content/acs/en/awards.html\" title=\"Awards\" x-aem-linkchecker=\"valid\">Awards</a></li><li class=\"\" id=\"pressroom\"><a href=\"/content/acs/en/pressroom.html\" title=\"News\" x-aem-linkchecker=\"valid\">News</a></li><li class=\"\" id=\"about\"><a href=\"/content/acs/en/about.html\" title=\"About ACS\" x-aem-linkchecker=\"valid\">About ACS</a></li>\n</ul>\n</div>\n</div>\n</div>\n<div class=\"container\" id=\"headerSubContainer\">\n<div id=\"global-logo\">\n<div class=\"acs-logo\">\n<a href=\"/content/acs/en.html\" title=\"American Chemical Society Home Page\">\n<img alt=\"American Chemical Society, Chemistry for Life \u00ae\" border=\"0\" height=\"60\" src=\"//assets.acs.org/v2.0/acs-bootstrap/images/acs-logo.svg\" width=\"188\"/>\n</a>\n</div>\n</div>\n<div id=\"search\">\n<div class=\"search parbase acsSearch\">\n<form action=\"https://search.acs.org/search\" method=\"get\" role=\"search\">\n<input id=\"searchsite\" name=\"q\" placeholder=\"Search\" title=\"Enter keywords to search\" type=\"text\"/>\n<input name=\"client\" type=\"hidden\" value=\"acs_r2\"/>\n<input name=\"output\" type=\"hidden\" value=\"xml_no_dtd\"/>\n<input name=\"proxystylesheet\" type=\"hidden\" value=\"acs_r2\"/>\n<input name=\"sort\" type=\"hidden\" value=\"date:D:L:d1\"/>\n<input name=\"entqr\" type=\"hidden\" value=\"3\"/>\n<input name=\"oe\" type=\"hidden\" value=\"UTF-8\"/>\n<input name=\"ie\" type=\"hidden\" value=\"UTF-8\"/>\n<input name=\"ud\" type=\"hidden\" value=\"1\"/>\n<input name=\"site\" type=\"hidden\" value=\"acs\"/>\n<input name=\"filter\" type=\"hidden\" value=\"p\"/>\n<input alt=\"Search\" class=\"search-submit\" height=\"21\" src=\"//assets.acs.org/v2.0/aem/images/search-btn.jpg\" type=\"image\" width=\"27\"/>\n</form>\n</div>\n</div>\n<!--googleon: index-->\n</div>\n</div><!-- header end -->\n<!-- TODO - FIX this. it is INVALID html, the closing tag </div> doesnt do anything... -->\n<nav id=\"mainSiteMenuMMenuNav\">\n<span class=\"inner-addon left-addon\">\n<span class=\"searchCont\" style=\"display:none;\">\n<i class=\"glyphicon glyphicon-search\"></i>\n<div class=\"search parbase acsSearch\">\n<form action=\"https://search.acs.org/search\" method=\"get\" role=\"search\">\n<input id=\"searchsite\" name=\"q\" placeholder=\"Search\" title=\"Enter keywords to search\" type=\"text\"/>\n<input name=\"client\" type=\"hidden\" value=\"acs_r2\"/>\n<input name=\"output\" type=\"hidden\" value=\"xml_no_dtd\"/>\n<input name=\"proxystylesheet\" type=\"hidden\" value=\"acs_r2\"/>\n<input name=\"sort\" type=\"hidden\" value=\"date:D:L:d1\"/>\n<input name=\"entqr\" type=\"hidden\" value=\"3\"/>\n<input name=\"oe\" type=\"hidden\" value=\"UTF-8\"/>\n<input name=\"ie\" type=\"hidden\" value=\"UTF-8\"/>\n<input name=\"ud\" type=\"hidden\" value=\"1\"/>\n<input name=\"site\" type=\"hidden\" value=\"acs\"/>\n<input name=\"filter\" type=\"hidden\" value=\"p\"/>\n<input alt=\"Search\" class=\"search-submit\" height=\"21\" src=\"//assets.acs.org/v2.0/aem/images/search-btn.jpg\" type=\"image\" width=\"27\"/>\n</form>\n</div>\n</span></span></nav></div>", "level": 0}, {"value": "<div class=\"container\">\n<div class=\"breadcrumb\">\n<ul role=\"navigation\">\n<li class=\"hiddenButRead first\"><strong>You are here:</strong></li>\n<li class=\"breadcrumb-item-2 first\"> <a href=\"/content/acs/en.html\">American Chemical Society</a> </li>\n<li class=\"breadcrumb-item-3 currentCrumb\"> Privacy </li>\n</ul></div>\n</div>", "level": 0}, {"value": "<div class=\"container\"><h1><span>Privacy Policy</span></h1></div>", "level": 0}], [{"value": "<h1><span>Privacy Policy</span></h1>", "level": 9}, {"value": "<div class=\"parbase section text\">\n<div class=\"container\">\n<div class=\"\">\n<p>This webpage sets out when and how we use your personal information that you or others provide to us.</p>\n</div>\n</div>\n</div>", "level": 0}, {"value": "<div class=\"parbase section text\">\n<div class=\"container\">\n<div class=\"\">\n<p><b><a adhocenable=\"false\" href=\"#who\">Who We Are</a><br/>\n<a adhocenable=\"false\" href=\"#cas\">CAS</a><br/>\n<a adhocenable=\"false\" href=\"#pubs\">ACS Publications</a><br/>\n<a adhocenable=\"false\" href=\"#cen\">C&amp;EN</a><br/>\n<a adhocenable=\"false\" href=\"#use\">How Do You Use My Data?</a><br/>\n<a adhocenable=\"false\" href=\"#info\">What About Technical Information And Analytics?</a><br/>\n<a adhocenable=\"false\" href=\"#cookies\">Cookies</a><br/>\n<a adhocenable=\"false\" href=\"#storage\">Where Is My Data Stored?</a><br/>\n<a adhocenable=\"false\" href=\"#howlong\">How Long Do We Retain Your Data?</a><br/>\n<a adhocenable=\"false\" href=\"#object\">Your Right To Object Under Data Protection Laws</a><br/>\n<a adhocenable=\"false\" href=\"#rights\">What Are My Rights Under Data Protection Laws?</a><br/>\n<a adhocenable=\"false\" href=\"#links\">What About Websites To Which We Link?</a><br/>\n<a adhocenable=\"false\" href=\"#change\">When Will You Change Your Privacy Policy?</a><br/>\n<a adhocenable=\"false\" href=\"#contact\">How Do I Contact You With Feedback?</a></b></p>\n<p>\u00a0</p>\n</div>\n</div>\n</div>", "level": 0}], [{"value": "<h2><span><a id=\"who\"></a>Who We Are</span></h2>", "level": 8}, {"value": "<p>We are the American Chemical Society, an American federally-chartered, non-profit organization (Federal ID No. 53-0196572). References in this policy to \u00e2\u0080\u009cthe Society\u00e2\u0080\u009d, \u00e2\u0080\u009cwe\u00e2\u0080\u009d, \u00e2\u0080\u009cus\u00e2\u0080\u009d or \u00e2\u0080\u009cour\u00e2\u0080\u009d are to the American Chemical Society.</p>", "level": 0}, {"value": "<p>Our registered address is 1155 16<sup>th</sup> Street NW, Washington, DC 20036.</p>", "level": 0}, {"value": "<p><a adhocenable=\"false\" href=\"#top\">Back to top</a></p>", "level": 0}], [{"value": "<h2><span><a id=\"cas\"></a>CAS</span></h2>", "level": 8}, {"value": "<p>Chemical Abstracts Service (CAS) is a division of the Society. CAS is located at 2540 Olentangy River Road, Columbus, Ohio, 43202-1505, U.S.A.</p>", "level": 0}, {"value": "<p>If CAS handles your data, they shall do so in accordance with this privacy policy.</p>", "level": 0}, {"value": "<p>For CAS customers, please address questions, comments and requests related to this privacy policy to <a href=\"mailto:privacy@cas.org\">privacy@cas.org</a>.</p>", "level": 0}, {"value": "<p>You can tell CAS that you do not want your personal information to be processed at any time by contacting CAS at <a href=\"mailto:privacy@cas.org\">privacy@cas.org</a>.</p>", "level": 0}, {"value": "<p>You can tell CAS that you do not want your personal information to be processed at any time by following the unsubscribe link shown in every marketing communication you receive from CAS.</p>", "level": 0}, {"value": "<p>You can also contact Kenneth J. Polk, Esq., by mail at 1155 Sixteenth Street, NW Washington, DC 20036, by email at <a href=\"mailto:k_polk@acs.org\">k_polk@acs.org</a>, or telephone at 1-800-227-5558 (US), Ext. 6003 if you have any queries or concerns as to how CAS handles your data.</p>", "level": 0}, {"value": "<p><a href=\"#top\">Back to top</a></p>", "level": 0}], [{"value": "<h2><span><a id=\"pubs\"></a>ACS Publications</span></h2>", "level": 8}, {"value": "<p>ACS Publications is a division of the Society located at 1155 Sixteenth Street, NW Washington DC 20036.</p>", "level": 0}, {"value": "<p>If ACS Publications handles your data, they shall do so in accordance with this privacy policy.</p>", "level": 0}, {"value": "<p><a href=\"#top\">Back to top</a></p>", "level": 0}], [{"value": "<h2><span><a id=\"cen\"></a>C&amp;EN</span></h2>", "level": 8}, {"value": "<p>Chemical and Engineering News (C&amp;EN) is an independent news organization, and a division of the Society.</p>", "level": 0}, {"value": "<p>If C&amp;EN handles your data, they shall do so in accordance with this privacy policy.</p>", "level": 0}, {"value": "<p><a href=\"#top\">Back to top</a></p>", "level": 0}], [{"value": "<h2><span><a id=\"use\"></a>How Do You Use My Data?</span></h2>", "level": 8}], [{"value": "<h3><span>When you become a member</span></h3>", "level": 7}, {"value": "<p>When you become a member of the American Chemical Society, we will use your personal information to process your membership application and provide you with your membership information and benefits. The details we collect from you when you become a member include your name, address, email address, phone number, payment details, academic/industry affiliation and sector preferences.</p>", "level": 0}, {"value": "<p>To complete your membership application, we share your personal information with our subcontractors, e.g., payment processors, who are involved in the membership application process.</p>", "level": 0}, {"value": "<p>We need to process your personal information in this way to register you as a member and provide the ongoing membership services and benefits to you, as part of your membership contract with us.</p>", "level": 0}], [{"value": "<h3><span>When you use our products and/or services (e.g., SciFinder)</span></h3>", "level": 7}, {"value": "<p>When you use our products and services, we collect such information from you as: your name, address, email address, phone number, job title, employer/academic institution and payment details (if applicable).</p>", "level": 0}, {"value": "<p>We use this information to verify whether you have an active account with us, and to make sure you can access the services you have signed up to receive. We also use the information collected from you to improve our products and services and to provide customized content to you, including, for example, improved searching and search results.</p>", "level": 0}, {"value": "<p>We need to collect and use your personal information in this way to carry out the contract in place between us.</p>", "level": 0}], [{"value": "<h3><span>When you attend one of our national meetings or industry events</span></h3>", "level": 7}, {"value": "<p>When you attend one of our events (such as the national meeting), we will collect the following information from you: name, address, email address, phone number, employer/academic institution, individual demographic data and payment details. If you are already a member and register to attend an event, we will use the equivalent membership details we already hold on file for you to confirm your booking, and you can update the data during the transaction.\u00a0 The details we collect from you will include your name, address, payment and other contact details. We need to use your personal information in this way to complete the booking contract between us.</p>", "level": 0}, {"value": "<p>We provide a delegate list to the organizations and other individuals who attend our events. We do this because our events provide a useful networking opportunity, and we have a legitimate interest in wanting to help build and develop the scientific community. You can object to us using your information in this way by contacting us using the information provided at the time of registration.</p>", "level": 0}], [{"value": "<h3><span>When you attend one of our educational sessions or sign-up for our webinars</span></h3>", "level": 7}, {"value": "<p>When you attend one of our educational sessions, short courses, workshops, (such as Short Courses Learning Management and Classroom sessions) or webinars we will collect the following information from you: name, address, employer/academic institution and payment details. If you are already a member and register to attend a session or webinar, we may use some of the membership details we already hold on file for you to confirm your booking, and you can update the data during the transaction.</p>", "level": 0}, {"value": "<p>The details we collect from you will include your name, address, payment details, phone number and email address. We need to use your personal information in this way to complete the booking contract between us.</p>", "level": 0}], [{"value": "<h3><span>When you phone us, email us, or use our website chat service</span></h3>", "level": 7}, {"value": "<p>When you phone us or contact us by chat or email with general queries, or when we support your use of our products and services, we may also handle your personal information (your name, contact details and the other details you provide to us) in order to provide the customer services you have requested. This could be when you contact us to provide customer support for questions you may have with regard to membership, subscriptions, payments and other service type inquiries, or when you ask for our assistance troubleshooting issues with our products or services, explaining how our products or services work, or if you request information about new products and/or services. All phone calls are recorded for quality assurance and training purposes, and an announcement to that effect is included in our greeting. We record phone calls because we have a legitimate interest in monitoring the quality of our calls, and training our staff using live examples.</p>", "level": 0}, {"value": "<p>Unless we are contracted to provide this support, we rely on your consent to handle your personal information in this way. If you do not provide us with the personal information we request from you for customer services purposes, we may not be able to fully answer your queries.</p>", "level": 0}], [{"value": "<h3><span>When you have expressed an interest in the Society:</span></h3>", "level": 7}, {"value": "<p>This section applies if you have opted in to receive marketing communications from us, or have previously expressed an interest in the Society and not opted out.</p>", "level": 0}, {"value": "<p>When you sign up to one of our webinars, whitepapers, or take one of our quizzes your registration details may be disclosed to the webinar sponsor. We rely on our legitimate interest to promote and develop the scientific community when we transfer your data to the sponsors.</p>", "level": 0}, {"value": "<p>We will handle your personal information (such as your name, email address, postal address, telephone number, job title, employer/academic institution and sector preferences) to provide you with marketing communications in line with any preferences about which you have told us.</p>", "level": 0}, {"value": "<p>When we send you marketing emails because you have opted-in to receive them, we rely on your consent to contact you for marketing purposes.</p>", "level": 0}, {"value": "<p>If you have not opted-in and we send you marketing communications, we do this because of our legitimate interest to promote the success of the Society.</p>", "level": 0}, {"value": "<p>Every email we send to you for marketing purposes will also contain instructions on how to unsubscribe from receiving them.</p>", "level": 0}, {"value": "<p>You are not under any obligation to provide us with your personal data for marketing purposes.</p>", "level": 0}, {"value": "<p>You can tell us that you do not want your personal information to be processed in this way at any time by contacting us at service@acs.org or, where relevant, by following the unsubscribe link shown in every marketing communication you receive from us.</p>", "level": 0}], [{"value": "<h3><span>When you create an ACS ID, a set of digital access credentials:</span></h3>", "level": 7}, {"value": "<p>When you create an ACS ID, the set of credentials that allow us to authenticate your use of ACS websites and applications, we will collect the following information from you: name, email address, institution, username and password. We may also collect your ACS member number to provide you with access to ACS member-only content.</p>", "level": 0}, {"value": "<p>We need to process your data for this reason to provide the contracted services you have requested.</p>", "level": 0}], [{"value": "<h3><span>To make our site, products and services better and to increase our membership base:</span></h3>", "level": 7}, {"value": "<p>We will also use your personal information to provide you with a more effective user experience (such as by displaying articles and links in which we think you will be interested).</p>", "level": 0}, {"value": "<p>Our use of your personal information in this way means that your experience of our site will be more tailored to you, and that the articles and links you see on our site may differ from someone accessing the same site with a different history or browsing habits.</p>", "level": 0}, {"value": "<p>We also share your aggregated, anonymous data with third party analytics and search engine providers that assist us in the improvement and optimization of our site.</p>", "level": 0}, {"value": "<p>We will also use your personal information for the purposes of making our site, products and services more secure, and to administer our site and for internal operations, including troubleshooting, data analysis, testing, research, statistical and survey purposes. We process your data for this reason because we have a legitimate interest to provide you with the best experience we can, to continue increasing our membership base and to ensure that our site, products and services are kept secure.</p>", "level": 0}, {"value": "<p>You can prevent us from using your personal information in this way by using the 'do not track' functionality in your internet browser. If you enable the \u00e2\u0080\u0098do not track\u00e2\u0080\u0099 functionality, our site may be less tailored to your needs and preferences.</p>", "level": 0}], [{"value": "<h3><span>If our business or our assets are sold:</span></h3>", "level": 7}, {"value": "<p>We will transfer your personal information to a third party:</p>", "level": 0}, {"value": "<ul>\n<li>if we sell or buy any business or assets, we will provide your personal information to the seller or buyer (but only to the extent we need to, and always in accordance with data protection legislation); or</li>\n<li>if the Society or the majority of its assets are acquired by somebody else, in which case the personal information held by the Society will be transferred to the buyer.</li>\n</ul>", "level": 0}, {"value": "<p>We process your personal information for this purpose because we have a legitimate interest to maintain business continuity and to ensure our business can be continued by the buyer. If you object to our use of your personal information in this way, the relevant buyer of our business may not be able to provide services to you.</p>", "level": 0}, {"value": "<p>In some circumstances we may also need to share your personal information if we are under a duty to disclose or share it to comply with a legal obligation.</p>", "level": 0}], [{"value": "<h3><span>Children\u00e2\u0080\u0099s Guidelines:</span></h3>", "level": 7}, {"value": "<p>The Society (www.acs.org) meets the guidelines of TRUSTe\u00e2\u0080\u0099s Children\u00e2\u0080\u0099s program.</p>", "level": 0}, {"value": "<p><a href=\"#top\">Back to top</a></p>", "level": 0}], [{"value": "<h2><span><a id=\"info\"></a>What About Technical Information And Analytics?</span></h2>", "level": 8}, {"value": "<p><b>Information we collect about you: </b>When you visit our site we will automatically collect the following information:</p>", "level": 0}, {"value": "<ul>\n<li>technical information, including the Internet protocol (IP) address used to connect your computer to the internet, your login information, browser type and version, time zone setting, browser plug-in types and versions, screen resolution, operating system and platform; and</li>\n<li>information about your visit, including the full Uniform Resource Locators, clickstream to, through and from our site (including date and time), page response times, download errors, length of visits to certain pages, page interaction information (such as scrolling, clicks, and mouse-overs) and methods used to browse away from the page.</li>\n</ul>", "level": 0}, {"value": "<p><b>Information we receive from other sources:</b> We are also working closely with third party advertising networks, analytics providers, hosting providers and search information providers from whom we may also receive general aggregated anonymous information about you.</p>", "level": 0}, {"value": "<p>We may implement the Google Analytics demographics and interest reporting features on our websites. These tools allow us to review anonymous data regarding the gender, age and interests of website visitors and adapt our website content to better reflect their needs. Although this information is collected through your Google Ad settings, it is not provided to us in a personally-identifiable format. This means we cannot identify information about you, and we will not try to figure it out. If we do utilize this feature, you can opt-out of Google Analytics for Display Advertising and customize Google Display Network ads using the Google Ad settings or through the Google Analytics opt-in browser add-on.</p>", "level": 0}, {"value": "<p>We also use Google and Adobe analytics data and the DoubleClick cookie to serve ads based on a user\u00e2\u0080\u0099s prior visits to our website. Site visitors may opt out of the DoubleClick cookie by visiting <a href=\"https://support.google.com/ads/answer/2662922?hl=en\">opt out of seeing Google personalized ads </a>\u00a0or they may opt out of Google Analytics by visiting <a href=\"https://tools.google.com/dlpage/gaoptout\">the Google Analytics opt-out page </a>\u00a0or <a href=\"https://www.adobe.com/privacy/opt-out.html\">the Adobe Analytics opt-out page. </a>Google has additional information available <a href=\"https://support.google.com/adwordspolicy/answer/143465?hl=en&amp;visit_id=0-636633033212662403-1549805655&amp;rd=2\">here</a> about their Remarketing Privacy Guidelines, Policies and Restrictions.</p>", "level": 0}, {"value": "<p>Unless otherwise stated, we will combine the information you provide to us with information we collect about you.</p>", "level": 0}, {"value": "<p><a href=\"/content/acs/en/privacy.html?cq_ck=1528479910948#top\">Back to top</a></p>", "level": 0}], [{"value": "<h2><span><a id=\"cookies\"></a>Cookies</span></h2>", "level": 8}, {"value": "<p>Our site uses cookies to distinguish you from other users of our site. This helps us to provide you with a good experience when you browse our site and also allows us to improve our site. By continuing to browse the site, you are agreeing to our use of cookies.</p>", "level": 0}, {"value": "<p>A cookie is a small file of letters and numbers that we store on your browser or the hard drive of your computer. We only use (and store) non-essential cookies on your computer's browser or hard drive if you provide your consent.</p>", "level": 0}, {"value": "<p>The following table of cookies is illustrative and not intended to be exhaustive:</p>", "level": 0}, {"value": "<td valign=\"top\" width=\"123\"><p style=\"text-align: center;\"><b>Category of Use</b></p>\n</td>", "level": 0}], [{"value": "<p style=\"text-align: center;\"><b>Category of Use</b></p>", "level": 1}], [{"value": "<p style=\"text-align: center;\"><b>Example Cookie Name</b></p>", "level": 1}], [{"value": "<p style=\"text-align: center;\"><b>First or Third Party</b></p>", "level": 1}], [{"value": "<p><b>Description</b></p>", "level": 1}, {"value": "<tr><td valign=\"top\" width=\"123\"><p style=\"text-align: center;\">Preferences &amp; Personalization</p>\n</td>\n<td valign=\"top\" width=\"132\"><p style=\"text-align: center;\">Demdex</p>\n</td>\n<td valign=\"top\" width=\"151\"><p style=\"text-align: center;\">Third Party \u00e2\u0080\u0093 Adobe Analytics</p>\n</td>\n<td valign=\"top\" width=\"151\"><p>Assigns unique ID to site visitor to support reporting, modelling, segmentation</p>\n</td>\n</tr>", "level": 0}, {"value": "<tr><td valign=\"top\" width=\"123\"><p style=\"text-align: center;\">Authentication &amp; Security</p>\n</td>\n<td valign=\"top\" width=\"132\"><p style=\"text-align: center;\">JSESSIONID</p>\n</td>\n<td valign=\"top\" width=\"151\"><p style=\"text-align: center;\">First Party - ACS</p>\n</td>\n<td valign=\"top\" width=\"151\"><p>A cookie generated for session management in J2EE web applications for the HTTP protocol</p>\n</td>\n</tr>", "level": 0}, {"value": "<tr><td valign=\"top\" width=\"123\"><p style=\"text-align: center;\">Service Features &amp; Performance</p>\n</td>\n<td valign=\"top\" width=\"132\"><p style=\"text-align: center;\">SnapABugHistory</p>\n</td>\n<td valign=\"top\" width=\"151\"><p style=\"text-align: center;\">First Party \u00e2\u0080\u0093 Snap Engage Live Support</p>\n</td>\n<td valign=\"top\" width=\"151\"><p>Supports chat software visitor identification</p>\n</td>\n</tr>", "level": 0}, {"value": "<tr><td valign=\"top\" width=\"123\"><p style=\"text-align: center;\">Analytics and Research</p>\n</td>\n<td valign=\"top\" width=\"132\"><p style=\"text-align: center;\">ELQSTATUS</p>\n</td>\n<td valign=\"top\" width=\"151\"><p style=\"text-align: center;\">Third party \u00e2\u0080\u0093 Oracle Eloqua</p>\n</td>\n<td valign=\"top\" width=\"151\"><p>This cookie is set by Oracle Eloqua and used by ACS to track individual site visitors and how they use the website, and to pre-populate forms where the visitor is known.</p>\n</td>\n</tr>", "level": 0}, {"value": "<tr><td valign=\"top\" width=\"123\"><p style=\"text-align: center;\">Analytics and Research</p>\n</td>\n<td valign=\"top\" width=\"132\"><p style=\"text-align: center;\">ELOQUA</p>\n</td>\n<td valign=\"top\" width=\"151\"><p style=\"text-align: center;\">Third party \u00e2\u0080\u0093 Oracle Eloqua</p>\n</td>\n<td valign=\"top\" width=\"151\"><p>This cookie is set by Oracle Eloqua and used by ACS to track individual site visitors and how they use the website, and to pre-populate forms where the visitor is known.</p>\n</td>\n</tr>", "level": 0}, {"value": "<tr><td valign=\"top\" width=\"123\"><p style=\"text-align: center;\">Advertising</p>\n</td>\n<td valign=\"top\" width=\"132\"><p style=\"text-align: center;\">event&lt;eventid&gt;</p>\n</td>\n<td valign=\"top\" width=\"151\"><p style=\"text-align: center;\">Third Party \u00e2\u0080\u0093 ON24</p>\n</td>\n<td valign=\"top\" width=\"151\"><p>To access webinars, you may be required to register and provide personal information that typically includes at least name, email address, telephone number, company name and job title. This cookie is used to identify returning registrants for an event.</p>\n</td>\n</tr>", "level": 0}, {"value": "<div class=\"parbase section text\">\n<div class=\"container\">\n<div class=\"\">\n<p>Please note that third parties (including, for example, advertising networks and providers of external services like web traffic analysis services) may also use cookies, over which we do not have any control. These cookies are likely to be analytical/performance cookies or targeting cookies.</p>\n<p>You can block cookies by activating the setting on your browser that allows you to refuse the setting of all or some cookies. However, if you use your browser settings to block all cookies (including essential cookies) you may not be able to access all or parts of our site.</p>\n<p>Except for essential cookies, all cookies will expire after 2 years.</p>\n<p><a href=\"/content/acs/en/privacy.html?cq_ck=1528479910948#top\">Back to top</a></p>\n<p>\u00a0</p>\n</div>\n</div>\n</div>", "level": 0}], [{"value": "<h2><span><a id=\"storage\"></a>Where Is My Data Stored?</span></h2>", "level": 8}, {"value": "<p>We (and many of our external third parties) are based outside the European Economic Area (<b>EEA</b>) so their processing of your personal information will involve a transfer of data outside of the EEA.</p>", "level": 0}, {"value": "<p>Whenever we transfer your personal information outside of the EEA, we ensure it is protected by making sure at least one of the following safeguards is in place:</p>", "level": 0}, {"value": "<ul>\n<li>by transferring your personal information to a country that has been deemed to provide an adequate level of protection by the European Commission;</li>\n<li>by using specific contracts approved by the European Commission which give your personal information the same protection it has if it was in the EEA;</li>\n<li>where we use providers based in the US, we may transfer data to them if they are part of the Privacy Shield which requires them to provide similar levels of protection to personal data shared between Europe and the US as if It was in the EEA.</li>\n</ul>", "level": 0}, {"value": "<p>To keep this privacy policy as short and easy to understand as possible, we have not set out the specific circumstances when each of these protection measures are used. You can contact Kenneth J. Polk, Esq., by mail at 1155 Sixteenth Street, NW Washington, DC 20036, by email at <a href=\"mailto:k_polk@acs.org\">k_polk@acs.org</a>, or telephone at 1-800-227-5558 (US), Ext. 6003. for the details as to how we protect specific transfer of your data or for CAS customers you can contact <a href=\"mailto:privacy@cas.org\">privacy@cas.org</a>.</p>", "level": 0}, {"value": "<p>All information you provide to us is stored on our secure servers or those of our third party data storage providers. Where we have given you (or where you have chosen) a password which enables you to access certain parts of our site, you are responsible for keeping this password confidential. You must not share your password with anyone.</p>", "level": 0}, {"value": "<p><a href=\"/content/acs/en/privacy.html?cq_ck=1528479910948#top\">Back to top</a></p>", "level": 0}], [{"value": "<h2><span><a id=\"howlong\"></a>How Long Do We Retain Your Data?</span></h2>", "level": 8}, {"value": "<p>We will only retain your personal data for as long as necessary to fulfil the purposes we collected it for, including for the purposes of satisfying any legal, accounting, or reporting requirements.</p>", "level": 0}, {"value": "<p>To determine the appropriate retention period for personal data, we consider the amount, nature, and sensitivity of the personal data, the potential risk of harm from unauthorized use or disclosure of your personal data, the purposes for which we process your personal data and whether we can achieve those purposes through other means, and the applicable legal requirements.</p>", "level": 0}, {"value": "<p>If you tell us that you no longer wish to receive marketing communications from us, we promise to stop sending them to you.</p>", "level": 0}, {"value": "<p>In some circumstances we may anonymise your personal data (so that it can no longer be associated with you) for research, product development or improvement, or statistical purposes, in which case we may use this information indefinitely without further notice to you.</p>", "level": 0}, {"value": "<p><a href=\"/content/acs/en/privacy.html?cq_ck=1528479910948#top\">Back to top</a></p>", "level": 0}], [{"value": "<h2><span><a id=\"object\"></a>Your Right To Object Under Data Protection Laws</span></h2>", "level": 8}, {"value": "<p>You have the right to object to us handling your personal information when:</p>", "level": 0}, {"value": "<ul>\n<li>we are handling your personal information based on our legitimate interests (as described in the \u00e2\u0080\u009cHow do you use my data\u00e2\u0080\u009d section above). If you ask us to stop handling your personal information in this way, we will stop unless we can show you that we have compelling grounds as to why our use of your personal information should continue; or</li>\n<li>for marketing purposes. If you ask us to stop handling your personal information on this basis, we will stop. We will then only hold very limited data about you to make sure we do not contact you again.</li>\n</ul>", "level": 0}, {"value": "<p><a href=\"/content/acs/en/privacy.html?cq_ck=1528479910948#top\">Back to top</a></p>", "level": 0}], [{"value": "<h2><span><a id=\"rights\"></a>What Are My Rights Under Data Protection Laws?</span></h2>", "level": 8}, {"value": "<p>You have various rights under the data protection laws, which you can exercise by contacting us. The easiest way to do this is to contact Kenneth J. Polk, Esq., by mail at 1155 Sixteenth Street, NW Washington, DC 20036, by email at <a href=\"mailto:k_polk@acs.org\">k_polk@acs.org</a>, or telephone at 1-800-227-5558 (US), Ext. 6003 or for CAS customers contact <a href=\"mailto:privacy@cas.org\">privacy@cas.org</a>. \u00a0</p>", "level": 0}, {"value": "<p>If you exercise your right under data protection laws, your request may be subject to a fee, if we are permitted to charge a fee. We will let you know at the time you make your request whether there is a fee to pay.</p>", "level": 0}], [{"value": "<h3><span>Right of access</span></h3>", "level": 7}, {"value": "<p>You are entitled to receive confirmation as to whether your personal information is being processed by us, as well as various other information relating to our use of your personal information.</p>", "level": 0}, {"value": "<p>You also have the right to access your personal information which we are handling.</p>", "level": 0}], [{"value": "<h3><span>Right to rectification<b></b></span></h3>", "level": 7}, {"value": "<p>You have the right to require us to rectify any inaccurate personal information we hold about you. You also have the right to have incomplete personal information we hold about you completed, by providing a supplementary statement to us.</p>", "level": 0}], [{"value": "<h3><span>Right to restriction</span></h3>", "level": 7}, {"value": "<p>You can restrict our processing of your personal information where:</p>", "level": 0}, {"value": "<ul>\n<li>you think we hold inaccurate personal information about you;</li>\n<li>our handling of your personal information breaks the law, but you do not want us to delete it;</li>\n<li>we no longer need to process your personal information, but you want us to keep it for legal reasons; or</li>\n<li>where we are handling your personal information because we have a legitimate interest (as described in the \u00e2\u0080\u009cHow do you use my data?\u00e2\u0080\u009d section above), and are in the process of objecting to this use of your personal information.</li>\n</ul>", "level": 0}, {"value": "<p>Where you exercise your right to restrict us from using your personal information, we will then only process your personal information when you agree, except for storage purposes and to handle legal claims.</p>", "level": 0}], [{"value": "<h3><span>Right to data portability</span></h3>", "level": 7}, {"value": "<p>You have the right to receive your personal information in a structured, standard machine readable format and to send this to another organization controlling your personal information.</p>", "level": 0}, {"value": "<p>This right only applies to your personal information we are handling because you consented to us using it or because there is a contract in place between us.</p>", "level": 0}], [{"value": "<h3><span>Right to erasure</span></h3>", "level": 7}, {"value": "<p>You have the right to require us to erase your personal information which we are handling in the following circumstances:</p>", "level": 0}, {"value": "<ul>\n<li>where we no longer need to use your personal information for the reasons we told you we collected it;</li>\n<li>where we needed your consent to use your personal information, you have withdrawn your consent and there is no other lawful way we can continue to use your personal information;</li>\n<li>when you object to our use of your personal information and we have no compelling reason to carry on handling it;</li>\n<li>if our handling of your personal information has broken the law; and</li>\n<li>when we must erase your personal information to comply with a law we are subject to.</li>\n</ul>", "level": 0}], [{"value": "<h3><span>Right to complain</span></h3>", "level": 7}, {"value": "<p>You have the right to lodge a complaint with the relevant supervisory authority for data protection issues in your territory. As we conduct business globally, we have not set out the specific supervisory authorities for each country in this policy, but please contact us if you would like us to identify who the relevant supervisory authority is in your country or territory.</p>", "level": 0}, {"value": "<p>Please be aware that we may also need to use your personal information if it is relevant to a legal claim that is being pursued.</p>", "level": 0}, {"value": "<p><a href=\"/content/acs/en/privacy.html?cq_ck=1528479910948#top\">Back to top</a></p>", "level": 0}], [{"value": "<h2><span><a id=\"links\"></a>What About Websites To Which We Link?</span></h2>", "level": 8}, {"value": "<p>Our site may, from time to time, contain links to and from the websites of our partner networks and affiliates.</p>", "level": 0}, {"value": "<p>Our site connects you to different websites.\u00a0 If you follow a link to any of these websites or use our services, please note that you have left our site and these websites have their own privacy policies.</p>", "level": 0}, {"value": "<p>We do not accept any responsibility or liability for these policies or websites.\u00a0 Please check their policies before you submit any personal information to these websites.</p>", "level": 0}, {"value": "<p><a href=\"/content/acs/en/privacy.html?cq_ck=1528479910948#top\">Back to top</a></p>", "level": 0}], [{"value": "<h2><span><a id=\"change\"></a>When Will You Change Your Privacy Policy?</span></h2>", "level": 8}, {"value": "<p>Any changes we make to our privacy policy in the future will be posted on this page and, where appropriate, notified to you by e-mail or post.</p>", "level": 0}, {"value": "<p>Please check back frequently to see any updates or changes to our privacy policy.</p>", "level": 0}, {"value": "<p><a href=\"/content/acs/en/privacy.html?cq_ck=1528479910948#top\">Back to top</a></p>", "level": 0}], [{"value": "<h2><span><a id=\"contact\"></a>How Do I Contact You With Feedback?</span></h2>", "level": 8}, {"value": "<p>Questions, comments and requests regarding this privacy policy are welcomed and should be addressed to Kenneth J. Polk, Esq., by mail at 1155 Sixteenth Street, NW Washington, DC 20036, by email at <a href=\"mailto:k_polk@acs.org\">k_polk@acs.org</a>, or telephone at 1-800-227-5558 (US), Ext. 6003. \u00a0</p>", "level": 0}, {"value": "<p>The representative we have appointed in the EU is ACS International Ltd. You can contact ACS International by email at <a href=\"mailto:acsiprivacy@acs-i.org\">acsiprivacy@acs-i.org</a> or to Kenneth J. Polk, Esq. by email at <a href=\"mailto:k_polk@acs.org\">k_polk@acs.org</a>, or by writing to ACS International Ltd., Prama House, 267 Banbury Road, Oxford OX2 7HT, United Kingdom, and Attention: Kenneth J. Polk, Esq.\u00a0\u00a0</p>", "level": 0}, {"value": "<p>This privacy policy was last updated on June 8, 2018.</p>", "level": 0}, {"value": "<p><a href=\"/content/acs/en/privacy.html?cq_ck=1528479910948#top\">Back to top</a></p>", "level": 0}], [{"value": "<h4>\n<a href=\"/content/acs/en/privacy.html\">Privacy</a><span class=\"left-nav-menu-badge\">\u00a0\u2014Menu</span>\n</h4>", "level": 6}, {"value": "<div class=\"sharebar2_footer\">\n<div class=\"container\">\n<div class=\"sharebar2_label\">Share this page:</div>\n<div class=\"sharebar2 parbase addthis\"><!-- ACS Sharebar 2.0 BEGIN -->\n<div class=\"sharebar2 \">\n<!-- ACS Network -->\n<a class=\"social-icon acsnetwork\" href=\"javascript:window.open('https://communities.acs.org/create-favorite-bookmarklet!input.jspa?url=https%3A%2F%2Fwww.acs.org%2Fcontent%2Facs%2Fen%2Fprivacy.html&amp;subject=Privacy%20Statement%20-%20American%20Chemical%20Society', '_blank');void(0);\" title=\"ACS Network\">\n<span class=\"hiddenButRead\">ACS Network</span>\n</a>\n<!-- Facebook -->\n<a class=\"social-icon facebook\" href=\"javascript:window.open('https://www.facebook.com/sharer.php?u=https%3A%2F%2Fwww.acs.org%2Fcontent%2Facs%2Fen%2Fprivacy.html', '_blank', 'width=450,height=550');void(0);\" title=\"Facebook\">\n<span class=\"hiddenButRead\">Facebook</span>\n</a>\n<!-- LinkedIn -->\n<a class=\"social-icon linkedin\" href=\"javascript:window.open('https://www.linkedin.com/shareArticle?url=https%3A%2F%2Fwww.acs.org%2Fcontent%2Facs%2Fen%2Fprivacy.html&amp;title=Privacy%20Statement%20-%20American%20Chemical%20Society', '_blank', 'width=450,height=550');void(0);\" title=\"LinkedIn\">\n<span class=\"hiddenButRead\">LinkedIn</span>\n</a>\n<!-- Twitter -->\n<a class=\"social-icon twitter\" href=\"javascript:window.open('https://twitter.com/intent/tweet?url=https%3A%2F%2Fwww.acs.org%2Fcontent%2Facs%2Fen%2Fprivacy.html&amp;text=Privacy%20Statement%20-%20American%20Chemical%20Society', '_blank', 'width=450,height=550');void(0);\" title=\"Tweet\">\n<span class=\"hiddenButRead\">Twitter</span>\n</a>\n<!-- Google+ -->\n<a class=\"social-icon googleplus\" href=\"javascript:window.open('https://plus.google.com/share?url=https%3A%2F%2Fwww.acs.org%2Fcontent%2Facs%2Fen%2Fprivacy.html', '_blank', 'width=450,height=550');void(0);\" title=\"Google+\">\n<span class=\"hiddenButRead\">Google+</span>\n</a>\n<!-- Pinterest -->\n<a class=\"social-icon pinterest\" href=\"javascript:window.open('https://pinterest.com/pin/create/bookmarklet/?media=http%3A%2F%2Fassets.acs.org%2Facs-bootstrap%2Fv2.0%2Fimages%2Facs-logo-facebook.png&amp;url=https%3A%2F%2Fwww.acs.org%2Fcontent%2Facs%2Fen%2Fprivacy.html&amp;is_video=false&amp;description=Privacy%20Statement%20-%20American%20Chemical%20Society', '_blank', 'width=450,height=550');void(0);\" title=\"Pinterest\">\n<span class=\"hiddenButRead\">Pinterest</span>\n</a>\n<!-- Email -->\n<a class=\"social-icon email\" href=\"mailto:?subject=Privacy%20Statement%20-%20American%20Chemical%20Society&amp;body=American%20Chemical%20Society%3A%20Chemistry%20for%20Life.%20-%20https%3A%2F%2Fwww.acs.org%2Fcontent%2Facs%2Fen%2Fprivacy.html\" title=\"Email\">\n<span class=\"hiddenButRead\">Email</span>\n</a>\n</div>\n<!-- ACS Sharebar 2.0 END -->\n</div>\n</div>\n</div>", "level": 0}, {"value": "<div class=\"footer parbase acsFooter\">\n<!--googleoff: index-->\n<div class=\"extended\" id=\"ft\" role=\"contentinfo\">\n<div class=\"container\">\n<div id=\"ft-sitemap\">\n<div class=\"sitemap-col\">\n<div class=\"parbase footerCol1 acsFooterLinkList\">\n<dl class=\"sitemap-cat\">\n<dt>\n\t\t\t\tI want to\n\t\t\t</dt>\n<dd>\n<a href=\"http://www.renew.acs.org?sc=180808_GlobalFooter_od\">Renew Membership</a>\n</dd>\n<dd>\n<a href=\"https://www.acs.org/content/acs/en/help/change-your-contact-information.html?sc=180808_GlobalFooter_od\">Change Contact Info</a>\n</dd>\n<dd>\n<a href=\"https://www.acs.org/content/acs/en/volunteer.html?sc=180808_GlobalFooter_od\">Volunteer</a>\n</dd>\n<dd>\n<a href=\"https://www.acs.org/content/acs/en/about/makedonation.html?sc=180808_GlobalFooter_od\">Donate</a>\n</dd>\n</dl>\n</div>\n</div>\n<div class=\"sitemap-col\">\n<div class=\"parbase footerCol2 acsFooterLinkList\">\n<dl class=\"sitemap-cat\">\n<dt>\n\t\t\t\tMEMBER BENEFITS\n\t\t\t</dt>\n<dd>\n<a href=\"https://www.acs.org/content/acs/en/membership-and-networks/insurance.html?sc=180808_GlobalFooter_od\">Insurance</a>\n</dd>\n<dd>\n<a href=\"https://www.acs.org/content/acs/en/careers/career-services.html?sc=180808_GlobalFooter_od\">Career Services</a>\n</dd>\n<dd>\n<a href=\"https://www.acs.org/content/acs/en/acs-webinars.html?sc=180808_GlobalFooter_od\">Webinars</a>\n</dd>\n<dd>\n<a href=\"https://www.acs.org/content/acs/en/membership/member-benefits.html?sc=180808_GlobalFooter_od\">Member Discounts</a>\n</dd>\n</dl>\n</div>\n</div>\n<div class=\"sitemap-col\">\n<div class=\"parbase footerCol3 acsFooterLinkList\">\n<dl class=\"sitemap-cat\">\n<dt>\n\t\t\t\tCommunities\n\t\t\t</dt>\n<dd>\n<a href=\"https://communities.acs.org/welcome?sc=180808_GlobalFooter_od\">ACS Network</a>\n</dd>\n<dd>\n<a href=\"https://www.acs.org/content/acs/en/membership-and-networks/ls.html?sc=180808_GlobalFooter_od\">Local Sections</a>\n</dd>\n<dd>\n<a href=\"https://www.acs.org/content/acs/en/membership-and-networks/join.html?sc=180808_GlobalFooter_od\">Technical Divisions</a>\n</dd>\n<dd>\n<a href=\"https://www.acs.org/content/acs/en/global/international/chapters.html?sc=180808_GlobalFooter_od\">International Chapters</a>\n</dd>\n<dd>\n<a href=\"https://teachchemistry.org?sc=180808_GlobalFooter_od\">American Association of Chemistry Teachers</a>\n</dd>\n</dl>\n</div>\n</div>\n<div class=\"sitemap-col\">\n<div class=\"parbase footerCol4 acsFooterLinkList\">\n<dl class=\"sitemap-cat\">\n<dt>\n\t\t\t\tPOPULAR TOPICS\n\t\t\t</dt>\n<dd>\n<a href=\"http://global.acs.org?sc=180808_GlobalFooter_od\">International Center</a>\n</dd>\n<dd>\n<a href=\"https://www.acs.org/content/acs/en/greenchemistry.html?sc=180808_GlobalFooter_od\">Green Chemistry</a>\n</dd>\n<dd>\n<a href=\"https://www.acs.org/content/acs/en/education/whatischemistry/periodictable.html?sc=180808_GlobalFooter_od\">Periodic Table of Elements</a>\n</dd>\n<dd>\n<a href=\"https://www.acs.org/content/acs/en/education/students/highschool/olympiad.html?sc=180808_GlobalFooter_od\">Chemistry Olympiad</a>\n</dd>\n<dd>\n<a href=\"https://www.acs.org/content/acs/en/education/resources.html?sc=180808_GlobalFooter_od\">Educational Resources</a>\n</dd>\n</dl>\n</div>\n</div>\n<div class=\"sitemap-col\">\n<div class=\"footerCol5 parbase acsFooterLinkList\">\n<dl class=\"sitemap-cat\">\n<dt>\n\t\t\t\tACS\n\t\t\t</dt>\n<dd>\n<a href=\"https://www.acs.org/content/acs/en/about.html?sc=180808_GlobalFooter_od\">About ACS</a>\n</dd>\n<dd>\n<a href=\"https://www.acs.org/content/acs/en/pressroom/news-room.html?sc=180808_GlobalFooter_od\">News Room</a>\n</dd>\n<dd>\n<a href=\"https://www.acs.org/content/acs/en/about/governance.html?sc=180808_GlobalFooter_od\">Governance</a>\n</dd>\n<dd>\n<a href=\"https://www.store.acs.org?sc=180808_GlobalFooter_od\">Store</a>\n</dd>\n<dd>\n<a href=\"https://www.acs.org/content/acs/en/about/jobs-at-acs.html?sc=180808_GlobalFooter_od\">Jobs at ACS</a>\n</dd>\n</dl>\n</div>\n<div class=\"ft-social-links\">\n<a class=\"social-facebook\" href=\"https://www.facebook.com/AmericanChemicalSociety\" title=\"Follow us on Facebook\"></a>\n<a class=\"social-twitter\" href=\"https://twitter.com/AmerChemSociety\" title=\"Follow us on Twitter\"></a>\n<a class=\"social-linkedin\" href=\"https://www.linkedin.com/company/american-chemical-society\" title=\"Follow us on LinkedIn\"></a>\n</div>\n</div>\n</div>\n<div class=\"ft-links\">\n<ul>\n<li><a href=\"#top\">Top ^</a></li>\n<li><a href=\"/content/acs/en/terms.html\">Terms of Use</a></li>\n<li><a href=\"/content/acs/en/security.html\">Security</a></li>\n<li><a href=\"/content/acs/en/privacy.html\">Privacy</a></li>\n<li><a href=\"/content/acs/en/accessibility-statement.html\">Accessibility</a></li>\n<li><a href=\"/content/acs/en/sitemap.html\">Site Map</a></li>\n<li><a href=\"/content/acs/en/contact.html\">Contact</a></li>\n<li><a href=\"/content/acs/en/help.html\">Help</a></li>\n</ul>\n<p><a href=\"/content/acs/en/copyright.html\">Copyright \u00a9</a> 2018 American Chemical Society</p>\n<div class=\"ft-acs-address\">\n<div class=\"footerText parbase text\">\n<div class=\"container\">\n<div class=\"\">\n<p>1155 Sixteenth Street, NW, Washington, DC 20036, USA, <a href=\"mailto:service@acs.org\">service@acs.org</a>, 1-800-333-9511 (US and Canada), 614-447-3776 (outside North America)</p>\n</div>\n</div>\n</div>\n</div>\n<div class=\"ft-last-modified\">\n\t\t\t\t\tLast Updated: 06-08-2018\n\t\t\t\t</div>\n</div>\n</div>\n</div>\n<!-- end footer -->\n<!--googleon: index-->\n</div>", "level": 0}, {"value": "<div id=\"heartbeat-message\">\n<h2><span>Still there, or gone to get coffee???</span></h2>\n<p>For your security, this online session is about to end due to inactivity.</p>\n<p>If you do not respond, everything you entered on this page will be lost and you will have to login again.</p>\n</div>", "level": 0}], [{"value": "<h2><span>Still there, or gone to get coffee???</span></h2>", "level": 8}, {"value": "<p>For your security, this online session is about to end due to inactivity.</p>", "level": 0}, {"value": "<p>If you do not respond, everything you entered on this page will be lost and you will have to login again.</p>", "level": 0}, {"value": "<div class=\"modal-footer\">\n<div id=\"modal-session-extend\"><p>Time remaining: <span id=\"timeout\">00:00</span></p></div>\n<button aria-hidden=\"true\" class=\"btn btn-primary\" data-dismiss=\"modal\" id=\"renew-btn\">I'm not done yet!</button>\n</div>", "level": 0}]]