[[{"value": "<h1 class=\"title\">\n<a href=\"http://playislamicapps.blogspot.com/\">\nISLAMIC APPS FOR ANDROID\n</a>\n</h1>", "level": 9}], [{"value": "<h2 class=\"date-header\"><span>lundi 13 mars 2017</span></h2>", "level": 8}], [{"value": "<h2 style=\"text-align: left;\">\nVie priv\u00c3\u00a9e</h2>", "level": 8}], [{"value": "<h2 style=\"text-align: left;\">\nContenu</h2>", "level": 8}], [{"value": "<h2 style=\"text-align: left;\">\nInformations collect\u00c3\u00a9es</h2>", "level": 8}], [{"value": "<h2 style=\"text-align: left;\">\nStockage des donn\u00c3\u00a9es</h2>", "level": 8}], [{"value": "<h2 style=\"text-align: left;\">\nModifications des R\u00c3\u00a8gles de confidentialit\u00c3\u00a9</h2>", "level": 8}], [{"value": "<h2 style=\"text-align: left;\">\nQuestions et suggestions</h2>", "level": 8}, {"value": "<div class=\"post-footer\">\n<div class=\"post-footer-line post-footer-line-1\">\n<span class=\"post-author vcard\">\nPubli\u00c3\u00a9 par\n<span class=\"fn\" itemprop=\"author\" itemscope=\"itemscope\" itemtype=\"http://schema.org/Person\">\n<span itemprop=\"name\">Admin</span>\n</span>\n</span>\n<span class=\"post-timestamp\">\n\u00c3\u00a0\n<meta content=\"http://playislamicapps.blogspot.com/2017/03/regles-de-confidentialite.html\" itemprop=\"url\"/>\n<a class=\"timestamp-link\" href=\"http://playislamicapps.blogspot.com/2017/03/regles-de-confidentialite.html\" rel=\"bookmark\" title=\"permanent link\"><abbr class=\"published\" itemprop=\"datePublished\" title=\"2017-03-13T21:59:00-07:00\">21:59</abbr></a>\n</span>\n<span class=\"reaction-buttons\">\n</span>\n<span class=\"post-comment-link\">\n</span>\n<span class=\"post-backlinks post-comment-link\">\n</span>\n<span class=\"post-icons\">\n<span class=\"item-control blog-admin pid-696413251\">\n<a href=\"https://www.blogger.com/post-edit.g?blogID=3437059977121641608&amp;postID=284702661079257484&amp;from=pencil\" title=\"Modifier l'article\">\n<img alt=\"\" class=\"icon-action\" height=\"18\" src=\"https://resources.blogblog.com/img/icon18_edit_allbkg.gif\" width=\"18\"/>\n</a>\n</span>\n</span>\n<div class=\"post-share-buttons goog-inline-block\">\n<a class=\"goog-inline-block share-button sb-email\" href=\"https://www.blogger.com/share-post.g?blogID=3437059977121641608&amp;postID=284702661079257484&amp;target=email\" target=\"_blank\" title=\"Envoyer par e-mail\"><span class=\"share-button-link-text\">Envoyer par e-mail</span></a><a class=\"goog-inline-block share-button sb-blog\" href=\"https://www.blogger.com/share-post.g?blogID=3437059977121641608&amp;postID=284702661079257484&amp;target=blog\" onclick='window.open(this.href, \"_blank\", \"height=270,width=475\"); return false;' target=\"_blank\" title=\"BlogThis!\"><span class=\"share-button-link-text\">BlogThis!</span></a><a class=\"goog-inline-block share-button sb-twitter\" href=\"https://www.blogger.com/share-post.g?blogID=3437059977121641608&amp;postID=284702661079257484&amp;target=twitter\" target=\"_blank\" title=\"Partager sur Twitter\"><span class=\"share-button-link-text\">Partager sur Twitter</span></a><a class=\"goog-inline-block share-button sb-facebook\" href=\"https://www.blogger.com/share-post.g?blogID=3437059977121641608&amp;postID=284702661079257484&amp;target=facebook\" onclick='window.open(this.href, \"_blank\", \"height=430,width=640\"); return false;' target=\"_blank\" title=\"Partager sur Facebook\"><span class=\"share-button-link-text\">Partager sur Facebook</span></a><a class=\"goog-inline-block share-button sb-pinterest\" href=\"https://www.blogger.com/share-post.g?blogID=3437059977121641608&amp;postID=284702661079257484&amp;target=pinterest\" target=\"_blank\" title=\"Partager sur Pinterest\"><span class=\"share-button-link-text\">Partager sur Pinterest</span></a><div class=\"goog-inline-block google-plus-share-container\"><g:plusone annotation=\"inline\" href=\"http://playislamicapps.blogspot.com/2017/03/regles-de-confidentialite.html\" size=\"medium\" source=\"blogger:blog:plusone\" width=\"300\"></g:plusone></div>\n</div>\n</div>\n<div class=\"post-footer-line post-footer-line-2\">\n<span class=\"post-labels\">\n</span>\n</div>\n<div class=\"post-footer-line post-footer-line-3\">\n<span class=\"post-location\">\n</span>\n</div>\n</div>", "level": 0}, {"value": "<div class=\"blog-pager\" id=\"blog-pager\">\n<a class=\"home-link\" href=\"http://playislamicapps.blogspot.com/\">Accueil</a>\n</div>", "level": 0}, {"value": "<footer>\n<div class=\"footer-outer\">\n<div class=\"footer-cap-top cap-top\">\n<div class=\"cap-left\"></div>\n<div class=\"cap-right\"></div>\n</div>\n<div class=\"fauxborder-left footer-fauxborder-left\">\n<div class=\"fauxborder-right footer-fauxborder-right\"></div>\n<div class=\"region-inner footer-inner\">\n<div class=\"foot no-items section\" id=\"footer-1\"></div>\n<table border=\"0\" cellpadding=\"0\" cellspacing=\"0\" class=\"section-columns columns-2\">\n<tbody>\n<tr>\n<td class=\"first columns-cell\">\n<div class=\"foot no-items section\" id=\"footer-2-1\"></div>\n</td>\n<td class=\"columns-cell\">\n<div class=\"foot no-items section\" id=\"footer-2-2\"></div>\n</td>\n</tr>\n</tbody>\n</table>\n<!-- outside of the include in order to lock Attribution widget -->\n<div class=\"foot section\" id=\"footer-3\" name=\"Pied de page\"><div class=\"widget Attribution\" data-version=\"1\" id=\"Attribution1\">\n<div class=\"widget-content\" style=\"text-align: center;\">\nTh\u00c3\u00a8me Simple. Fourni par <a href=\"https://www.blogger.com\" target=\"_blank\">Blogger</a>.\n</div>\n<div class=\"clear\"></div>\n<span class=\"widget-item-control\">\n<span class=\"item-control blog-admin\">\n<a class=\"quickedit\" href=\"//www.blogger.com/rearrange?blogID=3437059977121641608&amp;widgetType=Attribution&amp;widgetId=Attribution1&amp;action=editWidget&amp;sectionId=footer-3\" onclick='return _WidgetManager._PopupConfig(document.getElementById(\"Attribution1\"));' target=\"configAttribution1\" title=\"Modifier\">\n<img alt=\"\" height=\"18\" src=\"https://resources.blogblog.com/img/icon18_wrench_allbkg.png\" width=\"18\"/>\n</a>\n</span>\n</span>\n<div class=\"clear\"></div>\n</div></div>\n</div>\n</div>\n<div class=\"footer-cap-bottom cap-bottom\">\n<div class=\"cap-left\"></div>\n<div class=\"cap-right\"></div>\n</div>\n</div>\n</footer>", "level": 0}]]