[[{"value": "<h1 class=\"zfr3Q duRjpb\" id=\"h.p_R4ce6PQILa0R\" style=\"text-align: center;\">aslamickurdishapp3</h1>", "level": 9}], [{"value": "<h1 class=\"zfr3Q duRjpb\" id=\"h.p_UHZuZrKOUBtt\" style=\"text-align: center;\">PrivacyPolicy</h1>", "level": 9}, {"value": "<div class=\"tyJCtd mGzaTb baZpAe\"><h1 class=\"zfr3Q duRjpb\" id=\"h.p_KQzCTkqVSjNt\" style=\"text-align: justify;\">aslamickurdishapp3PrivacyPolicy</h1><p class=\"zfr3Q\" id=\"h.p_SFFfv-6JULKd\" style=\"text-align: justify;\">This privacy policy has been compiled to better serve those who are concerned with how their 'Personally Identifiable Information' (PII) is being used online. PII, as described in US privacy law and information security, is information that can be used on its own or with other information to identify, contact, or locate a single person, or to identify an individual in context. Please read our privacy policy carefully to get a clear understanding of how we collect, use, protect or otherwise handle your Personally Identifiable Information in accordance with our website.</p><p class=\"zfr3Q\" id=\"h.p_fC-RSPJjULKh\" style=\"text-align: justify;\"><br/></p><p class=\"zfr3Q\" id=\"h.p_RWzZp9BDULKk\" style=\"text-align: justify;\"><strong>What personal information do we collect from the people that visit our blog, website or app?</strong></p><p class=\"zfr3Q\" id=\"h.p_z7B9kWkOULKo\" style=\"text-align: justify;\"><br/></p><p class=\"zfr3Q\" id=\"h.p_gaNWQBvuULKr\" style=\"text-align: justify;\">When ordering or registering on our site, as appropriate, you may be asked to enter your name, email address, mailing address, phone number or other details to help you with your experience.</p><p class=\"zfr3Q\" id=\"h.p_jI5EXSKXULKt\" style=\"text-align: justify;\"><br/></p><p class=\"zfr3Q\" id=\"h.p_FVC79Fa2ULKv\" style=\"text-align: justify;\"><strong>When do we collect information?</strong></p><p class=\"zfr3Q\" id=\"h.p_x9ILXP16ULKx\" style=\"text-align: justify;\"><br/></p><p class=\"zfr3Q\" id=\"h.p_oiSBOS4UULKy\" style=\"text-align: justify;\">We collect information from you when you register on our site, subscribe to a newsletter or enter information on our site.</p><p class=\"zfr3Q\" id=\"h.p_S2HkpXCsULK0\" style=\"text-align: justify;\"><br/></p><p class=\"zfr3Q\" id=\"h.p_ClzKgM5jULK3\" style=\"text-align: justify;\">Provide us with feedback on our products or services </p><p class=\"zfr3Q\" id=\"h.p_gXefwsWHULK6\" style=\"text-align: justify;\"><strong>How do we use your information? </strong></p><p class=\"zfr3Q\" id=\"h.p_pLImVtURULK8\" style=\"text-align: justify;\"><br/></p><p class=\"zfr3Q\" id=\"h.p_i0RMaw8JULK_\" style=\"text-align: justify;\">We may use the information we collect from you when you register, make a purchase, sign up for our newsletter, respond to a survey or marketing communication, surf the website, or use certain other site features in the following ways:</p><p class=\"zfr3Q\" id=\"h.p_uL2dnZM6ULLB\" style=\"text-align: justify;\"><br/></p><p class=\"zfr3Q\" id=\"h.p_LS6a3lJSULLC\" style=\"text-align: justify;\"> <strong>\u00e2\u0080\u00a2</strong> To personalize your experience and to allow us to deliver the type of content and product offerings in which you are most interested.</p><p class=\"zfr3Q\" id=\"h.p_g4CZ87n_ULLE\" style=\"text-align: justify;\"> <strong>\u00e2\u0080\u00a2</strong> To allow us to better service you in responding to your customer service requests.</p><p class=\"zfr3Q\" id=\"h.p_MzFbfFSEULLG\" style=\"text-align: justify;\"> <strong>\u00e2\u0080\u00a2</strong> To send periodic emails regarding your order or other products and services.</p><p class=\"zfr3Q\" id=\"h.p_ErlxnicLULLI\" style=\"text-align: justify;\"><br/></p><p class=\"zfr3Q\" id=\"h.p_ljIdYniSULLJ\" style=\"text-align: justify;\"><strong>How do we protect your information?</strong></p><p class=\"zfr3Q\" id=\"h.p_-SdKOdR1ULLv\" style=\"text-align: justify;\"><br/></p><p class=\"zfr3Q\" id=\"h.p_ZszJD8LLULLy\" style=\"text-align: justify;\">Our website is scanned on a regular basis for security holes and known vulnerabilities in order to make your visit to our site as safe as possible.</p><p class=\"zfr3Q\" id=\"h.p_AXOCTtT9ULLz\" style=\"text-align: justify;\"><br/></p><p class=\"zfr3Q\" id=\"h.p_-No-oEVYULL6\" style=\"text-align: justify;\">We use regular Malware Scanning.</p><p class=\"zfr3Q\" id=\"h.p_EqrvC_1EULL8\" style=\"text-align: justify;\"><br/></p><p class=\"zfr3Q\" id=\"h.p_ab07AISHULL9\" style=\"text-align: justify;\">We do not use an SSL certificate</p><p class=\"zfr3Q\" id=\"h.p_bNjX80scULL_\" style=\"text-align: justify;\"> <strong>\u00e2\u0080\u00a2</strong> We do not need an SSL because:</p><p class=\"zfr3Q\" id=\"h.p_kh9QbhJ7ULMB\" style=\"text-align: justify;\">we dont process any transactions</p><p class=\"zfr3Q\" id=\"h.p_6147ICdiULMS\" style=\"text-align: justify;\"><br/></p><p class=\"zfr3Q\" id=\"h.p_bJBsN3EVULMT\" style=\"text-align: justify;\"><strong>Do we use 'cookies'?</strong></p><p class=\"zfr3Q\" id=\"h.p_44vSGKgYULMW\" style=\"text-align: justify;\"><br/></p><p class=\"zfr3Q\" id=\"h.p_DFuil5QTULMX\" style=\"text-align: justify;\">We do not use cookies for tracking purposes </p><p class=\"zfr3Q\" id=\"h.p_ofd8voZFULMZ\" style=\"text-align: justify;\"><br/></p><p class=\"zfr3Q\" id=\"h.p_eZ33pQWeULMc\" style=\"text-align: justify;\">You can choose to have your computer warn you each time a cookie is being sent, or you can choose to turn off all cookies. You do this through your browser settings. Since browser is a little different, look at your browser's Help Menu to learn the correct way to modify your cookies.</p><p class=\"zfr3Q\" id=\"h.p_j6uBHy0dULMd\" style=\"text-align: justify;\"><br/></p><p class=\"zfr3Q\" id=\"h.p_b23O_QWEULMe\" style=\"text-align: justify;\">If you turn cookies off, Some of the features that make your site experience more efficient may not function properly.that make your site experience more efficient and may not function properly.</p><p class=\"zfr3Q\" id=\"h.p_h61JL-PNULMf\" style=\"text-align: justify;\"><br/></p><p class=\"zfr3Q\" id=\"h.p_5v71R8T4ULMg\" style=\"text-align: justify;\"><br/></p><p class=\"zfr3Q\" id=\"h.p_pMmnldKzULMh\" style=\"text-align: justify;\"><strong>Third-party disclosure</strong></p><p class=\"zfr3Q\" id=\"h.p_q57-Y2EPULMj\" style=\"text-align: justify;\"><br/></p><p class=\"zfr3Q\" id=\"h.p_va6YTTOSULMl\" style=\"text-align: justify;\">We do not sell, trade, or otherwise transfer to outside parties your Personally Identifiable Information unless we provide users with advance notice. This does not include website hosting partners and other parties who assist us in operating our website, conducting our business, or serving our users, so long as those parties agree to keep this information confidential. We may also release information when it's release is appropriate to comply with the law, enforce our site policies, or protect ours or others' rights, property or safety. </p><p class=\"zfr3Q\" id=\"h.p_IFCAd3hpULMn\" style=\"text-align: justify;\"><br/></p><p class=\"zfr3Q\" id=\"h.p_8iCuSR3dULMo\" style=\"text-align: justify;\">However, non-personally identifiable visitor information may be provided to other parties for marketing, advertising, or other uses. </p><p class=\"zfr3Q\" id=\"h.p_ElTjErL8ULMq\" style=\"text-align: justify;\"><br/></p><p class=\"zfr3Q\" id=\"h.p_8evOrSf_ULMr\" style=\"text-align: justify;\"><strong>Third-party links</strong></p><p class=\"zfr3Q\" id=\"h.p_B7tQlo0QULMs\" style=\"text-align: justify;\"><br/></p><p class=\"zfr3Q\" id=\"h.p_LS_FM1WfULM0\" style=\"text-align: justify;\">We do not include or offer third-party products or services on our website.</p><p class=\"zfr3Q\" id=\"h.p_x-5lNYDBULM1\" style=\"text-align: justify;\"><br/></p><p class=\"zfr3Q\" id=\"h.p_K3pIF-oXULM3\" style=\"text-align: justify;\"><strong>Google</strong></p><p class=\"zfr3Q\" id=\"h.p_7jYF6uj4ULM4\" style=\"text-align: justify;\"><br/></p><p class=\"zfr3Q\" id=\"h.p_ZMB4G-eOULM9\" style=\"text-align: justify;\">Google's advertising requirements can be summed up by Google's Advertising Principles. They are put in place to provide a positive experience for users. https://support.google.com/adwordspolicy/answer/1316548?hl=en </p><p class=\"zfr3Q\" id=\"h.p_3VYHiHAVULM-\" style=\"text-align: justify;\"><br/></p><p class=\"zfr3Q\" id=\"h.p_ZCpcyrKSULNA\" style=\"text-align: justify;\">We use Google AdSense Advertising on our website.</p><p class=\"zfr3Q\" id=\"h.p_1ZI7qVMuULNC\" style=\"text-align: justify;\"><br/></p><p class=\"zfr3Q\" id=\"h.p_WrEq1rKYULNF\" style=\"text-align: justify;\">Google, as a third-party vendor, uses cookies to serve ads on our site. Google's use of the DART cookie enables it to serve ads to our users based on previous visits to our site and other sites on the Internet. Users may opt-out of the use of the DART cookie by visiting the Google Ad and Content Network privacy policy.</p><p class=\"zfr3Q\" id=\"h.p_K18GwMEcULNH\" style=\"text-align: justify;\"><br/></p><p class=\"zfr3Q\" id=\"h.p_Rh-_HGN6ULNJ\" style=\"text-align: justify;\"><strong>We have implemented the following:</strong></p><p class=\"zfr3Q\" id=\"h.p_7zX_HETtULNL\" style=\"text-align: justify;\"> <strong>\u00e2\u0080\u00a2</strong> Remarketing with Google AdSense</p><p class=\"zfr3Q\" id=\"h.p_VjVlQdU-ULNM\" style=\"text-align: justify;\"><br/></p><p class=\"zfr3Q\" id=\"h.p_tt_g6E57ULNN\" style=\"text-align: justify;\">We, along with third-party vendors such as Google use first-party cookies (such as the Google Analytics cookies) and third-party cookies (such as the DoubleClick cookie) or other third-party identifiers together to compile data regarding user interactions with ad impressions and other ad service functions as they relate to our website. </p><p class=\"zfr3Q\" id=\"h.p_TSQgrABiULNU\" style=\"text-align: justify;\"><br/></p><p class=\"zfr3Q\" id=\"h.p_3GDsYDX4ULNV\" style=\"text-align: justify;\"><strong>Opting out:</strong></p><p class=\"zfr3Q\" id=\"h.p_6pUjA_W5ULNX\" style=\"text-align: justify;\">Users can set preferences for how Google advertises to you using the Google Ad Settings page. Alternatively, you can opt out by visiting the Network Advertising Initiative Opt Out page or by using the Google Analytics Opt Out Browser add on.</p><p class=\"zfr3Q\" id=\"h.p_swFz8--WULNZ\" style=\"text-align: justify;\"><br/></p><p class=\"zfr3Q\" id=\"h.p_i5p5qvlfULNb\" style=\"text-align: justify;\"><strong>California Online Privacy Protection Act</strong></p><p class=\"zfr3Q\" id=\"h.p_HoJUAxXoULNe\" style=\"text-align: justify;\"><br/></p><p class=\"zfr3Q\" id=\"h.p_R_kn2cbfULNg\" style=\"text-align: justify;\">CalOPPA is the first state law in the nation to require commercial websites and online services to post a privacy policy. The law's reach stretches well beyond California to require any person or company in the United States (and conceivably the world) that operates websites collecting Personally Identifiable Information from California consumers to post a conspicuous privacy policy on its website stating exactly the information being collected and those individuals or companies with whom it is being shared. - See more at: http://consumercal.org/california-online-privacy-protection-act-caloppa/#sthash.0FdRbT51.dpuf</p><p class=\"zfr3Q\" id=\"h.p_RjTzTVWXULNj\" style=\"text-align: justify;\"><br/></p><p class=\"zfr3Q\" id=\"h.p_5Svhk5p2ULNo\" style=\"text-align: justify;\"><strong>According to CalOPPA, we agree to the following:</strong></p><p class=\"zfr3Q\" id=\"h.p_HZLdr4w5ULNq\" style=\"text-align: justify;\">Users can visit our site anonymously.</p><p class=\"zfr3Q\" id=\"h.p_Waefll_CULNt\" style=\"text-align: justify;\">Once this privacy policy is created, we will add a link to it on our home page or as a minimum, on the first significant page after entering our website.</p><p class=\"zfr3Q\" id=\"h.p_SY8eDmwWULNv\" style=\"text-align: justify;\">Our Privacy Policy link includes the word 'Privacy' and can easily be found on the page specified above.</p><p class=\"zfr3Q\" id=\"h.p_yCnVgEMgULNw\" style=\"text-align: justify;\"><br/></p><p class=\"zfr3Q\" id=\"h.p_-IVF6_YzULNx\" style=\"text-align: justify;\">You will be notified of any Privacy Policy changes:</p><p class=\"zfr3Q\" id=\"h.p_Y_4nhNXZULNy\" style=\"text-align: justify;\"> <strong>\u00e2\u0080\u00a2</strong> On our Privacy Policy Page</p><p class=\"zfr3Q\" id=\"h.p_Ov6X1bt7ULN3\" style=\"text-align: justify;\">Can change your personal information:</p><p class=\"zfr3Q\" id=\"h.p_wNtYrzylULN6\" style=\"text-align: justify;\"> <strong>\u00e2\u0080\u00a2</strong> By logging in to your account</p><p class=\"zfr3Q\" id=\"h.p_nviJSTvJULN8\" style=\"text-align: justify;\"><br/></p><p class=\"zfr3Q\" id=\"h.p_IZjyZAJlULN9\" style=\"text-align: justify;\"><strong>How does our site handle Do Not Track signals?</strong></p><p class=\"zfr3Q\" id=\"h.p_nbyGLou9ULN_\" style=\"text-align: justify;\">We honor Do Not Track signals and Do Not Track, plant cookies, or use advertising when a Do Not Track (DNT) browser mechanism is in place. </p><p class=\"zfr3Q\" id=\"h.p_hT_iaZ8fULOA\" style=\"text-align: justify;\"><br/></p><p class=\"zfr3Q\" id=\"h.p_XnhC2YJ_ULOD\" style=\"text-align: justify;\"><strong>Does our site allow third-party behavioral tracking?</strong></p><p class=\"zfr3Q\" id=\"h.p_h_Mf4o-2ULOH\" style=\"text-align: justify;\">It's also important to note that we do not allow third-party behavioral tracking</p><p class=\"zfr3Q\" id=\"h.p_9smALRaNULOI\" style=\"text-align: justify;\"><br/></p><p class=\"zfr3Q\" id=\"h.p_ePodjE00ULOK\" style=\"text-align: justify;\"><strong>COPPA (Children Online Privacy Protection Act)</strong></p><p class=\"zfr3Q\" id=\"h.p_2rLKkREuULON\" style=\"text-align: justify;\"><br/></p><p class=\"zfr3Q\" id=\"h.p_xx5hJq6TULOO\" style=\"text-align: justify;\">When it comes to the collection of personal information from children under the age of 13 years old, the Children's Online Privacy Protection Act (COPPA) puts parents in control. The Federal Trade Commission, United States' consumer protection agency, enforces the COPPA Rule, which spells out what operators of websites and online services must do to protect children's privacy and safety online.</p><p class=\"zfr3Q\" id=\"h.p_tPiqo7ZoULOc\" style=\"text-align: justify;\"><br/></p><p class=\"zfr3Q\" id=\"h.p_DLoO0DW9ULOe\" style=\"text-align: justify;\">We do not specifically market to children under the age of 13 years old.</p><p class=\"zfr3Q\" id=\"h.p_us1r9VqwULOg\" style=\"text-align: justify;\"><br/></p><p class=\"zfr3Q\" id=\"h.p_an_WyNcmULOi\" style=\"text-align: justify;\"><strong>Fair Information Practices</strong></p><p class=\"zfr3Q\" id=\"h.p_F-iCSoX0ULOj\" style=\"text-align: justify;\"><br/></p><p class=\"zfr3Q\" id=\"h.p_gFmgldaMULOl\" style=\"text-align: justify;\">The Fair Information Practices Principles form the backbone of privacy law in the United States and the concepts they include have played a significant role in the development of data protection laws around the globe. Understanding the Fair Information Practice Principles and how they should be implemented is critical to comply with the various privacy laws that protect personal information.</p><p class=\"zfr3Q\" id=\"h.p_89gF7n6KULOm\" style=\"text-align: justify;\"><br/></p><p class=\"zfr3Q\" id=\"h.p_dkc2q4cgULOn\" style=\"text-align: justify;\"><strong>In order to be in line with Fair Information Practices we will take the following responsive action, should a data breach occur:</strong></p><p class=\"zfr3Q\" id=\"h.p_exEHY3DnULOs\" style=\"text-align: justify;\">We will notify you via email</p><p class=\"zfr3Q\" id=\"h.p_0uGXdY78ULOt\" style=\"text-align: justify;\"> <strong>\u00e2\u0080\u00a2</strong> Within 7 business days</p><p class=\"zfr3Q\" id=\"h.p_6HBYL_MpULOu\" style=\"text-align: justify;\"><br/></p><p class=\"zfr3Q\" id=\"h.p_1i-wjvxrULOw\" style=\"text-align: justify;\">We also agree to the Individual Redress Principle which requires that individuals have the right to legally pursue enforceable rights against data collectors and processors who fail to adhere to the law. This principle requires not only that individuals have enforceable rights against data users, but also that individuals have recourse to courts or government agencies to investigate and/or prosecute non-compliance by data processors.</p><p class=\"zfr3Q\" id=\"h.p_ceisslc7ULOy\" style=\"text-align: justify;\"><br/></p><p class=\"zfr3Q\" id=\"h.p_nDeHMq9JULO2\" style=\"text-align: justify;\"><strong>CAN SPAM Act</strong></p><p class=\"zfr3Q\" id=\"h.p_7SxAJqPUULO3\" style=\"text-align: justify;\"><br/></p><p class=\"zfr3Q\" id=\"h.p_D4Spou4uULO4\" style=\"text-align: justify;\">The CAN-SPAM Act is a law that sets the rules for commercial email, establishes requirements for commercial messages, gives recipients the right to have emails stopped from being sent to them, and spells out tough penalties for violations.</p><p class=\"zfr3Q\" id=\"h.p_4Az988B8ULO5\" style=\"text-align: justify;\"><br/></p><p class=\"zfr3Q\" id=\"h.p_lJpETliDULO6\" style=\"text-align: justify;\"><strong>We collect your email address in order to:</strong></p><p class=\"zfr3Q\" id=\"h.p_X6Jq1Y3yULO7\" style=\"text-align: justify;\"> <strong>\u00e2\u0080\u00a2</strong> Send information, respond to inquiries, and/or other requests or questions</p><p class=\"zfr3Q\" id=\"h.p_rh0nWrBpULPE\" style=\"text-align: justify;\"><br/></p><p class=\"zfr3Q\" id=\"h.p_dffkrL60ULPG\" style=\"text-align: justify;\"><strong>To be in accordance with CANSPAM, we agree to the following:</strong></p><p class=\"zfr3Q\" id=\"h.p_Nz1l58LKULPH\" style=\"text-align: justify;\"> <strong>\u00e2\u0080\u00a2</strong> Not use false or misleading subjects or email addresses.</p><p class=\"zfr3Q\" id=\"h.p_BlUPKkAmULPK\" style=\"text-align: justify;\"><br/></p><p class=\"zfr3Q\" id=\"h.p__ZDOuMjBULPL\" style=\"text-align: justify;\"><strong>If at any time you would like to unsubscribe from receiving future emails, you can email us at</strong></p><p class=\"zfr3Q\" id=\"h.p_P2pRe_l3ULPN\" style=\"text-align: justify;\">and we will promptly remove you from <strong>ALL</strong> correspondence.</p><p class=\"zfr3Q\" id=\"h.p_XCFAlZu8ULPO\" style=\"text-align: justify;\"><br/></p><p class=\"zfr3Q\" id=\"h.p_VQ-Y6IkfULPP\" style=\"text-align: justify;\"><br/></p><p class=\"zfr3Q\" id=\"h.p_IdfFYa77ULPQ\" style=\"text-align: justify;\"><strong>Contacting Us</strong></p><p class=\"zfr3Q\" id=\"h.p_BWSVBVaYULPS\" style=\"text-align: justify;\"><br/></p><p class=\"zfr3Q\" id=\"h.p_K4435rrCULPY\" style=\"text-align: justify;\">If there are any questions regarding this privacy policy, you may contact us using the information below.</p><p class=\"zfr3Q\" id=\"h.p_wl0xbz4oULPZ\" style=\"text-align: justify;\"><br/></p><p class=\"zfr3Q\" id=\"h.p_lIVshhLiULPl\" style=\"text-align: justify;\">aslamickurdishapp3@gmail.com</p><p class=\"zfr3Q\" id=\"h.p_pFR9PsrxULPm\" style=\"text-align: justify;\">arbil, arbil </p><p class=\"zfr3Q\" id=\"h.p_5cui7MzJULPp\" style=\"text-align: justify;\">iraq</p><p class=\"zfr3Q\" id=\"h.p_Qu2_A1PKULPr\" style=\"text-align: justify;\">aslamickurdishapp3@gmail.com</p><p class=\"zfr3Q\" id=\"h.p_mjG_urTQULPu\" style=\"text-align: justify;\"><br/></p><p class=\"zfr3Q\" id=\"h.p_Zl922ac3ULPy\" style=\"text-align: justify;\">Last Edited on 2017-05-19</p></div>", "level": 0}], [{"value": "<h1 class=\"zfr3Q duRjpb\" id=\"h.p_KQzCTkqVSjNt\" style=\"text-align: justify;\">aslamickurdishapp3PrivacyPolicy</h1>", "level": 9}, {"value": "<p class=\"zfr3Q\" id=\"h.p_SFFfv-6JULKd\" style=\"text-align: justify;\">This privacy policy has been compiled to better serve those who are concerned with how their 'Personally Identifiable Information' (PII) is being used online. PII, as described in US privacy law and information security, is information that can be used on its own or with other information to identify, contact, or locate a single person, or to identify an individual in context. Please read our privacy policy carefully to get a clear understanding of how we collect, use, protect or otherwise handle your Personally Identifiable Information in accordance with our website.</p>", "level": 0}, {"value": "<p class=\"zfr3Q\" id=\"h.p_RWzZp9BDULKk\" style=\"text-align: justify;\"><strong>What personal information do we collect from the people that visit our blog, website or app?</strong></p>", "level": 0}, {"value": "<p class=\"zfr3Q\" id=\"h.p_gaNWQBvuULKr\" style=\"text-align: justify;\">When ordering or registering on our site, as appropriate, you may be asked to enter your name, email address, mailing address, phone number or other details to help you with your experience.</p>", "level": 0}], [{"value": "<p class=\"zfr3Q\" id=\"h.p_FVC79Fa2ULKv\" style=\"text-align: justify;\"><strong>When do we collect information?</strong></p>", "level": 1}, {"value": "<p class=\"zfr3Q\" id=\"h.p_oiSBOS4UULKy\" style=\"text-align: justify;\">We collect information from you when you register on our site, subscribe to a newsletter or enter information on our site.</p>", "level": 0}, {"value": "<p class=\"zfr3Q\" id=\"h.p_ClzKgM5jULK3\" style=\"text-align: justify;\">Provide us with feedback on our products or services </p>", "level": 0}, {"value": "<p class=\"zfr3Q\" id=\"h.p_gXefwsWHULK6\" style=\"text-align: justify;\"><strong>How do we use your information? </strong></p>", "level": 0}, {"value": "<p class=\"zfr3Q\" id=\"h.p_i0RMaw8JULK_\" style=\"text-align: justify;\">We may use the information we collect from you when you register, make a purchase, sign up for our newsletter, respond to a survey or marketing communication, surf the website, or use certain other site features in the following ways:</p>", "level": 0}, {"value": "<p class=\"zfr3Q\" id=\"h.p_LS6a3lJSULLC\" style=\"text-align: justify;\"> <strong>\u00e2\u0080\u00a2</strong> To personalize your experience and to allow us to deliver the type of content and product offerings in which you are most interested.</p>", "level": 0}, {"value": "<p class=\"zfr3Q\" id=\"h.p_g4CZ87n_ULLE\" style=\"text-align: justify;\"> <strong>\u00e2\u0080\u00a2</strong> To allow us to better service you in responding to your customer service requests.</p>", "level": 0}, {"value": "<p class=\"zfr3Q\" id=\"h.p_MzFbfFSEULLG\" style=\"text-align: justify;\"> <strong>\u00e2\u0080\u00a2</strong> To send periodic emails regarding your order or other products and services.</p>", "level": 0}], [{"value": "<p class=\"zfr3Q\" id=\"h.p_ljIdYniSULLJ\" style=\"text-align: justify;\"><strong>How do we protect your information?</strong></p>", "level": 1}, {"value": "<p class=\"zfr3Q\" id=\"h.p_ZszJD8LLULLy\" style=\"text-align: justify;\">Our website is scanned on a regular basis for security holes and known vulnerabilities in order to make your visit to our site as safe as possible.</p>", "level": 0}, {"value": "<p class=\"zfr3Q\" id=\"h.p_-No-oEVYULL6\" style=\"text-align: justify;\">We use regular Malware Scanning.</p>", "level": 0}, {"value": "<p class=\"zfr3Q\" id=\"h.p_ab07AISHULL9\" style=\"text-align: justify;\">We do not use an SSL certificate</p>", "level": 0}, {"value": "<p class=\"zfr3Q\" id=\"h.p_bNjX80scULL_\" style=\"text-align: justify;\"> <strong>\u00e2\u0080\u00a2</strong> We do not need an SSL because:</p>", "level": 0}, {"value": "<p class=\"zfr3Q\" id=\"h.p_kh9QbhJ7ULMB\" style=\"text-align: justify;\">we dont process any transactions</p>", "level": 0}], [{"value": "<p class=\"zfr3Q\" id=\"h.p_bJBsN3EVULMT\" style=\"text-align: justify;\"><strong>Do we use 'cookies'?</strong></p>", "level": 1}, {"value": "<p class=\"zfr3Q\" id=\"h.p_DFuil5QTULMX\" style=\"text-align: justify;\">We do not use cookies for tracking purposes </p>", "level": 0}, {"value": "<p class=\"zfr3Q\" id=\"h.p_eZ33pQWeULMc\" style=\"text-align: justify;\">You can choose to have your computer warn you each time a cookie is being sent, or you can choose to turn off all cookies. You do this through your browser settings. Since browser is a little different, look at your browser's Help Menu to learn the correct way to modify your cookies.</p>", "level": 0}, {"value": "<p class=\"zfr3Q\" id=\"h.p_b23O_QWEULMe\" style=\"text-align: justify;\">If you turn cookies off, Some of the features that make your site experience more efficient may not function properly.that make your site experience more efficient and may not function properly.</p>", "level": 0}], [{"value": "<p class=\"zfr3Q\" id=\"h.p_pMmnldKzULMh\" style=\"text-align: justify;\"><strong>Third-party disclosure</strong></p>", "level": 1}, {"value": "<p class=\"zfr3Q\" id=\"h.p_va6YTTOSULMl\" style=\"text-align: justify;\">We do not sell, trade, or otherwise transfer to outside parties your Personally Identifiable Information unless we provide users with advance notice. This does not include website hosting partners and other parties who assist us in operating our website, conducting our business, or serving our users, so long as those parties agree to keep this information confidential. We may also release information when it's release is appropriate to comply with the law, enforce our site policies, or protect ours or others' rights, property or safety. </p>", "level": 0}, {"value": "<p class=\"zfr3Q\" id=\"h.p_8iCuSR3dULMo\" style=\"text-align: justify;\">However, non-personally identifiable visitor information may be provided to other parties for marketing, advertising, or other uses. </p>", "level": 0}], [{"value": "<p class=\"zfr3Q\" id=\"h.p_8evOrSf_ULMr\" style=\"text-align: justify;\"><strong>Third-party links</strong></p>", "level": 1}, {"value": "<p class=\"zfr3Q\" id=\"h.p_LS_FM1WfULM0\" style=\"text-align: justify;\">We do not include or offer third-party products or services on our website.</p>", "level": 0}], [{"value": "<p class=\"zfr3Q\" id=\"h.p_K3pIF-oXULM3\" style=\"text-align: justify;\"><strong>Google</strong></p>", "level": 1}, {"value": "<p class=\"zfr3Q\" id=\"h.p_ZMB4G-eOULM9\" style=\"text-align: justify;\">Google's advertising requirements can be summed up by Google's Advertising Principles. They are put in place to provide a positive experience for users. https://support.google.com/adwordspolicy/answer/1316548?hl=en </p>", "level": 0}, {"value": "<p class=\"zfr3Q\" id=\"h.p_ZCpcyrKSULNA\" style=\"text-align: justify;\">We use Google AdSense Advertising on our website.</p>", "level": 0}, {"value": "<p class=\"zfr3Q\" id=\"h.p_WrEq1rKYULNF\" style=\"text-align: justify;\">Google, as a third-party vendor, uses cookies to serve ads on our site. Google's use of the DART cookie enables it to serve ads to our users based on previous visits to our site and other sites on the Internet. Users may opt-out of the use of the DART cookie by visiting the Google Ad and Content Network privacy policy.</p>", "level": 0}], [{"value": "<p class=\"zfr3Q\" id=\"h.p_Rh-_HGN6ULNJ\" style=\"text-align: justify;\"><strong>We have implemented the following:</strong></p>", "level": 1}, {"value": "<p class=\"zfr3Q\" id=\"h.p_7zX_HETtULNL\" style=\"text-align: justify;\"> <strong>\u00e2\u0080\u00a2</strong> Remarketing with Google AdSense</p>", "level": 0}, {"value": "<p class=\"zfr3Q\" id=\"h.p_tt_g6E57ULNN\" style=\"text-align: justify;\">We, along with third-party vendors such as Google use first-party cookies (such as the Google Analytics cookies) and third-party cookies (such as the DoubleClick cookie) or other third-party identifiers together to compile data regarding user interactions with ad impressions and other ad service functions as they relate to our website. </p>", "level": 0}], [{"value": "<p class=\"zfr3Q\" id=\"h.p_3GDsYDX4ULNV\" style=\"text-align: justify;\"><strong>Opting out:</strong></p>", "level": 1}, {"value": "<p class=\"zfr3Q\" id=\"h.p_6pUjA_W5ULNX\" style=\"text-align: justify;\">Users can set preferences for how Google advertises to you using the Google Ad Settings page. Alternatively, you can opt out by visiting the Network Advertising Initiative Opt Out page or by using the Google Analytics Opt Out Browser add on.</p>", "level": 0}], [{"value": "<p class=\"zfr3Q\" id=\"h.p_i5p5qvlfULNb\" style=\"text-align: justify;\"><strong>California Online Privacy Protection Act</strong></p>", "level": 1}, {"value": "<p class=\"zfr3Q\" id=\"h.p_R_kn2cbfULNg\" style=\"text-align: justify;\">CalOPPA is the first state law in the nation to require commercial websites and online services to post a privacy policy. The law's reach stretches well beyond California to require any person or company in the United States (and conceivably the world) that operates websites collecting Personally Identifiable Information from California consumers to post a conspicuous privacy policy on its website stating exactly the information being collected and those individuals or companies with whom it is being shared. - See more at: http://consumercal.org/california-online-privacy-protection-act-caloppa/#sthash.0FdRbT51.dpuf</p>", "level": 0}], [{"value": "<p class=\"zfr3Q\" id=\"h.p_5Svhk5p2ULNo\" style=\"text-align: justify;\"><strong>According to CalOPPA, we agree to the following:</strong></p>", "level": 1}, {"value": "<p class=\"zfr3Q\" id=\"h.p_HZLdr4w5ULNq\" style=\"text-align: justify;\">Users can visit our site anonymously.</p>", "level": 0}, {"value": "<p class=\"zfr3Q\" id=\"h.p_Waefll_CULNt\" style=\"text-align: justify;\">Once this privacy policy is created, we will add a link to it on our home page or as a minimum, on the first significant page after entering our website.</p>", "level": 0}, {"value": "<p class=\"zfr3Q\" id=\"h.p_SY8eDmwWULNv\" style=\"text-align: justify;\">Our Privacy Policy link includes the word 'Privacy' and can easily be found on the page specified above.</p>", "level": 0}, {"value": "<p class=\"zfr3Q\" id=\"h.p_-IVF6_YzULNx\" style=\"text-align: justify;\">You will be notified of any Privacy Policy changes:</p>", "level": 0}, {"value": "<p class=\"zfr3Q\" id=\"h.p_Y_4nhNXZULNy\" style=\"text-align: justify;\"> <strong>\u00e2\u0080\u00a2</strong> On our Privacy Policy Page</p>", "level": 0}, {"value": "<p class=\"zfr3Q\" id=\"h.p_Ov6X1bt7ULN3\" style=\"text-align: justify;\">Can change your personal information:</p>", "level": 0}, {"value": "<p class=\"zfr3Q\" id=\"h.p_wNtYrzylULN6\" style=\"text-align: justify;\"> <strong>\u00e2\u0080\u00a2</strong> By logging in to your account</p>", "level": 0}], [{"value": "<p class=\"zfr3Q\" id=\"h.p_IZjyZAJlULN9\" style=\"text-align: justify;\"><strong>How does our site handle Do Not Track signals?</strong></p>", "level": 1}, {"value": "<p class=\"zfr3Q\" id=\"h.p_nbyGLou9ULN_\" style=\"text-align: justify;\">We honor Do Not Track signals and Do Not Track, plant cookies, or use advertising when a Do Not Track (DNT) browser mechanism is in place. </p>", "level": 0}], [{"value": "<p class=\"zfr3Q\" id=\"h.p_XnhC2YJ_ULOD\" style=\"text-align: justify;\"><strong>Does our site allow third-party behavioral tracking?</strong></p>", "level": 1}, {"value": "<p class=\"zfr3Q\" id=\"h.p_h_Mf4o-2ULOH\" style=\"text-align: justify;\">It's also important to note that we do not allow third-party behavioral tracking</p>", "level": 0}], [{"value": "<p class=\"zfr3Q\" id=\"h.p_ePodjE00ULOK\" style=\"text-align: justify;\"><strong>COPPA (Children Online Privacy Protection Act)</strong></p>", "level": 1}, {"value": "<p class=\"zfr3Q\" id=\"h.p_xx5hJq6TULOO\" style=\"text-align: justify;\">When it comes to the collection of personal information from children under the age of 13 years old, the Children's Online Privacy Protection Act (COPPA) puts parents in control. The Federal Trade Commission, United States' consumer protection agency, enforces the COPPA Rule, which spells out what operators of websites and online services must do to protect children's privacy and safety online.</p>", "level": 0}, {"value": "<p class=\"zfr3Q\" id=\"h.p_DLoO0DW9ULOe\" style=\"text-align: justify;\">We do not specifically market to children under the age of 13 years old.</p>", "level": 0}], [{"value": "<p class=\"zfr3Q\" id=\"h.p_an_WyNcmULOi\" style=\"text-align: justify;\"><strong>Fair Information Practices</strong></p>", "level": 1}, {"value": "<p class=\"zfr3Q\" id=\"h.p_gFmgldaMULOl\" style=\"text-align: justify;\">The Fair Information Practices Principles form the backbone of privacy law in the United States and the concepts they include have played a significant role in the development of data protection laws around the globe. Understanding the Fair Information Practice Principles and how they should be implemented is critical to comply with the various privacy laws that protect personal information.</p>", "level": 0}, {"value": "<p class=\"zfr3Q\" id=\"h.p_dkc2q4cgULOn\" style=\"text-align: justify;\"><strong>In order to be in line with Fair Information Practices we will take the following responsive action, should a data breach occur:</strong></p>", "level": 0}, {"value": "<p class=\"zfr3Q\" id=\"h.p_exEHY3DnULOs\" style=\"text-align: justify;\">We will notify you via email</p>", "level": 0}, {"value": "<p class=\"zfr3Q\" id=\"h.p_0uGXdY78ULOt\" style=\"text-align: justify;\"> <strong>\u00e2\u0080\u00a2</strong> Within 7 business days</p>", "level": 0}, {"value": "<p class=\"zfr3Q\" id=\"h.p_1i-wjvxrULOw\" style=\"text-align: justify;\">We also agree to the Individual Redress Principle which requires that individuals have the right to legally pursue enforceable rights against data collectors and processors who fail to adhere to the law. This principle requires not only that individuals have enforceable rights against data users, but also that individuals have recourse to courts or government agencies to investigate and/or prosecute non-compliance by data processors.</p>", "level": 0}], [{"value": "<p class=\"zfr3Q\" id=\"h.p_nDeHMq9JULO2\" style=\"text-align: justify;\"><strong>CAN SPAM Act</strong></p>", "level": 1}, {"value": "<p class=\"zfr3Q\" id=\"h.p_D4Spou4uULO4\" style=\"text-align: justify;\">The CAN-SPAM Act is a law that sets the rules for commercial email, establishes requirements for commercial messages, gives recipients the right to have emails stopped from being sent to them, and spells out tough penalties for violations.</p>", "level": 0}], [{"value": "<p class=\"zfr3Q\" id=\"h.p_lJpETliDULO6\" style=\"text-align: justify;\"><strong>We collect your email address in order to:</strong></p>", "level": 1}, {"value": "<p class=\"zfr3Q\" id=\"h.p_X6Jq1Y3yULO7\" style=\"text-align: justify;\"> <strong>\u00e2\u0080\u00a2</strong> Send information, respond to inquiries, and/or other requests or questions</p>", "level": 0}], [{"value": "<p class=\"zfr3Q\" id=\"h.p_dffkrL60ULPG\" style=\"text-align: justify;\"><strong>To be in accordance with CANSPAM, we agree to the following:</strong></p>", "level": 1}, {"value": "<p class=\"zfr3Q\" id=\"h.p_Nz1l58LKULPH\" style=\"text-align: justify;\"> <strong>\u00e2\u0080\u00a2</strong> Not use false or misleading subjects or email addresses.</p>", "level": 0}, {"value": "<p class=\"zfr3Q\" id=\"h.p__ZDOuMjBULPL\" style=\"text-align: justify;\"><strong>If at any time you would like to unsubscribe from receiving future emails, you can email us at</strong></p>", "level": 0}, {"value": "<p class=\"zfr3Q\" id=\"h.p_P2pRe_l3ULPN\" style=\"text-align: justify;\">and we will promptly remove you from <strong>ALL</strong> correspondence.</p>", "level": 0}], [{"value": "<p class=\"zfr3Q\" id=\"h.p_IdfFYa77ULPQ\" style=\"text-align: justify;\"><strong>Contacting Us</strong></p>", "level": 1}, {"value": "<p class=\"zfr3Q\" id=\"h.p_K4435rrCULPY\" style=\"text-align: justify;\">If there are any questions regarding this privacy policy, you may contact us using the information below.</p>", "level": 0}, {"value": "<p class=\"zfr3Q\" id=\"h.p_lIVshhLiULPl\" style=\"text-align: justify;\">aslamickurdishapp3@gmail.com</p>", "level": 0}, {"value": "<p class=\"zfr3Q\" id=\"h.p_pFR9PsrxULPm\" style=\"text-align: justify;\">arbil, arbil </p>", "level": 0}, {"value": "<p class=\"zfr3Q\" id=\"h.p_5cui7MzJULPp\" style=\"text-align: justify;\">iraq</p>", "level": 0}, {"value": "<p class=\"zfr3Q\" id=\"h.p_Qu2_A1PKULPr\" style=\"text-align: justify;\">aslamickurdishapp3@gmail.com</p>", "level": 0}, {"value": "<p class=\"zfr3Q\" id=\"h.p_Zl922ac3ULPy\" style=\"text-align: justify;\">Last Edited on 2017-05-19</p>", "level": 0}, {"value": "<footer class=\"BCtCv yxgWrb\" data-create-site-url=\"https://sites.google.com/new/?usp=viewer_footer\" jsaction=\"rcuQ6b:WYd;\" jscontroller=\"BYGbod\"><div class=\"uByue\"><div class=\"yYF4Mc\"><div><div class=\"qmpcfe\">Made with the new Google\u00a0Sites<span class=\"uabEyd\">, an effortless way to create beautiful\u00a0sites.</span></div><div class=\"qIzFn\"><div class=\"tT6kpe\"><button class=\"f8sasc\" jsaction=\"click:ksR11e;\">Create a site</button></div><div class=\"CvWMXb\" jsaction=\"rcuQ6b:npT2md;click:GDd5Hf\" jscontroller=\"Nd7Bx\" role=\"button\" tabindex=\"0\"><span class=\"DLHR6\">Report abuse</span></div></div></div></div></div></footer>", "level": 0}]]