[[{"value": "<h1 style=\"color:#ffffff !important\">Privacy Policy</h1>", "level": 9}, {"value": "<div class=\"breadcrumb\">\n<style scoped=\"\">\n\t\t\t\t\t\t\t.breadcrumb ul li a,.breadcrumb ul li.active,.breadcrumb ul li:first-child:after {\n\t\t\t\t\t\t\t\tcolor :#fff !important;\n\t\t\t\t\t\t\t}    \n\t\t\t\t\t\t</style>\n<div class=\"breadcrumbs\"><ul><li><a href=\"https://admeonline.com/\">Home</a></li><li class=\"active\">Privacy Policy</li></ul></div> </div>", "level": 0}], [{"value": "<h2 style=\"text-align: justify;\"><strong>This Privacy Policy applies to the Admeonline.com</strong></h2>", "level": 8}, {"value": "<p style=\"text-align: justify;\">Admeonline.com recognizes the importance of maintaining your privacy. We value your privacy and appreciate your trust in us. This Policy describes how we treat user information we collect on https://admeonline.com/ and other offline sources. This Privacy Policy applies to current and former visitors to our website. By visiting and/or using our website, you agree to this Privacy Policy.This privacy policy applies to the Site and all products and services offered by Admeonline.com.</p>", "level": 0}, {"value": "<p style=\"text-align: justify;\">This privacy policy has been compiled to better serve those who are concerned with how their \u2018Personally Identifiable Information\u2019 (PII) is being used online. PII, as described in US privacy law and information security, is information that can be used on its own or with other information to identify, contact, or locate a single person, or to identify an individual in context. Please read our privacy policy carefully to get a clear understanding of how we collect, use, protect or otherwise handle your Personally Identifiable Information in accordance with our website.</p>", "level": 0}, {"value": "<p style=\"text-align: justify;\">Admeonline.com is a property of Webova Soft, C-02, Aysha\u2019s Arcade, Perunna, Changanacherry,Kerala,Indi<i>a</i>.</p>", "level": 0}], [{"value": "<h4><b><strong>What personal information do we collect from the people that visit our blog, website or app?</strong><br/>\n</b></h4>", "level": 6}, {"value": "<p>When ordering or registering on our site, as appropriate, you may be asked to enter your name, email address or other details to help you with your experience.</p>", "level": 0}], [{"value": "<h4><b><strong>When do we collect information?</strong></b></h4>", "level": 6}, {"value": "<div class=\"innerText\">We collect information from you when you register on our site, subscribe to a newsletter, Use Live Chat or enter information on our site.</div>", "level": 0}], [{"value": "<h4><b><strong>How do we use your information? </strong></b></h4>", "level": 6}, {"value": "<p>We may use the information we collect from you when you register, make a purchase, sign up for our newsletter, respond to a survey or marketing communication, surf the website, or use certain other site features in the following ways:</p>", "level": 0}, {"value": "<div class=\"innerText\">To personalize your experience and to allow us to deliver the type of content and product offerings in which you are most interested.</div>", "level": 0}, {"value": "<div class=\"innerText\">\u00c2\u00a0\u00c2\u00a0\u00c2\u00a0\u00c2\u00a0\u00c2\u00a0 <strong>\u00e2\u0080\u00a2</strong> To allow us to better service you in responding to your customer service requests.</div>", "level": 0}, {"value": "<div class=\"innerText\">\u00c2\u00a0\u00c2\u00a0\u00c2\u00a0\u00c2\u00a0\u00c2\u00a0 <strong>\u00e2\u0080\u00a2</strong> To send periodic emails regarding your order or other products and services.</div>", "level": 0}, {"value": "<div class=\"innerText\">\u00c2\u00a0\u00c2\u00a0\u00c2\u00a0\u00c2\u00a0\u00c2\u00a0 <strong>\u00e2\u0080\u00a2</strong> To follow up with them after correspondence (live chat, email or phone inquiries)</div>", "level": 0}], [{"value": "<h4><b><strong>Do we use \u2018cookies\u2019?</strong></b></h4>", "level": 6}, {"value": "<p style=\"text-align: justify;\">Yes. Cookies are small files that a site or its service provider transfers to your computer\u2019s hard drive through your Web browser (if you allow) that enables the site\u2019s or service provider\u2019s systems to recognize your browser and capture and remember certain information. For instance, we use cookies to help us remember and process the items in your shopping cart. They are also used to help us understand your preferences based on previous or current site activity, which enables us to provide you with improved services. We also use cookies to help us compile aggregate data about site traffic and site interaction so that we can offer better site experiences and tools in the future.</p>", "level": 0}], [{"value": "<h4><b><strong>We use cookies to:</strong></b></h4>", "level": 6}, {"value": "<div class=\"innerText\">\u00c2\u00a0\u00c2\u00a0\u00c2\u00a0\u00c2\u00a0\u00c2\u00a0\u00c2\u00a0 <strong>\u00e2\u0080\u00a2</strong>Understand and save user\u2019s preferences for future visits.</div>", "level": 0}, {"value": "<div class=\"innerText\">\u00c2\u00a0\u00c2\u00a0\u00c2\u00a0\u00c2\u00a0\u00c2\u00a0 <strong>\u00e2\u0080\u00a2</strong> Keep track of advertisements.</div>", "level": 0}, {"value": "<div class=\"innerText\">\u00c2\u00a0\u00c2\u00a0\u00c2\u00a0\u00c2\u00a0\u00c2\u00a0 <strong>\u00e2\u0080\u00a2</strong> Compile aggregate data about site traffic and site interactions in order to offer better site experiences and tools in the future. We may also use trusted third-party services that track this information on our behalf.</div>", "level": 0}, {"value": "<div>\n<div class=\"innerText\">You can choose to have your computer warn you each time a cookie is being sent, or you can choose to turn off all cookies. You do this through your browser settings. Since browser is a little different, look at your browser\u2019s Help Menu to learn the correct way to modify your cookies.</div>\n<div class=\"innerText\">If you turn cookies off, It won\u2019t affect the user\u2019s experience .</div>\n<div></div>\n</div>", "level": 0}], [{"value": "<h4 class=\"grayText\"><strong>Third-party disclosure</strong>:</h4>", "level": 6}, {"value": "<div>\n<div class=\"innerText\">We do not sell, trade, or otherwise transfer to outside parties your Personally Identifiable Information.</div>\n<div></div>\n</div>", "level": 0}], [{"value": "<h4 class=\"grayText\"><strong>Third-party links :<br/>\n</strong></h4>", "level": 6}, {"value": "<p>Occasionally, at our discretion, we may include or offer third-party products or services on our website. These third-party sites have separate and independent privacy policies. We therefore have no responsibility or liability for the content and activities of these linked sites. Nonetheless, we seek to protect the integrity of our site and welcome any feedback about these sites.</p>", "level": 0}], [{"value": "<h4 class=\"blueText\"><strong>Google</strong></h4>", "level": 6}, {"value": "<p>Google\u2019s advertising requirements can be summed up by Google\u2019s Advertising Principles. They are put in place to provide a positive experience for users. https://support.google.com/adwordspolicy/answer/1316548?hl=en</p>", "level": 0}, {"value": "<div class=\"innerText\"><strong>We may use Google AdSense Advertising on our website.</strong></div>", "level": 0}, {"value": "<div class=\"innerText\">Google, as a third-party vendor, uses cookies to serve ads on our site. Google\u2019s use of the DART cookie enables it to serve ads to our users based on previous visits to our site and other sites on the Internet. Users may opt-out of the use of the DART cookie by visiting the Google Ad and Content Network privacy policy.</div>", "level": 0}], [{"value": "<h4 class=\"innerText\"><strong>We have implemented the following:</strong></h4>", "level": 6}, {"value": "<div class=\"innerText\">\u00c2\u00a0\u00c2\u00a0\u00c2\u00a0\u00c2\u00a0\u00c2\u00a0 <strong>\u00e2\u0080\u00a2</strong> Demographics and Interests Reporting</div>", "level": 0}, {"value": "<div class=\"innerText\">We, along with third-party vendors such as Google use first-party cookies (such as the Google Analytics cookies) and third-party cookies (such as the DoubleClick cookie) or other third-party identifiers together to compile data regarding user interactions with ad impressions and other ad service functions as they relate to our website.</div>", "level": 0}], [{"value": "<h4></h4>", "level": 6}], [{"value": "<h4><strong>Opting out:</strong></h4>", "level": 6}, {"value": "<div class=\"innerText\">Users can set preferences for how Google advertises to you using the Google Ad Settings page. Alternatively, you can opt out by visiting the Network Advertising Initiative Opt Out page or by using the Google Analytics Opt Out Browser add on.</div>", "level": 0}], [{"value": "<h4 class=\"blueText\"><strong>California Online Privacy Protection Act</strong></h4>", "level": 6}, {"value": "<div class=\"innerText\" style=\"text-align: justify;\">CalOPPA is the first state law in the nation to require commercial websites and online services to post a privacy policy. The law\u2019s reach stretches well beyond California to require any person or company in the United States (and conceivably the world) that operates websites collecting Personally Identifiable Information from California consumers to post a conspicuous privacy policy on its website stating exactly the information being collected and those individuals or companies with whom it is being shared. \u2013 See more at: http://consumercal.org/california-online-privacy-protection-act-caloppa/#sthash.0FdRbT51.dpuf</div>", "level": 0}, {"value": "<div class=\"innerText\">\n<h4></h4>\n<h4 class=\"innerText\"><strong>According to CalOPPA, we agree to the following:</strong></h4>\n<div class=\"innerText\">Users can visit our site anonymously.</div>\n<div class=\"innerText\">Once this privacy policy is created, we will add a link to it on our home page or as a minimum, on the first significant page after entering our website.</div>\n<div class=\"innerText\">Our Privacy Policy link includes the word \u2018Privacy\u2019 and can easily be found on the page specified above.</div>\n<div class=\"innerText\">You will be notified of any Privacy Policy changes:</div>\n<div class=\"innerText\">\u00c2\u00a0\u00c2\u00a0\u00c2\u00a0\u00c2\u00a0\u00c2\u00a0 <strong>\u00e2\u0080\u00a2</strong> On our Privacy Policy Page</div>\n<div class=\"innerText\">Can change your personal information:</div>\n<div class=\"innerText\">\u00c2\u00a0\u00c2\u00a0\u00c2\u00a0\u00c2\u00a0\u00c2\u00a0 <strong>\u00e2\u0080\u00a2</strong> By emailing us</div>\n</div>", "level": 0}], [{"value": "<h4></h4>", "level": 6}], [{"value": "<h4 class=\"innerText\"><strong>According to CalOPPA, we agree to the following:</strong></h4>", "level": 6}, {"value": "<div class=\"innerText\">Users can visit our site anonymously.</div>", "level": 0}, {"value": "<div class=\"innerText\">Once this privacy policy is created, we will add a link to it on our home page or as a minimum, on the first significant page after entering our website.</div>", "level": 0}, {"value": "<div class=\"innerText\">Our Privacy Policy link includes the word \u2018Privacy\u2019 and can easily be found on the page specified above.</div>", "level": 0}, {"value": "<div class=\"innerText\">You will be notified of any Privacy Policy changes:</div>", "level": 0}, {"value": "<div class=\"innerText\">\u00c2\u00a0\u00c2\u00a0\u00c2\u00a0\u00c2\u00a0\u00c2\u00a0 <strong>\u00e2\u0080\u00a2</strong> On our Privacy Policy Page</div>", "level": 0}, {"value": "<div class=\"innerText\">Can change your personal information:</div>", "level": 0}, {"value": "<div class=\"innerText\">\u00c2\u00a0\u00c2\u00a0\u00c2\u00a0\u00c2\u00a0\u00c2\u00a0 <strong>\u00e2\u0080\u00a2</strong> By emailing us</div>", "level": 0}], [{"value": "<h4></h4>", "level": 6}], [{"value": "<h4 class=\"innerText\"><strong>How does our site handle Do Not Track signals?</strong></h4>", "level": 6}, {"value": "<div class=\"innerText\">We honor Do Not Track signals and Do Not Track, plant cookies, or use advertising when a Do Not Track (DNT) browser mechanism is in place.</div>", "level": 0}], [{"value": "<h4></h4>", "level": 6}], [{"value": "<h4 class=\"innerText\"><strong>Does our site allow third-party behavioral tracking?</strong></h4>", "level": 6}, {"value": "<div class=\"innerText\">It\u2019s also important to note that we allow third-party behavioral tracking</div>", "level": 0}], [{"value": "<h4></h4>", "level": 6}], [{"value": "<h4 class=\"blueText\"><strong>COPPA (Children Online Privacy Protection Act)</strong></h4>", "level": 6}, {"value": "<p>When it comes to the collection of personal information from children under the age of 13 years old, the Children\u2019s Online Privacy Protection Act (COPPA) puts parents in control. The Federal Trade Commission, United States\u2019 consumer protection agency, enforces the COPPA Rule, which spells out what operators of websites and online services must do to protect children\u2019s privacy and safety online.</p>", "level": 0}, {"value": "<div class=\"innerText\">We do not specifically market to children under the age of 13 years old.</div>", "level": 0}], [{"value": "<h4></h4>", "level": 6}], [{"value": "<h4 class=\"blueText\"><strong>Fair Information Practices</strong></h4>", "level": 6}, {"value": "<p>The Fair Information Practices Principles form the backbone of privacy law in the United States and the concepts they include have played a significant role in the development of data protection laws around the globe. Understanding the Fair Information Practice Principles and how they should be implemented is critical to comply with the various privacy laws that protect personal information.</p>", "level": 0}, {"value": "<div class=\"innerText\"><strong>In order to be in line with Fair Information Practices we will take the following responsive action, should a data breach occur:</strong></div>", "level": 0}, {"value": "<div class=\"innerText\">We will notify you via email</div>", "level": 0}, {"value": "<div class=\"innerText\">\u00c2\u00a0\u00c2\u00a0\u00c2\u00a0\u00c2\u00a0\u00c2\u00a0 <strong>\u00e2\u0080\u00a2</strong> Within 1 business day</div>", "level": 0}, {"value": "<div class=\"innerText\">We also agree to the Individual Redress Principle which requires that individuals have the right to legally pursue enforceable rights against data collectors and processors who fail to adhere to the law. This principle requires not only that individuals have enforceable rights against data users, but also that individuals have recourse to courts or government agencies to investigate and/or prosecute non-compliance by data processors.</div>", "level": 0}], [{"value": "<h4></h4>", "level": 6}], [{"value": "<h4 class=\"blueText\"><strong>CAN SPAM Act</strong></h4>", "level": 6}, {"value": "<p>The CAN-SPAM Act is a law that sets the rules for commercial email, establishes requirements for commercial messages, gives recipients the right to have emails stopped from being sent to them, and spells out tough penalties for violations.</p>", "level": 0}], [{"value": "<h4></h4>", "level": 6}], [{"value": "<h4 class=\"innerText\"><strong>We collect your email address in order to:</strong></h4>", "level": 6}, {"value": "<div class=\"innerText\">\u00c2\u00a0\u00c2\u00a0\u00c2\u00a0\u00c2\u00a0\u00c2\u00a0 <strong>\u00e2\u0080\u00a2</strong> Send information, respond to inquiries, and/or other requests or questions</div>", "level": 0}, {"value": "<div class=\"innerText\">\u00c2\u00a0\u00c2\u00a0\u00c2\u00a0\u00c2\u00a0\u00c2\u00a0 <strong>\u00e2\u0080\u00a2</strong> Market to our mailing list or continue to send emails to our clients after the original transaction has occurred.</div>", "level": 0}, {"value": "<div id=\"ppBody\">\n<h4></h4>\n<h4 class=\"innerText\"><strong>To be in accordance with CAN SPAM, we agree to the following:</strong></h4>\n<div class=\"innerText\">\u00c2\u00a0\u00c2\u00a0\u00c2\u00a0\u00c2\u00a0\u00c2\u00a0 <strong>\u00e2\u0080\u00a2</strong> Not use false or misleading subjects or email addresses.</div>\n<div class=\"innerText\">\u00c2\u00a0\u00c2\u00a0\u00c2\u00a0\u00c2\u00a0\u00c2\u00a0 <strong>\u00e2\u0080\u00a2</strong> Identify the message as an advertisement in some reasonable way.</div>\n<div class=\"innerText\">\u00c2\u00a0\u00c2\u00a0\u00c2\u00a0\u00c2\u00a0\u00c2\u00a0 <strong>\u00e2\u0080\u00a2</strong> Include the physical address of our business or site headquarters.</div>\n<div class=\"innerText\">\u00c2\u00a0\u00c2\u00a0\u00c2\u00a0\u00c2\u00a0\u00c2\u00a0 <strong>\u00e2\u0080\u00a2</strong> Monitor third-party email marketing services for compliance, if one is used.</div>\n<div class=\"innerText\">\u00c2\u00a0\u00c2\u00a0\u00c2\u00a0\u00c2\u00a0\u00c2\u00a0 <strong>\u00e2\u0080\u00a2</strong> Honor opt-out/unsubscribe requests quickly.</div>\n<div class=\"innerText\">\u00c2\u00a0\u00c2\u00a0\u00c2\u00a0\u00c2\u00a0\u00c2\u00a0 <strong>\u00e2\u0080\u00a2</strong> Allow users to unsubscribe by using the link at the bottom of each email.</div>\n<div></div>\n<div class=\"innerText\"><strong><br/>\nIf at any time you would like to unsubscribe from receiving future emails, you can email us at</strong></div>\n<div class=\"innerText\">\u00c2\u00a0\u00c2\u00a0\u00c2\u00a0\u00c2\u00a0\u00c2\u00a0 <strong>\u00e2\u0080\u00a2</strong> Follow the instructions at the bottom of each email.</div>\n<p>and we will promptly remove you from <strong>ALL</strong> correspondence.</p>\n</div>", "level": 0}], [{"value": "<h4></h4>", "level": 6}], [{"value": "<h4 class=\"innerText\"><strong>To be in accordance with CAN SPAM, we agree to the following:</strong></h4>", "level": 6}, {"value": "<div class=\"innerText\">\u00c2\u00a0\u00c2\u00a0\u00c2\u00a0\u00c2\u00a0\u00c2\u00a0 <strong>\u00e2\u0080\u00a2</strong> Not use false or misleading subjects or email addresses.</div>", "level": 0}, {"value": "<div class=\"innerText\">\u00c2\u00a0\u00c2\u00a0\u00c2\u00a0\u00c2\u00a0\u00c2\u00a0 <strong>\u00e2\u0080\u00a2</strong> Identify the message as an advertisement in some reasonable way.</div>", "level": 0}, {"value": "<div class=\"innerText\">\u00c2\u00a0\u00c2\u00a0\u00c2\u00a0\u00c2\u00a0\u00c2\u00a0 <strong>\u00e2\u0080\u00a2</strong> Include the physical address of our business or site headquarters.</div>", "level": 0}, {"value": "<div class=\"innerText\">\u00c2\u00a0\u00c2\u00a0\u00c2\u00a0\u00c2\u00a0\u00c2\u00a0 <strong>\u00e2\u0080\u00a2</strong> Monitor third-party email marketing services for compliance, if one is used.</div>", "level": 0}, {"value": "<div class=\"innerText\">\u00c2\u00a0\u00c2\u00a0\u00c2\u00a0\u00c2\u00a0\u00c2\u00a0 <strong>\u00e2\u0080\u00a2</strong> Honor opt-out/unsubscribe requests quickly.</div>", "level": 0}, {"value": "<div class=\"innerText\">\u00c2\u00a0\u00c2\u00a0\u00c2\u00a0\u00c2\u00a0\u00c2\u00a0 <strong>\u00e2\u0080\u00a2</strong> Allow users to unsubscribe by using the link at the bottom of each email.</div>", "level": 0}, {"value": "<div class=\"innerText\"><strong><br/>\nIf at any time you would like to unsubscribe from receiving future emails, you can email us at</strong></div>", "level": 0}, {"value": "<div class=\"innerText\">\u00c2\u00a0\u00c2\u00a0\u00c2\u00a0\u00c2\u00a0\u00c2\u00a0 <strong>\u00e2\u0080\u00a2</strong> Follow the instructions at the bottom of each email.</div>", "level": 0}, {"value": "<p>and we will promptly remove you from <strong>ALL</strong> correspondence.</p>", "level": 0}], [{"value": "<h4></h4>", "level": 6}], [{"value": "<h4><strong>Grievance Officer</strong></h4>", "level": 6}, {"value": "<div>\n<h4>In accordance with Information Technology Act 2000 and rules made there under, the name and contact details of the Grievance Officer are provided below:</h4>\n<p><i> Mr. Robins Antony</i></p>\n<p class=\"pAddress1\">Webova Soft</p><div class=\"mailmunch-forms-in-post-middle\" style=\"display: none !important;\"></div>\n<p class=\"pAddress2\">C-02, Aysha\u2019s Arcade</p>\n<p>Changanacherry</p>\n<p class=\"pCity\">Kottayam</p>\n<p class=\"pState\">Kerala</p>\n<p>Pin : 686102</p>\n<p>Phone : 8547245873</p>\n<p>Email : robins@admeonline.com</p>\n<p class=\"pEmailAddress\">If you have any questions about this Policy or other privacy concerns, you can also email us at contact@admeonline.com.</p>\n</div>", "level": 0}], [{"value": "<h4>In accordance with Information Technology Act 2000 and rules made there under, the name and contact details of the Grievance Officer are provided below:</h4>", "level": 6}, {"value": "<p><i> Mr. Robins Antony</i></p>", "level": 0}, {"value": "<p class=\"pAddress1\">Webova Soft</p>", "level": 0}, {"value": "<p class=\"pAddress2\">C-02, Aysha\u2019s Arcade</p>", "level": 0}, {"value": "<p>Changanacherry</p>", "level": 0}, {"value": "<p class=\"pCity\">Kottayam</p>", "level": 0}, {"value": "<p class=\"pState\">Kerala</p>", "level": 0}, {"value": "<p>Pin : 686102</p>", "level": 0}, {"value": "<p>Phone : 8547245873</p>", "level": 0}, {"value": "<p>Email : robins@admeonline.com</p>", "level": 0}, {"value": "<p class=\"pEmailAddress\">If you have any questions about this Policy or other privacy concerns, you can also email us at contact@admeonline.com.</p>", "level": 0}, {"value": "<p>Last Edited on 2018-06-20</p>", "level": 0}], [{"value": "<h4><b>Changes to this privacy policy</b></h4>", "level": 6}, {"value": "<p>This Privacy Policy was last updated on 20-06-2018. From time to time we may change our privacy practices. We will notify you of any material changes to this policy as required by law. We will also post an updated copy on our website. Please check our site periodically for updates. You acknowledge and agree that it is your responsibility to review this privacy policy periodically and become aware of modifications.</p>", "level": 0}], [{"value": "<h4><b>Your acceptance of these terms</b></h4>", "level": 6}, {"value": "<p>By using this Site, you signify your acceptance of this policy. If you do not agree to this policy, please do not use our Site. Your continued use of the Site following the posting of changes to this policy will be deemed your acceptance of those changes.</p>", "level": 0}], [{"value": "<h4><strong>Jurisdiction</strong></h4>", "level": 6}, {"value": "<p>If you choose to visit the website, your visit and any dispute over privacy is subject to this Policy and the website\u2019s terms of use. In addition to the foregoing, any disputes arising under this Policy shall be governed by the laws of India.</p>", "level": 0}], [{"value": "<h5>SHARE ON</h5>", "level": 5}, {"value": "<a class=\"admeonline-link admeonline-facebook\" href=\"https://www.facebook.com/sharer/sharer.php?u=https://admeonline.com/privacy-policy/\" rel=\"nofollow\" target=\"_blank\">Facebook</a>", "level": 0}, {"value": "<a class=\"admeonline-link admeonline-twitter\" href=\"https://twitter.com/intent/tweet?text=Privacy%20Policy&amp;url=https://admeonline.com/privacy-policy/&amp;via=adme_online\" rel=\"nofollow\" target=\"_blank\">Twitter</a>", "level": 0}, {"value": "<a class=\"admeonline-link admeonline-googleplus\" href=\"https://plus.google.com/share?url=https://admeonline.com/privacy-policy/\" rel=\"nofollow\" target=\"_blank\">Google+</a>", "level": 0}, {"value": "<a class=\"admeonline-link admeonline-linkedin\" href=\"http://www.linkedin.com/shareArticle?url=https://admeonline.com/privacy-policy/&amp;title=Privacy%20Policy\" rel=\"nofollow\" target=\"_blank\">Linkedin</a>", "level": 0}, {"value": "<a class=\"admeonline-link admeonline-pinterest\" href=\"https://pinterest.com/pin/create/button/?url=https://admeonline.com/privacy-policy/&amp;media=&amp;description=Privacy%20Policy\" rel=\"nofollow\" target=\"_blank\">Pin It</a>", "level": 0}], [{"value": "<h2>Contact Us</h2>", "level": 8}, {"value": "<div class=\"cont-info-address\"><p>If you have any Questions, Feel free to Contact us in the below address.</p></div>", "level": 0}, {"value": "<ul><li><i class=\"icon-map-marker\"></i><p>C-02, Aisha\u2019s Arcade,\nChanganacherry,Kottayam,\nKerala, India</p></li><li><i class=\"icon-phone6\"></i><p>+91 8547211222</p></li><li>\n<i class=\"icon-envelope4\"></i>\n<p><a href=\"mailto:info@admeonline.com\">info@admeonline.com</a></p>\n</li></ul>", "level": 0}, {"value": "<div class=\"widget-section-title\"><h2>Useful Links</h2></div>", "level": 0}], [{"value": "<h2>Useful Links</h2>", "level": 8}, {"value": "<div class=\"menu-footer-blog-container\"><ul class=\"menu\" id=\"menu-footer-blog\"><li class=\"menu-item menu-item-type-post_type menu-item-object-post menu-item-16112\"><a href=\"https://admeonline.com/sbi-atm-pin-generation-through-sms-sbi-green-pin-process/\">SBI ATM Pin Generation</a></li>\n<li class=\"menu-item menu-item-type-post_type menu-item-object-post menu-item-16113\"><a href=\"https://admeonline.com/how-to-block-sbi-atm-card-online-sbi-atm-card-lost-toll-free-number/\">Block SBI ATM Card</a></li>\n<li class=\"menu-item menu-item-type-post_type menu-item-object-post menu-item-16114\"><a href=\"https://admeonline.com/change-sbi-registered-mobile-number-online/\">Change SBI Mob No</a></li>\n<li class=\"menu-item menu-item-type-post_type menu-item-object-post menu-item-16115\"><a href=\"https://admeonline.com/how-to-open-a-post-office-savings-account-all-you-need-to-know-about-post-office-account/\">Post Office Savings Account</a></li>\n<li class=\"menu-item menu-item-type-post_type menu-item-object-post menu-item-16116\"><a href=\"https://admeonline.com/how-to-free-up-whatsaapp-storage/\">Free up WhatsApp Storage</a></li>\n<li class=\"menu-item menu-item-type-post_type menu-item-object-post menu-item-16117\"><a href=\"https://admeonline.com/how-to-delete-your-phone-contacts-from-facebook/\">Delete Phone Contacts Facebook</a></li>\n</ul></div>", "level": 0}, {"value": "<div class=\"widget-section-title\"><h2>Download Admeonline Android App</h2></div>", "level": 0}], [{"value": "<h2>Download Admeonline Android App</h2>", "level": 8}, {"value": "<div class=\"textwidget\">With Admeonline Free Mobile App, Find How To Videos, Online Banking Tutorials, New Technology Updates,\nSBI ATM Pin Generation, How to change Mobile Number in SBI Online, Book Bharat Gas Online and many useful tips.\n<a href=\"https://play.google.com/store/apps/details?id=admeonline.com\" rel=\"nofollow\" target=\"_blank\"><img data-lazy-src=\"https://x3e4i9v2.stackpathcdn.com/wp-content/uploads/2016/03/android-app-on-google-play-1.jpg\" src=\"data:image/gif;base64,R0lGODdhAQABAPAAAP///wAAACwAAAAAAQABAEACAkQBADs=\"/><noscript><img src=\"https://x3e4i9v2.stackpathcdn.com/wp-content/uploads/2016/03/android-app-on-google-play-1.jpg\"/></noscript></a>\n</div>", "level": 0}], [{"value": "<h2></h2>", "level": 8}, {"value": "<div class=\"footer-content\">\n<div id=\"copyright\"> <div class=\"container\">\n<div class=\"row\">\n<div class=\"col-md-6\">\n<div class=\"footer_icon\"><a href=\"https://admeonline.com\"><img alt=\"Admeonline Tips and Tricks Blog\" src=\"https://x3e4i9v2.stackpathcdn.com/wp-content/uploads/2016/09/admeonline.com-footer-logo.png\"/></a></div>\n<nav class=\"footer-nav\">\n<ul><li class=\"menu-item dropdown sub-menu menu-item-type-post_type dropdown sub-menu menu-item-object-page\" id=\"menu-item-16342\"><a href=\"https://admeonline.com/about-admeonline/\">About Us</a></li>\n<li class=\"menu-item dropdown sub-menu menu-item-type-post_type dropdown sub-menu menu-item-object-page\" id=\"menu-item-9831\"><a href=\"https://admeonline.com/terms-conditions/\">Terms And Conditions</a></li>\n<li class=\"menu-item dropdown sub-menu menu-item-type-post_type dropdown sub-menu menu-item-object-page dropdown sub-menu current-menu-item dropdown sub-menu page_item dropdown sub-menu page-item-35 dropdown sub-menu current_page_item\" id=\"menu-item-9820\"><a href=\"https://admeonline.com/privacy-policy/\">Privacy Policy</a></li>\n<li class=\"menu-item dropdown sub-menu menu-item-type-post_type dropdown sub-menu menu-item-object-page\" id=\"menu-item-6541\"><a href=\"https://admeonline.com/contact-us/\">Contact Us</a></li>\n</ul> </nav>\n<p>\u00c2\u00a9 2015-2018 Admeonline.com All rights reserved. All Logos &amp; Trademark Belongs To Their Respective Owners </p> </div>\n<div class=\"col-md-6\">\n<div class=\"social-media\">\n<ul>\n<li>\n<a class=\"colrhover\" data-original-title=\"Facebook\" data-placement=\"top\" href=\"https://www.facebook.com/admeonline\" style=\"color:#3f51b5;\" target=\"_blank\" title=\"\"><img alt=\"Facebook\" height=\"33\" src=\"https://x3e4i9v2.stackpathcdn.com/wp-content/uploads/2016/02/facebook.png\" width=\"33\"/></a></li>\n<li>\n<a class=\"colrhover\" data-original-title=\"Twitter\" data-placement=\"top\" href=\"https://twitter.com/adme_online\" style=\"color:#3f51b5;\" target=\"_blank\" title=\"\"><img alt=\"Twitter\" height=\"33\" src=\"https://x3e4i9v2.stackpathcdn.com/wp-content/uploads/2016/02/twitter-1.png\" width=\"33\"/></a></li>\n<li>\n<a class=\"colrhover\" data-original-title=\"Google Plus\" data-placement=\"top\" href=\"https://plus.google.com/u/3/b/103974010124550151500/103974010124550151500\" style=\"color:#3f51b5;\" target=\"_blank\" title=\"\"><img alt=\"Google Plus\" height=\"33\" src=\"https://x3e4i9v2.stackpathcdn.com/wp-content/uploads/2016/02/googleplus.png\" width=\"33\"/></a></li>\n<li>\n<a class=\"colrhover\" data-original-title=\"Linkedin\" data-placement=\"top\" href=\"https://www.linkedin.com/company/admeonline.com\" style=\"color:#3f51b5;\" target=\"_blank\" title=\"\"><img alt=\"Linkedin\" height=\"33\" src=\"https://x3e4i9v2.stackpathcdn.com/wp-content/uploads/2016/02/linkedin.png\" width=\"33\"/></a></li>\n<li>\n<a class=\"colrhover\" data-original-title=\"You Tube\" data-placement=\"top\" href=\"https://www.youtube.com/channel/UCmljQ1lrdlKeTLlhK7Zvi9g?sub_confirmation=1\" style=\"color:#eee;\" target=\"_blank\" title=\"\"><img alt=\"You Tube\" height=\"33\" src=\"https://x3e4i9v2.stackpathcdn.com/wp-content/uploads/2016/02/social-10.png\" width=\"33\"/></a></li> </ul>\n</div>\n</div>\n<a href=\"#\" id=\"backtop\"><i class=\"icon-angle-up\"></i></a>\n</div>\n</div>\n</div>\n</div>", "level": 0}]]