[[{"value": "<h4 class=\"widgettitle\"> </h4>", "level": 6}, {"value": "<form action=\"https://coloreaypinta.com/\" class=\"searchform\" id=\"searchform\" method=\"get\" role=\"search\">\n<div>\n<label class=\"screen-reader-text\" for=\"s\">Buscar:</label>\n<input id=\"s\" name=\"s\" type=\"text\" value=\"\"/>\n<input id=\"searchsubmit\" type=\"submit\" value=\"Buscar\"/>\n</div>\n</form>", "level": 0}], [{"value": "<h4 class=\"widgettitle\">S\u00c3\u00adguenos en Facebook</h4>", "level": 6}], [{"value": "<h4 class=\"widget-title\"><span>Mas Popular</span></h4>", "level": 6}, {"value": "<div class=\"yuzo_related_post_widget style-2\" data-version=\"5.12.71\">\n<div class=\"relatedthumb yuzo-list \" style=\";\">\n<a class=\"image-list\" href=\"https://coloreaypinta.com/colorear-las-locuras-del-emperador/\" rel=\"external\">\n<div class=\"yuzo-img-wrap \" style=\"width: 138px;height:78px;\">\n<div class=\"yuzo-img\" style=\"background:url('https://coloreaypinta.com/wp-content/uploads/2016/09/Plantilla-41-150x150.jpg') 50% 50% no-repeat;width: 138px;height:78px;margin-bottom: 5px;background-size:  cover;  \"></div>\n</div>\n</a>\n<a class=\"link-list\" href=\"https://coloreaypinta.com/colorear-las-locuras-del-emperador/\" style=\"font-size:16px;font-weight:bold;line-height:24px;\"> Colorear Las Locuras del Emperador  </a>\n</div>\n<div class=\"relatedthumb yuzo-list \" style=\";\">\n<a class=\"image-list\" href=\"https://coloreaypinta.com/colorear-la-sirenita/\" rel=\"external\">\n<div class=\"yuzo-img-wrap \" style=\"width: 138px;height:78px;\">\n<div class=\"yuzo-img\" style=\"background:url('https://coloreaypinta.com/wp-content/uploads/2016/09/Plantilla-sirenita-150x150.jpg') 50% 50% no-repeat;width: 138px;height:78px;margin-bottom: 5px;background-size:  cover;  \"></div>\n</div>\n</a>\n<a class=\"link-list\" href=\"https://coloreaypinta.com/colorear-la-sirenita/\" style=\"font-size:16px;font-weight:bold;line-height:24px;\"> Colorear La Sirenita  </a>\n</div>\n<div class=\"relatedthumb yuzo-list \" style=\";\">\n<a class=\"image-list\" href=\"https://coloreaypinta.com/colorear-las-chicas-superpoderosas/\" rel=\"external\">\n<div class=\"yuzo-img-wrap \" style=\"width: 138px;height:78px;\">\n<div class=\"yuzo-img\" style=\"background:url('https://coloreaypinta.com/wp-content/uploads/2016/09/Plantilla-40-150x150.jpg') 50% 50% no-repeat;width: 138px;height:78px;margin-bottom: 5px;background-size:  cover;  \"></div>\n</div>\n</a>\n<a class=\"link-list\" href=\"https://coloreaypinta.com/colorear-las-chicas-superpoderosas/\" style=\"font-size:16px;font-weight:bold;line-height:24px;\"> Colorear Las Chicas Superpoderosas  </a>\n</div>\n<div class=\"relatedthumb yuzo-list \" style=\";\">\n<a class=\"image-list\" href=\"https://coloreaypinta.com/colorear-la-patrulla-canina/\" rel=\"external\">\n<div class=\"yuzo-img-wrap \" style=\"width: 138px;height:78px;\">\n<div class=\"yuzo-img\" style=\"background:url('https://coloreaypinta.com/wp-content/uploads/2016/09/Plantilla-39-150x150.jpg') 50% 50% no-repeat;width: 138px;height:78px;margin-bottom: 5px;background-size:  cover;  \"></div>\n</div>\n</a>\n<a class=\"link-list\" href=\"https://coloreaypinta.com/colorear-la-patrulla-canina/\" style=\"font-size:16px;font-weight:bold;line-height:24px;\"> Colorear La Patrulla Canina  </a>\n</div>\n<div class=\"relatedthumb yuzo-list \" style=\";\">\n<a class=\"image-list\" href=\"https://coloreaypinta.com/colorear-la-familia-del-futuro/\" rel=\"external\">\n<div class=\"yuzo-img-wrap \" style=\"width: 138px;height:78px;\">\n<div class=\"yuzo-img\" style=\"background:url('https://coloreaypinta.com/wp-content/uploads/2016/09/Plantilla-38-150x150.jpg') 50% 50% no-repeat;width: 138px;height:78px;margin-bottom: 5px;background-size:  cover;  \"></div>\n</div>\n</a>\n<a class=\"link-list\" href=\"https://coloreaypinta.com/colorear-la-familia-del-futuro/\" style=\"font-size:16px;font-weight:bold;line-height:24px;\"> Colorear La familia del futuro  </a>\n</div>\n<div class=\"relatedthumb yuzo-list \" style=\";\">\n<a class=\"image-list\" href=\"https://coloreaypinta.com/colorear-kung-fu-panda/\" rel=\"external\">\n<div class=\"yuzo-img-wrap \" style=\"width: 138px;height:78px;\">\n<div class=\"yuzo-img\" style=\"background:url('https://coloreaypinta.com/wp-content/uploads/2016/09/Plantilla-37-150x150.jpg') 50% 50% no-repeat;width: 138px;height:78px;margin-bottom: 5px;background-size:  cover;  \"></div>\n</div>\n</a>\n<a class=\"link-list\" href=\"https://coloreaypinta.com/colorear-kung-fu-panda/\" style=\"font-size:16px;font-weight:bold;line-height:24px;\"> Colorear Kung Fu Panda  </a>\n</div>\n<div class=\"relatedthumb yuzo-list \" style=\";\">\n<a class=\"image-list\" href=\"https://coloreaypinta.com/colorear-krypto/\" rel=\"external\">\n<div class=\"yuzo-img-wrap \" style=\"width: 138px;height:78px;\">\n<div class=\"yuzo-img\" style=\"background:url('https://coloreaypinta.com/wp-content/uploads/2016/09/Plantilla-36-150x150.jpg') 50% 50% no-repeat;width: 138px;height:78px;margin-bottom: 5px;background-size:  cover;  \"></div>\n</div>\n</a>\n<a class=\"link-list\" href=\"https://coloreaypinta.com/colorear-krypto/\" style=\"font-size:16px;font-weight:bold;line-height:24px;\"> Colorear Krypto  </a>\n</div>\n<div class=\"relatedthumb yuzo-list \" style=\";\">\n<a class=\"image-list\" href=\"https://coloreaypinta.com/colorear-julius-jr/\" rel=\"external\">\n<div class=\"yuzo-img-wrap \" style=\"width: 138px;height:78px;\">\n<div class=\"yuzo-img\" style=\"background:url('https://coloreaypinta.com/wp-content/uploads/2016/09/Plantilla-35-150x150.jpg') 50% 50% no-repeat;width: 138px;height:78px;margin-bottom: 5px;background-size:  cover;  \"></div>\n</div>\n</a>\n<a class=\"link-list\" href=\"https://coloreaypinta.com/colorear-julius-jr/\" style=\"font-size:16px;font-weight:bold;line-height:24px;\"> Colorear Julius Jr  </a>\n</div>\n<div class=\"relatedthumb yuzo-list \" style=\";\">\n<a class=\"image-list\" href=\"https://coloreaypinta.com/colorear-holly-hobbie/\" rel=\"external\">\n<div class=\"yuzo-img-wrap \" style=\"width: 138px;height:78px;\">\n<div class=\"yuzo-img\" style=\"background:url('https://coloreaypinta.com/wp-content/uploads/2016/09/Plantilla-29-150x150.jpg') 50% 50% no-repeat;width: 138px;height:78px;margin-bottom: 5px;background-size:  cover;  \"></div>\n</div>\n</a>\n<a class=\"link-list\" href=\"https://coloreaypinta.com/colorear-holly-hobbie/\" style=\"font-size:16px;font-weight:bold;line-height:24px;\"> Colorear Holly Hobbie  </a>\n</div>\n<div class=\"relatedthumb yuzo-list \" style=\";\">\n<a class=\"image-list\" href=\"https://coloreaypinta.com/colorear-fullmetal-alchemist/\" rel=\"external\">\n<div class=\"yuzo-img-wrap \" style=\"width: 138px;height:78px;\">\n<div class=\"yuzo-img\" style=\"background:url('https://coloreaypinta.com/wp-content/uploads/2016/09/Plantilla-25-150x150.jpg') 50% 50% no-repeat;width: 138px;height:78px;margin-bottom: 5px;background-size:  cover;  \"></div>\n</div>\n</a>\n<a class=\"link-list\" href=\"https://coloreaypinta.com/colorear-fullmetal-alchemist/\" style=\"font-size:16px;font-weight:bold;line-height:24px;\"> Colorear Fullmetal Alchemist  </a>\n</div></div>", "level": 0}, {"value": "<style>\n\t\t\t\t.yuzo_related_post_widget .relatedthumb { background: !important; -webkit-transition: background 0.2 s linear; -moz-transition: background 0.2 s linear; -o-transition: background 0.2 s linear; transition: background 0.2 s linear; }.yuzo_related_post_widget .relatedthumb:hover{background:#fcfcf4 !important; -webkit-transition: background 0.2 s linear; -moz-transition: background 0.2 s linear; -o-transition: background 0.2 s linear; transition: background 0.2 s linear;}.yuzo_related_post_widget .relatedthumb:hover{background:#fcfcf4 !important;;}\n\t\t\t\t.yuzo_related_post_widget .yuzo_text, .yuzo_related_post .yuzo_views_post {color:!important;}\n\t\t\t\t.yuzo_related_post_widget .relatedthumb:hover .yuzo_text, .yuzo_related_post:hover .yuzo_views_post {color:!important;}\n\t\t\t\t.yuzo_related_post_widget .relatedthumb a{color:#444444;}\n\t\t\t\t.yuzo_related_post_widget .relatedthumb{  margin: 0px  0px  0px  0px!important;   padding: 5px  5px  5px  5px!important;  }\n\t\t\t\t\n\t\t\t\t</style>", "level": 0}], [{"value": "<h4 class=\"widgettitle\">Ads</h4>", "level": 6}], [{"value": "<h1>Privacy Policies</h1>", "level": 9}, {"value": "<p class=\"meta-info\">Subido  El Feb 9, 2014 Por <a href=\"https://coloreaypinta.com/author/pablo/\" rel=\"author\" title=\"Art\u00c3\u00adculos Por Colorea y Pinta\">Colorea y Pinta</a> En <a href=\"https://coloreaypinta.com/category/uncategorized/\" rel=\"category tag\">Uncategorized</a></p>", "level": 0}, {"value": "<p>Privacy Policy for Android Apps</p>", "level": 0}, {"value": "<p>Welcome. This post mainly answers the question how and why you should add a privacy policy to your Android app.</p>", "level": 0}, {"value": "<p>Android apps privacy policy</p>", "level": 0}, {"value": "<p>If you want to read a more general overview of privacy policies in mobile apps then you can read that here<br/>\nTo skip all that just use our generator to help you make a privacy policy for your Android<br/>\nSince we\u2019ve launched our mobile apps privacy policy generator we\u2019ve started to publish guides on how to submit your app to the app stores with a privacy policy. You are reading the guide on the Android Play Store by Google.</p>", "level": 0}, {"value": "<p>All our (other) guides can be found here:</p>", "level": 0}, {"value": "<p>You can now find a similar privacy policy guide for Windows Phone here: Privacy Policy for Windows Phone Apps<br/>\nYou can now find a similar privacy policy guide for iOS here: Privacy Policy for iOS Apps<br/>\nYou can also find a similar privacy policy guide for BlackBerry here: Privacy Policy for BlackBerry Apps<br/>\nYou can find a similar privacy policy guide for Firefox OS here: Privacy Policy for Firefox OS Apps<br/>\nLet\u2019s say I want to include a privacy policy into my Android application: what do I need to do?</p>", "level": 0}, {"value": "<p>In Short<br/>\nUse our generator for mobile apps;<br/>\nAdd all the clauses you need for your app to your privacy policy and then:<br/>\nEmbed it into your app or link to it from the app;<br/>\nPossibly link to it from the app store;<br/>\nPossibly link to it from your website;<br/>\nRead here how to properly add a privacy policy to a mobile app<br/>\nBe happy.<br/>\n1) Do I have to include a privacy policy in my Android app?</p>", "level": 0}, {"value": "<p>Well, that depends on what the app is doing. But consider the fact, that you can never be wrong including a link or a full page view of your privacy policy. It is however very likely that you are required by law to include a privacy policy into your Android baby. Easy CHECK: Am I collecting/storing/sharing personal information like email, names or sensitive data like payments info or using a third party service that accesses my info?<br/>\nYou are likely using a third party service in your app that requires you to add a privacy policy to your app. Additionally to a legal requirement it is often an additional prerequisite to use a specific service. Check in your service provider\u2019s terms. A very popular third party service that requires you to post a privacy policy in their TOS is Google Analytics (they also have a mobile solution).<br/>\n2) Am I required by the Google Play Store to post a privacy policy?</p>", "level": 0}, {"value": "<p>The Play store does still not require you in a blank statement to have a privacy policy in any case. You can therefore post an app to the store that is non-compliant with privacy laws.<br/>\nFrom the Google Play Developer Distribution Agreement: \u201cYou agree that if you use the Store to distribute Products, you will protect the privacy and legal rights of users. If the users provide you with, or your Product accesses or uses, user names, passwords, or other login information or personal information, you must make the users aware that the information will be available to your Product, and you must provide legally adequate privacy notice and protection for those users. Further, your Product may only use that information for the limited purposes for which the user has given you permission to do so. If your Product stores personal or sensitive information provided by users, it must do so securely and only for as long as it is needed.\u201d<br/>\nFrom the Privacy and Security Policy: If your app handles personal or sensitive user data (including personally identifiable information, financial and payment information, authentication information, phonebook or contact data, and sensitive device data) then your app must: Post a privacy policy that, together with any in-app disclosures, comprehensively discloses the collection, use and sharing of any user data your app handles, how it\u00e2\u0080\u0099s used, and the types of parties with whom it\u00e2\u0080\u0099s shared, and (\u2026)<br/>\nThe California Attorney General is working on making all apps privacy regulations compliant and working on this with the big platform providers like Google Play. This situation could therefore change down the road to include a requirement for a privacy policy for any app regardless of their data collection.<br/>\nHow do you add and edit that privacy policy on the Play Store?</p>", "level": 0}, {"value": "<p>3) How do I add/edit my privacy policy on the Play store? (source)</p>", "level": 0}, {"value": "<p>Log into your Google Play Developer Console<br/>\nNext, select All Applications and select the application whose privacy policy you\u2019d like to edit.<br/>\nAfter that, select Store Listing.<br/>\nThen, scroll to the section marked Privacy Policy and enter the URL where you have the privacy policy hosted online.<br/>\nLastly, be sure to click Save or update.<br/>\n4) What if I don\u00e2\u0080\u0099t want to add a privacy policy at this time?</p>", "level": 0}, {"value": "<p>If you do not want to add a privacy policy at the moment, you can check the box next toNot submitting a privacy policy URL at this time on the Store Listings screen of your application in the Google Play Developer Console. Follow the instructions above to view that screen.</p>", "level": 0}, {"value": "<p>5) An example privacy policy for Android Apps?</p>", "level": 0}, {"value": "<p>A lot of people ask for sample privacy policies for apps. Let\u2019s start with the legal minimum requirements. A good starting point is the California Online Privacy Protection act (CalOPPA), and even better Europe\u2019s minimum requirements since they are more refined:</p>", "level": 0}, {"value": "<p>CalOPPA minimum requirements:</p>", "level": 0}, {"value": "<p>Provide info about the personally identifiable information (PII) like:</p>", "level": 0}, {"value": "<p>a description of the types of PII collected and disclosed by the operator;<br/>\na description of the process by which a consumer can access and request changes to his or her PII, if available;<br/>\na description of the process by which the operator will notify consumers of material changes to the privacy policy; and<br/>\nan effective date<br/>\nEU Privacy Directives minimum requirements:</p>", "level": 0}, {"value": "<p>Provide a readable, understandable and easily accessible privacy policy, which at a minimum informs users about:</p>", "level": 0}, {"value": "<p>who you are (identity and contact details),<br/>\nwhat precise categories of personal data the app wants to collect and process,<br/>\nwhy the data processing is necessary (for what precise purposes),<br/>\nwhether data will be disclosed to third parties (not just a generic but a specific<br/>\ndescription to whom the data will be disclosed),<br/>\nwhat rights users have, in terms of withdrawal of consent and deletion of data<br/>\nYou can easily google for an example privacy policy for X but chances are you won\u2019t find anything ready-made.</p>", "level": 0}, {"value": "<p>Helpful docs:</p>", "level": 0}, {"value": "<p>1. Privacy on the Go</p>", "level": 0}, {"value": "<p>2. Article 29 Working Group</p>", "level": 0}, {"value": "<p>Our Approach of Generating an Android Privacy Policy</p>", "level": 0}, {"value": "<p>So here\u2019s where iubenda\u2019s privacy policy generator will come in very handy:</p>", "level": 0}, {"value": "<p>1) Define the services and categories of data collection your app is making use of.</p>", "level": 0}, {"value": "<p>2) Add the services (and categories of data collection like \u201caccess to address book\u201d) you are using to your policy and it will generate the full text privacy policy in a condensed easily scannable fashion as well as an entire document your users can read if they want.</p>", "level": 0}, {"value": "<p>3) You can either link to your policy or embed the text into your app.</p>", "level": 0}, {"value": "<footer id=\"main-footer\">\n<p id=\"copyright\">Dise\u00c3\u00b1ado Por <a href=\"http://coloreaypinta.com/\">Colorea y Pinta</a> | Todos Los derechos Reservados a \u00c2\u00a9 Colorea y Pinta 2016</p>\n</footer>", "level": 0}, {"value": "<div id=\"cookie-law-info-bar\"><span>\nEste sitio web utiliza cookies para mejorar su experiencia. Vamos a suponer que est\u00c3\u00a1s bien con esto, pero puede darse de baja si lo desea.<a class=\"medium cli-plugin-button cli-plugin-main-button\" href=\"#\" id=\"cookie_action_close_header\">Acceptar</a> <a class=\"cli-plugin-main-link\" href=\"http://coloreaypinta.com\" id=\"CONSTANT_OPEN_URL\" target=\"_blank\">Leer M\u00c3\u00a1s</a></span></div>", "level": 0}, {"value": "<div id=\"cookie-law-info-again\"><span id=\"cookie_hdr_showagain\">Pol\u00c3\u00adtica de Cookies</span></div>", "level": 0}, {"value": "<style scoped=\"\">.yuzo_related_post{}\n.yuzo_related_post .relatedthumb{}</style>", "level": 0}]]