[[{"value": "<h3 class=\"widget-title\">AfriGIS News</h3>", "level": 7}, {"value": "<div class=\"textwidget\"><p>Sign up to receive our newsletter or communication about interesting solutions we are creating in our Labs.</p>\n</div>", "level": 0}, {"value": "<div class=\"row multi-columns-row sidebar-container floatingbar-text-color-white\" id=\"floatingbar-widgets\" role=\"complementary\">\n<div class=\"floatingbar-widgets-inner\">\n<div class=\"widget-area col-xs-12 col-sm-6 col-md-3 col-lg-3\">\n<aside class=\"widget widget_mc4wp_form_widget\" id=\"mc4wp_form_widget-4\"><!-- MailChimp for WordPress v4.2.2 - https://wordpress.org/plugins/mailchimp-for-wp/ --><form class=\"mc4wp-form mc4wp-form-8335\" data-id=\"8335\" data-name=\"Default sign-up form\" id=\"mc4wp-form-1\" method=\"post\"><div class=\"mc4wp-form-fields\"><p>\n<input name=\"FNAME\" placeholder=\"First name\" type=\"text\"/>\n</p>\n<p>\n<input name=\"LNAME\" placeholder=\"Last name\" type=\"text\"/>\n</p>\n<p>\n<input name=\"Company\" placeholder=\"Company\" required=\"required\" type=\"text\"/>\n</p>\n<p>\n<input id=\"mc4wp_email\" name=\"EMAIL\" placeholder=\"Your email address\" required=\"required\" type=\"email\"/>\n</p>\n<p>\n<input type=\"submit\" value=\"Sign up\"/>\n</p>\n</div><label style=\"display: none !important;\">Leave this field empty if you're human: <input autocomplete=\"off\" name=\"_mc4wp_honeypot\" tabindex=\"-1\" type=\"text\" value=\"\"/></label><input name=\"_mc4wp_timestamp\" type=\"hidden\" value=\"1536848906\"/><input name=\"_mc4wp_form_id\" type=\"hidden\" value=\"8335\"/><input name=\"_mc4wp_form_element_id\" type=\"hidden\" value=\"mc4wp-form-1\"/><div class=\"mc4wp-response\"></div></form><!-- / MailChimp for WordPress Plugin --></aside> </div><!-- .widget-area -->\n</div><!-- .floatingbar-widgets-inner -->\n</div>", "level": 0}], [{"value": "<h2 class=\"site-description\">AfriGIS, answering the WHERE questions</h2>", "level": 8}, {"value": "<div class=\"site-header-menu tm-wrap-cell\" id=\"site-header-menu\">\n<nav aria-label=\"Primary Menu\" class=\"main-navigation\" data-sticky-height=\"80\" id=\"site-navigation\">\n<div class=\"tm-header-icons tm-fbar-link-only\">\n<span class=\"thememount-fbar-btn tm-fbar-btn-cposition-right\">\n<a class=\"thememount-fbar-btn-link tm-icolor-white tm-bgcolor-skincolor\" href=\"void(0);\">\n<span class=\"tm-fbar-open-icon\"><i class=\"themifyicon ti-email\"></i></span>\n<span class=\"tm-fbar-close-icon\"><i class=\"themifyicon ti-close\"></i></span>\n<span class=\"tm-hide\">Open</span>\n</a>\n</span></div>\n<!-- Max Mega Menu is enabled so we are not showing our toggle menu -->\n<div class=\"mega-menu-wrap\" id=\"mega-menu-wrap-tm-main-menu\"><div class=\"mega-menu-toggle\" tabindex=\"0\"><div class=\"mega-toggle-blocks-left\"></div><div class=\"mega-toggle-blocks-center\"></div><div class=\"mega-toggle-blocks-right\"><div class=\"mega-toggle-block mega-menu-toggle-block mega-toggle-block-1\" id=\"mega-toggle-block-1\"><span class=\"mega-toggle-label\"><span class=\"mega-toggle-label-closed\">MENU</span><span class=\"mega-toggle-label-open\">MENU</span></span></div></div></div><ul class=\"mega-menu max-mega-menu mega-menu-horizontal mega-no-js\" data-breakpoint=\"992\" data-document-click=\"collapse\" data-effect=\"fade_up\" data-effect-mobile=\"disabled\" data-effect-speed=\"200\" data-effect-speed-mobile=\"200\" data-event=\"hover_intent\" data-second-click=\"close\" data-unbind=\"true\" data-vertical-behaviour=\"standard\" id=\"mega-menu-tm-main-menu\"><li class=\"mega-menu-item mega-menu-item-type-custom mega-menu-item-object-custom mega-menu-item-has-children mega-align-bottom-left mega-menu-flyout mega-menu-item-6396\" id=\"mega-menu-item-6396\"><a aria-haspopup=\"true\" class=\"mega-menu-link\" tabindex=\"0\">SOLUTIONS</a>\n<ul class=\"mega-sub-menu\">\n<li class=\"mega-menu-item mega-menu-item-type-post_type mega-menu-item-object-page mega-menu-item-6398\" id=\"mega-menu-item-6398\"><a class=\"mega-menu-link\" href=\"https://www.afrigis.co.za/createamap/afrigis-data/\">Data</a></li><li class=\"mega-menu-item mega-menu-item-type-post_type mega-menu-item-object-page mega-menu-item-6399\" id=\"mega-menu-item-6399\"><a class=\"mega-menu-link\" href=\"https://www.afrigis.co.za/developers/\">Developers</a></li><li class=\"mega-menu-item mega-menu-item-type-post_type mega-menu-item-object-page mega-menu-item-7595\" id=\"mega-menu-item-7595\"><a class=\"mega-menu-link\" href=\"https://www.afrigis.co.za/afrigis-enterprise/\">IoT</a></li><li class=\"mega-menu-item mega-menu-item-type-post_type mega-menu-item-object-page mega-menu-item-6435\" id=\"mega-menu-item-6435\"><a class=\"mega-menu-link\" href=\"https://www.afrigis.co.za/discover-the-answers-2/\">Location Insights</a></li><li class=\"mega-menu-item mega-menu-item-type-post_type mega-menu-item-object-page mega-menu-item-6400\" id=\"mega-menu-item-6400\"><a class=\"mega-menu-link\" href=\"https://www.afrigis.co.za/support/\">Support</a></li></ul>\n</li><li class=\"mega-menu-item mega-menu-item-type-custom mega-menu-item-object-custom mega-menu-item-has-children mega-align-bottom-left mega-menu-flyout mega-menu-item-6322\" id=\"mega-menu-item-6322\"><a aria-haspopup=\"true\" class=\"mega-menu-link\" tabindex=\"0\">I WANT TO</a>\n<ul class=\"mega-sub-menu\">\n<li class=\"mega-menu-item mega-menu-item-type-custom mega-menu-item-object-custom mega-menu-item-6402\" id=\"mega-menu-item-6402\"><a class=\"mega-menu-link\" href=\"mailto:sales@afrigis.co.za\">Get a quote</a></li><li class=\"mega-menu-item mega-menu-item-type-post_type mega-menu-item-object-page mega-menu-item-has-children mega-menu-item-177\" id=\"mega-menu-item-177\"><a aria-haspopup=\"true\" class=\"mega-menu-link\" href=\"https://www.afrigis.co.za/createamap/\">Create a map</a>\n<ul class=\"mega-sub-menu\">\n<li class=\"mega-menu-item mega-menu-item-type-post_type mega-menu-item-object-page mega-menu-item-5081\" id=\"mega-menu-item-5081\"><a class=\"mega-menu-link\" href=\"https://www.afrigis.co.za/createamap/afrigis-data/\">AfriGIS Data</a></li> </ul>\n</li><li class=\"mega-menu-item mega-menu-item-type-post_type mega-menu-item-object-page mega-menu-item-has-children mega-menu-item-181\" id=\"mega-menu-item-181\"><a aria-haspopup=\"true\" class=\"mega-menu-link\" href=\"https://www.afrigis.co.za/know-where-people-places-things/\">Know where my people, places &amp; things are</a>\n<ul class=\"mega-sub-menu\">\n<li class=\"mega-menu-item mega-menu-item-type-post_type mega-menu-item-object-page mega-menu-item-5082\" id=\"mega-menu-item-5082\"><a class=\"mega-menu-link\" href=\"https://www.afrigis.co.za/know-where-people-places-things/afrigis-search/\">AfriGIS Search</a></li><li class=\"mega-menu-item mega-menu-item-type-post_type mega-menu-item-object-page mega-menu-item-5083\" id=\"mega-menu-item-5083\"><a class=\"mega-menu-link\" href=\"https://www.afrigis.co.za/know-where-people-places-things/simseek/\">AfriGIS Simseek</a></li><li class=\"mega-menu-item mega-menu-item-type-post_type mega-menu-item-object-page mega-menu-item-5084\" id=\"mega-menu-item-5084\"><a class=\"mega-menu-link\" href=\"https://www.afrigis.co.za/know-where-people-places-things/tracb/\">AfriGIS TracB</a></li> </ul>\n</li><li class=\"mega-menu-item mega-menu-item-type-post_type mega-menu-item-object-page mega-menu-item-has-children mega-menu-item-176\" id=\"mega-menu-item-176\"><a aria-haspopup=\"true\" class=\"mega-menu-link\" href=\"https://www.afrigis.co.za/go-there/\">Go there</a>\n<ul class=\"mega-sub-menu\">\n<li class=\"mega-menu-item mega-menu-item-type-post_type mega-menu-item-object-page mega-menu-item-5085\" id=\"mega-menu-item-5085\"><a class=\"mega-menu-link\" href=\"https://www.afrigis.co.za/go-there/afrigis-navigator/\">AfriGIS Navigator</a></li> </ul>\n</li><li class=\"mega-menu-item mega-menu-item-type-post_type mega-menu-item-object-page mega-menu-item-has-children mega-menu-item-3184\" id=\"mega-menu-item-3184\"><a aria-haspopup=\"true\" class=\"mega-menu-link\" href=\"https://www.afrigis.co.za/i-want-to-capture-information-in-the-field/\">Capture information in the field</a>\n<ul class=\"mega-sub-menu\">\n<li class=\"mega-menu-item mega-menu-item-type-post_type mega-menu-item-object-page mega-menu-item-5087\" id=\"mega-menu-item-5087\"><a class=\"mega-menu-link\" href=\"https://www.afrigis.co.za/i-want-to-capture-information-in-the-field/afrigis-forms/\">AfriGIS Forms</a></li> </ul>\n</li><li class=\"mega-menu-item mega-menu-item-type-post_type mega-menu-item-object-page mega-menu-item-has-children mega-menu-item-1551\" id=\"mega-menu-item-1551\"><a aria-haspopup=\"true\" class=\"mega-menu-link\" href=\"https://www.afrigis.co.za/see-results/\">See the results. Past, present, future</a>\n<ul class=\"mega-sub-menu\">\n<li class=\"mega-menu-item mega-menu-item-type-post_type mega-menu-item-object-page mega-menu-item-5088\" id=\"mega-menu-item-5088\"><a class=\"mega-menu-link\" href=\"https://www.afrigis.co.za/see-results/gislike/\">AfriGIS GISLike</a></li><li class=\"mega-menu-item mega-menu-item-type-post_type mega-menu-item-object-page mega-menu-item-5378\" id=\"mega-menu-item-5378\"><a class=\"mega-menu-link\" href=\"https://www.afrigis.co.za/see-results/afrigis-marbil/\">AfriGIS Marbil</a></li> </ul>\n</li><li class=\"mega-menu-item mega-menu-item-type-post_type mega-menu-item-object-page mega-menu-item-6118\" id=\"mega-menu-item-6118\"><a class=\"mega-menu-link\" href=\"https://www.afrigis.co.za/discover-the-answers-2/\">Get Insights</a></li></ul>\n</li><li class=\"mega-menu-item mega-menu-item-type-post_type mega-menu-item-object-page mega-align-bottom-left mega-menu-flyout mega-menu-item-5541\" id=\"mega-menu-item-5541\"><a class=\"mega-menu-link\" href=\"https://www.afrigis.co.za/developers/\" tabindex=\"0\">DEVELOPERS</a></li><li class=\"mega-menu-item mega-menu-item-type-post_type mega-menu-item-object-page mega-align-bottom-left mega-menu-flyout mega-menu-item-8397\" id=\"mega-menu-item-8397\"><a class=\"mega-menu-link\" href=\"https://www.afrigis.co.za/map-of-the-month/\" tabindex=\"0\">Mapped Insights</a></li><li class=\"mega-menu-item mega-menu-item-type-post_type mega-menu-item-object-page mega-align-bottom-left mega-menu-flyout mega-menu-item-9899\" id=\"mega-menu-item-9899\"><a class=\"mega-menu-link\" href=\"https://www.afrigis.co.za/contact-us-2/\" tabindex=\"0\">CONTACT</a></li></ul></div> </nav><!-- .main-navigation -->\n</div>", "level": 0}, {"value": "<div class=\"container\"><h1 class=\"entry-title\"> Privacy Policy</h1></div>", "level": 0}], [{"value": "<h1 class=\"entry-title\"> Privacy Policy</h1>", "level": 9}], [{"value": "<h2 class=\"entry-title\">Privacy Policy</h2>", "level": 8}, {"value": "<div class=\"wpb_wrapper\">\n<p><strong><u>AFRIGIS (Pty) Limited (\u00e2\u0080\u009cAfriGIS\u00e2\u0080\u009d) Privacy Policy</u></strong></p>\n<p>\u00a0</p>\n<ol>\n<li style=\"line-height: 24px;\">AfriGIS respects the privacy rights of its users and recognises the importance of protecting their personal data. AfriGIS has developed this privacy policy to provide you with information relating to the privacy, security, collection and use of information you submit to AfriGIS. \u00e2\u0080\u009cPersonal information\u00e2\u0080\u009d refers to information that identifies or relates specifically to you, for example, your name, age and identity number, contact telephone numbers (including mobile), email and postal addresses and any information that you provide to AfriGIS. In short, any information that we know about you will be regarded as your personal information.</li>\n</ol>\n<p>\u00a0</p>\n<ol start=\"2\">\n<li>AfriGIS subscribes to the following principles:</li>\n</ol>\n<p>\u00a0</p>\n<p>2.1.\u00c2\u00a0\u00c2\u00a0\u00c2\u00a0\u00c2\u00a0\u00c2\u00a0\u00c2\u00a0\u00c2\u00a0\u00c2\u00a0\u00c2\u00a0\u00c2\u00a0\u00c2\u00a0\u00c2\u00a0 AfriGIS will only collect, disclose, collate and process and store (\u00e2\u0080\u009cuse\u00e2\u0080\u009d) your personal information with your permission unless legally required to do so and will only use such information for the purpose for which it is required.</p>\n<p>\u00a0</p>\n<p>2.2.\u00c2\u00a0\u00c2\u00a0\u00c2\u00a0\u00c2\u00a0\u00c2\u00a0\u00c2\u00a0\u00c2\u00a0\u00c2\u00a0\u00c2\u00a0\u00c2\u00a0\u00c2\u00a0\u00c2\u00a0 AfriGIS will disclose the purpose for which it uses, requests and stores your personal information. AfriGIS will also keep a record of that personal information and the purpose for which it was collected.</p>\n<p>\u00a0</p>\n<p>2.3.\u00c2\u00a0\u00c2\u00a0\u00c2\u00a0\u00c2\u00a0\u00c2\u00a0\u00c2\u00a0\u00c2\u00a0\u00c2\u00a0\u00c2\u00a0\u00c2\u00a0\u00c2\u00a0\u00c2\u00a0 AfriGIS will not use your personal information for any purpose other than that disclosed to you.</p>\n<p>\u00a0</p>\n<ol start=\"3\">\n<li style=\"line-height: 24px;\">By selecting the \u00e2\u0080\u009cI Accept\u00e2\u0080\u009d option to accept the terms of this document, or by using the AfriGIS services and/or products, you agree and signify your consent that your personal data is collected, processed and used in accordance with this privacy policy. This includes data that has been rightfully collected in the past in order to provide the service you requested.</li>\n</ol>\n<p>\u00a0</p>\n<ol start=\"4\">\n<li>In particular, you agree that:</li>\n</ol>\n<p>\u00a0</p>\n<p>4.1.\u00c2\u00a0\u00c2\u00a0\u00c2\u00a0\u00c2\u00a0\u00c2\u00a0\u00c2\u00a0\u00c2\u00a0\u00c2\u00a0\u00c2\u00a0\u00c2\u00a0\u00c2\u00a0\u00c2\u00a0 AfriGIS may collect your personal information including, without limitation, technical information related to your mobile phone such as your address, mobile phone number, name and information about the way you use the AfriGIS service, including but not limited to your purchase history.</p>\n<p>\u00a0</p>\n<p>4.2.\u00c2\u00a0\u00c2\u00a0\u00c2\u00a0\u00c2\u00a0\u00c2\u00a0\u00c2\u00a0\u00c2\u00a0\u00c2\u00a0\u00c2\u00a0\u00c2\u00a0\u00c2\u00a0\u00c2\u00a0 AfriGIS may collect your name (first and last name), your address, email address and birthdate.</p>\n<p>\u00a0</p>\n<p>4.3.\u00c2\u00a0\u00c2\u00a0\u00c2\u00a0\u00c2\u00a0\u00c2\u00a0\u00c2\u00a0\u00c2\u00a0\u00c2\u00a0\u00c2\u00a0\u00c2\u00a0\u00c2\u00a0\u00c2\u00a0 AfriGIS may use the collected personal information for commercial analysis and for marketing and market research purposes so that we can optimise our products and services, tailor our products and services to satisfy your requirements and customise our advertising and offers in order to satisfy your requirements.</p>\n<p>\u00a0</p>\n<p>4.4.\u00c2\u00a0\u00c2\u00a0\u00c2\u00a0\u00c2\u00a0\u00c2\u00a0\u00c2\u00a0\u00c2\u00a0\u00c2\u00a0\u00c2\u00a0\u00c2\u00a0\u00c2\u00a0\u00c2\u00a0 AfriGIS may share the information collected about you with third parties in order to analyse and combine your personal information for the purposes of compiling a profile of users of the products and services and to furnish information regarding the products and services to you.</p>\n<p>\u00a0</p>\n<p>4.5.\u00c2\u00a0\u00c2\u00a0\u00c2\u00a0\u00c2\u00a0\u00c2\u00a0\u00c2\u00a0\u00c2\u00a0\u00c2\u00a0\u00c2\u00a0\u00c2\u00a0\u00c2\u00a0\u00c2\u00a0 In order to make your use of the AfriGIS services and products as successful and pleasurable as possible, it is necessary for AfriGIS to determine precisely what your needs and requirements are. In order for AfriGIS to process your instructions or requests, and to ensure that AfriGIS meets your needs, AfriGIS may collect and analyse your personal information and combine all the information that it has about you to compile a profile of users in order to personalise and tailor services to meet specific needs of users.</p>\n<p>\u00a0</p>\n<ol start=\"5\">\n<li style=\"line-height: 24px;\">AfriGIS will take reasonable steps to protect your personal information from loss, misuse or unauthorised alterations. The information AfriGIS maintains concerning its users is stored in databases that have built in safeguards to ensure the privacy and confidentiality of that information.</li>\n</ol>\n<p>\u00a0</p>\n<ol start=\"6\">\n<li style=\"line-height: 24px;\">When you use the services provided by AfriGIS, you may be given an access number, user name, password and/or personal identification number (\u00e2\u0080\u009cPIN\u00e2\u0080\u009d). You are responsible for maintaining the secrecy and confidentiality of your user name, access card, password and/or personal identification number.</li>\n</ol>\n<p>\u00a0</p>\n<ol start=\"7\">\n<li style=\"line-height: 24px;\">You have the right to information pertaining to the personal data stored about you. You may request the correction of incorrect data. On request, AfriGIS is happy to inform you about the data stored about you at any time. If you wish to obtain information on your personal data and the use of such data or intend to correct the data, please contact:</li>\n</ol>\n<p>\u00a0</p>\n<p>AfriGIS (Pty) Limited<br/>\nRigel Park Block A,<br/>\n446 Rigel Ave South,<br/>\nErasmusrand,<br/>\nPretoria,<br/>\n0181</p>\n<p>\u00a0</p>\n<ol start=\"8\">\n<li style=\"line-height: 24px;\">You have the right to cancel the permission granted to us to store your data and to request the deletion of the data stored at any time. We will then delete the personal data stored about you immediately. A deletion will always take place if the data is no longer required to satisfy the purpose associated with the storage or if the storage becomes prohibited for other statutory reasons.</li>\n</ol>\n<p>\u00a0</p>\n<ol start=\"9\">\n<li style=\"line-height: 24px;\">AfriGIS is committed to protecting the security of your personal information. AfriGIS uses a variety of security technologies and procedures to help protect your personal information from unauthorised access and use. As effective as modern security practices are, no physical or electronic security system is entirely secure. We cannot guarantee the complete security of our database nor can we guarantee that the information you supply will not be intercepted while be transmitted to us. Any transmission is at your own risk. In the event that there is an interception of your personal information or unauthorised access or use of our database, we will not be liable or responsible for any result and misuse of your personal information.</li>\n</ol>\n<p>\u00a0</p>\n<ol start=\"10\">\n<li style=\"line-height: 24px;\">We have no control over the contents of third party sites or resources which are linked to this product and we accept no responsibility or liability for them or the privacy practices they use or for any loss or damage that may arise from the use of such products.</li>\n</ol>\n<p>\u00a0</p>\n<ol start=\"11\">\n<li>This privacy policy will be governed and construed and interpreted in accordance with the laws of the Republic of South Africa.</li>\n</ol>\n</div>", "level": 0}], [{"value": "<p><strong><u>AFRIGIS (Pty) Limited (\u00e2\u0080\u009cAfriGIS\u00e2\u0080\u009d) Privacy Policy</u></strong></p>", "level": 1}, {"value": "<ol>\n<li style=\"line-height: 24px;\">AfriGIS respects the privacy rights of its users and recognises the importance of protecting their personal data. AfriGIS has developed this privacy policy to provide you with information relating to the privacy, security, collection and use of information you submit to AfriGIS. \u00e2\u0080\u009cPersonal information\u00e2\u0080\u009d refers to information that identifies or relates specifically to you, for example, your name, age and identity number, contact telephone numbers (including mobile), email and postal addresses and any information that you provide to AfriGIS. In short, any information that we know about you will be regarded as your personal information.</li>\n</ol>", "level": 0}, {"value": "<ol start=\"2\">\n<li>AfriGIS subscribes to the following principles:</li>\n</ol>", "level": 0}, {"value": "<p>2.1.\u00c2\u00a0\u00c2\u00a0\u00c2\u00a0\u00c2\u00a0\u00c2\u00a0\u00c2\u00a0\u00c2\u00a0\u00c2\u00a0\u00c2\u00a0\u00c2\u00a0\u00c2\u00a0\u00c2\u00a0 AfriGIS will only collect, disclose, collate and process and store (\u00e2\u0080\u009cuse\u00e2\u0080\u009d) your personal information with your permission unless legally required to do so and will only use such information for the purpose for which it is required.</p>", "level": 0}, {"value": "<p>2.2.\u00c2\u00a0\u00c2\u00a0\u00c2\u00a0\u00c2\u00a0\u00c2\u00a0\u00c2\u00a0\u00c2\u00a0\u00c2\u00a0\u00c2\u00a0\u00c2\u00a0\u00c2\u00a0\u00c2\u00a0 AfriGIS will disclose the purpose for which it uses, requests and stores your personal information. AfriGIS will also keep a record of that personal information and the purpose for which it was collected.</p>", "level": 0}, {"value": "<p>2.3.\u00c2\u00a0\u00c2\u00a0\u00c2\u00a0\u00c2\u00a0\u00c2\u00a0\u00c2\u00a0\u00c2\u00a0\u00c2\u00a0\u00c2\u00a0\u00c2\u00a0\u00c2\u00a0\u00c2\u00a0 AfriGIS will not use your personal information for any purpose other than that disclosed to you.</p>", "level": 0}, {"value": "<ol start=\"3\">\n<li style=\"line-height: 24px;\">By selecting the \u00e2\u0080\u009cI Accept\u00e2\u0080\u009d option to accept the terms of this document, or by using the AfriGIS services and/or products, you agree and signify your consent that your personal data is collected, processed and used in accordance with this privacy policy. This includes data that has been rightfully collected in the past in order to provide the service you requested.</li>\n</ol>", "level": 0}, {"value": "<ol start=\"4\">\n<li>In particular, you agree that:</li>\n</ol>", "level": 0}, {"value": "<p>4.1.\u00c2\u00a0\u00c2\u00a0\u00c2\u00a0\u00c2\u00a0\u00c2\u00a0\u00c2\u00a0\u00c2\u00a0\u00c2\u00a0\u00c2\u00a0\u00c2\u00a0\u00c2\u00a0\u00c2\u00a0 AfriGIS may collect your personal information including, without limitation, technical information related to your mobile phone such as your address, mobile phone number, name and information about the way you use the AfriGIS service, including but not limited to your purchase history.</p>", "level": 0}, {"value": "<p>4.2.\u00c2\u00a0\u00c2\u00a0\u00c2\u00a0\u00c2\u00a0\u00c2\u00a0\u00c2\u00a0\u00c2\u00a0\u00c2\u00a0\u00c2\u00a0\u00c2\u00a0\u00c2\u00a0\u00c2\u00a0 AfriGIS may collect your name (first and last name), your address, email address and birthdate.</p>", "level": 0}, {"value": "<p>4.3.\u00c2\u00a0\u00c2\u00a0\u00c2\u00a0\u00c2\u00a0\u00c2\u00a0\u00c2\u00a0\u00c2\u00a0\u00c2\u00a0\u00c2\u00a0\u00c2\u00a0\u00c2\u00a0\u00c2\u00a0 AfriGIS may use the collected personal information for commercial analysis and for marketing and market research purposes so that we can optimise our products and services, tailor our products and services to satisfy your requirements and customise our advertising and offers in order to satisfy your requirements.</p>", "level": 0}, {"value": "<p>4.4.\u00c2\u00a0\u00c2\u00a0\u00c2\u00a0\u00c2\u00a0\u00c2\u00a0\u00c2\u00a0\u00c2\u00a0\u00c2\u00a0\u00c2\u00a0\u00c2\u00a0\u00c2\u00a0\u00c2\u00a0 AfriGIS may share the information collected about you with third parties in order to analyse and combine your personal information for the purposes of compiling a profile of users of the products and services and to furnish information regarding the products and services to you.</p>", "level": 0}, {"value": "<p>4.5.\u00c2\u00a0\u00c2\u00a0\u00c2\u00a0\u00c2\u00a0\u00c2\u00a0\u00c2\u00a0\u00c2\u00a0\u00c2\u00a0\u00c2\u00a0\u00c2\u00a0\u00c2\u00a0\u00c2\u00a0 In order to make your use of the AfriGIS services and products as successful and pleasurable as possible, it is necessary for AfriGIS to determine precisely what your needs and requirements are. In order for AfriGIS to process your instructions or requests, and to ensure that AfriGIS meets your needs, AfriGIS may collect and analyse your personal information and combine all the information that it has about you to compile a profile of users in order to personalise and tailor services to meet specific needs of users.</p>", "level": 0}, {"value": "<ol start=\"5\">\n<li style=\"line-height: 24px;\">AfriGIS will take reasonable steps to protect your personal information from loss, misuse or unauthorised alterations. The information AfriGIS maintains concerning its users is stored in databases that have built in safeguards to ensure the privacy and confidentiality of that information.</li>\n</ol>", "level": 0}, {"value": "<ol start=\"6\">\n<li style=\"line-height: 24px;\">When you use the services provided by AfriGIS, you may be given an access number, user name, password and/or personal identification number (\u00e2\u0080\u009cPIN\u00e2\u0080\u009d). You are responsible for maintaining the secrecy and confidentiality of your user name, access card, password and/or personal identification number.</li>\n</ol>", "level": 0}, {"value": "<ol start=\"7\">\n<li style=\"line-height: 24px;\">You have the right to information pertaining to the personal data stored about you. You may request the correction of incorrect data. On request, AfriGIS is happy to inform you about the data stored about you at any time. If you wish to obtain information on your personal data and the use of such data or intend to correct the data, please contact:</li>\n</ol>", "level": 0}, {"value": "<p>AfriGIS (Pty) Limited<br/>\nRigel Park Block A,<br/>\n446 Rigel Ave South,<br/>\nErasmusrand,<br/>\nPretoria,<br/>\n0181</p>", "level": 0}, {"value": "<ol start=\"8\">\n<li style=\"line-height: 24px;\">You have the right to cancel the permission granted to us to store your data and to request the deletion of the data stored at any time. We will then delete the personal data stored about you immediately. A deletion will always take place if the data is no longer required to satisfy the purpose associated with the storage or if the storage becomes prohibited for other statutory reasons.</li>\n</ol>", "level": 0}, {"value": "<ol start=\"9\">\n<li style=\"line-height: 24px;\">AfriGIS is committed to protecting the security of your personal information. AfriGIS uses a variety of security technologies and procedures to help protect your personal information from unauthorised access and use. As effective as modern security practices are, no physical or electronic security system is entirely secure. We cannot guarantee the complete security of our database nor can we guarantee that the information you supply will not be intercepted while be transmitted to us. Any transmission is at your own risk. In the event that there is an interception of your personal information or unauthorised access or use of our database, we will not be liable or responsible for any result and misuse of your personal information.</li>\n</ol>", "level": 0}, {"value": "<ol start=\"10\">\n<li style=\"line-height: 24px;\">We have no control over the contents of third party sites or resources which are linked to this product and we accept no responsibility or liability for them or the privacy practices they use or for any loss or damage that may arise from the use of such products.</li>\n</ol>", "level": 0}, {"value": "<ol start=\"11\">\n<li>This privacy policy will be governed and construed and interpreted in accordance with the laws of the Republic of South Africa.</li>\n</ol>", "level": 0}, {"value": "<aside class=\"widget widget_nav_menu\" id=\"nav_menu-14\"><h3 class=\"widget-title\">THE COMPANY</h3><div class=\"menu-footer-menu-1-container\"><ul class=\"menu\" id=\"menu-footer-menu-1\"><li class=\"menu-item menu-item-type-post_type menu-item-object-page menu-item-8507\" id=\"menu-item-8507\"><a href=\"https://www.afrigis.co.za/about-afrigis/\">About AfriGIS</a></li>\n<li class=\"menu-item menu-item-type-post_type menu-item-object-page menu-item-8511\" id=\"menu-item-8511\"><a href=\"https://www.afrigis.co.za/careers/\">Careers</a></li>\n<li class=\"menu-item menu-item-type-post_type menu-item-object-page menu-item-10181\" id=\"menu-item-10181\"><a href=\"https://www.afrigis.co.za/about-afrigis/news-events/\">Our Latest News</a></li>\n</ul></div></aside>", "level": 0}], [{"value": "<h3 class=\"widget-title\">THE COMPANY</h3>", "level": 7}, {"value": "<div class=\"menu-footer-menu-1-container\"><ul class=\"menu\" id=\"menu-footer-menu-1\"><li class=\"menu-item menu-item-type-post_type menu-item-object-page menu-item-8507\" id=\"menu-item-8507\"><a href=\"https://www.afrigis.co.za/about-afrigis/\">About AfriGIS</a></li>\n<li class=\"menu-item menu-item-type-post_type menu-item-object-page menu-item-8511\" id=\"menu-item-8511\"><a href=\"https://www.afrigis.co.za/careers/\">Careers</a></li>\n<li class=\"menu-item menu-item-type-post_type menu-item-object-page menu-item-10181\" id=\"menu-item-10181\"><a href=\"https://www.afrigis.co.za/about-afrigis/news-events/\">Our Latest News</a></li>\n</ul></div>", "level": 0}, {"value": "<aside class=\"widget widget_nav_menu\" id=\"nav_menu-10\"><h3 class=\"widget-title\">Explore</h3><div class=\"menu-footermenu-2-container\"><ul class=\"menu\" id=\"menu-footermenu-2\"><li class=\"menu-item menu-item-type-post_type menu-item-object-page menu-item-8549\" id=\"menu-item-8549\"><a href=\"https://www.afrigis.co.za/map-of-the-month/\">Mapped Insights</a></li>\n<li class=\"menu-item menu-item-type-post_type menu-item-object-page menu-item-8529\" id=\"menu-item-8529\"><a href=\"https://www.afrigis.co.za/interesting-links/\">Interesting Links</a></li>\n</ul></div></aside>", "level": 0}], [{"value": "<h3 class=\"widget-title\">Explore</h3>", "level": 7}, {"value": "<div class=\"menu-footermenu-2-container\"><ul class=\"menu\" id=\"menu-footermenu-2\"><li class=\"menu-item menu-item-type-post_type menu-item-object-page menu-item-8549\" id=\"menu-item-8549\"><a href=\"https://www.afrigis.co.za/map-of-the-month/\">Mapped Insights</a></li>\n<li class=\"menu-item menu-item-type-post_type menu-item-object-page menu-item-8529\" id=\"menu-item-8529\"><a href=\"https://www.afrigis.co.za/interesting-links/\">Interesting Links</a></li>\n</ul></div>", "level": 0}, {"value": "<aside class=\"widget widget_nav_menu\" id=\"nav_menu-11\"><h3 class=\"widget-title\">Doing Good</h3><div class=\"menu-footer-menu-3-container\"><ul class=\"menu\" id=\"menu-footer-menu-3\"><li class=\"menu-item menu-item-type-post_type menu-item-object-page menu-item-8517\" id=\"menu-item-8517\"><a href=\"https://www.afrigis.co.za/corporate-social-investment/\">Corporate Social Investment</a></li>\n<li class=\"menu-item menu-item-type-post_type menu-item-object-page menu-item-8519\" id=\"menu-item-8519\"><a href=\"https://www.afrigis.co.za/skillsdevelopment/\">Skills Development</a></li>\n</ul></div></aside>", "level": 0}], [{"value": "<h3 class=\"widget-title\">Doing Good</h3>", "level": 7}, {"value": "<div class=\"menu-footer-menu-3-container\"><ul class=\"menu\" id=\"menu-footer-menu-3\"><li class=\"menu-item menu-item-type-post_type menu-item-object-page menu-item-8517\" id=\"menu-item-8517\"><a href=\"https://www.afrigis.co.za/corporate-social-investment/\">Corporate Social Investment</a></li>\n<li class=\"menu-item menu-item-type-post_type menu-item-object-page menu-item-8519\" id=\"menu-item-8519\"><a href=\"https://www.afrigis.co.za/skillsdevelopment/\">Skills Development</a></li>\n</ul></div>", "level": 0}, {"value": "<aside class=\"widget tribe-events-list-widget\" id=\"tribe-events-list-widget-2\"><h3 class=\"widget-title\">AfriGIS attending</h3>\n<ol class=\"tribe-list-widget\">\n<li class=\"tribe-events-list-widget-events type-tribe_events post-10395 tribe-clearfix\">\n<!-- Event Title -->\n<h4 class=\"tribe-event-title\">\n<a href=\"https://www.afrigis.co.za/attending/ica-workshop/\" rel=\"bookmark\">ICA Workshop</a>\n</h4>\n<!-- Event Time -->\n<div class=\"tribe-event-duration\">\n<span class=\"tribe-event-date-start\">September 14</span> - <span class=\"tribe-event-date-end\">September 15</span> </div>\n</li>\n<li class=\"tribe-events-list-widget-events type-tribe_events post-10399 tribe-clearfix\">\n<!-- Event Title -->\n<h4 class=\"tribe-event-title\">\n<a href=\"https://www.afrigis.co.za/attending/afrigis-data-spatial-workshop-gauteng/\" rel=\"bookmark\">AfriGIS Data &amp; Spatial Workshop (Gauteng)</a>\n</h4>\n<!-- Event Time -->\n<div class=\"tribe-event-duration\">\n<span class=\"tribe-event-date-start\">September 19 @ 9:30 am</span> - <span class=\"tribe-event-time\">1:00 pm</span> </div>\n</li>\n</ol><!-- .tribe-list-widget -->\n<p class=\"tribe-events-widget-link\">\n<a href=\"https://www.afrigis.co.za/attending/\" rel=\"bookmark\">View All Events</a>\n</p>\n</aside>", "level": 0}], [{"value": "<h3 class=\"widget-title\">AfriGIS attending</h3>", "level": 7}, {"value": "<li class=\"tribe-events-list-widget-events type-tribe_events post-10395 tribe-clearfix\">\n<!-- Event Title -->\n<h4 class=\"tribe-event-title\">\n<a href=\"https://www.afrigis.co.za/attending/ica-workshop/\" rel=\"bookmark\">ICA Workshop</a>\n</h4>\n<!-- Event Time -->\n<div class=\"tribe-event-duration\">\n<span class=\"tribe-event-date-start\">September 14</span> - <span class=\"tribe-event-date-end\">September 15</span> </div>\n</li>", "level": 0}], [{"value": "<h4 class=\"tribe-event-title\">\n<a href=\"https://www.afrigis.co.za/attending/ica-workshop/\" rel=\"bookmark\">ICA Workshop</a>\n</h4>", "level": 6}, {"value": "<div class=\"tribe-event-duration\">\n<span class=\"tribe-event-date-start\">September 14</span> - <span class=\"tribe-event-date-end\">September 15</span> </div>", "level": 0}], [{"value": "<h4 class=\"tribe-event-title\">\n<a href=\"https://www.afrigis.co.za/attending/afrigis-data-spatial-workshop-gauteng/\" rel=\"bookmark\">AfriGIS Data &amp; Spatial Workshop (Gauteng)</a>\n</h4>", "level": 6}, {"value": "<div class=\"tribe-event-duration\">\n<span class=\"tribe-event-date-start\">September 19 @ 9:30 am</span> - <span class=\"tribe-event-time\">1:00 pm</span> </div>", "level": 0}, {"value": "<p class=\"tribe-events-widget-link\">\n<a href=\"https://www.afrigis.co.za/attending/\" rel=\"bookmark\">View All Events</a>\n</p>", "level": 0}, {"value": "<div class=\"bottom-footer-text tm-bottom-footer-text site-info tm-bg tm-bgcolor-transparent tm-textcolor-white tm-bgimage-no\" id=\"bottom-footer-text\">\n<div class=\"bottom-footer-bg-layer tm-bg-layer\"></div>\n<div class=\"container tm-container-for-footer\">\n<div class=\"bottom-footer-inner\">\n<div class=\"row multi-columns-row\">\n<div class=\"col-xs-12 col-sm-6 tm-footer2-left\">\n\t\t\t\t\tCopyright \u00c2\u00a9 <code>2018</code>\u00c2\u00a0 AfriGIS (Pty) Ltd. All rights reserved.\t\t\t\t</div><!--.footer menu -->\n<div class=\"col-xs-12 col-sm-6 tm-footer2-right\">\n<div class=\"container\">\n<div class=\"float-left\" style=\"text-align: left\"><a href=\"https://www.afrigis.co.za/legal/\" target=\"_blank\">Terms and conditions, Licensing and Legal</a></div>\n</div> </div><!--.copyright -->\n</div><!-- .row.multi-columns-row -->\n</div><!-- .bottom-footer-inner -->\n</div><!-- -->\n</div>", "level": 0}, {"value": "<style id=\"tribe_customizer_css\" type=\"text/css\">.tribe-events-list .tribe-events-loop .tribe-event-featured,\n\t\t\t\t.tribe-events-list #tribe-events-day.tribe-events-loop .tribe-event-featured,\n\t\t\t\t.type-tribe_events.tribe-events-photo-event.tribe-event-featured .tribe-events-photo-event-wrap,\n\t\t\t\t.type-tribe_events.tribe-events-photo-event.tribe-event-featured .tribe-events-photo-event-wrap:hover {\n\t\t\t\t\tbackground-color: #57b8fc;\n\t\t\t\t}\n\n\t\t\t\t#tribe-events-content table.tribe-events-calendar .type-tribe_events.tribe-event-featured {\n\t\t\t\t\tbackground-color: #57b8fc;\n\t\t\t\t}\n\n\t\t\t\t.tribe-events-list-widget .tribe-event-featured,\n\t\t\t\t.tribe-events-venue-widget .tribe-event-featured,\n\t\t\t\t.tribe-mini-calendar-list-wrapper .tribe-event-featured,\n\t\t\t\t.tribe-events-adv-list-widget .tribe-event-featured .tribe-mini-calendar-event {\n\t\t\t\t\tbackground-color: #57b8fc;\n\t\t\t\t}\n\n\t\t\t\t.tribe-grid-body .tribe-event-featured.tribe-events-week-hourly-single {\n\t\t\t\t\tbackground-color: rgba(21,127,157, .7 );\n\t\t\t\t\tborder-color: #57b8fc;\n\t\t\t\t}\n\n\t\t\t\t.tribe-grid-body .tribe-event-featured.tribe-events-week-hourly-single:hover {\n\t\t\t\t\tbackground-color: #57b8fc;\n\t\t\t\t}\n\n\t\t\t\t.tribe-button {\n\t\t\t\t\tbackground-color: #57b8fc;\n\t\t\t\t\tcolor: #fff;\n\t\t\t\t}\n\n\t\t\t\t.tribe-button:hover,\n\t\t\t\t.tribe-button:active,\n\t\t\t\t.tribe-button:focus {\n\t\t\t\t\tbackground-color: #0c485a;\n\t\t\t\t}\n\n\t\t\t\t#tribe-events .tribe-event-featured .tribe-button:hover {\n\t\t\t\t\tcolor: #031216;\n\t\t\t\t}\n\t\t\t\n\t\t\t\t#tribe-events .tribe-events-calendar td.tribe-events-othermonth,\n\t\t\t\t#tribe-events .tribe-grid-allday,\n\t\t\t\t#tribe-events .tribe-week-today,\n\t\t\t\t#tribe-events .tribe-events-calendar td:hover {\n\t\t\t\t\tbackground-color: #f7f7f7;\n\t\t\t\t}\n\n\t\t\t\t#tribe-events .tribe-events-calendar td,\n\t\t\t\t#tribe-events .tribe-week-grid-block div,\n\t\t\t\t#tribe-events .tribe-events-grid,\n\t\t\t\t#tribe-events .tribe-grid-allday,\n\t\t\t\t#tribe-events .tribe-events-grid .tribe-scroller,\n\t\t\t\t#tribe-events .tribe-events-grid .tribe-grid-body .column,\n\t\t\t\t#tribe-events .tribe-events-grid .tribe-grid-allday .column {\n\t\t\t\t\tborder-color: #d8d8d8;\n\t\t\t\t}\n\n\t\t\t\t.events-archive.events-gridview #tribe-events-content table .type-tribe_events,\n\t\t\t\t.tribe-events-shortcode .tribe-events-month table .type-tribe_events {\n\t\t\t\t\tborder-color: #eaeaea;\n\t\t\t\t}\n\n\t\t\t\t.tribe-events-calendar td.tribe-events-past div[id*=\"tribe-events-daynum-\"],\n\t\t\t\t.tribe-events-calendar td.tribe-events-past div[id*=\"tribe-events-daynum-\"] > a {\n\t\t\t\t\tbackground-color: #d8d8d8;\n\t\t\t\t}\n\n\t\t\t\t.tribe-events-calendar div[id*=\"tribe-events-daynum-\"],\n\t\t\t\t.tribe-events-calendar div[id*=\"tribe-events-daynum-\"] a {\n\t\t\t\t\tbackground-color: #b2b2b2;\n\t\t\t\t}\n\n\t\t\t\t.tribe-events-calendar thead th,\n\t\t\t\t.tribe-events-grid .tribe-grid-header .tribe-grid-content-wrap .column,\n\t\t\t\t.tribe-grid-header {\n\t\t\t\t\tbackground-color: #4c4c4c;\n\t\t\t\t\tborder-left-color: #4c4c4c;\n\t\t\t\t\tborder-right-color: #4c4c4c;\n\t\t\t\t}\n\t\t\t\n\t\t\t\t#tribe-events td.tribe-events-present div[id*=\"tribe-events-daynum-\"],\n\t\t\t\t#tribe-events td.tribe-events-present div[id*=\"tribe-events-daynum-\"] > a {\n\t\t\t\t\tbackground-color: #57b8fc;\n\t\t\t\t\tcolor: #fff;\n\t\t\t\t}\n\n\t\t\t\t#tribe-events .tribe-events-grid .tribe-grid-header div.tribe-week-today {\n\t\t\t\t\tbackground-color: #57b8fc;\n\t\t\t\t}\n\n\t\t\t\t.tribe-grid-allday .tribe-events-week-allday-single,\n\t\t\t\t.tribe-grid-body .tribe-events-week-hourly-single,\n\t\t\t\t.tribe-grid-allday .tribe-events-week-allday-single:hover,\n\t\t\t\t.tribe-grid-body .tribe-events-week-hourly-single:hover {\n\t\t\t\t\tbackground-color: #57b8fc;\n\t\t\t\t\tbackground-color: rgba( 87, 184, 252, .75 );\n\t\t\t\t\tborder-color: #0c98fb\n\t\t\t\t}\n\n\t\t\t\n\t\t\t\t.single-tribe_events .tribe-events-event-meta {\n\t\t\t\t\tbackground-color: #ffffff;\n\t\t\t\t\tcolor: #333333;\n\t\t\t\t}\n\t\t\t\n\t\t\t\t.tribe-events-single-event-title {\n\t\t\t\t\tcolor: #ffffff;\n\t\t\t\t}\n\t\t\t\n\t\t\t\t.tribe-events-list-widget .tribe-event-featured .tribe-event-image,\n\t\t\t\t.tribe-events-venue-widget .tribe-event-featured .tribe-event-image,\n\t\t\t\t.tribe-events-adv-list-widget .tribe-event-featured .tribe-event-image,\n\t\t\t\t.tribe-mini-calendar-list-wrapper .tribe-event-featured .tribe-event-image {\n\t\t\t\t\tdisplay: none;\n\t\t\t\t}</style>", "level": 0}]]