[[{"value": "<h1>Paperbot.ai Privacy Policy</h1>", "level": 9}, {"value": "<p>This privacy policy has been compiled to better serve those who are concerned with how their 'Personally identifiable information' (PII) is being used online. PII, as used in US privacy law and information security, is information that can be used on its own or with other information to identify, contact, or locate a single person, or to identify an individual in context. Please read our privacy policy carefully to get a clear understanding of how we collect, use, protect or otherwise handle your Personally Identifiable Information in accordance with our website.</p>", "level": 0}, {"value": "<p><b>What personal information do we collect from the people that visit our blog, website or app?</b></p>", "level": 0}, {"value": "<p>When ordering or registering on our site, as appropriate, you may be asked to enter your name, email address, links shared on Slack chat or other details to help you with your experience.</p>", "level": 0}], [{"value": "<p><b>When do we collect information?</b></p>", "level": 1}, {"value": "<p>We collect information from you when you register on our site, subscribe to a newsletter or enter information on our site.</p>", "level": 0}], [{"value": "<p><b>How do we use your information?</b></p>", "level": 1}, {"value": "<p>We may use the information we collect from you when you register, make a purchase, sign up for our newsletter, respond to a survey or marketing communication, surf the website, or use certain other site features in the following ways:</p>", "level": 0}, {"value": "<ul><li>To personalize user's experience and to allow us to deliver the type of content and product offerings in which you are most interested.</li><li>To improve our website in order to better serve you.</li><li>To send periodic emails regarding your order or other products and services.</li></ul>", "level": 0}], [{"value": "<p><b>How do we protect visitor information?</b></p>", "level": 1}, {"value": "<p>We do not use vulnerability scanning and/or scanning to PCI standards.</p>", "level": 0}, {"value": "<p>We only provide articles and information. We never ask for personal or private information like email addresses or credit card numbers.</p>", "level": 0}, {"value": "<p>We use regular Malware Scanning.</p>", "level": 0}, {"value": "<p>Your personal information is contained behind secured networks and is only accessible by a limited number of persons who have special access rights to such systems, and are required to keep the information confidential. In addition, all sensitive/credit information you supply is encrypted via Secure Socket Layer (SSL) technology.</p>", "level": 0}, {"value": "<p>We implement a variety of security measures when a user enters, submits, or accesses their information to maintain the safety of your personal information.</p>", "level": 0}, {"value": "<p>All transactions are processed through a gateway provider and are not stored or processed on our servers.</p>", "level": 0}], [{"value": "<p><b>Do we use \u00e2\u0080\u0098cookies\u00e2\u0080\u0099?</b></p>", "level": 1}, {"value": "<p>Yes. Cookies are small files that a site or its service provider transfers to your computer's hard drive through your Web browser (if you allow) that enables the site's or service provider's systems to recognize your browser and capture and remember certain information. For instance, we use cookies to help us remember and process the items in your shopping cart. They are also used to help us understand your preferences based on previous or current site activity, which enables us to provide you with improved services. We also use cookies to help us compile aggregate data about site traffic and site interaction so that we can offer better site experiences and tools in the future.</p>", "level": 0}], [{"value": "<p><b>We use cookies to:\u00e2\u0080\u00a8</b></p>", "level": 1}, {"value": "<ul><li>Understand and save user\u00e2\u0080\u0099s preferences for future visits.</li><li>Compile aggregate data about site traffic and site interactions in order to offer better site experiences and tools in the future. We may also use trusted third-party services that track this information on our behalf.</li></ul>", "level": 0}, {"value": "<p>You can choose to have your computer warn you each time a cookie is being sent, or you can choose to turn off all cookies. You do this through your browser (like Internet Explorer) settings. Each browser is a little different, so look at your browser's Help menu to learn the correct way to modify your cookies.</p>", "level": 0}, {"value": "<p>If you disable cookies off, some features will be disabled It won't affect the user's experience that make your site experience more efficient and some of our services will not function properly.</p>", "level": 0}, {"value": "<p>However, you can still place orders .</p>", "level": 0}], [{"value": "<p><b>Third-party disclosure</b></p>", "level": 1}, {"value": "<p>We do not sell, trade, or otherwise transfer to outside parties your personally identifiable information unless we provide users with advance notice. This does not include website hosting partners and other parties who assist us in operating our website, conducting our business, or serving our users, so long as those parties agree to keep this information confidential. We may also release information when it's release is appropriate to comply with the law, enforce our site policies, or protect ours or others' rights, property, or safety.</p>", "level": 0}, {"value": "<p>However, non-personally identifiable visitor information may be provided to other parties for marketing, advertising, or other uses.</p>", "level": 0}], [{"value": "<p><b>Third-party links</b></p>", "level": 1}, {"value": "<p>We do not include or offer third-party products or services on our website.</p>", "level": 0}], [{"value": "<p><b>Google</b></p>", "level": 1}, {"value": "<p>Google\u00e2\u0080\u0099s advertising requirements can be summed up by Google\u00e2\u0080\u0099s Advertising Principles. They are put in place to provide a positive experience for users. https://support.google.com/adwordspolicy/answer/1316548?hl=en</p>", "level": 0}, {"value": "<p>We use Google AdSense Advertising on our website.\u00e2\u0080\u00a8 Google, as a third-party vendor, uses cookies to serve ads on our site. Google\u00e2\u0080\u0099s use of the DART cookie enables it to serve ads to our users based on previous visits to our site and other sites on the Internet. Users may opt-out of the use of the DART cookie by visiting the Google Ad and Content Network privacy policy.</p>", "level": 0}, {"value": "<p>Google, as a third-party vendor, uses cookies to serve ads on our site. Google's use of the DART cookie enables it to serve ads to our users based on previous visits to our site and other sites on the Internet. Users may opt-out of the use of the DART cookie by visiting the Google Ad and Content Network privacy policy.</p>", "level": 0}], [{"value": "<p><b>We have implemented the following:\u00e2\u0080\u00a8</b></p>", "level": 1}, {"value": "<ul><li>Remarketing with Google AdSense</li></ul>", "level": 0}, {"value": "<p>We along with third-party vendors, such as Google use first-party cookies (such as the Google Analytics cookies) and third-party cookies (such as the DoubleClick cookie) or other third-party identifiers together to compile data regarding user interactions with ad impressions and other ad service functions as they relate to our website.</p>", "level": 0}], [{"value": "<p><b>Opting out:\u00e2\u0080\u00a8</b></p>", "level": 1}, {"value": "<p>Users can set preferences for how Google advertises to you using the Google Ad Settings page. Alternatively, you can opt out by visiting the Network Advertising initiative opt out page or permanently using the Google Analytics Opt Out Browser add on.</p>", "level": 0}], [{"value": "<p><b>California Online Privacy Protection Act</b></p>", "level": 1}, {"value": "<p>CalOPPA is the first state law in the nation to require commercial websites and online services to post a privacy policy. The law's reach stretches well beyond California to require a person or company in the United States (and conceivably the world) that operates websites collecting personally identifiable information from California consumers to post a conspicuous privacy policy on its website stating exactly the information being collected and those individuals with whom it is being shared, and to comply with this policy. - See more at: http://consumercal.org/california-online-privacy-protection-act-caloppa/#sthash.0FdRbT51.dpuf</p>", "level": 0}, {"value": "<p>According to CalOPPA, we agree to the following:\u00e2\u0080\u00a8 Users can visit our site anonymously.\u00e2\u0080\u00a8 Once this privacy policy is created, we will add a link to it on our home page or as a minimum, on the first significant page after entering our website.\u00e2\u0080\u00a8 Our Privacy Policy link includes the word \u00e2\u0080\u0098Privacy\u00e2\u0080\u0099 and can be easily be found on the page specified above.</p>", "level": 0}, {"value": "<p>You will be notified of any Privacy Policy changes on our Privacy Policy Page and you can change your personal information:</p>", "level": 0}, {"value": "<ul><li>By logging in to your account</li><li>By chatting with us or by sending us a support ticket</li></ul>", "level": 0}], [{"value": "<p><b>How does our site handle Do Not Track signals?\u00e2\u0080\u00a8</b></p>", "level": 1}, {"value": "<p>We honor Do Not Track signals and Do Not Track, plant cookies, or use advertising when a Do Not Track (DNT) browser mechanism is in place.</p>", "level": 0}, {"value": "<p>It\u00e2\u0080\u0099s also important to note that we allow third-party behavioral tracking</p>", "level": 0}], [{"value": "<p><b>COPPA (Children Online Privacy Protection Act)</b></p>", "level": 1}, {"value": "<p>When it comes to the collection of personal information from children under the age of 13 years old, the Children\u00e2\u0080\u0099s Online Privacy Protection Act (COPPA) puts parents in control. The Federal Trade Commission, United States\u00e2\u0080\u0099 consumer protection agency, enforces the COPPA Rule, which spells out what operators of websites and online services must do to protect children\u00e2\u0080\u0099s privacy and safety online.</p>", "level": 0}, {"value": "<p>We do not specifically market to children under the age of 13 years old.</p>", "level": 0}], [{"value": "<p><b>Fair Information Practices</b></p>", "level": 1}, {"value": "<p>The Fair Information Practices Principles form the backbone of privacy law in the United States and the concepts they include have played a significant role in the development of data protection laws around the globe. Understanding the Fair Information Practice Principles and how they should be implemented is critical to comply with the various privacy laws that protect personal information.</p>", "level": 0}, {"value": "<p>In order to be in line with Fair Information Practices we will take the following responsive action, should a data breach occur:</p>", "level": 0}, {"value": "<ul><li>We will notify you via email within 7 business days</li><li>We will notify you via in-site notification within 7 business days</li></ul>", "level": 0}, {"value": "<p>We also agree to the Individual Redress Principle which requires that individuals have the right to legally pursue enforceable rights against data collectors and processors who fail to adhere to the law. This principle requires not only that individuals have enforceable rights against data users, but also that individuals have recourse to courts or government agencies to investigate and/or prosecute non-compliance by data processors.</p>", "level": 0}], [{"value": "<p><b>CAN SPAM Act</b></p>", "level": 1}, {"value": "<p>The CAN-SPAM Act is a law that sets the rules for commercial email, establishes requirements for commercial messages, gives recipients the right to have emails stopped from being sent to them, and spells out tough penalties for violations.</p>", "level": 0}], [{"value": "<p><b>We collect your email address in order to:</b></p>", "level": 1}], [{"value": "<p><b>To be in accordance with CANSPAM we agree to the following:</b></p>", "level": 1}, {"value": "<p><b>If at any time you would like to unsubscribe from receiving future emails, you can email us at support@paperbot.ai</b> and we will promptly remove you from <b>ALL</b> correspondence.</p>", "level": 0}, {"value": "<p>For more details on how we handle your Slack information, please visit <a href=\"http://help.paperbot.ai/compatibility-and-policies/privacy-policy\" target=\"_blank\">http://help.paperbot.ai/compatibility-and-policies/privacy-policy</a>.</p>", "level": 0}], [{"value": "<p><b>Contacting Us</b></p>", "level": 1}, {"value": "<p>If there are any questions regarding this privacy policy you may contact us using the information below.</p>", "level": 0}, {"value": "<p>paperbot.ai</p>", "level": 0}, {"value": "<p>355 W Olive Ave #202</p>", "level": 0}, {"value": "<p>Sunnyvale, CA 94086</p>", "level": 0}, {"value": "<p>USA</p>", "level": 0}, {"value": "<p>support@paperbot.ai</p>", "level": 0}, {"value": "<p>Last Edited on 2017-04-17</p>", "level": 0}], [{"value": "<h3 class=\"footer-nav-title\">Learn More</h3>", "level": 7}, {"value": "<ul class=\"footer-list\"><li><a href=\"https://blog.skore.io/\">Blog</a></li><li><a href=\"http://web.paperbot.ai\">Login</a></li></ul>", "level": 0}, {"value": "<nav class=\"footer-nav\"><h3 class=\"footer-nav-title\">Company</h3><ul class=\"footer-list\"><li><a href=\"/about/\">About us</a></li><li><a href=\"/contact-us/\">Contact us</a></li></ul></nav>", "level": 0}], [{"value": "<h3 class=\"footer-nav-title\">Company</h3>", "level": 7}, {"value": "<ul class=\"footer-list\"><li><a href=\"/about/\">About us</a></li><li><a href=\"/contact-us/\">Contact us</a></li></ul>", "level": 0}, {"value": "<nav class=\"footer-nav\"><h3 class=\"footer-nav-title\">Resources</h3><ul class=\"footer-list\"><li><a href=\"http://help.paperbot.ai\" target=\"_blank\">Help</a></li><li><a href=\"/privacy-policy/\">Privacy Policy</a></li></ul></nav>", "level": 0}], [{"value": "<h3 class=\"footer-nav-title\">Resources</h3>", "level": 7}, {"value": "<ul class=\"footer-list\"><li><a href=\"http://help.paperbot.ai\" target=\"_blank\">Help</a></li><li><a href=\"/privacy-policy/\">Privacy Policy</a></li></ul>", "level": 0}, {"value": "<nav class=\"footer-nav\"><h3 class=\"footer-nav-title\">Follow us</h3><nav class=\"footer-nav-share\"><a href=\"https://www.facebook.com/PaperBotHQ/\" target=\"_blank\"><img alt=\"Facebook\" src=\"/assets/img/icons/facebook-logo.984163.svg\"/> </a><a href=\"https://twitter.com/paperbothq\" target=\"_blank\"><img alt=\"Twitter\" src=\"/assets/img/icons/twitter-logo.3d6ab7.svg\"/> </a><a href=\"https://www.linkedin.com/company/11040852\" target=\"_blank\"><img alt=\"Linkedin\" src=\"/assets/img/icons/linkedin-logo.b9ec4c.svg\"/></a></nav></nav>", "level": 0}], [{"value": "<h3 class=\"footer-nav-title\">Follow us</h3>", "level": 7}, {"value": "<div class=\"row footer-mentions\"><div class=\"col-sm-12\"><small class=\"footer-algolia\">Search powered by <a href=\"https://www.algolia.com/\"><img alt=\"Algolia\" src=\"/assets/img/algolia.fe4ab9.svg\"/> </a></small><small class=\"footer-copyright\">\u00c2\u00a9 2017 Paperbot - made with \u00e2\u0099\u00a5 by <a href=\"http://skore.io/?utm_source=ppb&amp;utm_medium=home\" target=\"_blank\">Skore.io</a></small></div></div>", "level": 0}, {"value": "<p class=\"text-center footer-slack-disclamer\">Not created by, affiliated with, or supported by Slack Technologies, Inc.</p>", "level": 0}]]