[[{"value": "<h3>Recent Posts</h3>", "level": 7}, {"value": "<ul>\n<li>\n<a href=\"http://typhonvision.com/tech-talk-is-annoying/\">Tech Talk is Annoying</a>\n</li>\n<li>\n<a href=\"http://typhonvision.com/web-development-toronto/\">Web Development Toronto</a>\n</li>\n<li>\n<a href=\"http://typhonvision.com/boxing-combos-fitness-on-the-go/\">Boxing Combos \u2013 Fitness on the Go</a>\n</li>\n<li>\n<a href=\"http://typhonvision.com/kittens-attack-great-way-to-pass-the-itme/\">Kittens Attack \u2013 Great way to pass the time.</a>\n</li>\n<li>\n<a href=\"http://typhonvision.com/ninja-king-samurai-maze/\">Ninja King : Samurai Maze \u2013 Good \u2018ol smartphone maze fun</a>\n</li>\n</ul>", "level": 0}, {"value": "<div class=\"header-content\">\n<div class=\"site-branding\">\n<span class=\"site-title title-header-typo\">\n\t\t\t\t\t\t\t\t\tTYPHON VISION TECH SOLUTIONS\t\t\t\t\t\t\t\t</span>\n</div>\n</div>", "level": 0}], [{"value": "<h1 class=\"entry-title\">Privacy Policy</h1>", "level": 9}, {"value": "<p class=\"western\"><span style=\"font-family: 'Times New Roman', serif;\">Typhon Vision Incorporated is committed to providing quality services and products to you and this policy outlines our ongoing obligations to you in respect of how we manage your Personal Information.</span></p>", "level": 0}, {"value": "<p class=\"western\"><span style=\"font-family: 'Times New Roman', serif;\">We have adopted the National Privacy Principles (NPPs) contained in the Privacy Act 1988 (Cth) (the Privacy Act). The NPPs govern the way in which we collect, use, disclose, store, secure and dispose of your Personal Information.</span></p>", "level": 0}], [{"value": "<h2 class=\"western\">What is Personal Information and why do we collect it?</h2>", "level": 8}, {"value": "<p class=\"western\"><span style=\"font-family: 'Times New Roman', serif;\">Personal Information is information or an opinion that identifies an individual. Examples of Personal Information we collect include: names, addresses, email addresses, phone and facsimile numbers.</span></p>", "level": 0}, {"value": "<p class=\"western\"><span style=\"font-family: 'Times New Roman', serif;\">This Personal Information is obtained in many ways including <b>[interviews, correspondence, by telephone and facsimile, by email, via our website www.typhonvision.com, from your website, from media and publications, from other publicly available sources, from cookies- delete all that aren\u00e2\u0080\u0099t applicable] </b>and from third parties. We don\u00e2\u0080\u0099t guarantee website links or policy of authorised third parties.</span></p>", "level": 0}, {"value": "<p class=\"western\"><span style=\"font-family: 'Times New Roman', serif;\">We collect your Personal Information for the primary purpose of providing our services to you, providing information to our clients and marketing. We may also use your Personal Information for secondary purposes closely related to the primary purpose, in circumstances where you would reasonably expect such use or disclosure. You may unsubscribe from our mailing/marketing lists at any time by contacting us in writing.</span></p>", "level": 0}, {"value": "<p class=\"western\"><span style=\"font-family: 'Times New Roman', serif;\">When we collect Personal Information we will, where appropriate and where possible, explain to you why we are collecting the information and how we plan to use it.</span></p>", "level": 0}], [{"value": "<h2 class=\"western\">Sensitive Information</h2>", "level": 8}, {"value": "<p class=\"western\"><span style=\"font-family: 'Times New Roman', serif;\">Sensitive information is defined in the Privacy Act to include information or opinion about such things as an individual\u2019s racial or ethnic origin, political opinions, membership of a political association, religious or philosophical beliefs, membership of a trade union or other professional body, criminal record or health information.</span></p>", "level": 0}, {"value": "<p class=\"western\"><span style=\"font-family: 'Times New Roman', serif;\">Sensitive information will be used by us only:</span></p>", "level": 0}, {"value": "<p class=\"western\">\u00e2\u0080\u00a2<span style=\"font-family: 'Times New Roman', serif;\"> For the primary purpose for which it was obtained</span></p>", "level": 0}, {"value": "<p class=\"western\">\u00e2\u0080\u00a2<span style=\"font-family: 'Times New Roman', serif;\"> For a secondary purpose that is directly related to the primary purpose</span></p>", "level": 0}, {"value": "<p class=\"western\">\u00e2\u0080\u00a2<span style=\"font-family: 'Times New Roman', serif;\"> With your consent; or where required or authorised by law.</span></p>", "level": 0}], [{"value": "<h2 class=\"western\">Third Parties</h2>", "level": 8}, {"value": "<p class=\"western\"><span style=\"font-family: 'Times New Roman', serif;\">Where reasonable and practicable to do so, we will collect your Personal Information only from you. However, in some circumstances we may be provided with information by third parties. In such a case we will take reasonable steps to ensure that you are made aware of the information provided to us by the third party.</span></p>", "level": 0}], [{"value": "<h2 class=\"western\">Disclosure of Personal Information</h2>", "level": 8}, {"value": "<p class=\"western\"><span style=\"font-family: 'Times New Roman', serif;\">Your Personal Information may be disclosed in a number of circumstances including the following:</span></p>", "level": 0}, {"value": "<p class=\"western\">\u00e2\u0080\u00a2<span style=\"font-family: 'Times New Roman', serif;\"> Third parties where you consent to the use or disclosure; and</span></p>", "level": 0}, {"value": "<p class=\"western\">\u00e2\u0080\u00a2<span style=\"font-family: 'Times New Roman', serif;\"> Where required or authorised by law.</span></p>", "level": 0}], [{"value": "<h2 class=\"western\">Security of Personal Information</h2>", "level": 8}, {"value": "<p class=\"western\"><span style=\"font-family: 'Times New Roman', serif;\">Your Personal Information is stored in a manner that reasonably protects it from misuse and loss and from unauthorized access, modification or disclosure.</span></p>", "level": 0}, {"value": "<p class=\"western\"><span style=\"font-family: 'Times New Roman', serif;\">When your Personal Information is no longer needed for the purpose for which it was obtained, we will take reasonable steps to destroy or permanently de-identify your Personal Information. However, most of the Personal Information is or will be stored in client files which will be kept by us for a minimum of 7 years.</span></p>", "level": 0}], [{"value": "<h2 class=\"western\">Access to your Personal Information</h2>", "level": 8}, {"value": "<p class=\"western\"><span style=\"font-family: 'Times New Roman', serif;\">You may access the Personal Information we hold about you and to update and/or correct it, subject to certain exceptions. If you wish to access your Personal Information, please contact us in writing.</span></p>", "level": 0}, {"value": "<p class=\"western\"><span style=\"font-family: 'Times New Roman', serif;\"><b>Typhon Vision Incorporated </b>will not charge any fee for your access request, but may charge an administrative fee for providing a copy of your Personal Information.</span></p>", "level": 0}, {"value": "<p class=\"western\"><span style=\"font-family: 'Times New Roman', serif;\">In order to protect your Personal Information we may require identification from you before releasing the requested information.</span></p>", "level": 0}], [{"value": "<h2 class=\"western\">Maintaining the Quality of your Personal Information</h2>", "level": 8}, {"value": "<p class=\"western\"><span style=\"font-family: 'Times New Roman', serif;\">It is an important to us that your Personal Information is up to date. We will take reasonable steps to make sure that your Personal Information is accurate, complete and up-to-date. If you find that the information we have is not up to date or is inaccurate, please advise us as soon as practicable so we can update our records and ensure we can continue to provide quality services to you.</span></p>", "level": 0}], [{"value": "<h2 class=\"western\">Policy Updates</h2>", "level": 8}, {"value": "<p class=\"western\"><span style=\"font-family: 'Times New Roman', serif;\">This Policy may change from time to time and is available on our website.</span></p>", "level": 0}], [{"value": "<h2 class=\"western\">Privacy Policy Complaints and Enquiries</h2>", "level": 8}, {"value": "<p class=\"western\"><span style=\"font-family: 'Times New Roman', serif;\">If you have any queries or complaints about our Privacy Policy please contact us at:</span></p>", "level": 0}], [{"value": "<p class=\"western\"><span style=\"font-family: 'Times New Roman', serif;\"><b>Typhon Vision Incorporated</b></span></p>", "level": 1}], [{"value": "<p class=\"western\"><span style=\"font-family: 'Times New Roman', serif;\"><b>600 Queens Quay West</b></span></p>", "level": 1}], [{"value": "<p class=\"western\"><span style=\"font-family: 'Times New Roman', serif;\"><b>Suite 822</b></span></p>", "level": 1}], [{"value": "<p class=\"western\"><span style=\"font-family: 'Times New Roman', serif;\"><b>M5V 3M3</b></span></p>", "level": 1}], [{"value": "<p class=\"western\"><span style=\"font-family: 'Times New Roman', serif;\"><b>Toronto, Ontario, Canada</b></span></p>", "level": 1}], [{"value": "<p class=\"western\"><span style=\"font-family: 'Times New Roman', serif;\"><b>416-825-1356</b></span></p>", "level": 1}, {"value": "<footer class=\"site-footer\" id=\"colophon\" role=\"contentinfo\">\n<div class=\"site-info\">\n<div class=\"container\">\n    \u00a9 2018 TYPHON VISION TECH SOLUTIONS <span>- <a href=\"http://vilhodesign.com/themes/apppage/\">AppPage</a> Powered</span>\n</div>\n</div>\n</footer>", "level": 0}]]