[[{"value": "<h1>Privacy Policy of <strong><span class=\"notranslate\">Blok Ekipa na Torze</span></strong></h1>", "level": 9}, {"value": "<p>This Application collects some Personal Data from its Users.</p>", "level": 0}], [{"value": "<h2>Data Controller and Owner</h2>", "level": 8}, {"value": "<p class=\"notranslate\">Miros\u00c5\u0082aw Kapa\u00c5\u0082ka<br/>ul. ks. A. Kmiecika 18<br/>33-100 Tarn\u00c3\u00b3w<br/>Poland</p>", "level": 0}, {"value": "<p><strong>Owner contact e-mail:</strong> miroslaw.kapalka@gmail.com</p>", "level": 0}], [{"value": "<h2>Types of Data collected</h2>", "level": 8}, {"value": "<p>Among the types of Personal Data that this Application collects, by itself or through third parties, there are: Cookies, Usage Data.</p>", "level": 0}, {"value": "<p>Other Personal Data collected may be described in other sections of this privacy policy or by dedicated explanation text contextually with the Data collection.<br/>\nThe Personal Data may be freely provided by the User, or collected automatically when using this Application.<br/>\nAny use of Cookies - or of other tracking tools - by this Application or by the owners of third party services used by this Application, unless stated otherwise, serves to identify Users and remember their preferences, for the sole purpose of providing the service required by the User.<br/>\nFailure to provide certain Personal Data may make it impossible for this Application to provide its services.</p>", "level": 0}, {"value": "<p>Users are responsible for any Personal Data of third parties obtained, published or shared through this Application and confirm that they have the third party's consent to provide the Data to the Owner.</p>", "level": 0}], [{"value": "<h2>Mode and place of processing the Data</h2>", "level": 8}], [{"value": "<h3>Methods of processing</h3>", "level": 7}, {"value": "<p>The Data Controller processes the Data of Users in a proper manner and shall take appropriate security measures to prevent unauthorized access, disclosure, modification, or unauthorized destruction of the Data.<br/>\nThe Data processing is carried out using computers and/or IT enabled tools, following organizational procedures and modes strictly related to the purposes indicated. In addition to the Data Controller, in some cases, the Data may be accessible to certain types of persons in charge, involved with the operation of the site (administration, sales, marketing, legal, system administration) or external parties (such as third party technical service providers, mail carriers, hosting providers, IT companies, communications agencies) appointed, if necessary, as Data Processors by the Owner. The updated list of these parties may be requested from the Data Controller at any time.</p>", "level": 0}], [{"value": "<h3>Place</h3>", "level": 7}, {"value": "<p>The Data is processed at the Data Controller's operating offices and in any other places where the parties involved with the processing are located. For further information, please contact the Data Controller.</p>", "level": 0}], [{"value": "<h3>Retention time</h3>", "level": 7}, {"value": "<p>The Data is kept for the time necessary to provide the service requested by the User, or stated by the purposes outlined in this document, and the User can always request that the Data Controller suspend or remove the data.</p>", "level": 0}], [{"value": "<h2>The use of the collected Data</h2>", "level": 8}, {"value": "<p>The Data concerning the User is collected to allow the Owner to provide its services, as well as for the following purposes: Advertising, Analytics, Registration and authentication.</p>", "level": 0}, {"value": "<p>The Personal Data used for each purpose is outlined in the specific sections of this document.</p>", "level": 0}], [{"value": "<h2>Detailed information on the processing of Personal Data</h2>", "level": 8}, {"value": "<p>Personal Data is collected for the following purposes and using the following services:</p>", "level": 0}], [{"value": "<h3>Advertising</h3>", "level": 7}, {"value": "<p>This type of service allows User Data to be utilized for advertising communication purposes displayed in the form of banners and other advertisements on this Application, possibly based on User interests.<br/>\nThis does not mean that all Personal Data are used for this purpose. Information and conditions of use are shown below.<br/>\nSome of the services listed below may use Cookies to identify Users or they may use the behavioral retargeting technique, i.e. displaying ads tailored to the User\u00e2\u0080\u0099s interests and behavior, including those detected outside this Application. For more information, please check the privacy policies of the relevant services.</p>", "level": 0}], [{"value": "<h4 class=\"notranslate\">AdMob (AdMob Google Inc.)</h4>", "level": 6}, {"value": "<p>AdMob is an advertising service provided by AdMob Google Inc.<br/>\nPersonal Data collected: Cookies and Usage Data.<br/>\nPlace of processing: US \u00e2\u0080\u0093 Privacy Policy</p>", "level": 0}], [{"value": "<h4 class=\"notranslate\">AdColony (Jirbo, Inc.)</h4>", "level": 6}, {"value": "<p>AdColony is an advertising service provided by Jirbo, Inc.<br/>\nPersonal Data collected: Cookies and Usage Data.<br/>\nPlace of processing: US \u00e2\u0080\u0093 Privacy Policy \u00e2\u0080\u0093 Opt out</p>", "level": 0}], [{"value": "<h3>Analytics</h3>", "level": 7}, {"value": "<p>The services contained in this section enable the Owner to monitor and analyze web traffic and can be used to keep track of User behavior.</p>", "level": 0}], [{"value": "<h4 class=\"notranslate\">Google Analytics (Google Inc.)</h4>", "level": 6}, {"value": "<p>Google Analytics is a web analysis service provided by Google Inc. (\u00e2\u0080\u009cGoogle\u00e2\u0080\u009d). Google utilizes the Data collected to track and examine the use of this Application, to prepare reports on its activities and share them with other Google services.<br/>\nGoogle may use the Data collected to contextualize and personalize the ads of its own advertising network.<br/>\nPersonal Data collected: Cookies and Usage Data.<br/>\nPlace of processing: US \u00e2\u0080\u0093 Privacy Policy \u00e2\u0080\u0093 Opt Out</p>", "level": 0}], [{"value": "<h3>Registration and authentication</h3>", "level": 7}, {"value": "<p>By registering or authenticating, Users allow this Application to identify them and give them access to dedicated services.<br/>\nDepending on what is described below, third parties may provide registration and authentication services. In this case, this Application will be able to access some Data, stored by these third party services, for registration or identification purposes.</p>", "level": 0}], [{"value": "<h4>Facebook Authentication (Facebook, Inc.)</h4>", "level": 6}, {"value": "<p>Facebook Authentication is a registration and authentication service provided by Facebook, Inc. and is connected to the Facebook social network.<br/>\nPersonal Data collected: various types of Data as specified in the privacy policy of the service.<br/>\nPlace of processing: US \u00e2\u0080\u0093 Privacy Policy</p>", "level": 0}], [{"value": "<h2>Further information about Personal Data</h2>", "level": 8}], [{"value": "<h3>Push notifications</h3>", "level": 7}, {"value": "<p>This Application may send push notifications to the User.</p>", "level": 0}], [{"value": "<h3>Unique device identification</h3>", "level": 7}, {"value": "<p>This Application may track Users by storing a unique identifier of their device, for analytics purposes or for storing Users' preferences.</p>", "level": 0}], [{"value": "<h2>Additional information about Data collection and processing</h2>", "level": 8}], [{"value": "<h3>Legal action</h3>", "level": 7}, {"value": "<p>The User's Personal Data may be used for legal purposes by the Data Controller, in Court or in the stages leading to possible legal action arising from improper use of this Application or the related services.\nThe User declares to be aware that the Data Controller may be required to reveal personal data upon request of public authorities.</p>", "level": 0}], [{"value": "<h3>Additional information about User's Personal Data</h3>", "level": 7}, {"value": "<p>In addition to the information contained in this privacy policy, this Application may provide the User with additional and contextual information concerning particular services or the collection and processing of Personal Data upon request.</p>", "level": 0}], [{"value": "<h3>System logs and maintenance</h3>", "level": 7}, {"value": "<p>For operation and maintenance purposes, this Application and any third party services may collect files that record interaction with this Application (System logs) or use for this purpose other Personal Data (such as IP Address).</p>", "level": 0}], [{"value": "<h3>Information not contained in this policy</h3>", "level": 7}, {"value": "<p>More details concerning the collection or processing of Personal Data may be requested from the Data Controller at any time. Please see the contact information at the beginning of this document.</p>", "level": 0}], [{"value": "<h3>The rights of Users</h3>", "level": 7}, {"value": "<p>Users have the right, at any time, to know whether their Personal Data has been stored and can consult the Data Controller to learn about their contents and origin, to verify their accuracy or to ask for them to be supplemented, cancelled, updated or corrected, or for their transformation into anonymous format or to block any data held in violation of the law, as well as to oppose their treatment for any and all legitimate reasons. Requests should be sent to the Data Controller at the contact information set out above.\nThis Application does not support \u00e2\u0080\u009cDo Not Track\u00e2\u0080\u009d requests.<br/>\nTo determine whether any of the third party services it uses honor the \u00e2\u0080\u009cDo Not Track\u00e2\u0080\u009d requests, please read their privacy policies.</p>", "level": 0}], [{"value": "<h3>Changes to this privacy policy</h3>", "level": 7}, {"value": "<p>The Data Controller reserves the right to make changes to this privacy policy at any time by giving notice to its Users on this page. It is strongly recommended to check this page often, referring to the date of the last modification listed at the bottom. If a User objects to any of the changes to the Policy, the User must cease using this Application and can request that the Data Controller remove the Personal Data. Unless stated otherwise, the then-current privacy policy applies to all Personal Data the Data Controller has about Users.</p>", "level": 0}], [{"value": "<h3>Information about this privacy policy</h3>", "level": 7}, {"value": "<p>The Data Controller is responsible for this privacy policy.</p>", "level": 0}], [{"value": "<h2>Definitions and legal references</h2>", "level": 8}], [{"value": "<h3>Personal Data (or Data)</h3>", "level": 7}, {"value": "<p>Any information regarding a natural person, a legal person, an institution or an association, which is, or can be, identified, even indirectly, by reference to any other information, including a personal identification number.</p>", "level": 0}], [{"value": "<h3>Usage Data</h3>", "level": 7}, {"value": "<p>Information collected automatically from this Application (or third party services employed in this Application), which can include: the IP addresses or domain names of the computers utilized by the Users who use this Application, the URI addresses (Uniform Resource Identifier), the time of the request, the method utilized to submit the request to the server, the size of the file received in response, the numerical code indicating the status of the server's answer (successful outcome, error, etc.), the country of origin, the features of the browser and the operating system utilized by the User, the various time details per visit (e.g., the time spent on each page within the Application) and the details about the path followed within the Application with special reference to the sequence of pages visited, and other parameters about the device operating system and/or the User's IT environment.</p>", "level": 0}], [{"value": "<h3>User</h3>", "level": 7}, {"value": "<p>The individual using this Application, which must coincide with or be authorized by the Data Subject, to whom the Personal Data refers.</p>", "level": 0}], [{"value": "<h3>Data Subject</h3>", "level": 7}, {"value": "<p>The legal or natural person to whom the Personal Data refers.</p>", "level": 0}], [{"value": "<h3>Data Processor (or Data Supervisor)</h3>", "level": 7}, {"value": "<p>The natural person, legal person, public administration or any other body, association or organization authorized by the Data Controller to process the Personal Data in compliance with this privacy policy.</p>", "level": 0}], [{"value": "<h3>Data Controller (or Owner)</h3>", "level": 7}, {"value": "<p>The natural person, legal person, public administration or any other body, association or organization with the right, also jointly with another Data Controller, to make decisions regarding the purposes, and the methods of processing of Personal Data and the means used, including the security measures concerning the operation and use of this Application. The Data Controller, unless otherwise specified, is the Owner of this Application.</p>", "level": 0}], [{"value": "<h3>This Application</h3>", "level": 7}, {"value": "<p>The hardware or software tool by which the Personal Data of the User is collected.</p>", "level": 0}], [{"value": "<h3>Cookies</h3>", "level": 7}, {"value": "<p>Small piece of data stored in the User's device.</p>", "level": 0}], [{"value": "<h3>Legal information</h3>", "level": 7}, {"value": "<p>Notice to European Users: this privacy statement has been prepared in fulfillment of the obligations under Art. 10 of EC Directive n. 95/46/EC, and under the provisions of Directive 2002/58/EC, as revised by Directive 2009/136/EC, on the subject of Cookies.</p>", "level": 0}, {"value": "<p>This privacy policy relates solely to this Application.</p>", "level": 0}, {"value": "<div class=\"update\">Latest update: April 26, 2017</div>", "level": 0}]]