[[{"value": "<h1 class=\"title-colonne\">PRIVACY POLICY</h1>", "level": 9}, {"value": "<p>ANUMAN\nINTERACTIVE</p>", "level": 0}], [{"value": "<p><b>Date of entry into force: March 26, 2013</b></p>", "level": 1}], [{"value": "<p>\n<b>Last amendment: January 18th, 2017</b></p>", "level": 1}, {"value": "<p>This Privacy Policy\nexplains how Anuman collects and uses the personal and non-personal data when\nyou make use of our applications, services or websites.</p>", "level": 0}, {"value": "<p>Creating an Anuman account\nor using the present site and/or one of ANUMAN\u00e2\u0080\u0099s applications and services\navailable online or on mobile devices shall be understood as acceptance of\nAnuman\u00e2\u0080\u0099s Privacy Policy. By signing up, it is understood that you agree to\nANUMAN processing data concerning you in accordance with the Privacy Policy\nbelow and you undertake to respect ANUMAN\u00e2\u0080\u0099s Terms and Conditions of Use.</p>", "level": 0}, {"value": "<p>In the case of amendment to\nour Privacy Policy, amendments will be published in the present Privacy Policy\nso that you know what information we collect, how we use it and, if necessary,\nunder which conditions we reveal or communicate it. We reserve the right to\namend this Privacy Policy at any time; therefore we recommend that you consult\nit regularly. Continuing to use our applications and services online and on\nmobile devices shall be understood as acceptance of the amendments made to our\nPrivacy Policy.</p>", "level": 0}, {"value": "<p>The present privacy policy\nwill inform you about the following aspects:</p>", "level": 0}, {"value": "<ol><li>What is personal data and when is it\n     collected by ANUMAN?</li><li>How does the ANUMAN Company collect data?</li><li>Data provided to ANUMAN by third parties.</li><li>What happens to data collected by ANUMAN?</li><li>Where is the data kept?</li><li>Verification and correction of data\n     concerning you, mailing list opt-out requests and deactivation of your\n     accounts.</li><li>A Special\n     Note About Children</li><li>What does ANUMAN do to protect your\n     personal data?</li><li>Public data, including user-generated\n     content, online forums, blogs and profiles</li><li>Third party\n     websites.</li><li>Who can I\n     contact?</li><li>Dispute settlement.</li></ol>", "level": 0}, {"value": "<p><b>1/ What is personal data and when is it collected by ANUMAN? </b></p>", "level": 0}, {"value": "<p>ANUMAN collects personal\ndata as well as non-personal data about their users. The present article\nconcerns personal data collected by ANUMAN.</p>", "level": 0}, {"value": "<p>Personal data is defined by\nthe French Informatique et Libert\u00c3\u00a9s (Computer and Freedom) law, dated January\n6, 1978, as: \u00e2\u0080\u009cany information relating to an identified or identifiable natural\nperson; an identifiable person is one who can be identified, directly or\nindirectly, in particular by reference to an identification number or to one or\nmore factors specific to his or her identity\u00e2\u0080\u009d. Therefore, it is information\nthat can be used to identify you, and which can be used on its own to contact\nyou, online or offline.</p>", "level": 0}, {"value": "<p>ANUMAN is liable to collect\npersonal data from its users and online visitors during the following\nactivities:</p>", "level": 0}, {"value": "<ul><li>Registration in competitions and\n     giveaways;</li><li>Warranty registration and warranty claims;</li><li>Customer service and/or technical\n     assistance help requests;</li><li>Player meetings and other online encounters;</li><li>Registration in games and/or in special\n     games events;</li><li>Subscription to newsletters, referral\n     services and other commercial surveys and campaigns by e-mail;</li><li>Creation of an Anuman account and/or\n     accounts for other services offered by Anuman;</li><li>Creation of a personal profile;</li><li>Product, service and/or subscription\n     orders;</li><li>Service requests to service providers\n     other than us through our website;</li><li>Access to our applications and/or services\n     on social networks or other external services (Facebook Connect etc.) and;</li><li>All other use of our software or our\n     online or mobile services when personal data is required to use them\n     and/or participate in them.</li></ul>", "level": 0}, {"value": "<p>The information collected\nvaries according to the activity concerned and may include your name, e-mail\naddress, telephone number, home address, date of birth, mobile telephone number\nand details relating to your credit card.</p>", "level": 0}, {"value": "<p>Users of mobile\napplications offered by ANUMAN may be asked to provide the name of their mobile\ntelephone operator and to indicate the mobile telephone model they use, as well\nas a valid mobile telephone number, so that we can send purchase instructions\ndirectly to their mobile telephone. In this context, your mobile telephone\nnumber will only be used to send you a text message containing a link to\ndownload the game, and will not be kept for any other purpose. Prize winners\nmay be asked to provide their social security number or other identification\nnumbers for tax reasons. These details will be used exclusively for awarding\nthe prizes.</p>", "level": 0}, {"value": "<p><b>2/ How does the ANUMAN Company collect data? </b></p>", "level": 0}, {"value": "<p>ANUMAN collects personal or\nnon-personal data when you provide it voluntarily as part of various online or\nmobile activities, for example, your online or mobile purchases, and\nregistration in games and commercial surveys. Additionally, ANUMAN, as well as\nthird parties, uses cookies and other technologies to collect non-personal\ndemographic data passively, to personalize content we offer users on our\nwebsites and to guarantee the monitoring of advertising and other activities\ndescribed below. Using collected data, we can also work out other elements,\nsuch as determining the applicable tax rate according to your IP address.</p>", "level": 0}, {"value": "<p><b>a. Cookies\n</b></p>", "level": 0}, {"value": "<p>Cookies are small files\ndownloaded to your Internet browser, which are used to monitor your web\nnavigation and application navigation. We can match the information gained from\ncookies with personal data. Cookies send information about applications you\nhave chosen in our store with a view to purchasing, pages you have consulted or\ngames you have played.</p>", "level": 0}, {"value": "<p>This information allows us\nto keep track of your basket, or to make sure that you do not see the same\nadvertisement over and over again, for example. We also use cookies to adapt\ncontent to your interests, as well as to monitor Internet site, applications or\ngames use. ANUMAN and/or third parties collect information in this way about\nthe games you play, the time you spend playing them and the advertisements or\nlinks you click on.</p>", "level": 0}, {"value": "<p>Some of our websites use an\nexternal advertising agency to display advertisements. These advertisements\ncontain cookies. Cookies you receive through advertising banners come from the\nadvertising agencies we use and ANUMAN does not have access to this\ninformation.</p>", "level": 0}, {"value": "<p>The majority of browsers\nare automatically configured to accept cookies each time you visit an Internet\nsite. You may deactivate this feature or configure your browser to alert you\nwhen sending cookies. In this case, however, certain sections on our websites\nwill not function correctly. You may configure your browser to alert you\nwhenever there is an attempt to install cookies on your computer, or you may\nset limits concerning the type of cookies authorized.</p>", "level": 0}, {"value": "<p>For more information about\nhow to deactivate cookies, please visit: <a href=\"https://support.microsoft.com/fr-fr/help/17442/windows-internet-explorer-delete-manage-cookies\">https://support.microsoft.com/fr-fr/help/17442/windows-internet-explorer-delete-manage-cookies</a> if you use Internet Explorer as\nyour default Internet browser.</p>", "level": 0}, {"value": "<p>ANUMAN, as well as third parties,\nsometimes also uses Flash cookies, also called \u00e2\u0080\u009clocal shared objects\u00e2\u0080\u009d on ANUMAN\nsites that use Flash technology. Flash cookies are small files that resemble\nbrowser cookies and are used to remember the website settings designed to\npersonalize the website\u00e2\u0080\u0099s appearance and welcome. Just like normal cookies,\nFlash cookies are small files saved on your computer.</p>", "level": 0}, {"value": "<p>If you deactivate the\ncookies, you risk losing certain game options and features, since cookies are\nrequired to monitor and improve your game activities. Please note that\ncompanies that place advertising in our applications, games or on our websites\nmay also use cookies or other technologies, and that these practices are\nsubject to their own rules and privacy policies.</p>", "level": 0}, {"value": "<p>Please note that the\npresent Privacy Policy only applies to cookies used by ANUMAN and not to\ncookies used by third parties, in particular, advertising agencies.</p>", "level": 0}, {"value": "<p><b>b. Web beacons and tracking pixels </b></p>", "level": 0}, {"value": "<p>Web beacons (also called\nclear GIFs or web bugs) are small graphic images placed on a web page, web\ndocument, or in an e-mail. Web beacons are undetectable by users because they\nare usually very small (only 1x1 pixel) and the same color as the background on\nthe web page, web document or e-mail. We do not use web beacons to collect\npersonal data about you. We are liable, however, to use web beacons to collect\nstatistical data about the use of our web pages, or about features or other\nelements appearing on a web page. We link this information to a user in order\nto personalize the content that is suggested to him and to analyze statistics\nabout visits to our web pages.</p>", "level": 0}, {"value": "<p>ANUMAN, as well as third\nparties, may also use tracking pixels, which allow us to target advertising\nmore efficiently and to avoid sending our users certain promotional messages.</p>", "level": 0}, {"value": "<p><b>c. Internet history files </b></p>", "level": 0}, {"value": "<p>ANUMAN and third parties\nmay also keep history files containing IP addresses. An IP address is a digital\naddress which can be attributed to your computer by your Internet Service\nProvider.</p>", "level": 0}, {"value": "<p>We generally use history\nfiles to survey traffic on our Internet sites, to solve technical problems and\nto authenticate our users\u00e2\u0080\u0099 rights to use our applications. However, in the case\nof reprehensible use of our website by any of our users, we may block certain\nIP addresses or certain game system identities provided by the manufacturers of\nour licensed material.</p>", "level": 0}, {"value": "<p><b>d. Audience and performance analysis tools and other technologies </b></p>", "level": 0}, {"value": "<p>ANUMAN also uses its own\naudience analysis tools as well as third party analysis technologies to collect\ndata when you use our online applications and/or when you play our games on\nyour PC, game system and/mobile device.</p>", "level": 0}, {"value": "<p>These tools and\ntechnologies use server history files, web beacons, cookies, tracking pixels\nand other technologies in order to collect and analyze certain types of\ninformation, in particular cookies, IP addresses (notably in order to determine\nyour approximate geographic position), mobile or other devices\u00e2\u0080\u0099 ID or\nidentities, browser type, browser language, information transmitted from your\nbrowser (if necessary), referring/exit pages, URLs (universal addresses),\nplatform type, click types, information about your supports, peripheral devices,\nsoftware and/or applications installed on your computer and/or device, domain\nnames and types, landing pages, consulted pages and the order of consultation,\nconversion rates, the date and time spent on a given page, other information on\nsite and Internet use, progress made in the game, the date and time of activity\non our sites or games, information about the way our game is used (in\nparticular game measurements and statistics), use of features and purchase\nhistory, as well as unique material identification details such as the MAC\naddress, your mobile device's unique ID (if necessary) and other similar\ninformation.</p>", "level": 0}, {"value": "<p>External audience analysis\ncompanies that collect information on our sites and as part of our online or\nmobile applications and/or services may combine data collected with other data\nthey have collected independently from other Internet sites and/or other online\nor mobile applications and services relating to your activities on their\nnetwork of Internet sites, or linked to their online and/or mobile applications\nand services. A number of these companies collect and use this data as part of\ntheir own privacy policies.</p>", "level": 0}, {"value": "<p>Certain ANUMAN sites and\nservices use Google Analytics, an online audience analysis service provided by\nGoogle Inc. (\u00e2\u0080\u009cGoogle\u00e2\u0080\u009d). Google Analytics uses \u00e2\u0080\u009cCookies\", which are text\nfiles stored on your PC, and which are used to analyze how you use the website\nin question. Information about your use of websites collected via these cookies\nis transmitted and stored on Google\u00e2\u0080\u0099s server in the United States. Google uses\nthis information for the ANUMAN account in order to evaluate your use of these\nwebsites, to establish reports on website activity and/or provide the website\noperator with other services linked to these websites. Your IP address, collected\nby Google Analytics, will not be connected to other Google data. You may\nprevent cookies from installing on your computer by adjusting your browser\nsettings. Please note that if you deactivate the cookies, you may not be able\nto use all the features on ANUMAN sites. You may also prevent cookies from\ncollecting and storing information about you by downloading and installing the\nbrowser extension module available through the following link: <a href=\"http://tools.google.com/dlpage/gaoptout?hl=fr\" target=\"_blank\">http://tools.google.com/dlpage/gaoptout?hl=fr</a>.</p>", "level": 0}, {"value": "<p><b>e. Advertising placement technology </b></p>", "level": 0}, {"value": "<p>ANUMAN sites and its online\nor mobile applications or services may use their own or third party\ntechnologies to place advertising containing cookies, web beacons, web bugs,\ntracking pixels or other technologies used to collect information about the\nadvertising placement in our applications and services, and to make it easier\nto track results.</p>", "level": 0}, {"value": "<p>Certain technologies used\nto place dynamic advertising in games allow advertising content to be\ntemporarily downloaded to your web browser or to your mobile device, and to be\nreplaced when you are online.</p>", "level": 0}, {"value": "<p>ANUMAN, as well as third\nparties using advertising placement technology, may use data such as age and\nsex, as well as information registered on your material or device, to arrange\nfor suitable advertising content to be displayed on the site or in the product\nor online/mobile service, to calculate or control the number of unique and\nrepeated times you see a given advertisement and/or to display advertising that\ncorresponds to your interests and measure the efficiency of advertising\ncampaigns. ANUMAN, or third parties, may effectively collect data such as the\nIP address (notably in order to determine your approximate geographic\nposition), the device's ID, information about your software, applications, and\ncomputer material, information about your browser (and/or information\ntransmitted by your browser), the brand and model of the material, computer or\ndevice, the placed advertisement(s), the location in the game, the time during\nwhich the advertisement was visible, other information relating to Internet and\nwebsite use, web pages and mobile Internet sites you have consulted (as well as\nthe date and time), the domain type, the size of the advertisement, the\nreaction to the advertisement (if necessary) and the viewing angle.</p>", "level": 0}, {"value": "<p>The data indicated above\nmay be used and communicated according to the provisions in the present policy\nand the privacy policy of the company providing the advertisement placement\ntechnology.</p>", "level": 0}, {"value": "<p>Advertising agencies that\ndeliver advertisements for us may combine data collected or obtained from\nANUMAN with other data they have collected independently from other online or\nmobile sites and/or applications regarding your browser activities on their\nnetwork of Internet sites. A number of these companies collect and use this\ndata as part of their own privacy policies.</p>", "level": 0}, {"value": "<p>These advertisement\nplacement technologies are integrated in our sites and in our online or mobile applications\nand services. If you do not wish to receive these advertisements, you should\nnot play our games.</p>", "level": 0}, {"value": "<p><b>f. Anti-cheat solutions and the fight against fraud </b></p>", "level": 0}, {"value": "<p>ANUMAN endeavors to provide\nall its game players with a safe and fair game environment. In order to fight\nagainst fraudulent activities and behavior that could spoil players' game\nexperiences, ANUMAN is authorized to use anti-cheat software or applications\nthat fight against fraud, as part of its presence on the Internet during use of\nits applications and/or services online (including online games) and on mobile\nplatforms.</p>", "level": 0}, {"value": "<p><b>3/ Data provided to ANUMAN by third parties. </b></p>", "level": 0}, {"value": "<p>ANUMAN also obtains\npersonal or non-personal data from the third parties mentioned below. ANUMAN\nonly uses this data for requirements that comply with the present policy.</p>", "level": 0}, {"value": "<p>ANUMAN sometimes receives\nother data transmitted by third parties, in particular regarding the\nexploitation and distribution of our applications and services, or as part of\nmarket research and other demographic studies, which we use to complete the\npersonal and anonymous data that we have collected or that you have provided us\nwith directly. Certain external services, such as Twitter and Facebook, may\nalso provide us with information about the accounts you hold with them, with\nyour permission.</p>", "level": 0}, {"value": "<p>By playing an ANUMAN game\nthrough a social network or other platform or external service, or by\nconnecting to such a network, platform or service via one of our applications\nand/or services, it is understood that you authorize ANUMAN to collect, store\nand use, in line with the present Privacy Policy, any information that,\naccording to your settings on the social network or the external platform, you\nhave authorized to be communicated to ANUMAN via the Application Programming\nInterface, or API, of the social network/external platform in question. It is\nunderstood that you give your agreement when you connect to the network,\nplatform or external service via our applications and/or services, and/or when\nyou connect to, \"accept\" or \"authorize\" (or other similar\nterms) one of our applications via a social network or other external platform\nor service.</p>", "level": 0}, {"value": "<p>ANUMAN may also collect or\nreceive data about you from other ANUMAN users who choose to upload their\ne-mail contacts and other contacts. We keep and use this data first and\nforemost to help you and connect you to your friends.</p>", "level": 0}, {"value": "<p>ANUMAN may also receive\ndata, either non-personal or public, from third parties, as part of market\nresearch or demographic studies and/or other data, that we use to complete personal\ndata that you have provided us with directly.</p>", "level": 0}], [{"value": "<p><b>4/ What happens to data collected by ANUMAN?</b></p>", "level": 1}, {"value": "<p><b>a. How ANUMAN uses data concerning you </b></p>", "level": 0}, {"value": "<p>ANUMAN uses data concerning\nyou to be able to reply to your specific requests, to fulfill orders that you\nhave placed and to send you order confirmations and other information relating\nto your account. In addition, the personal data that you provide us with will\nallow us to send you messages informing you about new product releases, new\nfeatures and improvements, special offers, upgrade possibilities or\ncompetitions and events that may interest you, for example.</p>", "level": 0}, {"value": "<p>You may also choose not to\nreceive or to stop receiving any of this e-mail communication by informing us\nat the following e-mail address contact@anuman-interactive.com or by postal\nletter to Anuman Interactive - Service Client Anuman - 66 Rue Marceau,\n93\u00a0100 Montreuil FRANCE.</p>", "level": 0}, {"value": "<p>ANUMAN also uses personal\nand non-personal data, alone or combined with other data, to improve your user\nexperience, to improve its applications and services, to understand customer\nbehavior and preferences better, to solve technical problems, to place\nadvertising, to carry out authentications, to make sure that its use conditions\nare being respected and to guarantee the correcting functioning of its applications\nand services, and improve them. Moreover, we combine non-personal data with\npersonal data such as your e-mail address, notably in order to provide\nexcellent customer service, co-ordinate loyalty programs and personalize our\ncommunication, offers, web pages and/or game experience.</p>", "level": 0}, {"value": "<p>When you use friend search\ntools such as Facebook, Game Center or other external services in our online\nand mobile applications and services, it is understood that you recognize that\nusing these friend search tools will help you to find contacts and will also\nallow your contacts to associate your account (as well as the associated game\nrights, including the games you have played on PC, mobile devices or consoles)\nwith your profile on the social network and/or your e-mail address.</p>", "level": 0}, {"value": "<p>If you choose to use our\nrecommendation service to recommend an ANUMAN product or site to a friend\n(\u00e2\u0080\u009cRecommend to a Friend\u00e2\u0080\u009d), we will ask you for the name and e-mail address of\nthis friend. We will send your friend an e-mail on your behalf inviting him to visit\nthe site or to discover one of our applications. ANUMAN only keeps your\nfriend\u00e2\u0080\u0099s name and e-mail address for a short amount of time and only with a\nview to sending him this e-mail and avoiding doubles, that is, to make sure\nthat your friend does not receive several copies of the same message. We do not\nkeep, nor use, this information for any other motive.</p>", "level": 0}, {"value": "<p>Finally, your participation\nin online tournaments or other events linked to a game is also subject to your\naccepting that we collect, use, store, transmit and display statistical data\ngenerated by your participation publically (your scores, rankings and\nachievements, for example).</p>", "level": 0}, {"value": "<p><b>b. Does ANUMAN share data about me with third parties?</b> </p>", "level": 0}, {"value": "<p>ANUMAN will never share\npersonal data about you with third parties without your consent. However, we\nmay share data that does not allow you to be identified personally, that is,\ngeneral and/or public data, with third parties. In certain circumstances, it\nmay be you who is sharing your data.</p>", "level": 0}, {"value": "<p>You may choose to allow\nANUMAN to share personal data about you with companies and organizations that\npropose applications and services that may, in ANUMAN's opinion, interest you.\nTo stop receiving communication from a commercial partner or sponsor with whom\nwe have shared data about you, you must contact the company in question\ndirectly.</p>", "level": 0}, {"value": "<p>ANUMAN does not communicate\npersonal data concerning children or adolescents under 18 years old registered\non any of our sites to third parties, and does not share, nor communicate,\npersonal data in any other way than that prescribed in the present privacy\npolicy.</p>", "level": 0}, {"value": "<p>ANUMAN may use external\nservice providers to collect personal data for its account with a view to\nproviding e-mail sending services, product management services, giveaways or\npromotional operations, competition administration services, credit card\npayment processing services, dispatch services or other services on ANUMAN\nsites. When you use these services, you may be required to provide your name,\nyour postal address, your telephone number and your e-mail address to our\nservice providers. We ask certain external service providers, such as credit\nunions, audience analysis or market research companies, to complete the\npersonal data that you provide us with as part of our own commercial surveys and\ndemographic studies, in order to constantly improve our sites and the\nassociated advertising and thus meet our visitors' needs and preferences more\nefficiently. In order to hone our understanding of different customers, we link\nthis information to the personal data that you provide us with.</p>", "level": 0}, {"value": "<p>When our agents or external\nservice providers collect and/or have access to data other than non-personal,\nanonymous and/or global data, ANUMAN asks them to use this data in line with\nour privacy policies. These third parties are not permitted to use personal\ndata about you for any other motive without your explicit permission.</p>", "level": 0}, {"value": "<p>When a third party, other\nthan one of our agents or service providers, is looking to collect personal\ndata about you, you will be informed of this beforehand to allow you to make an\ninformed decision whether to share data with this third party or not.</p>", "level": 0}, {"value": "<p>We may also access personal\ndata, in particular personal communication, and communicate this as part of the\nreporting of illegal content functions prescribed by our applications and\nservices, to make sure any rights are being respected and apply the law, or to\ncomply with an instruction given by a public body or any other competent\nauthority, or if we have reason to believe that information should be revealed\nto deal with prejudices, obstacles to our rights, potential or real attacks to\nour heritage or to our activities, or situations where users or other people\nrisk being hurt or becoming the subject of prejudice or damage, or when we\nthink that this revelation is necessary to protect our rights, fight against\nfraud and/or to respect a judicial procedure, court ruling or procedural act\nreported to us. You will note that certain publically available information\nthat you publish and communicate on our sites and services, or on third party\nsites and services, is public information and as such, will not come under the\nprotection applied to personal data.</p>", "level": 0}, {"value": "<p>For more information on\nyour rights concerning data that you share publically on ANUMAN or third party\nonline platforms (including data within user-generated content, forums, blogs\nand profiles), please see part 8 of the present privacy policy entitled \u00e2\u0080\u009cPublic\ndata\u00e2\u0080\u009d.</p>", "level": 0}, {"value": "<p><b>5/ Where is the data kept? </b></p>", "level": 0}, {"value": "<p>ANUMAN is a French company\nand the majority of the computer systems where it gathers, stores and uses data\nthat it collects or receives, are in France. We may also use storage centers\nsituated abroad.</p>", "level": 0}, {"value": "<p>Personal data about you may\nbe transferred, used, processed or held by ANUMAN in France and in other\ncountries, including countries other than your country of residence, whether\nthat should be in the European Union, in Asia, or elsewhere, and used for the\nrequirements presented in the present privacy policy.</p>", "level": 0}, {"value": "<p><b>6/ Verification and correction of data concerning you, mailing list\nopt-out requests and deactivation of your accounts. </b></p>", "level": 0}, {"value": "<p>In accordance with French\nlaw n\u00c2\u00b0 78-17 of January 6th, 1978, as amended by the Computing and Freedom Law\nn\u00c2\u00b0 2004-801 dated August 6, 2004, subject to you proving your identity, you\nhave the right to request that any personal information concerning you be\nrectified, completed, updated, blocked or deleted if this data is incorrect,\nincomplete, ambiguous or outdated or if the collection, use, communication or\nconservation of this data is not permitted.</p>", "level": 0}, {"value": "<p>You also hold the right to\noppose, with legitimate reasons, the processing of personal data concerning\nyou. Any opposition of this kind, however, will make it impossible for you to\nuse the service in question.</p>", "level": 0}, {"value": "<p>If you have given ANUMAN\naccess to your Facebook account details via an Anuman application, you may ask\nANUMAN to delete your Facebook data by contacting ANUMAN\u00e2\u0080\u0099s customer service by\ne-mail or postal letter and specifying the Facebook application used. You will\nnote that, once the data associated with a Facebook application is deleted, you\nwill no longer have access to this application.</p>", "level": 0}, {"value": "<p>The User may exercise the\nrights stated in the present article by sending a postal letter accompanied by\nproof of identity to the following address: ANUMAN INTERACTIVE, Informatique et\nLibert\u00c3\u00a9s, 66 rue Marceau 93100 Montreuil, FRANCE.</p>", "level": 0}, {"value": "<p><b>7/ A Special Note About Children </b></p>", "level": 0}, {"value": "<p>Many ANUMAN online or\nmobile applications and services are intended for general audiences and do not\nknowingly collect any personal information from children. When an ANUMAN online\nor mobile product or service does collect age information, and users identify\nthemselves as under 18, the product or service will either block such users\nfrom providing personal information, or will ensure consent is obtained from parents\nfor the collection, use and sharing of their children's personal information\n(name, email, phone number etc\u00e2\u0080\u00a6). ANUMAN will not knowingly ask children under\nthe age of 18 to provide more information than is reasonably necessary to\nprovide ANUMAN\u00e2\u0080\u0099s services.</p>", "level": 0}, {"value": "<p>Parents can change or\nrevoke the consent choices previously made, and review, edit or request the\ndeletion of their children's personal information by sending an email at the\nfollowing address : contact@anuman-interactive.com.</p>", "level": 0}, {"value": "<p>If we change this privacy\nstatement in a way that expands the collection, use or disclosure of children's\npersonal information to which a parent has previously consented, the parent\nwill be notified and we will be required to obtain the parent's additional\nconsent.</p>", "level": 0}, {"value": "<p>We encourage you to talk\nwith your children about communicating with strangers and disclosing personal\ninformation online.</p>", "level": 0}, {"value": "<p>Information collected is\nsecured in a manner consistent with this privacy policy. If we change how we\nhandle your child's information, we will notify you in a manner consistent with\nthis policy. Under no circumstances do we condition a child's participation in\nan activity\u00e2\u0080\u0094like contests\u00e2\u0080\u0094on the child's disclosure of more personal\ninformation than is reasonably necessary to participate in the activity. On\ncertain sites, we may not permit children to participate at all regardless of\nconsent.</p>", "level": 0}, {"value": "<p><b>8/ What does ANUMAN do to protect your personal data? </b></p>", "level": 0}, {"value": "<p>ANUMAN knows how important\nit is to keep data concerning you under high-security protection. ANUMAN will\ntherefore use commercially acceptable methods to protect your personal data and\nto guarantee the security of its systems.</p>", "level": 0}, {"value": "<p>When you enter financially\nsensitive information (for example, information relating to your credit card)\nin our forms, the transmission of the corresponding information is encrypted\nvia commercially reasonable verification methods.</p>", "level": 0}, {"value": "<p>However, no Internet\ntransmission method, nor any electronic storage method, is 100% safe. Therefore\nwe cannot guarantee that data about you will not be consulted, divulged,\nmodified or destroyed following violation of our physical, technical or\nmanagerial protection measures. Consequently, we decline all responsibility in\nthe case of non-authorized access to our servers and systems.</p>", "level": 0}], [{"value": "<p><b>9/ Public data, including user-generated content, online forums, blogs\nand profiles</b> </p>", "level": 1}, {"value": "<p>You may choose to\ncommunicate data about you publically when you post user content on ANUMAN\nsites or as part of ANUMAN games, or in our online discussion lounges, blogs,\ndiscussion platforms, user \"profiles\" that are visible to everyone or\nother analogue forums on our sites and/or on third party sites. Data\ncommunicated on any one of these forums is not encrypted and is public, ANUMAN\nemployees can have access to it and record it, and it is not covered by any\nconfidentiality or personal data protection.</p>", "level": 0}, {"value": "<p>You should be aware that\nany data that allows you to be identified personally that you have submitted as\npart of these public activities may be read, collected or used by the other\nusers of these forums and may be used to send unsolicited messages to you. We\ndecline all responsibility concerning personal data that you choose to divulge\nvoluntarily on any of these forums.</p>", "level": 0}, {"value": "<p>Please also note that, as\npart of your normal Internet activity, certain data may be sent from your\nbrowser to third parties, such as advertising networks and audience analysis\ncompanies. ANUMAN has no control over the data sent to these networks or other\nthird parties by your browser and recommends that you verify that your browser\nis set to prevent communication of data that you do not want to share.</p>", "level": 0}, {"value": "<p>If you publish a video,\nimage or photo that is visible to everyone on our sites, you must own all the\nrights relating to this content and be aware that this media may be seen,\ncollected, copied and/or used by other users without your permission. We\ndecline all responsibility concerning content, videos, images or photos that\nyou choose to post on ANUMAN's sites.</p>", "level": 0}, {"value": "<p><b>10/ Third party websites. </b></p>", "level": 0}, {"value": "<p>Our Internet site may\ncontain advertising or services containing links to other sites such as\nTwitter, Facebook and YouTube. The presence of a link to a third party site on\nour pages does not constitute in any way a guarantee or an authorization of the\nsite in question, nor a statement of affiliation to the site in question.</p>", "level": 0}, {"value": "<p>If you click on a link to a\nthird party site, including links contained in advertisements, you leave the\nANUMAN site that you are consulting to go to the site in question. As we cannot\ncontrol third party site activities, we decline all responsibility in the case\nof said third party sites\u00e2\u0080\u0099 use of personal data about you and we cannot\nguarantee that they adhere to the same practices as ANUMAN when it comes to\nconfidentiality and security.</p>", "level": 0}, {"value": "<p>We encourage you to consult\nthe privacy policies of all the other service providers you address. If you\nvisit a third party Internet site that is attached by a link to the ANUMAN\nsite, we recommend you consult this site\u00e2\u0080\u0099s privacy policy before providing any\npersonal data.</p>", "level": 0}, {"value": "<p><b>11/ Who can I contact? </b></p>", "level": 0}, {"value": "<p>If you have any questions\nor concerns about the present privacy policy, please contact our customer\nservices, preferably by e-mail at contact@anuman-interactive.com or by postal\nletter addressed to Anuman Interactive - Service Client Anuman - 66 Rue\nMarceau, 93\u00a0100 Montreuil France.</p>", "level": 0}, {"value": "<p><b>11/ Dispute settlement.</b></p>", "level": 0}, {"value": "<p>In the case of disputes\nconcerning or involving the use of the present site and/or one of ANUMAN\u00e2\u0080\u0099s\nonline or mobile applications or services, you accept that the dispute in\nquestion will be governed by French law and French tribunals, independently of\nany conflict with other legal provisions.</p>", "level": 0}, {"value": "<p>Any complaint must be\naddressed beforehand by the User to our customer services, preferably by e-mail\nsent to contact@anuman-interactive.com, or by postal letter addressed to Anuman\nInteractive - Service Client - 66 Rue Marceau, 93\u00a0100 Montreuil FRANCE.</p>", "level": 0}, {"value": "<p>The present General Terms\nand Conditions are governed, interpreted and applied in accordance with French\nlaw, and should be interpreted in the French language version if the meaning of\na term or provision in the present General Terms and Conditions is challenged.</p>", "level": 0}, {"value": "<p>The courts of competent\njurisdiction are those based in the city of Paris.</p>", "level": 0}, {"value": "<aside id=\"reseaux-sociaux\">\n<h3 class=\"title\">Social networks</h3>\n<div id=\"content-social\">\n<ul>\n<li>\n<div class=\"top-bloc clearfix\">\n<a class=\"avatar\" href=\"https://twitter.com/#!/Microids_off\" target=\"_blank\" title=\"\">\n<img alt=\"\" src=\"http://www.microids.com/data/img/feeds/4e46466ebb71b9b2544941599744717b.jpg\"/>\n</a>\n<div class=\"content-text\">\n                        And if we took the road again? In the mountains ?\n\n<a href=\"https://t.co/OUMeyqxiQ8\" target=\"_blank\">Gear.Club</a> Unlimited will be released at the end of\u00e2\u0080\u00a6 <a href=\"https://t.co/Wt0eyA4XpR\" target=\"_blank\">twitter.com/i/web/status/1\u00e2\u0080\u00a6</a>\n</div>\n</div>\n<div class=\"footer-bloc clearfix\">\n<span class=\"infos\">\n                        twitter12 09 to 18:03:00\n                    </span>\n<a href=\"https://twitter.com/#!/Microids_off/status/1039907236653330432/\" https:=\"\" target=\"_blank\" title=\"Share\">Share<span class=\"plus\"></span></a>\n</div>\n</li>\n<li>\n<div class=\"top-bloc clearfix\">\n<a class=\"avatar\" href=\"https://twitter.com/#!/Microids_off\" target=\"_blank\" title=\"\">\n<img alt=\"\" src=\"http://www.microids.com/data/img/feeds/4e46466ebb71b9b2544941599744717b.jpg\"/>\n</a>\n<div class=\"content-text\">\n                        Et si on reprenait la route ? En montagne ?\n\n<a href=\"https://t.co/OUMeyqxiQ8\" target=\"_blank\">Gear.Club</a> Unlimited sortira en fin d'ann\u00c3\u00a9e sur Nintendo\u00e2\u0080\u00a6 <a href=\"https://t.co/aiLrdh6F7e\" target=\"_blank\">twitter.com/i/web/status/1\u00e2\u0080\u00a6</a>\n</div>\n</div>\n<div class=\"footer-bloc clearfix\">\n<span class=\"infos\">\n                        twitter12 09 to 18:02:00\n                    </span>\n<a href=\"https://twitter.com/#!/Microids_off/status/1039906985058000896/\" https:=\"\" target=\"_blank\" title=\"Share\">Share<span class=\"plus\"></span></a>\n</div>\n</li>\n<li>\n<div class=\"top-bloc clearfix\">\n<a class=\"avatar\" href=\"http://www.facebook.com/microids\" target=\"_blank\" title=\"\">\n<img alt=\"\" src=\"http://www.microids.com/data/img/feeds/c62faf3076830a25a9915a9734b14f1b.jpg\"/>\n</a>\n<div class=\"content-text\">\n                        Et si on reprenait la route ? En montagne ?\n\nGear.Club Unlimited sortira en fin d'ann\u00c3\u00a9e sur Nintendo Switch exclusivement !\n                    </div>\n</div>\n<div class=\"footer-bloc clearfix\">\n<span class=\"infos\">\n                        facebook12 09 to 06:01:00\n                    </span>\n<a href=\"\" target=\"_blank\" title=\"Share\">Share<span class=\"plus\"></span></a>\n</div>\n</li>\n<li>\n<div class=\"top-bloc clearfix\">\n<a class=\"avatar\" href=\"https://twitter.com/#!/Microids_off\" target=\"_blank\" title=\"\">\n<img alt=\"\" src=\"http://www.microids.com/data/img/feeds/4e46466ebb71b9b2544941599744717b.jpg\"/>\n</a>\n<div class=\"content-text\">\n<a href=\"https://twitter.com/#!/Kibi_anims\" target=\"_blank\">@Kibi_anims</a> <a href=\"https://twitter.com/#!/Rainbow_Clarke\" target=\"_blank\">@Rainbow_Clarke</a> ?!?\n                    </div>\n</div>\n<div class=\"footer-bloc clearfix\">\n<span class=\"infos\">\n                        twitter10 09 to 19:39:24\n                    </span>\n<a href=\"https://twitter.com/#!/Microids_off/status/1039206722357927940/\" https:=\"\" target=\"_blank\" title=\"Share\">Share<span class=\"plus\"></span></a>\n</div>\n</li>\n<li>\n<div class=\"top-bloc clearfix\">\n<a class=\"avatar\" href=\"https://twitter.com/#!/Microids_off\" target=\"_blank\" title=\"\">\n<img alt=\"\" src=\"http://www.microids.com/data/img/feeds/4e46466ebb71b9b2544941599744717b.jpg\"/>\n</a>\n<div class=\"content-text\">\n<a href=\"https://twitter.com/#!/Mathjdu91\" target=\"_blank\">@Mathjdu91</a> Tr\u00c3\u00a8s bient\u00c3\u00b4t :)\n                    </div>\n</div>\n<div class=\"footer-bloc clearfix\">\n<span class=\"infos\">\n                        twitter10 09 to 19:39:02\n                    </span>\n<a href=\"https://twitter.com/#!/Microids_off/status/1039206628514574336/\" https:=\"\" target=\"_blank\" title=\"Share\">Share<span class=\"plus\"></span></a>\n</div>\n</li>\n<li>\n<div class=\"top-bloc clearfix\">\n<a class=\"avatar\" href=\"https://twitter.com/#!/Microids_off\" target=\"_blank\" title=\"\">\n<img alt=\"\" src=\"http://www.microids.com/data/img/feeds/4e46466ebb71b9b2544941599744717b.jpg\"/>\n</a>\n<div class=\"content-text with-pic\">\n                        Just ordinary day by LilithTE\n\u00f0\u009f\u008e\u00a8 <a href=\"https://t.co/0Xj830csXT\" target=\"_blank\">deviantart.com/lilithte/art/J\u00e2\u0080\u00a6</a>\n<a href=\"https://twitter.com/#!/search/AsterixObelix\" target=\"_blank\">#AsterixObelix</a> <a href=\"https://twitter.com/#!/search/FanArtFriday\" target=\"_blank\"></a><a href=\"https://twitter.com/#!/search/FanArt\" target=\"_blank\">#FanArt</a>Friday <a href=\"https://twitter.com/#!/search/FanArt\" target=\"_blank\">#FanArt</a> <a href=\"https://t.co/PNc7qAk7ak\" target=\"_blank\">pic.twitter.com/PNc7qAk7ak</a>\n</div>\n<span class=\"picture\"><img alt=\"\" src=\"http://www.microids.com/data/img/feeds/0f3b8655f430c038e106ca78b469834c.jpg\"/></span> </div>\n<div class=\"footer-bloc clearfix\">\n<span class=\"infos\">\n                        twitter07 09 to 18:03:00\n                    </span>\n<a href=\"https://twitter.com/#!/Microids_off/status/1038095297656840192/\" https:=\"\" target=\"_blank\" title=\"Share\">Share<span class=\"plus\"></span></a>\n</div>\n</li>\n<li>\n<div class=\"top-bloc clearfix\">\n<a class=\"avatar\" href=\"http://www.facebook.com/microids\" target=\"_blank\" title=\"\">\n<img alt=\"\" src=\"http://www.microids.com/data/img/feeds/c62faf3076830a25a9915a9734b14f1b.jpg\"/>\n</a>\n<div class=\"content-text\">\n                        Just ordinary day by LilithTE\n\u00f0\u009f\u008e\u00a8 https://www.deviantart.com/lilithte/art/Just-ordinary-day-340040968\n                    </div>\n</div>\n<div class=\"footer-bloc clearfix\">\n<span class=\"infos\">\n                        facebook07 09 to 18:02:00\n                    </span>\n<a href=\"\" target=\"_blank\" title=\"Share\">Share<span class=\"plus\"></span></a>\n</div>\n</li>\n<li>\n<div class=\"top-bloc clearfix\">\n<a class=\"avatar\" href=\"https://twitter.com/#!/Microids_off\" target=\"_blank\" title=\"\">\n<img alt=\"\" src=\"http://www.microids.com/data/img/feeds/4e46466ebb71b9b2544941599744717b.jpg\"/>\n</a>\n<div class=\"content-text\">\n<a href=\"https://twitter.com/#!/PhilippeDessoly\" target=\"_blank\">@PhilippeDessoly</a> <a href=\"https://twitter.com/#!/Mortipoil\" target=\"_blank\">@Mortipoil</a> Il s\u00e2\u0080\u0099agit pour le moment d\u00e2\u0080\u0099une exclusivit\u00c3\u00a9 Nintendo Switch :)\n                    </div>\n</div>\n<div class=\"footer-bloc clearfix\">\n<span class=\"infos\">\n                        twitter06 09 to 15:02:45\n                    </span>\n<a href=\"https://twitter.com/#!/Microids_off/status/1037687548594798592/\" https:=\"\" target=\"_blank\" title=\"Share\">Share<span class=\"plus\"></span></a>\n</div>\n</li>\n<li>\n<div class=\"top-bloc clearfix\">\n<a class=\"avatar\" href=\"https://twitter.com/#!/Microids_off\" target=\"_blank\" title=\"\">\n<img alt=\"\" src=\"http://www.microids.com/data/img/feeds/4e46466ebb71b9b2544941599744717b.jpg\"/>\n</a>\n<div class=\"content-text with-pic\">\n                        RT <a href=\"https://twitter.com/#!/alex_grave\" target=\"_blank\">@alex_grave</a>: Eagerly awaiting adding the third game to the collection \u00f0\u009f\u0098\u008a\u00f0\u009f\u0098\u008a <a href=\"https://twitter.com/#!/Microids_off\" target=\"_blank\">@Microids_off</a> <a href=\"https://twitter.com/#!/search/Syberia\" target=\"_blank\">#Syberia</a> <a href=\"https://t.co/3bPXa6DlTf\" target=\"_blank\">pic.twitter.com/3bPXa6DlTf</a>\n</div>\n<span class=\"picture\"><img alt=\"\" src=\"http://www.microids.com/data/img/feeds/89b117b593ce1ed7bde3a64de54aad71.jpg\"/></span> </div>\n<div class=\"footer-bloc clearfix\">\n<span class=\"infos\">\n                        twitter06 09 to 11:30:58\n                    </span>\n<a href=\"https://twitter.com/#!/Microids_off/status/1037634250890248193/\" https:=\"\" target=\"_blank\" title=\"Share\">Share<span class=\"plus\"></span></a>\n</div>\n</li>\n<li>\n<div class=\"top-bloc clearfix\">\n<a class=\"avatar\" href=\"https://twitter.com/#!/Microids_off\" target=\"_blank\" title=\"\">\n<img alt=\"\" src=\"http://www.microids.com/data/img/feeds/4e46466ebb71b9b2544941599744717b.jpg\"/>\n</a>\n<div class=\"content-text\">\n<a href=\"https://twitter.com/#!/Okrad064\" target=\"_blank\">@Okrad064</a> On esp\u00c3\u00a8re que vous aimez les jeux bien difficiles :3\n                    </div>\n</div>\n<div class=\"footer-bloc clearfix\">\n<span class=\"infos\">\n                        twitter06 09 to 11:30:41\n                    </span>\n<a href=\"https://twitter.com/#!/Microids_off/status/1037634182002950145/\" https:=\"\" target=\"_blank\" title=\"Share\">Share<span class=\"plus\"></span></a>\n</div>\n</li>\n<li>\n<div class=\"top-bloc clearfix\">\n<a class=\"avatar\" href=\"https://twitter.com/#!/Microids_off\" target=\"_blank\" title=\"\">\n<img alt=\"\" src=\"http://www.microids.com/data/img/feeds/4e46466ebb71b9b2544941599744717b.jpg\"/>\n</a>\n<div class=\"content-text\">\n<a href=\"https://twitter.com/#!/UnkleDark\" target=\"_blank\">@UnkleDark</a> <a href=\"https://twitter.com/#!/Rainbow_Clarke\" target=\"_blank\">@Rainbow_Clarke</a> Exclusivit\u00c3\u00a9 Switch.\n                    </div>\n</div>\n<div class=\"footer-bloc clearfix\">\n<span class=\"infos\">\n                        twitter06 09 to 11:30:15\n                    </span>\n<a href=\"https://twitter.com/#!/Microids_off/status/1037634070518423552/\" https:=\"\" target=\"_blank\" title=\"Share\">Share<span class=\"plus\"></span></a>\n</div>\n</li>\n<li>\n<div class=\"top-bloc clearfix\">\n<a class=\"avatar\" href=\"https://twitter.com/#!/Microids_off\" target=\"_blank\" title=\"\">\n<img alt=\"\" src=\"http://www.microids.com/data/img/feeds/4e46466ebb71b9b2544941599744717b.jpg\"/>\n</a>\n<div class=\"content-text\">\n<a href=\"https://twitter.com/#!/JPSwitchMania\" target=\"_blank\">@JPSwitchMania</a> <a href=\"https://twitter.com/#!/TechWizX\" target=\"_blank\">@TechWizX</a> Sorry :(\n                    </div>\n</div>\n<div class=\"footer-bloc clearfix\">\n<span class=\"infos\">\n                        twitter06 09 to 11:29:56\n                    </span>\n<a href=\"https://twitter.com/#!/Microids_off/status/1037633991082434560/\" https:=\"\" target=\"_blank\" title=\"Share\">Share<span class=\"plus\"></span></a>\n</div>\n</li>\n<li>\n<div class=\"top-bloc clearfix\">\n<a class=\"avatar\" href=\"http://www.facebook.com/microids\" target=\"_blank\" title=\"\">\n<img alt=\"\" src=\"http://www.microids.com/data/img/feeds/c62faf3076830a25a9915a9734b14f1b.jpg\"/>\n</a>\n<div class=\"content-text\">\n                        Avez-vous d\u00c3\u00a9j\u00c3\u00a0 pr\u00c3\u00a9command\u00c3\u00a9 l'\u00c3\u00a9dition Retrocollector de TOKI sur Nintendo Switch ? Elle contient ...\n\n\u00f0\u009f\u0099\u0088 TOKI sur Nintendo Switch\n\u00f0\u009f\u0099\u0089 Planches de Stikers\n\u00f0\u009f\u0099\u008a Des lithographies \n\u00f0\u009f\u0090\u00b5 Une BD exclusive\n\u00f0\u009f\u0090\u0092 Et surtout une borne d'arcade !\n\n\u00f0\u009f\u0093\u00b8 Rainbow_Clarke\n                    </div>\n</div>\n<div class=\"footer-bloc clearfix\">\n<span class=\"infos\">\n                        facebook05 09 to 18:45:35\n                    </span>\n<a href=\"\" target=\"_blank\" title=\"Share\">Share<span class=\"plus\"></span></a>\n</div>\n</li>\n</ul>\n</div>\n</aside>", "level": 0}], [{"value": "<h3 class=\"title\">Social networks</h3>", "level": 7}, {"value": "<div id=\"content-social\">\n<ul>\n<li>\n<div class=\"top-bloc clearfix\">\n<a class=\"avatar\" href=\"https://twitter.com/#!/Microids_off\" target=\"_blank\" title=\"\">\n<img alt=\"\" src=\"http://www.microids.com/data/img/feeds/4e46466ebb71b9b2544941599744717b.jpg\"/>\n</a>\n<div class=\"content-text\">\n                        And if we took the road again? In the mountains ?\n\n<a href=\"https://t.co/OUMeyqxiQ8\" target=\"_blank\">Gear.Club</a> Unlimited will be released at the end of\u00e2\u0080\u00a6 <a href=\"https://t.co/Wt0eyA4XpR\" target=\"_blank\">twitter.com/i/web/status/1\u00e2\u0080\u00a6</a>\n</div>\n</div>\n<div class=\"footer-bloc clearfix\">\n<span class=\"infos\">\n                        twitter12 09 to 18:03:00\n                    </span>\n<a href=\"https://twitter.com/#!/Microids_off/status/1039907236653330432/\" https:=\"\" target=\"_blank\" title=\"Share\">Share<span class=\"plus\"></span></a>\n</div>\n</li>\n<li>\n<div class=\"top-bloc clearfix\">\n<a class=\"avatar\" href=\"https://twitter.com/#!/Microids_off\" target=\"_blank\" title=\"\">\n<img alt=\"\" src=\"http://www.microids.com/data/img/feeds/4e46466ebb71b9b2544941599744717b.jpg\"/>\n</a>\n<div class=\"content-text\">\n                        Et si on reprenait la route ? En montagne ?\n\n<a href=\"https://t.co/OUMeyqxiQ8\" target=\"_blank\">Gear.Club</a> Unlimited sortira en fin d'ann\u00c3\u00a9e sur Nintendo\u00e2\u0080\u00a6 <a href=\"https://t.co/aiLrdh6F7e\" target=\"_blank\">twitter.com/i/web/status/1\u00e2\u0080\u00a6</a>\n</div>\n</div>\n<div class=\"footer-bloc clearfix\">\n<span class=\"infos\">\n                        twitter12 09 to 18:02:00\n                    </span>\n<a href=\"https://twitter.com/#!/Microids_off/status/1039906985058000896/\" https:=\"\" target=\"_blank\" title=\"Share\">Share<span class=\"plus\"></span></a>\n</div>\n</li>\n<li>\n<div class=\"top-bloc clearfix\">\n<a class=\"avatar\" href=\"http://www.facebook.com/microids\" target=\"_blank\" title=\"\">\n<img alt=\"\" src=\"http://www.microids.com/data/img/feeds/c62faf3076830a25a9915a9734b14f1b.jpg\"/>\n</a>\n<div class=\"content-text\">\n                        Et si on reprenait la route ? En montagne ?\n\nGear.Club Unlimited sortira en fin d'ann\u00c3\u00a9e sur Nintendo Switch exclusivement !\n                    </div>\n</div>\n<div class=\"footer-bloc clearfix\">\n<span class=\"infos\">\n                        facebook12 09 to 06:01:00\n                    </span>\n<a href=\"\" target=\"_blank\" title=\"Share\">Share<span class=\"plus\"></span></a>\n</div>\n</li>\n<li>\n<div class=\"top-bloc clearfix\">\n<a class=\"avatar\" href=\"https://twitter.com/#!/Microids_off\" target=\"_blank\" title=\"\">\n<img alt=\"\" src=\"http://www.microids.com/data/img/feeds/4e46466ebb71b9b2544941599744717b.jpg\"/>\n</a>\n<div class=\"content-text\">\n<a href=\"https://twitter.com/#!/Kibi_anims\" target=\"_blank\">@Kibi_anims</a> <a href=\"https://twitter.com/#!/Rainbow_Clarke\" target=\"_blank\">@Rainbow_Clarke</a> ?!?\n                    </div>\n</div>\n<div class=\"footer-bloc clearfix\">\n<span class=\"infos\">\n                        twitter10 09 to 19:39:24\n                    </span>\n<a href=\"https://twitter.com/#!/Microids_off/status/1039206722357927940/\" https:=\"\" target=\"_blank\" title=\"Share\">Share<span class=\"plus\"></span></a>\n</div>\n</li>\n<li>\n<div class=\"top-bloc clearfix\">\n<a class=\"avatar\" href=\"https://twitter.com/#!/Microids_off\" target=\"_blank\" title=\"\">\n<img alt=\"\" src=\"http://www.microids.com/data/img/feeds/4e46466ebb71b9b2544941599744717b.jpg\"/>\n</a>\n<div class=\"content-text\">\n<a href=\"https://twitter.com/#!/Mathjdu91\" target=\"_blank\">@Mathjdu91</a> Tr\u00c3\u00a8s bient\u00c3\u00b4t :)\n                    </div>\n</div>\n<div class=\"footer-bloc clearfix\">\n<span class=\"infos\">\n                        twitter10 09 to 19:39:02\n                    </span>\n<a href=\"https://twitter.com/#!/Microids_off/status/1039206628514574336/\" https:=\"\" target=\"_blank\" title=\"Share\">Share<span class=\"plus\"></span></a>\n</div>\n</li>\n<li>\n<div class=\"top-bloc clearfix\">\n<a class=\"avatar\" href=\"https://twitter.com/#!/Microids_off\" target=\"_blank\" title=\"\">\n<img alt=\"\" src=\"http://www.microids.com/data/img/feeds/4e46466ebb71b9b2544941599744717b.jpg\"/>\n</a>\n<div class=\"content-text with-pic\">\n                        Just ordinary day by LilithTE\n\u00f0\u009f\u008e\u00a8 <a href=\"https://t.co/0Xj830csXT\" target=\"_blank\">deviantart.com/lilithte/art/J\u00e2\u0080\u00a6</a>\n<a href=\"https://twitter.com/#!/search/AsterixObelix\" target=\"_blank\">#AsterixObelix</a> <a href=\"https://twitter.com/#!/search/FanArtFriday\" target=\"_blank\"></a><a href=\"https://twitter.com/#!/search/FanArt\" target=\"_blank\">#FanArt</a>Friday <a href=\"https://twitter.com/#!/search/FanArt\" target=\"_blank\">#FanArt</a> <a href=\"https://t.co/PNc7qAk7ak\" target=\"_blank\">pic.twitter.com/PNc7qAk7ak</a>\n</div>\n<span class=\"picture\"><img alt=\"\" src=\"http://www.microids.com/data/img/feeds/0f3b8655f430c038e106ca78b469834c.jpg\"/></span> </div>\n<div class=\"footer-bloc clearfix\">\n<span class=\"infos\">\n                        twitter07 09 to 18:03:00\n                    </span>\n<a href=\"https://twitter.com/#!/Microids_off/status/1038095297656840192/\" https:=\"\" target=\"_blank\" title=\"Share\">Share<span class=\"plus\"></span></a>\n</div>\n</li>\n<li>\n<div class=\"top-bloc clearfix\">\n<a class=\"avatar\" href=\"http://www.facebook.com/microids\" target=\"_blank\" title=\"\">\n<img alt=\"\" src=\"http://www.microids.com/data/img/feeds/c62faf3076830a25a9915a9734b14f1b.jpg\"/>\n</a>\n<div class=\"content-text\">\n                        Just ordinary day by LilithTE\n\u00f0\u009f\u008e\u00a8 https://www.deviantart.com/lilithte/art/Just-ordinary-day-340040968\n                    </div>\n</div>\n<div class=\"footer-bloc clearfix\">\n<span class=\"infos\">\n                        facebook07 09 to 18:02:00\n                    </span>\n<a href=\"\" target=\"_blank\" title=\"Share\">Share<span class=\"plus\"></span></a>\n</div>\n</li>\n<li>\n<div class=\"top-bloc clearfix\">\n<a class=\"avatar\" href=\"https://twitter.com/#!/Microids_off\" target=\"_blank\" title=\"\">\n<img alt=\"\" src=\"http://www.microids.com/data/img/feeds/4e46466ebb71b9b2544941599744717b.jpg\"/>\n</a>\n<div class=\"content-text\">\n<a href=\"https://twitter.com/#!/PhilippeDessoly\" target=\"_blank\">@PhilippeDessoly</a> <a href=\"https://twitter.com/#!/Mortipoil\" target=\"_blank\">@Mortipoil</a> Il s\u00e2\u0080\u0099agit pour le moment d\u00e2\u0080\u0099une exclusivit\u00c3\u00a9 Nintendo Switch :)\n                    </div>\n</div>\n<div class=\"footer-bloc clearfix\">\n<span class=\"infos\">\n                        twitter06 09 to 15:02:45\n                    </span>\n<a href=\"https://twitter.com/#!/Microids_off/status/1037687548594798592/\" https:=\"\" target=\"_blank\" title=\"Share\">Share<span class=\"plus\"></span></a>\n</div>\n</li>\n<li>\n<div class=\"top-bloc clearfix\">\n<a class=\"avatar\" href=\"https://twitter.com/#!/Microids_off\" target=\"_blank\" title=\"\">\n<img alt=\"\" src=\"http://www.microids.com/data/img/feeds/4e46466ebb71b9b2544941599744717b.jpg\"/>\n</a>\n<div class=\"content-text with-pic\">\n                        RT <a href=\"https://twitter.com/#!/alex_grave\" target=\"_blank\">@alex_grave</a>: Eagerly awaiting adding the third game to the collection \u00f0\u009f\u0098\u008a\u00f0\u009f\u0098\u008a <a href=\"https://twitter.com/#!/Microids_off\" target=\"_blank\">@Microids_off</a> <a href=\"https://twitter.com/#!/search/Syberia\" target=\"_blank\">#Syberia</a> <a href=\"https://t.co/3bPXa6DlTf\" target=\"_blank\">pic.twitter.com/3bPXa6DlTf</a>\n</div>\n<span class=\"picture\"><img alt=\"\" src=\"http://www.microids.com/data/img/feeds/89b117b593ce1ed7bde3a64de54aad71.jpg\"/></span> </div>\n<div class=\"footer-bloc clearfix\">\n<span class=\"infos\">\n                        twitter06 09 to 11:30:58\n                    </span>\n<a href=\"https://twitter.com/#!/Microids_off/status/1037634250890248193/\" https:=\"\" target=\"_blank\" title=\"Share\">Share<span class=\"plus\"></span></a>\n</div>\n</li>\n<li>\n<div class=\"top-bloc clearfix\">\n<a class=\"avatar\" href=\"https://twitter.com/#!/Microids_off\" target=\"_blank\" title=\"\">\n<img alt=\"\" src=\"http://www.microids.com/data/img/feeds/4e46466ebb71b9b2544941599744717b.jpg\"/>\n</a>\n<div class=\"content-text\">\n<a href=\"https://twitter.com/#!/Okrad064\" target=\"_blank\">@Okrad064</a> On esp\u00c3\u00a8re que vous aimez les jeux bien difficiles :3\n                    </div>\n</div>\n<div class=\"footer-bloc clearfix\">\n<span class=\"infos\">\n                        twitter06 09 to 11:30:41\n                    </span>\n<a href=\"https://twitter.com/#!/Microids_off/status/1037634182002950145/\" https:=\"\" target=\"_blank\" title=\"Share\">Share<span class=\"plus\"></span></a>\n</div>\n</li>\n<li>\n<div class=\"top-bloc clearfix\">\n<a class=\"avatar\" href=\"https://twitter.com/#!/Microids_off\" target=\"_blank\" title=\"\">\n<img alt=\"\" src=\"http://www.microids.com/data/img/feeds/4e46466ebb71b9b2544941599744717b.jpg\"/>\n</a>\n<div class=\"content-text\">\n<a href=\"https://twitter.com/#!/UnkleDark\" target=\"_blank\">@UnkleDark</a> <a href=\"https://twitter.com/#!/Rainbow_Clarke\" target=\"_blank\">@Rainbow_Clarke</a> Exclusivit\u00c3\u00a9 Switch.\n                    </div>\n</div>\n<div class=\"footer-bloc clearfix\">\n<span class=\"infos\">\n                        twitter06 09 to 11:30:15\n                    </span>\n<a href=\"https://twitter.com/#!/Microids_off/status/1037634070518423552/\" https:=\"\" target=\"_blank\" title=\"Share\">Share<span class=\"plus\"></span></a>\n</div>\n</li>\n<li>\n<div class=\"top-bloc clearfix\">\n<a class=\"avatar\" href=\"https://twitter.com/#!/Microids_off\" target=\"_blank\" title=\"\">\n<img alt=\"\" src=\"http://www.microids.com/data/img/feeds/4e46466ebb71b9b2544941599744717b.jpg\"/>\n</a>\n<div class=\"content-text\">\n<a href=\"https://twitter.com/#!/JPSwitchMania\" target=\"_blank\">@JPSwitchMania</a> <a href=\"https://twitter.com/#!/TechWizX\" target=\"_blank\">@TechWizX</a> Sorry :(\n                    </div>\n</div>\n<div class=\"footer-bloc clearfix\">\n<span class=\"infos\">\n                        twitter06 09 to 11:29:56\n                    </span>\n<a href=\"https://twitter.com/#!/Microids_off/status/1037633991082434560/\" https:=\"\" target=\"_blank\" title=\"Share\">Share<span class=\"plus\"></span></a>\n</div>\n</li>\n<li>\n<div class=\"top-bloc clearfix\">\n<a class=\"avatar\" href=\"http://www.facebook.com/microids\" target=\"_blank\" title=\"\">\n<img alt=\"\" src=\"http://www.microids.com/data/img/feeds/c62faf3076830a25a9915a9734b14f1b.jpg\"/>\n</a>\n<div class=\"content-text\">\n                        Avez-vous d\u00c3\u00a9j\u00c3\u00a0 pr\u00c3\u00a9command\u00c3\u00a9 l'\u00c3\u00a9dition Retrocollector de TOKI sur Nintendo Switch ? Elle contient ...\n\n\u00f0\u009f\u0099\u0088 TOKI sur Nintendo Switch\n\u00f0\u009f\u0099\u0089 Planches de Stikers\n\u00f0\u009f\u0099\u008a Des lithographies \n\u00f0\u009f\u0090\u00b5 Une BD exclusive\n\u00f0\u009f\u0090\u0092 Et surtout une borne d'arcade !\n\n\u00f0\u009f\u0093\u00b8 Rainbow_Clarke\n                    </div>\n</div>\n<div class=\"footer-bloc clearfix\">\n<span class=\"infos\">\n                        facebook05 09 to 18:45:35\n                    </span>\n<a href=\"\" target=\"_blank\" title=\"Share\">Share<span class=\"plus\"></span></a>\n</div>\n</li>\n</ul>\n</div>", "level": 0}, {"value": "<aside id=\"bloc-goodie\">\n<a href=\"/EN/goodies\" id=\"goodie\">\n<p><span class=\"cl-color trouvez\" id=\"\">FIND</span>WALLPAPERS, AVATARS\n            AND <span class=\"cl-color\">OTHER GOODIES</span>\n</p>\n<p id=\"jeux\">of your favorite games</p>\n<span class=\"title-footer\">GOODIES</span>\n</a>\n</aside>", "level": 0}], [{"value": "<h3>MORE INFO<hr class=\"hr-title\"/></h3>", "level": 7}, {"value": "<footer class=\"clearfix clear\" id=\"footer\">\n<div id=\"inner-footer\">\n<div class=\"inner-block clearfix\">\n<div class=\"clearfix\" id=\"menufooter\">\n<ul>\n<li class=\"rub\"><a href=\"/EN\">HOME</a></li>\n<li><a href=\"javascript:popup_newsletter('EN');\">NEWSLETTER</a></li>\n<li><a href=\"/EN/microids-club\">MICRO\u00c3\u008fDS CLUB</a></li>\n</ul>\n<ul class=\"class-ul\">\n<li class=\"rub\"><a href=\"/EN/news\" title=\"News\">News</a></li>\n<li class=\"rub\"><a href=\"/EN/store\" title=\"Catalog\">Catalog</a></li>\n<li class=\"rub\"><a href=\"/EN/multimedia\" title=\"Multimedia\">Multimedia</a></li>\n<li class=\"rub\"><a href=\"/EN/goodies\" title=\"Goodies\">Goodies</a></li>\n</ul>\n<ul class=\"class-ul\">\n<li class=\"rub\"><a href=\"/EN/community\" title=\"Community\">Community</a>\n<ul>\n<li class=\"rub\"><a href=\"/EN/community/contest\" title=\"Contest\">Contest</a></li>\n</ul>\n</li>\n</ul>\n<ul class=\"class-ul sites\">\n<li class=\"rub\">Dedicated Websites\n                           <ul>\n<li class=\"rub\"><a href=\"http://www.dracula.microids.com\" target=\"_blank\" title=\"Dracula\">Dracula</a></li>\n<li class=\"rub\"><a href=\"http://www.syberia.microids.com\" target=\"_blank\" title=\"Syberia\">Syberia</a></li>\n</ul>\n</li>\n</ul>\n<ul class=\"class-ul\"> <li class=\"rub\"><a href=\"/EN/company\">Company</a></li>\n<li class=\"rub\"><a href=\"/EN/press\">Press area</a></li>\n<li class=\"rub\"><a href=\"/EN/partners\">Partners</a></li>\n<li class=\"rub\"><a href=\"/EN/sitemap\">Sitemap</a></li>\n</ul>\n<ul class=\"last class-ul\">\n<li class=\"rub\"><a href=\"/EN/contact\">Contact us</a></li>\n<li class=\"rub\"><a href=\"/EN/terms-and-privacy\">Mentions l\u00c3\u00a9gales</a></li>\n</ul>\n<a href=\"http://www.anuman-interactive.com\" id=\"anuman\" target=\"_blank\" title=\"anuman\"><img alt=\"Micro\u00c3\u00afds\" src=\"http://www.microids.com/assets/img/img_2.png\"/></a>\n</div>\n<p class=\"center clearfix\">Any reproduction in whole or part, by any means whatsoever, of the pages on this website, without the authorization of the publisher or the Microids webmaster is unlawful and constitutes a forgery. Micro\u00c3\u00afds is committed to respect the confidentiality of personal data governed by the Law 78-17 of 6th January 1978.</p>\n<p class=\"center copyright clear\"><small>2014 \u00c2\u00a9 Micro\u00c3\u00afds</small></p>\n<p class=\"center\"><a href=\"/EN\"><img alt=\"Micro\u00c3\u00afds\" src=\"http://www.microids.com/assets/img/microids_footer.png\"/></a></p>\n</div>\n</div>\n</footer>", "level": 0}]]