[[{"value": "<h1 itemprop=\"url\" style=\"display:none;\"></h1>", "level": 9}, {"value": "<div class=\"nav-collapse collapse\">\n<ul class=\"nav\" id=\"menu-primary\" itemscope=\"\" itemtype=\"http://schema.org/SiteNavigationElement\">\n<li itemprop=\"name\"><a href=\"http://pzuh.blogspot.com/\" itemprop=\"url\">HOME</a></li>\n<li itemprop=\"name\"><a href=\"https://pzuh.blogspot.co.id/p/downloads.html\" itemprop=\"url\">2D GAME ASSETS</a></li>\n<li itemprop=\"name\"><a href=\"https://pzuh.blogspot.co.id/p/freebies.html\" itemprop=\"url\">FREEBIES</a></li>\n<!-- <li class='dropdown'><a class='dropdown-toggle' data-toggle='dropdown' href='#'>2D Game Assets<i class='fa fa-caret-down'/></a> <ul class='dropdown-menu'> <li itemprop='name'><a href='#' itemprop='url'>Full Width</a></li> <li itemprop='name'><a href='#' itemprop='url'>Right Sidebar</a></li> <li itemprop='name'><a href='#' itemprop='url'>Left Sidebar</a></li> <li itemprop='name'><a href='#' itemprop='url'>404 Page</a></li> </ul> </li>-->\n<li itemprop=\"name\"><a href=\"https://pzuh.blogspot.co.id/p/contact-me.html\" itemprop=\"url\">CONTACT ME</a></li>\n</ul>\n</div>", "level": 0}, {"value": "<div class=\"entry-content\"><h1 itemprop=\"name headline\">Unbalanced Platformer - Privacy Policy\n<div class=\"meta1\"><p><small>\n<span class=\"resp_del\"><i class=\"fa fa-clock-o\"></i>\n9:26 AM</span>\n<span>\n<i class=\"fa fa-tags\"></i>\n</span><i class=\"fa fa-comments\"></i>\n0 Comments</small></p></div>\n</h1><span itemprop=\"articleBody\"><div style=\"text-align: center;\">\nThis privacy policy governs your use of the software application Unbalanced Platformer (\u201cApplication\u201d) for mobile devices that was created by pzUH. The Application is a adventure game which is solely for entertainment purpose.</div>\n<div>\n<div style=\"text-align: center;\">\n<br/></div>\n<b></b><br/>\n<div style=\"text-align: center;\">\n<b>What information does the Application obtain and how is it used?</b></div>\n<div style=\"text-align: center;\">\n<b>User Provided Information</b></div>\n<div style=\"text-align: center;\">\nThe Application obtains the information you provide when you download and register the Application. Registration with us is optional. However, please keep in mind that you may not be able to use some of the features offered by the Application unless you register with us.</div>\n<div style=\"text-align: center;\">\n<br/></div>\n<div style=\"text-align: center;\">\nWhen you register with us and use the Application, you generally provide (a) your name, email address, age, user name, password and other registration information; (b) transaction-related information, such as when you make purchases, respond to any offers, or download or use applications from us; (c) information you provide us when you contact us for help; (d) credit card information for purchase and use of the Application, and; (e) information you enter into our system when using the Application, such as contact information and project management information.</div>\n<div style=\"text-align: center;\">\n<br/></div>\n<div style=\"text-align: center;\">\nWe may also use the information you provided us to contact your from time to time to provide you with important information, required notices and marketing promotions.</div>\n<div style=\"text-align: center;\">\n<br/></div>\n<div style=\"text-align: center;\">\n<br/></div>\n<b></b><br/>\n<div style=\"text-align: center;\">\n<b>Automatically Collected Information</b></div>\n<div style=\"text-align: center;\">\nIn addition, the Application may collect certain information automatically, including, but not limited to, the type of mobile device you use, your mobile devices unique device ID, the IP address of your mobile device, your mobile operating system, the type of mobile Internet browsers you use, and information about the way you use the Application.</div>\n<div style=\"text-align: center;\">\n<br/></div>\n<b></b><br/>\n<div style=\"text-align: center;\">\n<b>Does the Application collect precise real time location information of the device?</b></div>\n<div style=\"text-align: center;\">\nThis Application does not collect precise information about the location of your mobile device.</div>\n<div style=\"text-align: center;\">\nDo third parties see and/or have access to information obtained by the Application?</div>\n<div style=\"text-align: center;\">\n<br/></div>\n<div style=\"text-align: center;\">\nYes. We will share your information with third parties only in the ways that are described in this privacy statement.</div>\n<div style=\"text-align: center;\">\n<br/></div>\n<b></b><br/>\n<div style=\"text-align: center;\">\n<b>We may disclose User Provided and Automatically Collected Information:\u00a0</b></div>\n<div style=\"text-align: center;\">\nas required by law, such as to comply with a subpoena, or similar legal process;\u00a0</div>\n<div style=\"text-align: center;\">\n<br/></div>\n<div style=\"text-align: center;\">\nwhen we believe in good faith that disclosure is necessary to protect our rights, protect your safety or the safety of others, investigate fraud, or respond to a government request;\u00a0</div>\n<div style=\"text-align: center;\">\n<br/></div>\n<div style=\"text-align: center;\">\nwith our trusted services providers who work on our behalf, do not have an independent use of the information we disclose to them, and have agreed to adhere to the rules set forth in this privacy statement.\u00a0</div>\n<div style=\"text-align: center;\">\n<br/></div>\n<div style=\"text-align: center;\">\nif pzUH is involved in a merger, acquisition, or sale of all or a portion of its assets, you will be notified via email and/or a prominent notice on our Web site of any change in ownership or uses of this information, as well as any choices you may have regarding this information.\u00a0</div>\n<div style=\"text-align: center;\">\nto advertisers and third party advertising networks and analytics companies as described in the section below\u00a0</div>\n</div>\n<div style=\"text-align: center;\">\n<br/></div>\n<div>\n<div style=\"text-align: center;\">\n<br/></div>\n<b></b><br/>\n<div style=\"text-align: center;\">\n<b>Automatic Data Collection and Advertising</b></div>\n<div style=\"text-align: center;\">\nWe may work with analytics companies to help us understand how the Application is being used, such as the frequency and duration of usage. We work with advertisers and third party advertising networks, who need to know how you interact with advertising provided in the Application which helps us keep the cost of the Application free. Advertisers and advertising networks use some of the information collected by the Application, including, but not limited to, the unique identification ID of your mobile device and your mobile telephone number. To protect the anonymity of this information, we use an encryption technology to help ensure that these third parties can\u2019t identify you personally. These third parties may also obtain anonymous information about other applications you\u2019ve downloaded to your mobile device, the mobile websites you visit, your non-precise location information (e.g., your zip code), and other non- precise location information in order to help analyze and serve anonymous targeted advertising on the Application and elsewhere. We may also share encrypted versions of information you have provided in order to enable our partners to append other available information about you for analysis or advertising related use.</div>\n<div style=\"text-align: center;\">\n<br/></div>\n<div style=\"text-align: center;\">\nIf you\u2019d like to opt-out from third party use of this type of information to help serve targeted advertising, please visit the section entitled \u201cOpt-out\u201d below.</div>\n<div style=\"text-align: center;\">\nWhat are my opt-out rights?</div>\n<div style=\"text-align: center;\">\n<br/></div>\n<b></b><br/>\n<div style=\"text-align: center;\">\n<b>There are multiple opt-out options for users of this Application:</b></div>\n<b></b><br/>\n<div style=\"text-align: center;\">\nOpt-out of all information collection by uninstalling the Application: You can stop all collection of information by the Application easily by uninstalling the Application. You may use the standard uninstall processes as may be available as part of your mobile device or via the mobile application marketplace or network. You can also request to opt-out via email, at P_Zuh@yahoo.co.id.</div>\n<div style=\"text-align: center;\">\n<br/></div>\n<div style=\"text-align: center;\">\nOpt-out from the use of information to serve targeted advertising by advertisers and/or third party network advertisers: you may at any time opt-out from further allowing us to have access to your location data by turn off your location service via your device..</div>\n</div>\n<div style=\"text-align: center;\">\n<br/></div>\n<div>\n<div style=\"text-align: center;\">\n<br/></div>\n<b></b><br/>\n<div style=\"text-align: center;\">\n<b>Data Retention Policy, Managing Your Information</b></div>\n<div style=\"text-align: center;\">\nWe will retain User Provided data for as long as you use the Application and for a reasonable time thereafter. We will retain Automatically Collected information for up to 24 months and thereafter may store it in aggregate. If you\u2019d like us to delete User Provided Data that you have provided via the Application, please contact us at P_Zuh@yahoo.co.idand we will respond in a reasonable time. Please note that some or all of the User Provided Data may be required in order for the Application to function properly.</div>\n</div>\n<div style=\"text-align: center;\">\n<br/></div>\n<div>\n<div style=\"text-align: center;\">\n<br/></div>\n<b></b><br/>\n<div style=\"text-align: center;\">\n<b>Children</b></div>\n<div style=\"text-align: center;\">\nWe do not use the Application to knowingly solicit data from or market to children under the age of 13. If a parent or guardian becomes aware that his or her child has provided us with information without their consent, he or she should contact us at P_Zuh@yahoo.co.id. We will delete such information from our files within a reasonable time.</div>\n<div style=\"text-align: center;\">\n<br/></div>\n<div style=\"text-align: center;\">\n<br/></div>\n<b></b><br/>\n<div style=\"text-align: center;\">\n<b>Security</b></div>\n<div style=\"text-align: center;\">\nWe are concerned about safeguarding the confidentiality of your information. We provide physical, electronic, and procedural safeguards to protect information we process and maintain. For example, we limit access to this information to authorized employees and contractors who need to know that information in order to operate, develop or improve our Application. Please be aware that, although we endeavor provide reasonable security for information we process and maintain, no security system can prevent all potential security breaches.</div>\n</div>\n<div style=\"text-align: center;\">\n<br/></div>\n<div>\n<div style=\"text-align: center;\">\n<br/></div>\n<b></b><br/>\n<div style=\"text-align: center;\">\n<b>Changes</b></div>\n<div style=\"text-align: center;\">\nThis Privacy Policy may be updated from time to time for any reason. We will notify you of any changes to our Privacy Policy by posting the new Privacy Policy here:\u00a0<a href=\"http://pzuh.blogspot.co.id/p/unbalanced-platformer-privacy-policy.html\">http://pzuh.blogspot.co.id/p/unbalanced-platformer-privacy-policy.html</a>\u00a0and informing you via email or text message. You are advised to consult this Privacy Policy regularly for any changes, as continued use is deemed approval of all changes. You can check the history of this policy by clicking here:<a href=\"http://pzuh.blogspot.co.id/p/unbalanced-platformer-privacy-policy.html\">http://pzuh.blogspot.co.id/p/unbalanced-platformer-privacy-policy.html</a>.</div>\n</div>\n<div style=\"text-align: center;\">\n<br/></div>\n<div>\n<div style=\"text-align: center;\">\n<br/></div>\n<b></b><br/>\n<div style=\"text-align: center;\">\n<b>Your Consent</b></div>\n<div style=\"text-align: center;\">\nBy using the Application, you are consenting to our processing of your information as set forth in this Privacy Policy now and as amended by us. \"Processing,\u201d means using cookies on a computer/hand held device or using or touching information in any way, including, but not limited to, collecting, storing, deleting, using, combining and disclosing information, all of which activities will take place in the United States. If you reside outside the United States your information will be transferred, processed and stored there under United States privacy standards.</div>\n</div>\n<div style=\"text-align: center;\">\n<br/></div>\n<div>\n<div style=\"text-align: center;\">\n<br/></div>\n<b></b><br/>\n<div style=\"text-align: center;\">\n<b>Contact us</b></div>\n<div style=\"text-align: center;\">\nIf you have any questions regarding privacy while using the Application, or have questions about our practices, please contact us via email at P_Zuh@yahoo.co.id.<br/>\n<div>\n<br/></div>\n<div>\n</div>\n</div>\n</div>\n</span></div>", "level": 0}], [{"value": "<h1 itemprop=\"name headline\">Unbalanced Platformer - Privacy Policy\n<div class=\"meta1\"><p><small>\n<span class=\"resp_del\"><i class=\"fa fa-clock-o\"></i>\n9:26 AM</span>\n<span>\n<i class=\"fa fa-tags\"></i>\n</span><i class=\"fa fa-comments\"></i>\n0 Comments</small></p></div>\n</h1>", "level": 9}, {"value": "<div style=\"text-align: center;\">\nThis privacy policy governs your use of the software application Unbalanced Platformer (\u201cApplication\u201d) for mobile devices that was created by pzUH. The Application is a adventure game which is solely for entertainment purpose.</div>", "level": 0}], [{"value": "<div style=\"text-align: center;\">\n<b>What information does the Application obtain and how is it used?</b></div>", "level": 1}], [{"value": "<div style=\"text-align: center;\">\n<b>User Provided Information</b></div>", "level": 1}, {"value": "<div style=\"text-align: center;\">\nThe Application obtains the information you provide when you download and register the Application. Registration with us is optional. However, please keep in mind that you may not be able to use some of the features offered by the Application unless you register with us.</div>", "level": 0}, {"value": "<div style=\"text-align: center;\">\nWhen you register with us and use the Application, you generally provide (a) your name, email address, age, user name, password and other registration information; (b) transaction-related information, such as when you make purchases, respond to any offers, or download or use applications from us; (c) information you provide us when you contact us for help; (d) credit card information for purchase and use of the Application, and; (e) information you enter into our system when using the Application, such as contact information and project management information.</div>", "level": 0}, {"value": "<div style=\"text-align: center;\">\nWe may also use the information you provided us to contact your from time to time to provide you with important information, required notices and marketing promotions.</div>", "level": 0}], [{"value": "<div style=\"text-align: center;\">\n<b>Automatically Collected Information</b></div>", "level": 1}, {"value": "<div style=\"text-align: center;\">\nIn addition, the Application may collect certain information automatically, including, but not limited to, the type of mobile device you use, your mobile devices unique device ID, the IP address of your mobile device, your mobile operating system, the type of mobile Internet browsers you use, and information about the way you use the Application.</div>", "level": 0}, {"value": "<div style=\"text-align: center;\">\n<b>Does the Application collect precise real time location information of the device?</b></div>", "level": 0}, {"value": "<div style=\"text-align: center;\">\nThis Application does not collect precise information about the location of your mobile device.</div>", "level": 0}, {"value": "<div style=\"text-align: center;\">\nDo third parties see and/or have access to information obtained by the Application?</div>", "level": 0}, {"value": "<div style=\"text-align: center;\">\nYes. We will share your information with third parties only in the ways that are described in this privacy statement.</div>", "level": 0}, {"value": "<div style=\"text-align: center;\">\n<b>We may disclose User Provided and Automatically Collected Information:\u00a0</b></div>", "level": 0}, {"value": "<div style=\"text-align: center;\">\nas required by law, such as to comply with a subpoena, or similar legal process;\u00a0</div>", "level": 0}, {"value": "<div style=\"text-align: center;\">\nwhen we believe in good faith that disclosure is necessary to protect our rights, protect your safety or the safety of others, investigate fraud, or respond to a government request;\u00a0</div>", "level": 0}, {"value": "<div style=\"text-align: center;\">\nwith our trusted services providers who work on our behalf, do not have an independent use of the information we disclose to them, and have agreed to adhere to the rules set forth in this privacy statement.\u00a0</div>", "level": 0}, {"value": "<div style=\"text-align: center;\">\nif pzUH is involved in a merger, acquisition, or sale of all or a portion of its assets, you will be notified via email and/or a prominent notice on our Web site of any change in ownership or uses of this information, as well as any choices you may have regarding this information.\u00a0</div>", "level": 0}, {"value": "<div style=\"text-align: center;\">\nto advertisers and third party advertising networks and analytics companies as described in the section below\u00a0</div>", "level": 0}], [{"value": "<div style=\"text-align: center;\">\n<b>Automatic Data Collection and Advertising</b></div>", "level": 1}, {"value": "<div style=\"text-align: center;\">\nWe may work with analytics companies to help us understand how the Application is being used, such as the frequency and duration of usage. We work with advertisers and third party advertising networks, who need to know how you interact with advertising provided in the Application which helps us keep the cost of the Application free. Advertisers and advertising networks use some of the information collected by the Application, including, but not limited to, the unique identification ID of your mobile device and your mobile telephone number. To protect the anonymity of this information, we use an encryption technology to help ensure that these third parties can\u2019t identify you personally. These third parties may also obtain anonymous information about other applications you\u2019ve downloaded to your mobile device, the mobile websites you visit, your non-precise location information (e.g., your zip code), and other non- precise location information in order to help analyze and serve anonymous targeted advertising on the Application and elsewhere. We may also share encrypted versions of information you have provided in order to enable our partners to append other available information about you for analysis or advertising related use.</div>", "level": 0}, {"value": "<div style=\"text-align: center;\">\nIf you\u2019d like to opt-out from third party use of this type of information to help serve targeted advertising, please visit the section entitled \u201cOpt-out\u201d below.</div>", "level": 0}, {"value": "<div style=\"text-align: center;\">\nWhat are my opt-out rights?</div>", "level": 0}], [{"value": "<div style=\"text-align: center;\">\n<b>There are multiple opt-out options for users of this Application:</b></div>", "level": 1}, {"value": "<div style=\"text-align: center;\">\nOpt-out of all information collection by uninstalling the Application: You can stop all collection of information by the Application easily by uninstalling the Application. You may use the standard uninstall processes as may be available as part of your mobile device or via the mobile application marketplace or network. You can also request to opt-out via email, at P_Zuh@yahoo.co.id.</div>", "level": 0}, {"value": "<div style=\"text-align: center;\">\nOpt-out from the use of information to serve targeted advertising by advertisers and/or third party network advertisers: you may at any time opt-out from further allowing us to have access to your location data by turn off your location service via your device..</div>", "level": 0}], [{"value": "<div style=\"text-align: center;\">\n<b>Data Retention Policy, Managing Your Information</b></div>", "level": 1}, {"value": "<div style=\"text-align: center;\">\nWe will retain User Provided data for as long as you use the Application and for a reasonable time thereafter. We will retain Automatically Collected information for up to 24 months and thereafter may store it in aggregate. If you\u2019d like us to delete User Provided Data that you have provided via the Application, please contact us at P_Zuh@yahoo.co.idand we will respond in a reasonable time. Please note that some or all of the User Provided Data may be required in order for the Application to function properly.</div>", "level": 0}], [{"value": "<div style=\"text-align: center;\">\n<b>Children</b></div>", "level": 1}, {"value": "<div style=\"text-align: center;\">\nWe do not use the Application to knowingly solicit data from or market to children under the age of 13. If a parent or guardian becomes aware that his or her child has provided us with information without their consent, he or she should contact us at P_Zuh@yahoo.co.id. We will delete such information from our files within a reasonable time.</div>", "level": 0}], [{"value": "<div style=\"text-align: center;\">\n<b>Security</b></div>", "level": 1}, {"value": "<div style=\"text-align: center;\">\nWe are concerned about safeguarding the confidentiality of your information. We provide physical, electronic, and procedural safeguards to protect information we process and maintain. For example, we limit access to this information to authorized employees and contractors who need to know that information in order to operate, develop or improve our Application. Please be aware that, although we endeavor provide reasonable security for information we process and maintain, no security system can prevent all potential security breaches.</div>", "level": 0}], [{"value": "<div style=\"text-align: center;\">\n<b>Changes</b></div>", "level": 1}, {"value": "<div style=\"text-align: center;\">\nThis Privacy Policy may be updated from time to time for any reason. We will notify you of any changes to our Privacy Policy by posting the new Privacy Policy here:\u00a0<a href=\"http://pzuh.blogspot.co.id/p/unbalanced-platformer-privacy-policy.html\">http://pzuh.blogspot.co.id/p/unbalanced-platformer-privacy-policy.html</a>\u00a0and informing you via email or text message. You are advised to consult this Privacy Policy regularly for any changes, as continued use is deemed approval of all changes. You can check the history of this policy by clicking here:<a href=\"http://pzuh.blogspot.co.id/p/unbalanced-platformer-privacy-policy.html\">http://pzuh.blogspot.co.id/p/unbalanced-platformer-privacy-policy.html</a>.</div>", "level": 0}], [{"value": "<div style=\"text-align: center;\">\n<b>Your Consent</b></div>", "level": 1}, {"value": "<div style=\"text-align: center;\">\nBy using the Application, you are consenting to our processing of your information as set forth in this Privacy Policy now and as amended by us. \"Processing,\u201d means using cookies on a computer/hand held device or using or touching information in any way, including, but not limited to, collecting, storing, deleting, using, combining and disclosing information, all of which activities will take place in the United States. If you reside outside the United States your information will be transferred, processed and stored there under United States privacy standards.</div>", "level": 0}], [{"value": "<div style=\"text-align: center;\">\n<b>Contact us</b></div>", "level": 1}, {"value": "<div style=\"text-align: center;\">\nIf you have any questions regarding privacy while using the Application, or have questions about our practices, please contact us via email at P_Zuh@yahoo.co.id.<br/>\n<div>\n<br/></div>\n<div>\n</div>\n</div>", "level": 0}, {"value": "<div class=\"pull-right share-story-container\">\n<h4 class=\"muted\">Share story</h4>\n<ul class=\"share-story\">\n<li><a class=\"tips\" data-title=\"Facebook\" href=\"http://www.facebook.com/sharer.php?u=http://pzuh.blogspot.com/p/unbalanced-platformer-privacy-policy.html&amp;title=Unbalanced Platformer - Privacy Policy\" rel=\"nofollow\" target=\"_blank\"><i class=\"fa fa-facebook\"></i></a></li>\n<li><a class=\"tips\" data-title=\"Twitter\" href=\"http://twitter.com/share?url=http://pzuh.blogspot.com/p/unbalanced-platformer-privacy-policy.html&amp;title=Unbalanced Platformer - Privacy Policy\" rel=\"nofollow\" target=\"_blank\"><i class=\"fa fa-twitter\"></i></a></li>\n<li><a class=\"tips\" data-title=\"Google+\" href=\"https://plus.google.com/u/0/share?url=http://pzuh.blogspot.com/p/unbalanced-platformer-privacy-policy.html\" rel=\"nofollow\" target=\"_blank\"><i class=\"fa fa-google-plus\"></i></a></li>\n<li><a class=\"tips\" data-title=\"Reddit\" href=\"http://reddit.com/submit?&amp;url=http://pzuh.blogspot.com/p/unbalanced-platformer-privacy-policy.html&amp;title=Unbalanced Platformer - Privacy Policy\" rel=\"nofollow\" target=\"_blank\"><i class=\"fa fa-reddit\"></i></a></li>\n<li><a class=\"tips\" data-title=\"Linkedin\" href=\"#\"><i class=\"fa fa-linkedin\"></i></a></li>\n<li><a class=\"tips\" data-title=\"Delicious\" href=\"http://del.icio.us/post?url=http://pzuh.blogspot.com/p/unbalanced-platformer-privacy-policy.html&amp;title=Unbalanced Platformer - Privacy Policy\" rel=\"nofollow\" target=\"_blank\"><i class=\"fa fa-delicious\"></i></a></li>\n<li><a class=\"tips\" data-title=\"Email\" href=\"#\"><i class=\"fa fa-envelope-o\"></i></a></li>\n</ul>\n</div>", "level": 0}], [{"value": "<h4 class=\"muted\">Share story</h4>", "level": 6}], [{"value": "<h4>\n0\ncomments:\n        \n</h4>", "level": 6}], [{"value": "<h4><!--Can't find substitution for tag [post.backlinksLabel]--></h4>", "level": 6}, {"value": "<div class=\"blog-pager\" id=\"blog-pager\">\n<a class=\"home-link\" href=\"http://pzuh.blogspot.com/\">Home</a>\n</div>", "level": 0}, {"value": "<div class=\"blog-feeds\">\n<div class=\"feed-links\">\nSubscribe to:\n<a class=\"feed-link\" href=\"http://pzuh.blogspot.com/feeds/posts/default\" target=\"_blank\" type=\"application/atom+xml\">Posts (Atom)</a>\n</div>\n</div>", "level": 0}, {"value": "<style>\n.bl_search.nav-collapse.collapse {\npadding: 11px 14px 0px;\nbackground: #fff;\nbackground-color: #FFFFFF;\n-moz-border-radius: 1px 1px 1px 1px;\n-webkit-border-radius: 1px 1px 1px 1px;\nborder-radius: 1px 1px 1px 1px;\nbox-shadow: 0 0 0 1px rgba(0,0,0,0.05);\n}\n\n#side-bar div.nav-collapse input[type=\"text\"] {\n width: 96%; \nheight: 27px;\n\nbackground: none repeat scroll 0 0 #EFEFEF;\nborder-radius: 1px;\nbox-shadow: 0 0 0 1px rgba(0, 0, 0, 0.05);\nfont-size: 16px;\nborder: none;\npadding: 5px;\n}\n  </style>", "level": 0}, {"value": "<div class=\"bl_search nav-collapse collapse\">\n<form action=\"/search\" class=\"searchform\" id=\"searchform\" method=\"get\" role=\"search\">\n<div>\n<label class=\"screen-reader-text\" for=\"s\">Search for:</label>\n<input id=\"s\" name=\"q\" type=\"text\" value=\"\"/>\n</div>\n</form>\n</div>", "level": 0}], [{"value": "<h2>Categories</h2>", "level": 8}, {"value": "<div class=\"widget-content list-label-widget-content\">\n<ul>\n<li>\n<a dir=\"ltr\" href=\"http://pzuh.blogspot.com/search/label/Actionscript%203.0\">Actionscript 3.0</a>\n</li>\n<li>\n<a dir=\"ltr\" href=\"http://pzuh.blogspot.com/search/label/Artificial%20Intelligence\">Artificial Intelligence</a>\n</li>\n<li>\n<a dir=\"ltr\" href=\"http://pzuh.blogspot.com/search/label/Citrus%20Engine\">Citrus Engine</a>\n</li>\n<li>\n<a dir=\"ltr\" href=\"http://pzuh.blogspot.com/search/label/Design%20Pattern\">Design Pattern</a>\n</li>\n<li>\n<a dir=\"ltr\" href=\"http://pzuh.blogspot.com/search/label/Flash\">Flash</a>\n</li>\n<li>\n<a dir=\"ltr\" href=\"http://pzuh.blogspot.com/search/label/Games\">Games</a>\n</li>\n<li>\n<a dir=\"ltr\" href=\"http://pzuh.blogspot.com/search/label/other\">other</a>\n</li>\n<li>\n<a dir=\"ltr\" href=\"http://pzuh.blogspot.com/search/label/Post%20Mortem\">Post Mortem</a>\n</li>\n<li>\n<a dir=\"ltr\" href=\"http://pzuh.blogspot.com/search/label/Programming\">Programming</a>\n</li>\n<li>\n<a dir=\"ltr\" href=\"http://pzuh.blogspot.com/search/label/tools\">tools</a>\n</li>\n<li>\n<a dir=\"ltr\" href=\"http://pzuh.blogspot.com/search/label/tutorial\">tutorial</a>\n</li>\n</ul>\n<div class=\"clear\"></div>\n<span class=\"widget-item-control\">\n<span class=\"item-control blog-admin\">\n<a class=\"quickedit\" href=\"//www.blogger.com/rearrange?blogID=7187806368883279318&amp;widgetType=Label&amp;widgetId=Label1&amp;action=editWidget&amp;sectionId=sidebar\" onclick='return _WidgetManager._PopupConfig(document.getElementById(\"Label1\"));' target=\"configLabel1\" title=\"Edit\">\n<img alt=\"\" height=\"18\" src=\"https://resources.blogblog.com/img/icon18_wrench_allbkg.png\" width=\"18\"/>\n</a>\n</span>\n</span>\n<div class=\"clear\"></div>\n</div>", "level": 0}], [{"value": "<h2>Popular Posts</h2>", "level": 8}, {"value": "<div class=\"widget-content popular-posts\">\n<ul>\n<dd>\n<img alt=\"ActionScript 3.0: Finite State Machine\" height=\"50\" src=\"http://lh4.ggpht.com/-MeiMHn92BzU/Tn8R8H5skDI/AAAAAAAAAOA/zyTUgxKR_Ug/s72-c/pac-man_t-shirt5.jpg?imgmax=800\" width=\"50\"/>\n<a href=\"http://pzuh.blogspot.com/2011/09/actionscript-30-finite-state-machine.html\" rel=\"bookmark\" title=\" siapin kopi dulu, this is gonna be long article\u00e2\u0080\u00a6..     1. Pendahuluan   Finite State Machine pada dasarnya adalah melakukan pemecahan behav...\">ActionScript 3.0: Finite State Machine</a>\n<div style=\"clear: both;\"></div>\n</dd>\n<dd>\n<img alt=\"Citrus Engine: Creating Level using Tiled Map Editor\" height=\"50\" src=\"http://3.bp.blogspot.com/-kTUzjNNNjYI/UYvMfdKNZ7I/AAAAAAAABC0/8l3l5e9paZ8/s72-c/citrus-tiled.png\" width=\"50\"/>\n<a href=\"http://pzuh.blogspot.com/2013/05/citrus-engine-creating-level-using.html\" rel=\"bookmark\" title=\" Been using Citrus Engine for my several projects, but I never used any level editors, even if it\u00e2\u0080\u0099s possible to use Flash Pro as level edito...\">Citrus Engine: Creating Level using Tiled Map Editor</a>\n<div style=\"clear: both;\"></div>\n</dd>\n<dd>\n<img alt=\"Shotgun vs Zombies: A Post Mortem\" height=\"50\" src=\"http://lh3.ggpht.com/-PmoDdUsEUUw/UXD2VA5a3cI/AAAAAAAAA8w/auuosK_B7AE/s72-c/Title5.png?imgmax=800\" width=\"50\"/>\n<a href=\"http://pzuh.blogspot.com/2013/04/shotgun-vs-zombies-post-mortem.html\" rel=\"bookmark\" title=\"It\u00e2\u0080\u0099s been a long time since I wrote my last article here, so it would be better to keep the blog running by writing some new articles.  And,...\">Shotgun vs Zombies: A Post Mortem</a>\n<div style=\"clear: both;\"></div>\n</dd>\n<dd>\n<img alt=\"Citrus Engine + Dragon Bones: The Cyborg\" height=\"50\" src=\"http://lh5.ggpht.com/-7vuXgqCsDoM/VDusicpYRPI/AAAAAAAAB24/hYu999J8pN0/s72-c/DB2%25255B3%25255D.png?imgmax=800\" width=\"50\"/>\n<a href=\"http://pzuh.blogspot.com/2014/10/citrus-engine-dragon-bones-cyborg.html\" rel=\"bookmark\" title=\"  As you know that Citrus Engine and Starling seems to be officially support Dragon Bones  as their main skeletal animation library. It\u00e2\u0080\u0099s Dr...\">Citrus Engine + Dragon Bones: The Cyborg</a>\n<div style=\"clear: both;\"></div>\n</dd>\n<dd>\n<img alt=\"I'm Back!!\" height=\"50\" src=\"https://lh3.googleusercontent.com/-p_8kDwa0msY/WcILVgGaLCI/AAAAAAAADP8/4VCPm0J3HA4_bfhZkisb7i-mf83edWjYACHMYCw/s72-c/I%2527mback_thumb?imgmax=800\" width=\"50\"/>\n<a href=\"http://pzuh.blogspot.com/2017/09/hello-there-phew-it-was-quite-long-time.html\" rel=\"bookmark\" title=\"Hello there,    Phew\u00e2\u0080\u00a6 It was quite a long time since I touch my blog again. Something like 3 years or a little bit more. My latest post is d...\">I'm Back!!</a>\n<div style=\"clear: both;\"></div>\n</dd>\n</ul>\n</div>", "level": 0}], [{"value": "<h2>Archive</h2>", "level": 8}, {"value": "<div class=\"widget-content\">\n<div id=\"ArchiveList\">\n<div id=\"BlogArchive1_ArchiveList\">\n<ul class=\"hierarchy\">\n<li class=\"archivedate expanded\">\n<a class=\"toggle\" href=\"javascript:void(0)\">\n<span class=\"zippy toggle-open\">\n\n        \u25bc\u00a0\n      \n</span>\n</a>\n<a class=\"post-count-link\" href=\"http://pzuh.blogspot.com/2017/\">\n2017\n</a>\n<span class=\"post-count\" dir=\"ltr\">(1)</span>\n<ul class=\"hierarchy\">\n<li class=\"archivedate expanded\">\n<a class=\"toggle\" href=\"javascript:void(0)\">\n<span class=\"zippy toggle-open\">\n\n        \u25bc\u00a0\n      \n</span>\n</a>\n<a class=\"post-count-link\" href=\"http://pzuh.blogspot.com/2017/09/\">\nSeptember\n</a>\n<span class=\"post-count\" dir=\"ltr\">(1)</span>\n<ul class=\"posts\">\n<li><a href=\"http://pzuh.blogspot.com/2017/09/hello-there-phew-it-was-quite-long-time.html\">I'm Back!!</a></li>\n</ul>\n</li>\n</ul>\n</li>\n</ul>\n<ul class=\"hierarchy\">\n<li class=\"archivedate collapsed\">\n<a class=\"toggle\" href=\"javascript:void(0)\">\n<span class=\"zippy\">\n\n        \u25ba\u00a0\n      \n</span>\n</a>\n<a class=\"post-count-link\" href=\"http://pzuh.blogspot.com/2014/\">\n2014\n</a>\n<span class=\"post-count\" dir=\"ltr\">(4)</span>\n<ul class=\"hierarchy\">\n<li class=\"archivedate collapsed\">\n<a class=\"toggle\" href=\"javascript:void(0)\">\n<span class=\"zippy\">\n\n        \u25ba\u00a0\n      \n</span>\n</a>\n<a class=\"post-count-link\" href=\"http://pzuh.blogspot.com/2014/10/\">\nOctober\n</a>\n<span class=\"post-count\" dir=\"ltr\">(1)</span>\n</li>\n</ul>\n<ul class=\"hierarchy\">\n<li class=\"archivedate collapsed\">\n<a class=\"toggle\" href=\"javascript:void(0)\">\n<span class=\"zippy\">\n\n        \u25ba\u00a0\n      \n</span>\n</a>\n<a class=\"post-count-link\" href=\"http://pzuh.blogspot.com/2014/08/\">\nAugust\n</a>\n<span class=\"post-count\" dir=\"ltr\">(1)</span>\n</li>\n</ul>\n<ul class=\"hierarchy\">\n<li class=\"archivedate collapsed\">\n<a class=\"toggle\" href=\"javascript:void(0)\">\n<span class=\"zippy\">\n\n        \u25ba\u00a0\n      \n</span>\n</a>\n<a class=\"post-count-link\" href=\"http://pzuh.blogspot.com/2014/03/\">\nMarch\n</a>\n<span class=\"post-count\" dir=\"ltr\">(2)</span>\n</li>\n</ul>\n</li>\n</ul>\n<ul class=\"hierarchy\">\n<li class=\"archivedate collapsed\">\n<a class=\"toggle\" href=\"javascript:void(0)\">\n<span class=\"zippy\">\n\n        \u25ba\u00a0\n      \n</span>\n</a>\n<a class=\"post-count-link\" href=\"http://pzuh.blogspot.com/2013/\">\n2013\n</a>\n<span class=\"post-count\" dir=\"ltr\">(4)</span>\n<ul class=\"hierarchy\">\n<li class=\"archivedate collapsed\">\n<a class=\"toggle\" href=\"javascript:void(0)\">\n<span class=\"zippy\">\n\n        \u25ba\u00a0\n      \n</span>\n</a>\n<a class=\"post-count-link\" href=\"http://pzuh.blogspot.com/2013/12/\">\nDecember\n</a>\n<span class=\"post-count\" dir=\"ltr\">(2)</span>\n</li>\n</ul>\n<ul class=\"hierarchy\">\n<li class=\"archivedate collapsed\">\n<a class=\"toggle\" href=\"javascript:void(0)\">\n<span class=\"zippy\">\n\n        \u25ba\u00a0\n      \n</span>\n</a>\n<a class=\"post-count-link\" href=\"http://pzuh.blogspot.com/2013/05/\">\nMay\n</a>\n<span class=\"post-count\" dir=\"ltr\">(1)</span>\n</li>\n</ul>\n<ul class=\"hierarchy\">\n<li class=\"archivedate collapsed\">\n<a class=\"toggle\" href=\"javascript:void(0)\">\n<span class=\"zippy\">\n\n        \u25ba\u00a0\n      \n</span>\n</a>\n<a class=\"post-count-link\" href=\"http://pzuh.blogspot.com/2013/04/\">\nApril\n</a>\n<span class=\"post-count\" dir=\"ltr\">(1)</span>\n</li>\n</ul>\n</li>\n</ul>\n<ul class=\"hierarchy\">\n<li class=\"archivedate collapsed\">\n<a class=\"toggle\" href=\"javascript:void(0)\">\n<span class=\"zippy\">\n\n        \u25ba\u00a0\n      \n</span>\n</a>\n<a class=\"post-count-link\" href=\"http://pzuh.blogspot.com/2012/\">\n2012\n</a>\n<span class=\"post-count\" dir=\"ltr\">(8)</span>\n<ul class=\"hierarchy\">\n<li class=\"archivedate collapsed\">\n<a class=\"toggle\" href=\"javascript:void(0)\">\n<span class=\"zippy\">\n\n        \u25ba\u00a0\n      \n</span>\n</a>\n<a class=\"post-count-link\" href=\"http://pzuh.blogspot.com/2012/11/\">\nNovember\n</a>\n<span class=\"post-count\" dir=\"ltr\">(1)</span>\n</li>\n</ul>\n<ul class=\"hierarchy\">\n<li class=\"archivedate collapsed\">\n<a class=\"toggle\" href=\"javascript:void(0)\">\n<span class=\"zippy\">\n\n        \u25ba\u00a0\n      \n</span>\n</a>\n<a class=\"post-count-link\" href=\"http://pzuh.blogspot.com/2012/10/\">\nOctober\n</a>\n<span class=\"post-count\" dir=\"ltr\">(3)</span>\n</li>\n</ul>\n<ul class=\"hierarchy\">\n<li class=\"archivedate collapsed\">\n<a class=\"toggle\" href=\"javascript:void(0)\">\n<span class=\"zippy\">\n\n        \u25ba\u00a0\n      \n</span>\n</a>\n<a class=\"post-count-link\" href=\"http://pzuh.blogspot.com/2012/06/\">\nJune\n</a>\n<span class=\"post-count\" dir=\"ltr\">(2)</span>\n</li>\n</ul>\n<ul class=\"hierarchy\">\n<li class=\"archivedate collapsed\">\n<a class=\"toggle\" href=\"javascript:void(0)\">\n<span class=\"zippy\">\n\n        \u25ba\u00a0\n      \n</span>\n</a>\n<a class=\"post-count-link\" href=\"http://pzuh.blogspot.com/2012/03/\">\nMarch\n</a>\n<span class=\"post-count\" dir=\"ltr\">(1)</span>\n</li>\n</ul>\n<ul class=\"hierarchy\">\n<li class=\"archivedate collapsed\">\n<a class=\"toggle\" href=\"javascript:void(0)\">\n<span class=\"zippy\">\n\n        \u25ba\u00a0\n      \n</span>\n</a>\n<a class=\"post-count-link\" href=\"http://pzuh.blogspot.com/2012/02/\">\nFebruary\n</a>\n<span class=\"post-count\" dir=\"ltr\">(1)</span>\n</li>\n</ul>\n</li>\n</ul>\n<ul class=\"hierarchy\">\n<li class=\"archivedate collapsed\">\n<a class=\"toggle\" href=\"javascript:void(0)\">\n<span class=\"zippy\">\n\n        \u25ba\u00a0\n      \n</span>\n</a>\n<a class=\"post-count-link\" href=\"http://pzuh.blogspot.com/2011/\">\n2011\n</a>\n<span class=\"post-count\" dir=\"ltr\">(11)</span>\n<ul class=\"hierarchy\">\n<li class=\"archivedate collapsed\">\n<a class=\"toggle\" href=\"javascript:void(0)\">\n<span class=\"zippy\">\n\n        \u25ba\u00a0\n      \n</span>\n</a>\n<a class=\"post-count-link\" href=\"http://pzuh.blogspot.com/2011/12/\">\nDecember\n</a>\n<span class=\"post-count\" dir=\"ltr\">(1)</span>\n</li>\n</ul>\n<ul class=\"hierarchy\">\n<li class=\"archivedate collapsed\">\n<a class=\"toggle\" href=\"javascript:void(0)\">\n<span class=\"zippy\">\n\n        \u25ba\u00a0\n      \n</span>\n</a>\n<a class=\"post-count-link\" href=\"http://pzuh.blogspot.com/2011/11/\">\nNovember\n</a>\n<span class=\"post-count\" dir=\"ltr\">(1)</span>\n</li>\n</ul>\n<ul class=\"hierarchy\">\n<li class=\"archivedate collapsed\">\n<a class=\"toggle\" href=\"javascript:void(0)\">\n<span class=\"zippy\">\n\n        \u25ba\u00a0\n      \n</span>\n</a>\n<a class=\"post-count-link\" href=\"http://pzuh.blogspot.com/2011/10/\">\nOctober\n</a>\n<span class=\"post-count\" dir=\"ltr\">(3)</span>\n</li>\n</ul>\n<ul class=\"hierarchy\">\n<li class=\"archivedate collapsed\">\n<a class=\"toggle\" href=\"javascript:void(0)\">\n<span class=\"zippy\">\n\n        \u25ba\u00a0\n      \n</span>\n</a>\n<a class=\"post-count-link\" href=\"http://pzuh.blogspot.com/2011/09/\">\nSeptember\n</a>\n<span class=\"post-count\" dir=\"ltr\">(6)</span>\n</li>\n</ul>\n</li>\n</ul>\n</div>\n</div>\n<div class=\"clear\"></div>\n<span class=\"widget-item-control\">\n<span class=\"item-control blog-admin\">\n<a class=\"quickedit\" href=\"//www.blogger.com/rearrange?blogID=7187806368883279318&amp;widgetType=BlogArchive&amp;widgetId=BlogArchive1&amp;action=editWidget&amp;sectionId=sidebar\" onclick='return _WidgetManager._PopupConfig(document.getElementById(\"BlogArchive1\"));' target=\"configBlogArchive1\" title=\"Edit\">\n<img alt=\"\" height=\"18\" src=\"https://resources.blogblog.com/img/icon18_wrench_allbkg.png\" width=\"18\"/>\n</a>\n</span>\n</span>\n<div class=\"clear\"></div>\n</div>", "level": 0}], [{"value": "<h2 class=\"title\">About Me</h2>", "level": 8}, {"value": "<div class=\"widget-content\">\nHello there, <div><br/><div>Here is Zuhria A. Freelance game artist. Lone-wolf &amp; occasional indie game developer. Lazy blogger. As well as professional procrastinator.</div><div><br/></div><div>Welcome to my blog, where you can find any useful resources about game development and game arts. And some not-so-useful junk. :p</div><div><br/></div></div>\n</div>", "level": 0}, {"value": "<div class=\"widget LinkList\" data-version=\"1\" id=\"LinkList1\">\n<h2>Useful Links</h2>\n<div class=\"widget-content\">\n<ul>\n<li><a href=\"https://pzuh.blogspot.co.id/\">Home</a></li>\n<li><a href=\"https://pzuh.blogspot.co.id/p/contact-me.html\">Contact Me</a></li>\n<li><a href=\"http://gameart2d.com\">2D Game Assets</a></li>\n<li><a href=\"http://http://www.gameart2d.com/freebies.html\">Free Game Assets</a></li>\n</ul>\n<div class=\"clear\"></div>\n<span class=\"widget-item-control\">\n<span class=\"item-control blog-admin\">\n<a class=\"quickedit\" href=\"//www.blogger.com/rearrange?blogID=7187806368883279318&amp;widgetType=LinkList&amp;widgetId=LinkList1&amp;action=editWidget&amp;sectionId=column2\" onclick='return _WidgetManager._PopupConfig(document.getElementById(\"LinkList1\"));' target=\"configLinkList1\" title=\"Edit\">\n<img alt=\"\" height=\"18\" src=\"https://resources.blogblog.com/img/icon18_wrench_allbkg.png\" width=\"18\"/>\n</a>\n</span>\n</span>\n<div class=\"clear\"></div>\n</div>\n</div>", "level": 0}], [{"value": "<h2>Useful Links</h2>", "level": 8}, {"value": "<div class=\"widget-content\">\n<ul>\n<li><a href=\"https://pzuh.blogspot.co.id/\">Home</a></li>\n<li><a href=\"https://pzuh.blogspot.co.id/p/contact-me.html\">Contact Me</a></li>\n<li><a href=\"http://gameart2d.com\">2D Game Assets</a></li>\n<li><a href=\"http://http://www.gameart2d.com/freebies.html\">Free Game Assets</a></li>\n</ul>\n<div class=\"clear\"></div>\n<span class=\"widget-item-control\">\n<span class=\"item-control blog-admin\">\n<a class=\"quickedit\" href=\"//www.blogger.com/rearrange?blogID=7187806368883279318&amp;widgetType=LinkList&amp;widgetId=LinkList1&amp;action=editWidget&amp;sectionId=column2\" onclick='return _WidgetManager._PopupConfig(document.getElementById(\"LinkList1\"));' target=\"configLinkList1\" title=\"Edit\">\n<img alt=\"\" height=\"18\" src=\"https://resources.blogblog.com/img/icon18_wrench_allbkg.png\" width=\"18\"/>\n</a>\n</span>\n</span>\n<div class=\"clear\"></div>\n</div>", "level": 0}], [{"value": "<h2 class=\"title\">Follow Me</h2>", "level": 8}, {"value": "<div class=\"span4 bl_newsletter section\" id=\"column3\"><div class=\"widget HTML\" data-version=\"1\" id=\"HTML2\">\n<div class=\"widget-content\">\n<a class=\"twitter-timeline\" data-height=\"300\" data-theme=\"dark\" href=\"https://twitter.com/pzUH\">Tweets by pzUH</a> \n</div>\n<div class=\"clear\"></div>\n<span class=\"widget-item-control\">\n<span class=\"item-control blog-admin\">\n<a class=\"quickedit\" href=\"//www.blogger.com/rearrange?blogID=7187806368883279318&amp;widgetType=HTML&amp;widgetId=HTML2&amp;action=editWidget&amp;sectionId=column3\" onclick='return _WidgetManager._PopupConfig(document.getElementById(\"HTML2\"));' target=\"configHTML2\" title=\"Edit\">\n<img alt=\"\" height=\"18\" src=\"https://resources.blogblog.com/img/icon18_wrench_allbkg.png\" width=\"18\"/>\n</a>\n</span>\n</span>\n<div class=\"clear\"></div>\n</div></div>", "level": 0}, {"value": "<div class=\"footer\" id=\"footer\" itemscope=\"itemscope\" itemtype=\"http://schema.org/WPFooter\">\n<div class=\"container1 clearfix\">\n<div class=\"go-top\">\n<a href=\"#\"><i class=\"fa fa-angle-up\"></i></a>\n</div>\n<p>Copyright 2017 pzUH.  Template By <a href=\"http://waytemplates.blogspot.com/\" id=\"sd\" title=\"Blogger Templates\">Way Templates</a>\n</p>\n</div>\n</div>", "level": 0}]]