[[{"value": "<h1>PRIVACY POLICY</h1>", "level": 9}, {"value": "<div class=\"last-modified\">(Last modified on February 14, 2017)</div>", "level": 0}], [{"value": "<h2>Introduction, Definitions and Acceptance</h2>", "level": 8}, {"value": "<p>\n        Welcome to the TaoMix Application and inookta Website. We hope you enjoy your use of our Services. This Privacy Policy (the \u00e2\u0080\u009c<span class=\"b\">Policy</span>\u00e2\u0080\u009d) covers several different situations, so please refer to the following definitions for clarification:\n        </p>", "level": 0}, {"value": "<p>\n        \u00e2\u0080\u009c<span class=\"b\">Application</span>\u00e2\u0080\u009d refers to TaoMix, a free app for Android developed and owned by inookta. Application also includes any Application updates and upgrades that inookta may provide to you or make available to you, or that you obtain after the date you obtain your initial copy of the Application, to the extent that such items are not accompanied by a separate Privacy Policy.\n        </p>", "level": 0}, {"value": "<p>\n        \u00e2\u0080\u009c<span class=\"b\">Device</span>\u00e2\u0080\u009d refers to the handheld or tablet device onto which you downloaded the Application and are using the Services.\n        </p>", "level": 0}, {"value": "<p>\n        \u00e2\u0080\u009c<span class=\"b\">inookta</span>\u00e2\u0080\u009d refers to inookta studio inc., a duly incorporated company in the province of Quebec, Canada. Where the present TOU refers to \u00e2\u0080\u009cinookta\u00e2\u0080\u009d, it may refer to inookta or its employees, officers, directors, subcontractors, agents or representatives, depending on the context. Any reference to \u00e2\u0080\u009c<span class=\"b\">we</span>\u00e2\u0080\u009d, \u00e2\u0080\u009c<span class=\"b\">our</span>\u00e2\u0080\u009d, or \u00e2\u0080\u009c<span class=\"b\">us</span>\u00e2\u0080\u009d in this Policy shall also refer to inookta. inookta\u00e2\u0080\u0099s affiliates and subsidiaries, and all of our and their respective shareholders, officers, directors, employees, agents, partners, principals, representatives, successors and assigns may be collectively referred to as \u00e2\u0080\u009c<span class=\"b\">Representatives</span>\u00e2\u0080\u009d. In this Policy, a Website visitor or Services user may be referred to as \u00e2\u0080\u009c<span class=\"b\">you</span>\u00e2\u0080\u009d.\n        </p>", "level": 0}, {"value": "<p>\n        \u00e2\u0080\u009c<span class=\"b\">Services</span>\u00e2\u0080\u009d are the software services that inookta has developed to allow you to create and explore Soundscapes. The Services are generally available through the Application, although certain functions are available on the Website.\n        </p>", "level": 0}, {"value": "<p>\n        \u00e2\u0080\u009c<span class=\"b\">Website</span>\u00e2\u0080\u009d is the website located at http://inookta.com which is owned and operated by inookta, and includes all subdomains, present and future. Without limiting the generality of the use of the Website, certain aspects of the Services are available on the Website.\n        </p>", "level": 0}, {"value": "<p>\n        Additional definitions may be made throughout this Policy, but they will be recognizable as they will be capitalized, bolded, and in quotation marks.\n        </p>", "level": 0}, {"value": "<p class=\"b\">\n        By visiting or using the Website, or downloading, using or accessing the Application on your Device, you agree to be bound by the terms of the Policy. If you do not agree to all the provisions contained in the Policy, you are not authorized to use the Website or Services. If you have downloaded the Application and do not agree to all the provisions of the Policy, you must delete the Application from your Device.\n        </p>", "level": 0}, {"value": "<p>\n        inookta reserves the right, at any time and without prior notice, to modify or replace any of the Policy. Any changes to the Policy can be found at this URL. It is your responsibility to check the Policy periodically for changes. Your use of the Website and / or the Services following the posting of any changes to the Policy constitutes acceptance of those changes. If there are any significant changes to the Policy that materially affect the way we treat your information, you will be notified upon opening the Application.\n        </p>", "level": 0}, {"value": "<p>\n        If you have any questions about the Policy or if you wish to inquire about and / or access any Personal Information inookta holds about you, please contact:\n        </p>", "level": 0}, {"value": "<p>\n        inookta Legal Services<br/>\n        legal@inookta.com\n        </p>", "level": 0}, {"value": "<p>\n        or:<br/>\n        inookta Legal Services<br/>\n        824 rue Gilford<br/>\n        Montr\u00c3\u00a9al (Qu\u00c3\u00a9bec)<br/>\n        H2J 1N9<br/>\n        Canada<br/>\n</p>", "level": 0}], [{"value": "<h2>General Statement of Privacy and Protection of Personal Information</h2>", "level": 8}, {"value": "<p>\n        inookta takes your privacy and security of Personal Information very seriously. We have provided a secure environment and this strict Policy that describes the limited ways the information is used and the limited access to such information.\n        </p>", "level": 0}], [{"value": "<h2>What Does This Privacy Policy Cover?</h2>", "level": 8}, {"value": "<p>\n        This Policy covers the treatment of personally identifiable information (\u00e2\u0080\u009c<span class=\"b\">Personal Information</span>\u00e2\u0080\u009d) and other information gathered by inookta when you are using or accessing the Website or using the Services. This Policy also covers inookta\u00e2\u0080\u0099s treatment of any Personal Information that inookta may share with its business partners or other third parties under very limited circumstances.\n        </p>", "level": 0}, {"value": "<p>\n        This Policy does not apply to the general practices and treatment of information (whether personal or not) by third parties that inookta does not own or control, including but not limited to any third party websites or services (\u00e2\u0080\u009c<span class=\"b\">Third Party Website</span>\u00e2\u0080\u009d or \u00e2\u0080\u009c<span class=\"b\">Third Party Service</span>\u00e2\u0080\u009d) that you elect to access through the Website or Services or via a link from the Website or Services, or to individuals that inookta does not manage or employ. While we attempt to facilitate access or link only to those Third Party Websites or Services that share our respect for your privacy, we cannot take responsibility for the content or privacy policies of those Third Party Websites or Services. We encourage you to carefully review the privacy policies of any Third Party Website or Service you access. We have named and provided links to the most important of these Third Party Websites and Third Party Services further in this Policy.\n        </p>", "level": 0}, {"value": "<p>\n        Finally, this Policy does not cover any Personal Information you send to inookta via any non-secured mode of communications such as email, instant messenger or Twitter, as communications via these methods may be subject to interception, loss, or alteration. While we welcome your comments and suggestions sent to us in this manner, we encourage you to carefully examine what Personal Information you send to inookta via these methods.\n        </p>", "level": 0}], [{"value": "<h2>No Collection of Personal Information as a Matter of Course</h2>", "level": 8}, {"value": "<p>\n        inookta does not, as a matter of course, gather any of your Personal Information while you are using the Website or Services, unless you are asked to provide such information. Personal Information is only gathered with your informed consent. Where you have provided Personal Information, it will only be used for the stated purpose, as detailed more specifically in the next section.\n        </p>", "level": 0}], [{"value": "<h2>Personal Information Collected and Its Uses, and Exceptions</h2>", "level": 8}, {"value": "<p>\n        The following is an exhaustive list of Personal Information collected from you when you use the Website or Services and what we use it for. You acknowledge that you are submitting this Personal Information with your informed consent.\n        </p>", "level": 0}, {"value": "<ul>\n<li><span class=\"u\">Email address:</span> When you use our contact form on the Website, or send us an email via your Device through a link in the Application, we collect your email address.  We only use this address in order to respond to your inquiry.</li>\n</ul>", "level": 0}], [{"value": "<h2>Security and Encryption of Information</h2>", "level": 8}, {"value": "<p>\n        inookta uses only industry best practices (physical, electronic and procedural) in keeping any data collected (including Personal Information) secure. In addition, inookta uses third party vendors and hosting partners to provide the necessary hardware, software, networking, storage, and related technology required to run the Website and the Services, and these third parties have been selected for their high standards of security, both electronic and physical. For example, inookta uses <a href=\"https://aws.amazon.com/\">Amazon AWS</a>, a recognized leader in secure data, for hosting of the Website and Services, and storage of information. You acknowledge that our third party vendors and hosting partners may be located in jurisdictions or countries where the privacy laws may not be as protective as those in your home province, state, country or other governmental jurisdiction.\n        </p>", "level": 0}], [{"value": "<h2>Limited Gathering of Information for Statistical, Analytical and Security Purposes</h2>", "level": 8}, {"value": "<p>\n        inookta automatically collects certain information about the Website and its users using a third-party analytics programs <a href=\"http://www.google.com/analytics/\">Google Analytics</a>, to help us understand how our users use the Website, but none of this information identifies you personally. Furthermore, we use <a href=\"http://www.flurry.com/\">Flurry by Yahoo</a> and <a href=\"https://uxcam.com/\">UXCam</a> to collect information about usage of the Application from within the Application, but neither of these services will identify you personally. For example, each time you visit the Website, we automatically collect your IP address, browser and computer type, access times, the web page from which you came, and the web page(s) you access (as applicable). We use information collected in this manner only to better understand your needs and the needs of the Website or Services users in the aggregate. inookta also makes use of information gathered via these services for statistical purposes to keep track of the number of visits to the Website, the specific pages on the Website, and usage of the Services with a view to introducing improvements.\n        </p>", "level": 0}, {"value": "<p>\n        Your IP address and other relevant information may be used in order to trace any fraudulent or criminal activity.\n        </p>", "level": 0}], [{"value": "<h2>Non-disclosure of Personal Information to Third Parties</h2>", "level": 8}, {"value": "<p>\n        Except as provided in the next paragraphs, inookta does not divulge any Personal Information gathered via the Website or Services to third parties. Moreover, inookta does not sell, rent, trade or license any Personal Information regarding its users to third parties. Only the Representatives and subcontractors of inookta are responsible for the management and development of the Website and Services, and only these individuals have access to the information collected there. These Representatives and subcontractors all have been instructed to comply with the Policy.\n        </p>", "level": 0}, {"value": "<p>\n        Notwithstanding anything in the Policy to the contrary, we may share any information we have collected about you or that you have submitted (whether Personal Information or not): (1) in response to subpoenas, court orders, or legal process, or to establish, protect, or exercise our legal rights or defend against legal claims or demands; (2) if we believe it is necessary in order to investigate, prevent, or take action regarding illegal activities, fraud, or situations involving potential threats to the safety of any person; (3) if we believe it is necessary to investigate, prevent, or take action regarding situations that involve abuse of the Website or Services  infrastructure or the Internet in general (such as voluminous spamming, denial of service attacks, or attempts to compromise the security of the Website or Services infrastructure or the Website or Services generally); (4) to a parent company, subsidiaries, joint ventures, or other companies under common control with inookta (in which case we will require such entities to honour this Policy); (5) if inookta merges with another entity, is subject to a corporate reorganization, sells or transfers all or part of its business, assets or shares (in which case we will require such entity to assume our obligations under this Policy, or inform you that you are covered by a new privacy policy).\n        </p>", "level": 0}], [{"value": "<h2>General Information Transfer from the Services</h2>", "level": 8}, {"value": "<p>\n        Any information (personal or not) the Services collect while you use them may be stored locally on your Device and then transferred to servers controlled by inookta, and inookta may obtain this information as a result of the data being sent to our servers from the Services. The information, however, is only used (or not used) by inookta as described elsewhere in this Policy.\n        </p>", "level": 0}], [{"value": "<h2>Permissions</h2>", "level": 8}, {"value": "<p>\n        The following is a complete listing and description of what functions on your Device that were developed by third parties are accessed and / or modified by the Application.\n        </p>", "level": 0}, {"value": "<ul>\n<li><span class=\"i\">Notifications.</span> Allows the Application to send you notifications. We use the Third Party Service <a href=\"https://batch.com/\">Batch</a> to manage notifications within the Application.</li>\n</ul>", "level": 0}], [{"value": "<h2>User Control and Uninstall for the Application</h2>", "level": 8}, {"value": "<p>\n        For the Application, you can access and change certain user settings from the settings menu on your Device. You may also uninstall; uninstall methods may vary depending on your Device or Android version. inookta has no control over these functions and denies any responsibility of your use thereof, and any data or Personal Information sent to third parties as a result of said activities.\n        </p>", "level": 0}], [{"value": "<h2>Access to and Deletion of Personal Information</h2>", "level": 8}, {"value": "<p>\n        If you wish to inquire about and access what Personal Information inookta holds about you, or if you wish to delete any Personal Information held about you from our databases, please contact us using the information further up in this Policy.\n        </p>", "level": 0}], [{"value": "<h2>Tracking Technology (\"Cookies\") and Related Technologies</h2>", "level": 8}, {"value": "<p>\n        inookta uses tracking technology (\u00e2\u0080\u009ccookies\u00e2\u0080\u009d) on the Website and by using the Website or Services you agree to their use. Cookies are small text files placed on your hard drive or memory when you visit a website or use the Application, in order to track use and to improve the user experience by storing certain data on your computer or Device.\n        </p>", "level": 0}, {"value": "<p>\n        Specifically, we use the following cookies to perform the following functions:\n            </p>", "level": 0}, {"value": "<ul>\n<li>Google Analytics cookie on the Website to provide general internal and user analytics and to assist in identifying possible fraudulent activities.</li>\n</ul>", "level": 0}, {"value": "<p>\n        Your browser can be set to refuse cookies or delete them after they have been stored. Please refer to your browser\u00e2\u0080\u0099s help section for instructions.\n        </p>", "level": 0}], [{"value": "<h2>Risks Associated with the Internet and Wireless Data Transmission</h2>", "level": 8}, {"value": "<p>\n        Despite inookta' best efforts to ensure that third parties will not access or obtain your Personal Information through your use of the Website or Services, complete confidentiality and security cannot currently be guaranteed on the Internet and / or where data is transferred via wireless digital technology of any type. Communication via the Internet or wireless digital technology is subject to interception, loss, or alteration. You acknowledge and agree that inookta and its Representatives cannot be held responsible for damages resulting from the transmission of confidential information or Personal Information over the Internet or wireless digital technology and that such communications are at your own risk.\n        </p>", "level": 0}], [{"value": "<h2>Limitation of Liability</h2>", "level": 8}, {"value": "<p>\n        inookta, and / or its Representatives, will not be held liable for any losses or damages (pecuniary or otherwise) resulting from the misuse of any information collected by any third party, or any misuse of any information collected through the Website or Services not in violation of the Policy.\n        </p>", "level": 0}], [{"value": "<h2>Compliance with Privacy Laws</h2>", "level": 8}, {"value": "<p>\n        This Policy and inookta\u00e2\u0080\u0099s practices in general are designed to be in compliance with Canada\u00e2\u0080\u0099s <span class=\"i\">Personal Information Protection and Electronic Documents Act</span> (\u00e2\u0080\u009cPIPEDA\u00e2\u0080\u009d, S.C. 2000, c. 5) and <span class=\"i\">Quebec\u00e2\u0080\u0099s An Act Respecting the Protection Of Personal Information in the Private Sector</span> (R.S.Q. c. P-39.1). If you have any questions regarding this compliance, please contact us using the contact information further up in this Policy.\n        </p>", "level": 0}]]