[[{"value": "<h1>Privacy Policy for End Users</h1>", "level": 9}, {"value": "<p>Last update: 23 May 2018</p>", "level": 0}], [{"value": "<h2>What is the purpose of this document?</h2>", "level": 8}, {"value": "<p>\n        InnoGames GmbH (\u00e2\u0080\u009cInnoGames\u00e2\u0080\u009d) is committed to protecting the privacy and security of your personal data. \n    </p>", "level": 0}, {"value": "<p>\n        This privacy policy describes how we collect and use your personal data when you use our mobile apps, online games as well as portals and websites.\n    </p>", "level": 0}, {"value": "<p>\n        It applies to all end users, including paying and non-paying users. \n    </p>", "level": 0}], [{"value": "<h2>Contents</h2>", "level": 8}, {"value": "<ol type=\"I\">\n<li><a href=\"#section1\">Introduction</a></li>\n<li><a href=\"#section2\">Name and address of the controller</a></li>\n<li><a href=\"#section3\">Name and address of the data protection officer</a></li>\n<li><a href=\"#section4\">General information on data processing</a></li>\n<li><a href=\"#section5\">Provision of our services and creation of log files</a></li>\n<li><a href=\"#section6\">Inquiries via contact form, email, and support tool</a></li>\n<li><a href=\"#section7\">Submission of newsletters</a></li>\n<li><a href=\"#section8\">Submission of push notifications</a></li>\n<li><a href=\"#section9\">Use of cookies</a></li>\n<li><a href=\"#section10\">Transfer of personal data to third parties</a></li>\n<li><a href=\"#section11\">Use of third-party login services (\u00e2\u0080\u009csocial logins\u00e2\u0080\u009d)</a></li>\n<li><a href=\"#section12\">Use of third-party analysis services</a></li>\n<li><a href=\"#section13\">Use of third-party advertising services</a></li>\n<li><a href=\"#section14\">Use of other third-party services</a></li>\n<li><a href=\"#section15\">Rights of the data subject</a></li>\n<li><a href=\"#section16\">Final provisions</a></li>\n</ol>", "level": 0}], [{"value": "<h2 id=\"section1\">I. Introduction</h2>", "level": 8}, {"value": "<p>\n        InnoGames GmbH (\u00e2\u0080\u009cInnoGames\u00e2\u0080\u009d, \u00e2\u0080\u009cWe\u00e2\u0080\u009d) is the data controller in respect of your personal data and is committed to protecting and respecting your privacy and personal integrity when you are using the mobile apps and online games as well as portals and websites offered by us (together \u00e2\u0080\u009cServices\u00e2\u0080\u009d). This Privacy Policy will help you understand what personal data we collect about you, why it is collected and how it is used by us. It will clarify how you can exer-cise your rights when you trust us to handle your personal data for you. We ask that you take a moment to read this Privacy Policy carefully and familiarize yourself with its content. If you have any questions, you are welcome to contact us by using the contact information provided at the end of this Privacy Policy. \n    </p>", "level": 0}, {"value": "<p>\n        Please note that our Services may contain links to websites that can be held by partner com-panies. If you follow a link to any of these websites or use these third-party services, you should be aware that they have their own privacy policies and that we do not assume any liability for their processing of your personal data. Therefore, please make sure to read their privacy policies before providing your personal data to them.\n    </p>", "level": 0}, {"value": "<p>\n       We offer our Services only to players who are at least 16 years old. Hence, we do not knowingly market to or solicit personal data from persons under the age of 16.\n    </p>", "level": 0}], [{"value": "<h2 id=\"section2\">II. Name and address of the controller</h2>", "level": 8}, {"value": "<p>\n        The controller in line with the General Data Protection Regulation and other national data protection laws of the member states, as well as other legal data protection provisions, is: \n    </p>", "level": 0}, {"value": "<p>\n        InnoGames GmbH<br/>\n        Friesenstra\u00c3\u009fe 13<br/>\n        20097 Hamburg<br/>\n        Fax: +49 40 7889335-200<br/>\n        E-Mail: <a href=\"mailto:privacy@innogames.com\">privacy@innogames.com</a><br/>\n        Website: <a href=\"https://www.innogames.com\" target=\"_blank\">www.innogames.com</a><br/>\n</p>", "level": 0}], [{"value": "<h2 id=\"section3\">III. Name and address of the data protection officer</h2>", "level": 8}, {"value": "<p>The data protection officer of the controller is:</p>", "level": 0}, {"value": "<p>\n        Lawyer and bar-certified specialist in information technology law<br/>\n        Dr. Christian Rauda<br/>\n        GRAEF Rechtsanw\u00c3\u00a4lte Digital PartG mbB<br/>\n        Jungfrauenthal 8<br/>\n        20149 Hamburg<br/>\n        E-Mail: <a href=\"mailto:dpo@innogames.com\">dpo@innogames.com</a><br/>\n        Website: <a href=\"https://www.graef.eu\" target=\"_blank\">www.graef.eu</a>\n</p>", "level": 0}], [{"value": "<h2 id=\"section4\">IV. General information on data processing </h2>", "level": 8}], [{"value": "<h3>1.\tScope of personal data processing </h3>", "level": 7}, {"value": "<p>\n        In general, we record only the personal data which you disclose when using Services as part of your login or registration and possibly during use of fee-based services. Personal data are those which contain information about personal or factual circumstances. When logging in and registering as a user on our website, you only have to provide an email address and, if applicable, a username and password. When registering for certain Services, email addresses are not collected during registration but only later during the use of the Service. The password is stored in hasehd form, which never allows for an inference of the actual password.\n    </p>", "level": 0}, {"value": "<p>\n        In the context of implementing the concluded user contract, particularly in the context of fee-based Services you have chosen, the disclosure of further data, such as the full name, address, account details, credit card numbers, etc., may be required. It is sometimes also necessary to request personal information such as your name, address, email address, and telephone number for the purposes of processing your inquiries or providing you with support. InnoGames will handle these data confidentially and in compliance with the legal data protection provisions. In principle, InnoGames will not disclose such information to third parties without your permission, unless this is required for the implementation and execution of the contract, for processing your request or for your support or in the case of a legal permit. \n    </p>", "level": 0}], [{"value": "<h3>2.\tLegal basis for personal data processing</h3>", "level": 7}, {"value": "<p>\n        Insofar as we obtain the consent of the data subject for processing of personal data, Art. 6(1)(a) of EU General Data Protection Regulation (GDPR) serves as the legal basis for personal data processing.\n    </p>", "level": 0}, {"value": "<p>\n        In personal data processing required for the fulfilment of a contract of which the data subject is a party, Art. 6(1)(b) GDPR serves as the legal basis. This also applies to the processing required in order to carry out pre-contractual actions.\n    </p>", "level": 0}, {"value": "<p>\n       Insofar as personal data processing is required for the fulfilment of a legal obligation which our company is subject to, Art. 6(1)(c) GDPR serves as the legal basis. \n    </p>", "level": 0}, {"value": "<p>\n        In the event that vital interests of the data subject or another natural person require personal data processing, Art. 6(1)(d) GDPR serves as the legal basis. \n    </p>", "level": 0}, {"value": "<p>\n        If processing is required to protect the legitimate interests of our company or of a third party, and if the interests, fundamental rights, and freedoms of the data subject do not prevail over the interests mentioned first, Art. 6(1)(f) serves as the legal basis for processing. \n    </p>", "level": 0}], [{"value": "<h3>3.\tDeletion of data and duration of storage</h3>", "level": 7}, {"value": "<p>\n        The personal data of the data subject are deleted or blocked as soon as the purpose of storage no longer exists. In addition, such storage may occur if this is provided for by the European or national legislator in EU regulations, laws or other regulations to which the controller is subject. The blocking or deletion of data also occurs when the storage period prescribed in the abovementioned regulations lapses, unless further storage of the data is required for conclusion or fulfilment of a contract. \n    </p>", "level": 0}], [{"value": "<h3>4.\tData security</h3>", "level": 7}, {"value": "<p>\n        InnoGames makes reasonable efforts to prevent unauthorised access to your personal data as well as unauthorised use or falsification of these data and to minimise the corresponding risks. However, the provision of personal data, whether it be in person, over the phone or over the Internet, always involves risks and no technological system is completely free of the possibility of being manipulated or sabotaged.\n    </p>", "level": 0}, {"value": "<p>\n        InnoGames processes the information collected from you in accordance with German and European data protection law. All employees are obliged to comply with data secrecy and data protection provisions and are instructed in this regard. Your data are transmitted in an en-crypted form using the SSL method.\n    </p>", "level": 0}], [{"value": "<h2 id=\"section5\">V. Provision of our services and creation of log files</h2>", "level": 8}], [{"value": "<h3>1.\tDescription and scope of data processing</h3>", "level": 7}, {"value": "<p>\n        Each time our website is accessed, our system automatically collects data and information from the computer system of the accessing computer. \n    </p>", "level": 0}, {"value": "<p>\n        The following data are collected here:\n    </p>", "level": 0}, {"value": "<ul>\n<li>Internet protocol</li>\n<li>IP address</li>\n<li>URL of the referring website from which the file was requested</li>\n<li>Date and time of access</li>\n<li>Browser type and operating system</li>\n<li>the page visited by you</li>\n<li>amount of transferred data</li>\n<li>access status (file transferred, file not found etc.),</li>\n<li>duration and frequency of use</li>\n</ul>", "level": 0}, {"value": "<p>\n        The data is also stored in the log files of our system. \n    </p>", "level": 0}, {"value": "<p>\n        When accessing mobile apps, the following data and information are collected:\n    </p>", "level": 0}, {"value": "<ul>\n<li>Internet protocol</li>\n<li>IP address</li>\n<li>date and time of access</li>\n<li>device type and operating system</li>\n<li>amount of transferred data</li>\n<li>access status (file transferred, file not found etc.),</li>\n<li>duration and frequency of use</li>\n<li>Google Play IDs and Game Center IDs can possibly be stored to log you in to several devices.</li>\n</ul>", "level": 0}, {"value": "<p>\n        If an error occurs during the use of our Services and we want to rectify this, we may also col-lect other data, e.g. Player ID and username. \n    </p>", "level": 0}], [{"value": "<h3>2.\tLegal basis for data processing </h3>", "level": 7}, {"value": "<p>\n        The legal basis for the temporary storage of data and log files is provided by Art. 6(1)(f) GDPR.\n    </p>", "level": 0}], [{"value": "<h3>3.\tPurpose of data processing</h3>", "level": 7}, {"value": "<p>\n       The temporary storage of the IP address by the system is necessary to allow delivery of the Services to the computer of the user. For this purpose, the user's IP address must be stored for the duration of the session. \n    </p>", "level": 0}, {"value": "<p>\n        The storage in log files is done to ensure the functionality of the Services. In addition, the data is used by us in order to optimise the website and to ensure the security of our information technology systems. Evaluation of the data for marketing purposes does not take place in this context. Only a statistical evaluation of datasets takes place. \n    </p>", "level": 0}, {"value": "<p>\n        InnoGames reserves the right to store IP addresses and log files for a maximum period of 30 days after the website is used to monitor compliance with the terms of use and rules of the game. In particular, this procedure is used to prevent any cases of abuse or to resolve them and, on a case-by-case basis, to pass on the data for this purpose to investigative authorities. Apart from that, any other analysis of data is done in anonymous form as much as possible. After the end of this period, the IP address and log files are completely deleted, unless there are mandatory statutory storage requirements or specific prosecution- and abuse investigation proceedings pending. \n    </p>", "level": 0}, {"value": "<p>\n        These purposes also constitute our legitimate and predominant interest in data processing according to Art. 6(1)(f) GDPR. \t\n    </p>", "level": 0}], [{"value": "<h3>4.\tStorage duration</h3>", "level": 7}, {"value": "<p>\n        The data are deleted as soon as they are no longer necessary to fulfil the purpose of their collection. In the case when data are collected for the purpose of making the website availa-ble, this is the case when the respective session is over. \n    </p>", "level": 0}, {"value": "<p>\n        Log files which contain personal data are generally deleted after seven days at the latest. Ad-ditional storage is possible in the case of so-called error logs which allow us to fix errors. These error logs are deleted after maximum 30 days, collected IP addresses are anonymised after 30 days.\n    </p>", "level": 0}], [{"value": "<h3>5.\tPossibility of objection and removal</h3>", "level": 7}, {"value": "<p>\n       The collection of data for the purpose of making the website available and the storage of the data in log files is essential for the operation of the website. As a consequence, there is no objection possibility on the part of the user. \n    </p>", "level": 0}], [{"value": "<h2 id=\"section6\">VI.\tInquiries via contact form, email, and support tool</h2>", "level": 8}], [{"value": "<h3>1.\tDescription and scope of data processing</h3>", "level": 7}], [{"value": "<h4>a)\tContact form </h4>", "level": 6}, {"value": "<p>\n        On our website, a contact form is available which can be used to contact us electronically. Should a user choose this option, the data entered in the input mask will be transmitted to us and stored. These data are:\n    </p>", "level": 0}, {"value": "<ul>\n<li>Name</li>\n<li>Email address</li>\n<li>Message</li>\n</ul>", "level": 0}, {"value": "<p>\n        Additionally, at the point of sending the message, the following data are stored:\n    </p>", "level": 0}, {"value": "<ul>\n<li>IP address of the user</li>\n<li>Date and time of submission</li>\n</ul>", "level": 0}, {"value": "<p>\n        For the processing of the data, reference is made to this privacy policy in the context of the submission process.\n    </p>", "level": 0}], [{"value": "<h4>b) Email</h4>", "level": 6}, {"value": "<p>\n        Alternatively, it is possible to contact us via our provided email addresses. In this case, the personal data of the user transmitted with the email are stored. \n    </p>", "level": 0}], [{"value": "<h4>c)\tSupport tool</h4>", "level": 6}, {"value": "<p>\n        Alternatively, you can contact us via our support tool integrated into our Service. It will then store your user data and the content of the support inquiry as well as the time of the inquiry.\n    </p>", "level": 0}, {"value": "<p>\n        No data are transmitted to third parties in this context. The data are used exclusively for the processing of the conversation. \n    </p>", "level": 0}], [{"value": "<h3>2.\tLegal basis </h3>", "level": 7}, {"value": "<p>\n        Legal basis for data processing is Art. 6(1)(f) GDPR. If the e-mail contact is aimed to conclude a contract or serves the contract execution, additional legal basis for the processing is Art. 6(1)(b) GDPR.\n    </p>", "level": 0}], [{"value": "<h3>3.\tAim of data processing</h3>", "level": 7}, {"value": "<p>\n        The processing of the personal data serves us only to process the contact and the support request. The other personal data processed during the submission process serve to prevent misuse of the contact form and to ensure the security of our information technology systems.\n    </p>", "level": 0}], [{"value": "<h3>4.\tStorage duration</h3>", "level": 7}, {"value": "<p>\n        The data are deleted as soon as they are no longer necessary to fulfil the purpose of their collection. \n    </p>", "level": 0}], [{"value": "<h3>5.\tPossibility of objection and removal</h3>", "level": 7}, {"value": "<p>\n        At any time after contacting us, you have the option to object to personal data processing, regardless of whether this was done via a contact form, email or support tool. In such a case, the conversation cannot continue and your concern may not be conclusively handled. All per-sonal data stored in the course of contacting will be deleted in this case. This shall not apply if mandatory statutory retention requirements preclude this.\n    </p>", "level": 0}], [{"value": "<h2 id=\"section7\">VII.\tSubmission of newsletters</h2>", "level": 8}, {"value": "<p>\n        You can subscribe on our websites or in our games for a newsletter on the respective game. For this, we require your email address. \n    </p>", "level": 0}, {"value": "<p>\n        In addition, we must verify, taking into consideration the relevant legal regulations, that you are the actual owner of the provided email address and wish to receive the newsletter. For this purpose, we send you a validation email. \n    </p>", "level": 0}, {"value": "<p>\n        Our newsletters contain a pixel-size image (tracking pixels), which is retrieved by a server of the newsletter sender when the newsletter is opened. As part of this retrieval, technical information, such as information about your browser or operating system, as well as your IP address, location, and time of retrieval, is collected. This information is anonymised and evaluated independently of the individual. \n    </p>", "level": 0}, {"value": "<p>\n        Since the submission and receipt of the newsletter depend on your consent, you can revoke this consent for collection and storage of your data at any time without providing the reasons for it. For this purpose, use the unsubscribe link which can be found at the end of our newsletter.\n    </p>", "level": 0}, {"value": "<p>\n        Additionally, you have the option to opt-out of receiving newsletters in the Data Usage Window inside any of our games under \u00e2\u0080\u009cSettings\u00e2\u0080\u009d.\n    </p>", "level": 0}], [{"value": "<h2 id=\"section8\">VIII.\tSubmission of push notifications</h2>", "level": 8}], [{"value": "<h3>1.\tDescription and scope of data processing</h3>", "level": 7}, {"value": "<p>\n        If you have selected the appropriate settings on your device, InnoGames can send push notifications to your mobile device to give you updates for games and other relevant news. You can manage push notifications on the page \u00e2\u0080\u009cOptions\u00e2\u0080\u009d or \u00e2\u0080\u009cSettings\u00e2\u0080\u009d in the mobile app or in the settings of your device.\n    </p>", "level": 0}], [{"value": "<h3>2.\tLegal basis for data processing </h3>", "level": 7}, {"value": "<p>\n        The legal basis for data processing in the presence of a contract is according to Art. 6(1)(b) GDPR.\n    </p>", "level": 0}], [{"value": "<h3>3.\tPurpose of data processing </h3>", "level": 7}, {"value": "<p>\n        Push notifications are special notifications which are displayed directly on your mobile device. The notifications contain, for instance, the information that one of your buildings in the game has been completed. As a rule, push notifications contain short messages which focus on the essential.\n    </p>", "level": 0}], [{"value": "<h3>4.\tStorage duration</h3>", "level": 7}, {"value": "<p>\n        The messages are stored within our push gateway for up to 21 days. The messages are also stored in anonymised form in our event tracking system for an indefinite amount of time. To our knowledge, messages may be stored by the supplier of your mobile device.\n    </p>", "level": 0}], [{"value": "<h3>5.\tPossibility of objection and removal</h3>", "level": 7}, {"value": "<p>You can switch off the push notifications as follows:</p>", "level": 0}], [{"value": "<h4>a)\tAndroid</h4>", "level": 6}, {"value": "<p>\n        Open Settings &gt; Apps &amp; notifications &gt; Notifications &gt; App notifications &gt; Name of the app. On this screen you can control if and how Push Notifications are shown to you.\n    </p>", "level": 0}], [{"value": "<h4>b)\tiOS</h4>", "level": 6}, {"value": "<p>\n        Open settings &gt; Notifications &gt; Name of the app. On this screen you can control if and how Push Notifications are shown to you.\n    </p>", "level": 0}], [{"value": "<h4>c)\tData Usage Window</h4>", "level": 6}, {"value": "<p>\n        Additionally, you have the option to opt-out of receiving push notifications sent for marketing purposes in the Data Usage Window inside any of our games under \u00e2\u0080\u009cSettings\u00e2\u0080\u009d.\n    </p>", "level": 0}], [{"value": "<h2 id=\"section9\">IX.\tUse of cookies</h2>", "level": 8}], [{"value": "<h3>1.\tDescription and scope of data processing</h3>", "level": 7}, {"value": "<p>\n        In order to ensure that you receive the most relevant information and the best service when you visit the Website, information and data will be collected through the use of cookies. It helps us (and other authorized third parties) to provide you with a personalized experience when you visit our Website, and it also allows us to improve our Service and make sure that you will easily find what you want. We want you to understand our use of cookies. Hence, we explain the types of technologies we use, what they do and your choices regarding their use.\n    </p>", "level": 0}, {"value": "<p>\n        Cookies are small pieces of data (text files) that are sent to your browser from a web server and stored on your device so that the website can recognize your device. There are two types of cookies, permanent and temporary (or \u00e2\u0080\u009csession\u00e2\u0080\u009d) cookies. Permanent cookies are stored as a file on your computer or mobile device for a longer period of time. Session cookies are temporarily placed on your computer when you visit our Website but are erased when you shut down the page. If you do not want to accept cookies, you can adjust the settings in your web browsers security preferences, see more information on this below. \n    </p>", "level": 0}, {"value": "<p>We and our service providers may use the following categories of cookies:</p>", "level": 0}], [{"value": "<h4>a)\tEssential Cookies</h4>", "level": 6}, {"value": "<p>\n        These cookies are strictly necessary for us to provide our Services. For example, we may use these cookies to authenticate and identify our members when they use our Site so we can provide our Services. Without these cookies we would not be able to recognise you and you would not be able to access our Services. They also help us to enforce our Terms and Conditions and maintain the security of our Services.\n    </p>", "level": 0}], [{"value": "<h4>b)\tPerformance and Functionality Cookies</h4>", "level": 6}, {"value": "<p>\n        These cookies are not strictly necessary but allow us to personalize your online experience of our Site. For example, they allow us to remember your preferences and mean that you do not need to re-enter information you have already provided e.g. when signing-up to our Ser-vices. We also use these cookies to collect information (e.g. popular pages, viewing patterns, click-throughs) about our visitors' usage of our Services so that we can improve our Site and Services and conduct market research. If you choose to delete these cookies you will have limited functionality of our Services.\n    </p>", "level": 0}], [{"value": "<h4>c)\tAdvertising Cookies</h4>", "level": 6}, {"value": "<p>\n        These cookies use information about your usage of our Site and other websites, e.g. the pages you visit or your response to ads, to deliver ads that are more tailored to you, both on and off our Site. These types of ads are called \u00e2\u0080\u009cInterest-Based Advertising.\u00e2\u0080\u009d Many of these types of cookies belong to our service providers. For third party advertisers, see more below. \n    </p>", "level": 0}], [{"value": "<h3>2.\tLegal basis for the data processing </h3>", "level": 7}, {"value": "<p>\n        The legal basis for personal data processing with the use of cookies is Art. 6(1)(f) GDPR. \n    </p>", "level": 0}], [{"value": "<h3>3.\tPurpose of data processing</h3>", "level": 7}, {"value": "<p>\n        We use the information from cookies to make our Website user-friendly and to enable us to provide you with personalized recommendations. We may also use several authorized third parties who put cookies on our Website to deliver services that they provide (third party cookies). \n    </p>", "level": 0}, {"value": "<p>\n        We may use session cookies to allow you to move between pages on our Website without having to re-enter information.\n    </p>", "level": 0}, {"value": "<p>Permanent cookies are used in several ways, including: </p>", "level": 0}, {"value": "<ul>\n<li>To allow you to move between pages on our Services without having to re-enter information.</li>\n<li>To help us recognize you when you return to our Website to use our Services.</li>\n<li>To allow you access to stored information.</li>\n<li>To allow us to recommend other games that suit your preferences.</li>\n<li>To ensure that you do not get asked to fill in survey forms repeatedly.</li>\n</ul>", "level": 0}, {"value": "<p>\n        We (and our authorized third parties) may use non-personal information from both permanent cookies and session cookies for statistical purposes as follows: \n    </p>", "level": 0}, {"value": "<ul>\n<li>To determine which are the most popular parts of our Services.</li>\n<li>To monitor the use of our Services and our Website (frequency and time).</li>\n<li>To provide anonymous information to third parties so that more appropriate advertising can be directed at you.</li>\n<li>To track product success.</li>\n<li>To determine how frequently you and other users visit our Services and your interaction in our games.</li>\n</ul>", "level": 0}, {"value": "<p>We set and read our own cookies to provide the following functions (first-party cookies):</p>", "level": 0}], [{"value": "<h4>a)\tRemember Me Cookie</h4>", "level": 6}, {"value": "<p>\n        To provide you with \u00e2\u0080\u0098remember me\u00e2\u0080\u0099 functionality: We allow users to log into the game via this cookie. This can be disabled by deselecting \u00e2\u0080\u009cRemember Me\u00e2\u0080\u009d on manual login. If you select the \"Remember Me\" function, a permanent cookie will be installed in the device you are using, so that you do not need to log in again when browsing the Services. If you log out of a Service, the cookie will be deleted again.\n    </p>", "level": 0}], [{"value": "<h4>b)\tLanguage Version Cookie</h4>", "level": 6}, {"value": "<p>To ensure the right language version of the game is shown to you.</p>", "level": 0}], [{"value": "<h4>c)\t Portal Cookie</h4>", "level": 6}, {"value": "<p>\n        To allow us to optimize our landing pages and improve our marketing: we store details of the landing page you visited as well as an identifier in a cookie.\n    </p>", "level": 0}], [{"value": "<h4>d)\t3rd Party Snippet Cookie</h4>", "level": 6}, {"value": "<p>We set a cookie to record your decision about 3rd party tracking snippets and cookies.</p>", "level": 0}, {"value": "<p>\n        We also use several third-party cookies as part of our Services. These cookies are governed by the respective sites and are not controlled by us. You can switch off the installation of some of these cookies in your general browser settings, for others you will need to go to the respective websites and follow the instructions provided. \n    </p>", "level": 0}, {"value": "<p>\n        For instance, it is checked which language version you use to access our Services. If you became aware of our Services through one of our partners, we store the information on who the partner is. \n    </p>", "level": 0}, {"value": "<p>\n        Third party advertisers: We may use advertisers, third party ad networks, and other advertising companies to serve advertisements on our Services. Please be advised that such advertising companies may gather information about your visit to our Services or other sites to enable such advertising companies to market products or services to you, to monitor which ads have been served to your browser and which webpages you were viewing when such ads were delivered. If you would like more information about third party advertisers, please click <a href=\"http://optout.networkadvertising.org/?c=1#!/\" target=\"_blank\">here</a>. Please note that the collection and use of information by third party advertisers is not covered by this privacy policy. \n    </p>", "level": 0}, {"value": "<p>\n        In the abovementioned purposes, our legitimate interest also consists in personal data processing according to Art. 6(1)(f) GDPR. \n    </p>", "level": 0}], [{"value": "<h3>4.\tStorage duration</h3>", "level": 7}, {"value": "<p>\n        The data are deleted as soon as they are no longer necessary to fulfil the purpose of their collection. \n    </p>", "level": 0}], [{"value": "<h3>5.\tPossibility of objection and removal</h3>", "level": 7}, {"value": "<p>\n        If you do not want these cookies to be stored on your computer or wish to be informed of their storage, you can prevent the installation of cookies by a corresponding adjustment to your browser software by selecting the option \"do not accept cookies\" in your browser settings or declining the use of third party tracking on the first visit to the website. Your browser manufacturer's instructions will give you more details on how this works or see \n        <a href=\"https://www.aboutcookies.org\" target=\"_blank\">https://www.aboutcookies.org</a>. \n        You can also opt-out of receiving third-party cookies in general at \n        <a href=\"http://www.youronlinechoices.com\" target=\"_blank\">http://www.youronlinechoices.com</a>. \n        However, we would like to point out that by preventing cookies, you may find that you cannot use all the website's functions to the full extent.\n    </p>", "level": 0}], [{"value": "<h4>a)\tAndroid</h4>", "level": 6}, {"value": "<p>\n        Open the settings in your app list and tap on the \u00e2\u0080\u009cAd\u00e2\u0080\u009d button. Once you have opened the ad window, you can disable the Google Advertising ID. \n    </p>", "level": 0}], [{"value": "<h4>b)\tiOS</h4>", "level": 6}, {"value": "<p>\n        Open the settings on your mobile end device (e.g. iPhone or iPad) and select the menu option \u00e2\u0080\u009cData protection\u00e2\u0080\u009d. Under the option \u00e2\u0080\u009cAdvertising\u00e2\u0080\u009d, you can switch off the ad tracking.\n    </p>", "level": 0}], [{"value": "<h4>c)\tData Usage Window</h4>", "level": 6}, {"value": "<p>\n        Additionally, you have the option to opt-out of using third-party tracking in the Data Usage Window inside any of our games under \u00e2\u0080\u009cSettings\u00e2\u0080\u009d.\n    </p>", "level": 0}], [{"value": "<h2 id=\"section10\">X. Transfer of personal data to third parties</h2>", "level": 8}, {"value": "<p>\n        InnoGames will only transfer your personal and/or billing-related data to third parties, in the sense of companies cooperating with InnoGames or external service providers, insofar as this is required for the fulfilment of the contract, for payment processing as well as for the pro-tection of other users and is legally permitted or prescribed. \n    </p>", "level": 0}, {"value": "<p>\n        This applies in particular to the processing of payments made via external service providers chosen by you (e.g. banks, credit card companies, payment service providers such as Al-lopass, Amazon, Apple, Boacompra, Facebook, Google, Boku Payments, DaoPay, HiPay, Mobiyo, PayPal, Samsung, Sofort\u00c3\u00bcberweisung, Worldpay). Your legally protected interests will be considered in accordance with the statutory provisions. The external service providers are required to treat your data confidentially and securely and may only use your data to the extent necessary to fulfil their task.\n    </p>", "level": 0}, {"value": "<p>\n        In the event of payment delay, we may commission a debt collection agency or a lawyer to collect the outstanding debt. For this purpose, the necessary data will be passed on and used in compliance with all data protection guidelines.\n    </p>", "level": 0}, {"value": "<p>\n        In addition, your personal information will be shared if it is necessary to protect other users or to counter threats to state or public security or to prosecute criminal offences and if is permitted by statutory data protection provisions. Your protectable interests will be considered in accordance with the statutory provisions. Please note that InnoGames may be obliged to disclose data due to statutory provisions or, for instance, a judicial order (e.g. disclosure to investigative authorities). Disclosure always occurs only insofar as it is necessary and legally permitted or prescribed.\n    </p>", "level": 0}], [{"value": "<h2 id=\"section11\">XI.\tUse of third-party login services (\u00e2\u0080\u009csocial logins\u00e2\u0080\u009d)</h2>", "level": 8}], [{"value": "<h3>1.\tLogin via Facebook Connect </h3>", "level": 7}, {"value": "<p>\n        We offer you the possibility to log in to our services via Facebook Connect. This is a service of Facebook Inc., 1601 S. California Ave, Palo Alto, CA 94304, USA or, if you reside in the EU, Facebook Ireland Ltd., 4 Grand Canal Square, Grand Canal Harbour, Dublin 2, Ireland (\u00e2\u0080\u009cFacebook\u00e2\u0080\u009d). If you use it, additional registration is not necessary. To log in, you are redirected to the Facebook website where you can log in with your user data. This links your Facebook profile and our service. Through the link, we automatically receive information from Facebook. The following information is transferred to us: Email address\n    </p>", "level": 0}, {"value": "<p>\n        This information is mandatory for the conclusion of the contract in order to identify you. Further information on Facebook and privacy settings can be found in the data protection guidelines at: \n        <a href=\"https://www.facebook.com/about/privacy/update\" target=\"_blank\">\n            https://www.facebook.com/about/privacy/update</a>.\n    </p>", "level": 0}], [{"value": "<h3>2.\tLogin via Google Sign-In</h3>", "level": 7}, {"value": "<p>\n        We offer you the possibility to log in to our services via your Google account. This is a service of Google Inc. (1600 Amphitheatre Parkway Mountain View, CA 94043, USA (\u00e2\u0080\u009cGoogle\u00e2\u0080\u009d). If you use it, additional registration is not necessary. To log in, you are redirected to the Google website where you can log in with your user data. This links your Google profile and our service. Through the link, we automatically receive information from Google. The following information is transferred to us: Email address\n    </p>", "level": 0}, {"value": "<p>\n        This information is mandatory for the conclusion of the contract in order to identify you. Fur-ther information on Google and privacy settings can be found in the data protection guidelines at: \n        <a href=\"https://policies.google.com/privacy\" target=\"_blank\">\n            https://policies.google.com/privacy</a>.\n    </p>", "level": 0}], [{"value": "<h2 id=\"section12\">XII.\tUse of third-party analysis services</h2>", "level": 8}], [{"value": "<h3>1. Adjust</h3>", "level": 7}], [{"value": "<h4>a)\tDescription and scope of data processing</h4>", "level": 6}, {"value": "<p>\n        We use mobile tracking technologies. For this we use the services of adjust GmbH, Saarbr\u00c3\u00bccker St. 38a, 10405 Berlin, Germany. With the help of these services we collect statistical data about the use of our services to continually improve them. When you use our apps, your device sends us information that we collect and analyse. The following data is collected: IP address that is immediately anonymised, MAC address, anonymised Device ID (IDentifier For Advertisers - IDFA or Google Advertiser ID - GAID), browser type, language, Internet service provider, network status, time zone, access and exit page URL, time and date of access, clickstream data and other statistical information about the use of our services. There are no direct personal identifiers. The data collected in this way is used to create anonymous user profiles. The data collected with the tracking technology will not be used to personally identify the visitor of these websites without the express consent of the person concerned. For more information, please refer to the Adjust data protection policy at: \n        <a href=\"https://www.adjust.com/privacy-policy\" target=\"_blank\">https://www.adjust.com/privacy-policy</a>.\n    </p>", "level": 0}], [{"value": "<h4>b)\tLegal basis for the data processing </h4>", "level": 6}, {"value": "<p>\n        The legal basis for this processing is Art. 6(1)(f) GDPR. We have entered into a data processing agreement with Adjust. \n    </p>", "level": 0}], [{"value": "<h4>c)\tPurpose of the data processing</h4>", "level": 6}, {"value": "<p>\n        The purpose is to improve your user experience with our services and to make our offer more attractive to you. In addition, the data collected is used to analyse the performance of marketing campaigns and generate performance reports. \n    </p>", "level": 0}], [{"value": "<h4>d)\tStorage duration</h4>", "level": 6}, {"value": "<p>\n        The data will be retained by us for the duration of use of the service and by Adjust for 28 days.\n    </p>", "level": 0}], [{"value": "<h4>e)\tObjection and deletion</h4>", "level": 6}, {"value": "<p>\n        Data collection and storage can be halted at any time with future effect by configuring your mobile device as described above at IX.5.\n    </p>", "level": 0}], [{"value": "<h3>2. Google Analytics</h3>", "level": 7}], [{"value": "<h4>a)\tDescription and scope of the data processing</h4>", "level": 6}, {"value": "<p>\n        This website uses the \u00e2\u0080\u009cGoogle Analytics\u00e2\u0080\u009d service, which is provided by Google Inc. (1600 Amphitheatre Parkway Mountain View, CA 94043, USA) for analysis of website usage by users. The service uses \u00e2\u0080\u009ccookies\u00e2\u0080\u009d - text files which are stored on your device. The information collected by the cookies is usually sent to a Google server in the USA and stored there.\n    </p>", "level": 0}, {"value": "<p>\n        IP anonymisation is used on this website. The IP address of users within the member states of the EU and the European Economic Area will be abbreviated. This abbreviation eliminates the personal reference to your IP address. Under the data processing agreement, which we have established with Google Inc., Google uses the information collected to analyse website usage and activity and to provide services related to internet usage.\n    </p>", "level": 0}], [{"value": "<h4>b)\tLegal basis for the data processing </h4>", "level": 6}, {"value": "<p>\n        The legal basis for this processing is Art. 6(1)(f) GDPR. We have entered into a data processing agreement with Google. \n    </p>", "level": 0}], [{"value": "<h4>c)\tPurpose of data processing</h4>", "level": 6}, {"value": "<p>\n        On our behalf, Google uses this information to analyse your website usage, to compile reports on website activity and to provide other services relating to website and internet usage. The IP address transmitted by your browser through Google Analytics is not amalgamated with other Google data. \n    </p>", "level": 0}], [{"value": "<h4>d)\tStorage duration</h4>", "level": 6}, {"value": "<p>\n        The data will be retained by Google for 26 months; due to the abbreviation of the IP addresses, no personal data will be stored.\n    </p>", "level": 0}], [{"value": "<h4>e)\tObjection and deletion</h4>", "level": 6}, {"value": "<p>\n        You have the option of preventing the storage of cookies on your device by configuring your browser accordingly. There is no guarantee that you will be able to access all functions of this website without restrictions if your browser does not allow cookies. Furthermore, you can use a browser plug-in to prevent the information collected by cookies (including your IP address) from being sent to and used by Google Inc. The following link takes you to the required plug-in: \n        <a href=\"https://tools.google.com/dlpage/gaoptout\" target=\"_blank\">\n            https://tools.google.com/dlpage/gaoptout</a>.\n    </p>", "level": 0}, {"value": "<p>\n        More information on how Google Inc. uses your data, can be found here: \n        <a href=\"https://support.google.com/analytics/answer/6004245\" target=\"_blank\">\n            https://support.google.com/analytics/answer/6004245</a>.\n    </p>", "level": 0}], [{"value": "<h3>3.\tHotjar</h3>", "level": 7}], [{"value": "<h4>a)\tDescription and scope of data processing</h4>", "level": 6}, {"value": "<a href=\"https://www.hotjar.com/cookies\" target=\"_blank\">https://www.hotjar.com/cookies</a>", "level": 0}, {"value": "<a href=\"https://www.hotjar.com/privacy\" target=\"_blank\">https://www.hotjar.com/privacy</a>", "level": 0}], [{"value": "<h4>b)\tLegal basis for the data processing </h4>", "level": 6}, {"value": "<p>\n        The legal basis for this processing is Art. 6(1)(f) GDPR. We have entered into a data processing agreement with Hotjar. \n    </p>", "level": 0}], [{"value": "<h4>c)\tPurpose of the data processing</h4>", "level": 6}, {"value": "<p>\n        The purpose is to improve your user experience with our website and to make our offer more attractive to you. If you do not wish to allow cookies, you can disable them (see above). If you register with us, your data will not be linked to your personal data.\n    </p>", "level": 0}], [{"value": "<h4>d)\tStorage duration</h4>", "level": 6}, {"value": "<p>\n        The data will be retained for 365 days by Hotjar  \n        (<a href=\"https://help.hotjar.com/hc/en-us/articles/115011640427-Data-Retention\" target=\"_blank\">\n            https://help.hotjar.com/hc/en-us/articles/115011640427-Data-Retention</a>).\n    </p>", "level": 0}], [{"value": "<h4>e)\tObjection and deletion</h4>", "level": 6}, {"value": "<p>\n        You can opt-out of the future collection and storage of your data by Hotjar here: \n        <a href=\"https://www.hotjar.com/opt-out\" target=\"_blank\">https://www.hotjar.com/opt-out</a>.\n    </p>", "level": 0}], [{"value": "<h2 id=\"section13\">XIII.\tUse of third-party advertising services</h2>", "level": 8}], [{"value": "<h3>1.\tGeneral information</h3>", "level": 7}, {"value": "<p>\n        The website may occasionally contain advertisements from third parties and interactive links to third-party websites for which we are not responsible. In particular, we have no influence whatsoever on the content and design of the external sites linked to the websites to which you may be directed via these sites. The respective providers are exclusively responsible for the content and design of these websites as well as compliance with data protection regulations. Advertisers occasionally use technologies that send advertisements that appear on our websites directly to your browser, automatically transmitting your IP address. The advertisers concerned sometimes also use cookies and other technical means to measure the efficiency of their advertising or to optimise their content. This applies in particular, but not exclusively, to the classification of websites to certain interest categories within the scope of your Internet use. No connection will be established between this information and your name, address, telephone number or email address. We have no influence on that. The handling of data by these third parties is therefore not covered by this data protection declaration. Therefore, please contact the respective provider directly for information on their data protection regulations. You can disable the use of cookies in your browser settings (see above).\n    </p>", "level": 0}, {"value": "<p>\n        We forward your anonymised Device ID (IDentifier For Advertisers - IDFA or Google Advertiser ID - GAID) to some of our marketing partners within and outside of Europe (e.g. in the USA), in order to generate advertising for certain user groups with the help of our partners or to exclude users from certain advertising efforts. You can revoke data collection, storage, and transfer by applying your mobile device settings as described above.\n    </p>", "level": 0}], [{"value": "<h3>2.\tAppNexus</h3>", "level": 7}, {"value": "<p>\n        InnoGames uses the advertising display services of the external vendor AppNexus Inc., 28 West 23rd Street, 4th Floor, New York, NY 10010, USA, \n        <a href=\"https://www.appnexus.com\" target=\"_blank\">https://www.appnexus.com</a> (\u00e2\u0080\u009eAppNexus\u00e2\u0080\u009c). \n        For this purpose, we have implemented the AppNexus tracking pixel (i.e. a code snippet) on our website. The tracking pixel allows players' actions to be tracked on our website. No personal reference is established. Only statistical information is collected and transmitted to Ap-pNexus. This is intended to optimise advertising campaigns and to broadcast advertisements of interest to Internet users. Should wish otherwise, you can disable the AppNexus tracking by tapping the opt-out button at \n        <a href=\"https://www.appnexus.com/en/company/platform-privacy-policy#choices\" target=\"_blank\">\n            https://www.appnexus.com/en/company/platform-privacy-policy#choices</a>.\n        For more information on data protection at AppNexus, please visit:\n        <a href=\"https://www.appnexus.com/en/company/platform-privacy-policy\" target=\"_blank\">\n            https://www.appnexus.com/en/company/platform-privacy-policy</a>.\n    </p>", "level": 0}], [{"value": "<h3>3.\tFacebook Pixel</h3>", "level": 7}, {"value": "<p>\n        On grounds of our legitimate interests in and for these purposes of analysis, optimisation and economic operation of our Services, our services use the so-called \u00e2\u0080\u009cFacebook pixel\u00e2\u0080\u009d by the Facebook social network, operated by Facebook Inc., 1601 S. California Ave., Palo Alto, CA 94304, USA or, if you are an EU resident, Facebook Ireland Ltd., 4 Grand Canal Square, Grand Canal Harbour, Dublin 2, Ireland (\u00e2\u0080\u009cFacebook\u00e2\u0080\u009d).\n    </p>", "level": 0}, {"value": "<p>\n        The Facebook pixel is a code snippet placed on our website.\n    </p>", "level": 0}, {"value": "<p>\n        Facebook Pixel allows Facebook to identify the visitors of our online content as a target group for displaying advertisement (known as \u00e2\u0080\u009cFacebook ads\u00e2\u0080\u009d). Accordingly, we use Facebook Pixel to display our posted Facebook ads only to Facebook users who have shown an interest in our services or who share certain factors (such as interests in certain topics or products determined on the basis of visited web pages), which we transmit to Facebook (which is known as Custom Audiences). Facebook Pixel also helps us understand the effectiveness of Facebook ads for statistical and market research purposes, by showing whether users have been redirected to our services after clicking on a Facebook ad (known as conversion, and allowing to determine on which devices a user is performing an action), in order to create so-called lookalike audiences or statistical twins (i.e. to broadcast ads to target groups that are similar to existing customers) and to obtain comprehensive statistics about the use of the website. Facebook Pixel establishes a direct connection to the Facebook servers when you visit our website. This way, the Facebook server is notified that you have visited our website and Facebook assigns this information to your personal Facebook user account. \n    </p>", "level": 0}, {"value": "<p>\n        Facebook is certified under the Privacy Shield Agreement and therefore offers a guarantee of compliance with European data protection laws: \n        <a href=\"https://www.privacyshield.gov/participant?id=a2zt0000000GnywAAC&amp;status=Active\" target=\"_blank\">\n            https://www.privacyshield.gov/participant?id=a2zt0000000GnywAAC&amp;status=Active</a>.\n    </p>", "level": 0}, {"value": "<p>\n       For further information about the collection and use of data by Facebook and your privacy protection rights and options, please see the Facebook data protection policy at \n        <a href=\"https://www.facebook.com/about/privacy/update\" target=\"_blank\">\n            https://www.facebook.com/about/privacy/update</a>.\n        For specific information and details about Facebook Pixel and how it works, please visit the Facebook help section at \n        <a href=\"https://www.facebook.com/business/help/651294705016616\" target=\"_blank\">\n            https://www.facebook.com/business/help/651294705016616</a>.\n        You can disable this function as shown at \n        <a href=\"https://de-de.facebook.com/business/help/1415256572060999?helpref=uf_permalink\" target=\"_blank\">\n            https://de-de.facebook.com/business/help/1415256572060999?helpref=uf_permalink</a>\n        or at \n        <a href=\"https://www.facebook.com/settings?tab=ads\" target=\"_blank\">\n            https://www.facebook.com/settings?tab=ads</a>.\n        You must be logged into Facebook to do this. \n    </p>", "level": 0}], [{"value": "<h3>4.\tGoogle DoubleClick</h3>", "level": 7}, {"value": "<p>\n        DoubleClick is a service of Google Inc., 1600 Amphitheatre Parkway, Mountain View, CA 94043, USA (\u00e2\u0080\u009cGoogle\u00e2\u0080\u009d). DoubleClick uses cookies to display advertisements relevant to you. Your browser is assigned an pseudonymised identification number (ID) to check which ads have been displayed in your browser and which ads have been interacted with. These cookies do not contain any personal information. The use of DoubleClick cookies only allows Google and its partner websites to display ads based on previous visits to our site or other websites on the Internet. The information generated by cookies is transmitted by Google to a USA-based server and stored for analysis. You can reject the use of cookies by selecting the appropriate settings on your browser. However, please note that this may limit the full functionality of our website for you. You can also prevent Google from collecting and processing cookie-generated data about your use of the website by disabling the use of cookies in your browser settings (see above). You can also opt out of the collection and categorisation of interest-based information by disabling it on the DoubleClick cookie settings page at: \n        <a href=\"https://support.google.com/ads/answer/7395996\" target=\"_blank\">\n        https://support.google.com/ads/answer/7395996</a>\n</p>", "level": 0}], [{"value": "<h2 id=\"section14\">XIV.\tUse of other third-party services</h2>", "level": 8}], [{"value": "<h3>1.\tEpiserver Campaign (formerly optivo Broadmail)</h3>", "level": 7}, {"value": "<p>\n        Our newsletters are sent via Episerver Campaign (formerly optivo broadmail), an email marketing platform provided by Episerver GmbH, Wallstra\u00c3\u009fe 16, 10179 Berlin. \n    </p>", "level": 0}, {"value": "<p>\n        The e-mail addresses of our newsletter recipients and other data described in this notice are temporarily stored for this purpose on Episerver servers in data centres within Germany and are subject to the German Data Protection Act. Episerver uses this information to send and assess newsletters on our behalf. Episerver may also use this information to improve its own services, such as technically optimising newsletter dispatch and presentation. However, Episerver does not use the data of our newsletter recipients to write to them, and never forwards the information to third parties if not legally required. The security scheme of Episerver Campaign for the Omni channel and the email marketing cloud is ISO 27001 certified. For further information, please visit: \n        <a href=\"https://www.episerver.de/produkte/plattform/episerver-campaign/sicherheit\" target=\"_blank\">\n            https://www.episerver.de/produkte/plattform/episerver-campaign/sicherheit</a>.\n    </p>", "level": 0}, {"value": "<p>\n        Our newsletters contain a pixel-sized image (pixel code) that is retrieved by an Episerver server when the newsletter is opened. Technical information is collected as part of this retrieval, such as information about your browser or operating system, as well as your IP ad-dress, and the place and time of retrieval. This information is anonymised and assessed without personal information.\n    </p>", "level": 0}], [{"value": "<h3>2.\tGoogle Maps</h3>", "level": 7}, {"value": "<p>\n        Our websites use maps from Google Inc., 1600 Amphitheatre Parkway Mountain View, CA 94043, USA. When you access one of our pages featuring a relevant map, map content is retrieved from Google's servers. If you are signed in with your Google account, Google can merge your browsing behaviour with other information. The use of Google Maps is in the interest of an easy-to-understand representation of our Services. This constitutes a legitimate interest within the meaning of Art. 6(1)(f) GDPR. Google's data protection policy applies: \n        <a href=\"https://policies.google.com/privacy?hl=de&amp;gl=de\" target=\"_blank\">\n            https://policies.google.com/privacy?hl=de&amp;gl=de</a>.\n\n    </p>", "level": 0}], [{"value": "<h3>3.\tLinkedIn</h3>", "level": 7}, {"value": "<p>\n        Our websites use buttons from LinkedIn Corp., 2029 Stierlin Court, Mountain View, CA 94043, USA. The contents of LinkedIn servers are retrieved when you access one of our pages with a relevant button. If you are logged into your LinkedIn account, LinkedIn can merge your browsing behaviour with other information. The use of LinkedIn buttons is in the interest of exchanging information about our Services and improving them. This constitutes a legitimate interest within the meaning of Art. 6(1)(f) GDPR. LinkedIn's data protection policy applies: \n        <a href=\"https://www.linkedin.com/legal/privacy-policy\" target=\"_blank\">\n            https://www.linkedin.com/legal/privacy-policy</a>.\n     </p>", "level": 0}], [{"value": "<h3>4.\tLitmus</h3>", "level": 7}, {"value": "<p>\n        Litmus is a service provided by Litmus Software, Inc. (675 Massachusetts Ave., 10th Floor, Cambridge, MA 02139, USA) for analysing emails. The newsletters contain a pixel-sized image (pixel code) that is retrieved by a Litmus server when the newsletter is opened. Technical information is collected as part of this retrieval, such as information about your browser or operating system, as well as your IP address, and the place and time of retrieval. This information is anonymised and assessed without personal information.\n    </p>", "level": 0}], [{"value": "<h3>5.\tMailgun</h3>", "level": 7}, {"value": "<p>\n        Mailgun is a service provided by Mailgun, Inc. (620 Folsom St, Ste 100, San Francisco, CA 94107, USA) for sending our e-mails. This service may also collect information about the date and time when messages were read by the user and when the user interacts with incoming messages (such as by clicking on links contained in them). The company is a party to the Safe Harbour Agreement with the EU and is committed to upholding European data protection standards: \n        <a href=\"https://www.mailgun.com/privacy\" target=\"_blank\">\n            https://www.mailgun.com/privacy</a>.\n    </p>", "level": 0}], [{"value": "<h3>6.\tPinterest</h3>", "level": 7}, {"value": "<p>\n        Our websites use buttons from Pinterest, Inc., 808 Brannan St, San Francisco, CA 94103, USA. The contents of Pinterest servers are retrieved when you access one of our pages with a relevant button. If you are logged into your Pinterest account, Pinterest can merge your browsing behaviour with other information. The Pinterest data protection policy applies: \n        <a href=\"http://pinterest.com/about/privacy/\" target=\"_blank\">http://pinterest.com/about/privacy/</a>.\n    </p>", "level": 0}], [{"value": "<h3>7.\tTwitter</h3>", "level": 7}, {"value": "<p>\n        Our websites use buttons from Twitter Inc., 795 Folsom St., Suite 600, San Francisco, CA 94107, USA. The contents of Twitter servers are retrieved when you access one of our pages with a relevant button. If you are logged into your Twitter account, Twitter can merge your browsing behaviour with other information. The use of Twitter buttons is in the interest of exchanging information about our Services and improving them. This constitutes a legitimate interest within the meaning of Art. 6(1)(f) GDPR. The Twitter data protection policy applies: \n        <a href=\"https://twitter.com/de/privacy\" target=\"_blank\">https://twitter.com/de/privacy</a>.\n    </p>", "level": 0}], [{"value": "<h3>8.\tYouTube</h3>", "level": 7}, {"value": "<p>\n        Our websites use videos from YouTube, LLC 901 Cherry Ave., 94066 San Bruno, CA, USA, a company of Google Inc., Amphitheatre Parkway, Mountain View, CA 94043, USA. In doing so, we use the \u00e2\u0080\u009cEnhanced Data Protection Mode\u00e2\u0080\u009d option made available by YouTube. By loading one of our sites via a YouTube video, contents from YouTube will be loaded. If you are logged on to your YouTube account, YouTube shall have the possibility to amalgamate your navigation behaviour with other data. The use of YouTube videos serves the purpose of offering an easy-to-understand representation of our Services. YouTube\u00e2\u0080\u0099s privacy policies apply: \n        <a href=\"https://www.google.de/intl/de/policies/privacy/\" target=\"_blank\">\n            https://www.google.de/intl/de/policies/privacy/</a>.\n    </p>", "level": 0}], [{"value": "<h3>9.\tXing</h3>", "level": 7}, {"value": "<p>\n        Our websites use buttons by Xing AG, Dammtorstra\u00c3\u009fe 29-32, 20354 Hamburg, Germany. By loading one of our sites via said buttons, contents from Xing will be loaded. To the best of our knowledge, no personal information is collected, and your navigation behaviour shall not be analysed. The data protection provisions for Xing\u00e2\u0080\u0099s buttons shall apply: \n        <a href=\"https://www.xing.com/app/share?op=data_protection\" target=\"_blank\">\n            https://www.xing.com/app/share?op=data_protection</a>.\n    </p>", "level": 0}], [{"value": "<h2 id=\"section15\">XV.\tRights of the data subject</h2>", "level": 8}, {"value": "<p>\n       If your personal data are processed, you are a data subject as defined by the GDPR, and you have the following rights before the controller:\n    </p>", "level": 0}], [{"value": "<h3>1.\tRight to information</h3>", "level": 7}, {"value": "<p>\n        You can request the controller to provide you with a confirmation of whether personal data concerning you are being processed by us. \n    </p>", "level": 0}, {"value": "<p>\n        If such processing should exist, you can demand that the controller provide you with the following information:\n    </p>", "level": 0}, {"value": "<ol class=\"brackets\">\n<li>the purposes toward which your personal data are being processed;</li>\n<li>The categories of personal data which are being processed;</li>\n<li>The recipients and/or the categories of recipients to whom the affected personal data has been- or continues to be disclosed;</li>\n<li>The planned storage duration of your personal data or, if specific information cannot be provided, criteria for determining the storage duration;</li>\n<li>the existence of the right to request from the controller rectification or erasure of personal data or restriction of processing of personal data concerning the data subject or to object to such processing; </li>\n<li>the right to lodge a complaint with a supervisory authority; </li>\n<li>where the personal data are not collected from the data subject, any available infor-mation as to their source; </li>\n<li>the existence of automated decision-making, including profiling, referred to in Arti-cle 22(1) and (4) and, at least in those cases, meaningful information about the logic involved, as well as the significance and the envisaged consequences of such pro-cessing for the data subject.</li>\n</ol>", "level": 0}, {"value": "<p>\n        You shall be entitled to demand information as to whether the personal data concerning you are being transferred to a third country or to an international organisation. In this regard, you can demand to be briefed on the applicable guarantees pursuant to Art. 46 GDPR associated to said transfer. \n    </p>", "level": 0}, {"value": "<p>\n        We shall respond to inquiries within a month upon receipt of the request.\n    </p>", "level": 0}], [{"value": "<h3>2.\tRight to rectification </h3>", "level": 7}, {"value": "<p>\n        You also have the right to rectification and/or completion before the controller, provided that the processed personal data concerning you are incorrect or incomplete. The controller shall have the obligation to implement the rectification immediately.\n    </p>", "level": 0}], [{"value": "<h3>3.\tRight to restriction of processing</h3>", "level": 7}, {"value": "<p>\n        Under the following circumstances, you may claim the restriction of the processing of the personal data concerning you:\n    </p>", "level": 0}, {"value": "<ol class=\"brackets\">\n<li>if the accuracy of the personal data is contested by the data subject, for a period ena-bling the controller to verify the accuracy of the personal data;</li>\n<li>if the processing is unlawful and you oppose the erasure of the personal data, request-ing that their use be restricted instead;</li>\n<li>if the controller no longer needs the personal data for the purposes of its processing, but you require it for the assertion, exercise, or defence of legal claims; or</li>\n<li>if you have filed an objection to the processing pursuant to Art. 21(1) GDPR, and it has not been yet determined whether the controller\u00e2\u0080\u0099s stated grounds outweigh yours.</li>\n</ol>", "level": 0}, {"value": "<p>\n        If processing has been restricted, such personal data shall, with the exception of storage, only be processed either with your consent; for the purposes of asserting, exercising, or defending legal claims; for the protection of the rights of another natural or legal person; or for reasons of important public interest of the Union or of a Member State.\n    </p>", "level": 0}, {"value": "<p>\n        If the processing restriction was imposed under any of the above circumstances, you will be briefed by the controller before the restriction is lifted. \n    </p>", "level": 0}], [{"value": "<h3>4.\tRight to erasure</h3>", "level": 7}, {"value": "<p>\n        You shall have the possibility to erase your account yourself at: \n        <a href=\"https://goodbye.innogames.com/login\" target=\"_blank\">https://goodbye.innogames.com/login</a>.\n        We will then erase all your personal data, provided that we are not legally mandated to storing them. After one year of inactivity, we will also erase your account with us.\n    </p>", "level": 0}], [{"value": "<h4>a)\tObligation to erase</h4>", "level": 6}, {"value": "<p>\n        You have the right to claim that the controller erase all personal data concerning you without undue delay, and the controller shall have the obligation to erase personal data without undue delay where one of the following grounds applies:\n    </p>", "level": 0}, {"value": "<ol class=\"brackets\">\n<li>the personal data concerning you are no longer necessary in relation to the purposes for which they were collected or otherwise processed;</li>\n<li>you have revoked your consent on the basis of which the data collection was ground-ed, Pursuant to Art. 6(1)(a) or Art. 9(2)(a) GDPR, and no other legal grounds exist for their processing. </li>\n<li>you file an objection to the processing, pursuant to Art. 21(1) GDPR, and there are no outweighing grounds for the processing, or you file an objection to the processing pur-suant to Art. 21(2) GDPR.</li>\n<li>the personal data concerning you have been unlawfully processed; </li>\n<li>the personal data concerning you have to be erased to comply with a legal obligation which requires processing under the laws of the European Union or the Member States, to which the processor is subject; </li>\n<li>the personal data concerning you have been collected in relation to the offer of information society services referred to in Article 8(1) GDPR.</li>\n</ol>", "level": 0}], [{"value": "<h4>b)\tInformation for third parties</h4>", "level": 6}, {"value": "<p>\n        If the controller has made public the personal data concerning you and is obliged, pursuant to Art. 17(1) GDPR, to erase the personal data, the controller, taking account of available technology and the cost of implementation, shall take reasonable steps, including technical measures, to inform controllers who are processing the personal data that you, as data subject, have requested the erasure by said controllers of any links to, or copy or replication of, this personal data. \n    </p>", "level": 0}], [{"value": "<h4>c)\tExceptions</h4>", "level": 6}, {"value": "<p>\n        The right to erasure shall not apply whenever the processing is required for the purposes of:\n    </p>", "level": 0}, {"value": "<ol class=\"brackets\">\n<li>exercising the right of freedom of expression and information;</li>\n<li>complying with a legal obligation which requires processing under the laws of the European Union or the Member States, to which the processor is subject, or performing a task in the public interest or in exercise of public authority vested in the processor;</li>\n<li>reasons of public interest in the area of public health in accordance with Art. 9(2)(h) and (i), as well as Art. 9(3) GDPR;</li>\n<li>archival, scientific, or historiographical research purposes serving the public interest pursuant to Art. 89(1) GDPR, provided that the deletion right described in paragraph (a) does not render impossible or impede the realisation of the objectives of the processing;</li>\n<li>for the establishment, exercise or defence of legal claims.</li>\n</ol>", "level": 0}], [{"value": "<h3>5.\tRight to briefing</h3>", "level": 7}, {"value": "<p>\n        If you assert the right to rectification, erasure, or restriction of processing before the controller, the latter has the obligation to notify all recipients to whom the personal data concerning you were disclosed of this data rectification, erasure, or the restriction of its processing, unless this should prove impossible or associated with a disproportionate cost. \n    </p>", "level": 0}, {"value": "<p>\n       You have the right to be informed of these recipients by the controller. \n    </p>", "level": 0}], [{"value": "<h3>6.\tRight to data portability</h3>", "level": 7}, {"value": "<p>\n        You have the right to receive the personal data concerning you which you have provided to the controller in a structured, accessible, and machine-readable format. Furthermore, you have the right to transfer this data to another controller without restriction from the controller to whom the personal data had been provided, provided that\n    </p>", "level": 0}, {"value": "<ol class=\"brackets\">\n<li>the processing is grounded on consent pursuant to Art. 6(1)(a) GDPR, or Art. 9(2)(a) GDPR, or on a contract pursuant to Art. 6(1)(b) GDPR, and</li>\n<li>the processing is carried out by automated means.</li>\n</ol>", "level": 0}, {"value": "<p>\n        In exercising this right, you have the further right to request that the personal data concerning you be directly transferred by one controller to another, provided that this is technically feasible. The liberties and rights of other persons may not be compromised by these actions. \n    </p>", "level": 0}, {"value": "<p>\n        The right of data portability shall not apply to processing personal data which is required for the performance of a task carried out in the public interest or in exercise of public authority vested in the controller\n    </p>", "level": 0}], [{"value": "<h3>7.\tRight to object</h3>", "level": 7}, {"value": "<p>\n       You have the right to object to personal data processing concerning you on grounds relating to your particular situation, at any time, on the basis of Art. 6(1)(e) or (f) GDPR, including profiling based on those provisions. \n    </p>", "level": 0}, {"value": "<p>\n        The controller shall no longer process the personal data unless the controller demonstrates compelling legitimate grounds for the processing which override your interests, rights and freedoms, or for the assertion, exercise or defence of legal claims.\n    </p>", "level": 0}, {"value": "<p>\n        If personal data are processed for direct marketing purposes, you shall have the right to object at any time to processing of personal data concerning you for said marketing purposes, including profiling to the extent that it is related to such direct marketing.\n    </p>", "level": 0}, {"value": "<p>\n        If you object to processing for direct marketing purposes, personal data concerning you shall no longer be processed for such purposes.\n    </p>", "level": 0}, {"value": "<p>\n       In the context of the use of information society services, and notwithstanding Directive 2002/58/EC, you may exercise your right to object by using automated means which use technical specifications.\n    </p>", "level": 0}], [{"value": "<h3>8.\tRight of withdrawal of consent under data protection law</h3>", "level": 7}, {"value": "<p>\n        You have the right to withdraw your declaration of consent under data protection law at any time. Withdrawal of consent shall not affect the lawfulness of data processing based on consent effective prior to its withdrawal. \n    </p>", "level": 0}], [{"value": "<h3>9.\tAutomated individual decision-making, including profiling</h3>", "level": 7}, {"value": "<p>\n        You shall have the right not to be subject to a decision based solely on automated processing, including profiling, which produces legal effects concerning you or similarly affects you in a significant manner. The above shall not apply if the decision \n    </p>", "level": 0}, {"value": "<ol class=\"brackets\">\n<li>is required for entering into, or performance of, a contract between yourself and a data controller,</li>\n<li>is authorised by Union or Member State law to which the controller is subject and which also lays down suitable measures to safeguard your rights and freedoms and legitimate interests; or</li>\n<li>is made with your express consent.</li>\n</ol>", "level": 0}, {"value": "<p>\n        Decisions referred to in paragraph 2 shall not be based on special categories of personal data referred to in Article 9, Para. 1 GDPR, unless Article 9, Para. 2, lit. (a) or (g) applies and suitable measures are in place to safeguard your rights and freedoms and legitimate interests.\n    </p>", "level": 0}, {"value": "<p>\n        In the cases referred to in points (1) and (3), the data controller shall implement suitable measures to safeguard your rights and freedoms and legitimate interests, entailing, at a minimum, the right to obtain human intervention on the part of the controller, to express his or her point of view and to contest the decision.\n     </p>", "level": 0}], [{"value": "<h3>10.\tRight to lodge a complaint with a supervisory authority</h3>", "level": 7}, {"value": "<p>\n        Without prejudice to any other administrative or judicial remedy, you shall have the right to lodge a complaint with a supervisory authority, in particular in the Member State of his or her habitual residence, place of work or place of the alleged infringement if you consider that personal data processing relating to you infringes the GDPR. \n    </p>", "level": 0}, {"value": "<p>\n        The supervisory authority with which the complaint has been lodged shall inform the complainant on the progress and the outcome of the complaint including the possibility of a judicial remedy pursuant to Article 78 of the GDPR.\n    </p>", "level": 0}], [{"value": "<h2 id=\"section16\">XVI.\tFinal provisions</h2>", "level": 8}, {"value": "<p>\n        InnoGames may alter these data protection provisions at any time. InnoGames shall notify any such changes through appropriate channels. \n    </p>", "level": 0}, {"value": "<p>\u00c2\u00a9 Copyright InnoGames 2018. All rights reserved.</p>", "level": 0}]]