[[{"value": "<h1>Politique de confidentialit\u00c3\u00a9 de <strong>BatiTrade</strong></h1>", "level": 9}, {"value": "<p>Cette Application collecte certaines Donn\u00c3\u00a9es personnelles de ses Utilisateurs.</p>", "level": 0}, {"value": "<div>\n<h2 style=\"text-align: center; font-variant:small-caps;\">R\u00c3\u00a9sum\u00c3\u00a9 de la politique</h2>\n</div>", "level": 0}], [{"value": "<h2 style=\"text-align: center; font-variant:small-caps;\">R\u00c3\u00a9sum\u00c3\u00a9 de la politique</h2>", "level": 8}], [{"value": "<h2>Donn\u00c3\u00a9es personnelles collect\u00c3\u00a9es pour les raisons suivantes et en utilisant les services suivants :</h2>", "level": 8}], [{"value": "<h3>Autorisations du dispositif pour acc\u00c3\u00a9der aux Donn\u00c3\u00a9es personnelles</h3>", "level": 7}, {"value": "<li>\n<h3>Autorisations du dispositif pour acc\u00c3\u00a9der aux Donn\u00c3\u00a9es personnelles</h3>\n<p>Donn\u00c3\u00a9es personnelles : Autorisation de la cam\u00c3\u00a9ra et Autorisation de stockage</p>\n</li>", "level": 0}], [{"value": "<h3>Autorisations du dispositif pour acc\u00c3\u00a9der aux Donn\u00c3\u00a9es personnelles</h3>", "level": 7}, {"value": "<p>Donn\u00c3\u00a9es personnelles : Autorisation de la cam\u00c3\u00a9ra et Autorisation de stockage</p>", "level": 0}, {"value": "<div>\n<h3>Interactions bas\u00c3\u00a9es sur la localisation</h3>\n<ul>\n<li>\n<h3>G\u00c3\u00a9olocalisation</h3>\n<p>Donn\u00c3\u00a9es personnelles : position g\u00c3\u00a9ographique</p>\n</li>\n</ul>\n</div>", "level": 0}], [{"value": "<h3>Interactions bas\u00c3\u00a9es sur la localisation</h3>", "level": 7}, {"value": "<li>\n<h3>G\u00c3\u00a9olocalisation</h3>\n<p>Donn\u00c3\u00a9es personnelles : position g\u00c3\u00a9ographique</p>\n</li>", "level": 0}], [{"value": "<h3>G\u00c3\u00a9olocalisation</h3>", "level": 7}, {"value": "<p>Donn\u00c3\u00a9es personnelles : position g\u00c3\u00a9ographique</p>", "level": 0}], [{"value": "<h2 style=\"text-align: center; font-variant:small-caps;\">Politique en entier</h2>", "level": 8}], [{"value": "<h2>Propri\u00c3\u00a9taire et Responsable du traitement</h2>", "level": 8}], [{"value": "<h2>Types de Donn\u00c3\u00a9es collect\u00c3\u00a9es</h2>", "level": 8}, {"value": "<p>\n      Figurent parmi les types de Donn\u00c3\u00a9es personnelles que cette Application collecte directement ou en recourant \u00c3\u00a0 des tiers : \n       Autorisation de la cam\u00c3\u00a9ra, Autorisation de stockage et position g\u00c3\u00a9ographique.\n    </p>", "level": 0}, {"value": "<p>Les d\u00c3\u00a9tails complets sur chaque type de Donn\u00c3\u00a9es personnelles collect\u00c3\u00a9es sont fournis dans les parties consacr\u00c3\u00a9es \u00c3\u00a0 la pr\u00c3\u00a9sente politique de confidentialit\u00c3\u00a9 ou par des textes d\u00e2\u0080\u0099explication sp\u00c3\u00a9cifiques publi\u00c3\u00a9s avant la collecte des Donn\u00c3\u00a9es.<br/>\nLes Donn\u00c3\u00a9es personnelles peuvent \u00c3\u00aatre librement fournies par l\u00e2\u0080\u0099Utilisateur, ou, en cas de Donn\u00c3\u00a9es d\u00e2\u0080\u0099utilisation, collect\u00c3\u00a9es automatiquement lorsque vous utilisez cette Application.<br/>\nSauf indication contraire, toutes les Donn\u00c3\u00a9es demand\u00c3\u00a9es par cette Application sont obligatoires et leur absence peut rendre impossible la fourniture des Services par cette Application. Dans le cas o\u00c3\u00b9 cette Application pr\u00c3\u00a9cise que certaines Donn\u00c3\u00a9es ne sont pas obligatoires, les Utilisateurs sont libres de ne pas les communiquer sans entra\u00c3\u00aener de cons\u00c3\u00a9quences sur la disponibilit\u00c3\u00a9 ou le fonctionnement du Service.<br/>\nLes Utilisateurs qui auraient des doutes sur les Donn\u00c3\u00a9es personnelles obligatoires sont invit\u00c3\u00a9s \u00c3\u00a0 contacter le Propri\u00c3\u00a9taire.<br/>\nToute utilisation des Cookies \u00e2\u0080\u0093 ou d\u00e2\u0080\u0099autres outils de suivi \u00e2\u0080\u0093 par cette Application ou par les propri\u00c3\u00a9taires de services tiers utilis\u00c3\u00a9s par cette Application vise \u00c3\u00a0 fournir le Service demand\u00c3\u00a9 par l\u00e2\u0080\u0099Utilisateur, outre les autres finalit\u00c3\u00a9s d\u00c3\u00a9crites dans le pr\u00c3\u00a9sent document et dans la Politique relative aux cookies, si elle est disponible.</p>", "level": 0}, {"value": "<p>Les Utilisateurs sont responsables de toute Donn\u00c3\u00a9e personnelle de tiers obtenue, publi\u00c3\u00a9e ou communiqu\u00c3\u00a9e par l\u00e2\u0080\u0099interm\u00c3\u00a9diaire de cette Application et confirment qu\u00e2\u0080\u0099ils obtiennent le consentement du tiers pour fournir les Donn\u00c3\u00a9es au Propri\u00c3\u00a9taire.</p>", "level": 0}], [{"value": "<h2>Mode et lieu de traitement des Donn\u00c3\u00a9es</h2>", "level": 8}], [{"value": "<h3>M\u00c3\u00a9thodes de traitement</h3>", "level": 7}, {"value": "<p>Le Propri\u00c3\u00a9taire prend les mesures de s\u00c3\u00a9curit\u00c3\u00a9 appropri\u00c3\u00a9es afin d\u00e2\u0080\u0099emp\u00c3\u00aacher l\u00e2\u0080\u0099acc\u00c3\u00a8s, la divulgation, la modification ou la destruction non autoris\u00c3\u00a9s des Donn\u00c3\u00a9es.<br/>\nLe traitement des Donn\u00c3\u00a9es est effectu\u00c3\u00a9 \u00c3\u00a0 l\u00e2\u0080\u0099aide d\u00e2\u0080\u0099ordinateurs ou d\u00e2\u0080\u0099outils informatiques, en suivant les proc\u00c3\u00a9dures et les modes organisationnels \u00c3\u00a9troitement li\u00c3\u00a9s aux finalit\u00c3\u00a9s indiqu\u00c3\u00a9es. Outre le Propri\u00c3\u00a9taire, les Donn\u00c3\u00a9es peuvent \u00c3\u00aatre accessibles, dans certains cas, \u00c3\u00a0 certaines cat\u00c3\u00a9gories de personnes en charge du fonctionnement de cette Application (administration, ventes, marketing, service juridique, administration du syst\u00c3\u00a8me) ou \u00c3\u00a0 des parties externes (telles que les fournisseurs tiers de services techniques, les services de messagerie, les fournisseurs d\u00e2\u0080\u0099h\u00c3\u00a9bergement, les entreprises informatiques, les agences de communication) d\u00c3\u00a9sign\u00c3\u00a9es, le cas \u00c3\u00a9ch\u00c3\u00a9ant, comme Sous-traitantes par le Propri\u00c3\u00a9taire. La liste mise \u00c3\u00a0 jour de ces parties peut \u00c3\u00aatre demand\u00c3\u00a9e \u00c3\u00a0 tout moment au Propri\u00c3\u00a9taire.</p>", "level": 0}], [{"value": "<h3>Base juridique du traitement</h3>", "level": 7}, {"value": "<p>Le Propri\u00c3\u00a9taire peut traiter les Donn\u00c3\u00a9es personnelles relatives aux Utilisateurs si l'une des conditions suivantes s\u00e2\u0080\u0099applique : </p>", "level": 0}, {"value": "<ul>\n<li>les Utilisateurs ont donn\u00c3\u00a9 leur consentement pour une ou plusieurs finalit\u00c3\u00a9s sp\u00c3\u00a9cifiques ; A noter : Selon certaines l\u00c3\u00a9gislations, le Propri\u00c3\u00a9taire peut \u00c3\u00aatre autoris\u00c3\u00a9 \u00c3\u00a0 traiter des Donn\u00c3\u00a9es personnelles jusqu'\u00c3\u00a0 ce que l'Utilisateur s'y oppose (\u00c2\u00ab opt-out \u00c2\u00bb), sans avoir \u00c3\u00a0 d\u00c3\u00a9pendre du consentement ou de l'une des bases juridiques suivantes. Cette condition ne s'applique toutefois pas lorsque le traitement des Donn\u00c3\u00a9es personnelles est soumis \u00c3\u00a0 la loi europ\u00c3\u00a9enne sur la protection des donn\u00c3\u00a9es ;</li>\n<li>la fourniture de Donn\u00c3\u00a9es est n\u00c3\u00a9cessaire pour l'ex\u00c3\u00a9cution d'un accord avec l'Utilisateur ou pour toute obligation pr\u00c3\u00a9contractuelle de celui-ci ;</li>\n<li>le traitement est n\u00c3\u00a9cessaire pour se conformer \u00c3\u00a0 une obligation l\u00c3\u00a9gale \u00c3\u00a0 laquelle le Propri\u00c3\u00a9taire est soumis ;</li>\n<li>le traitement est li\u00c3\u00a9 \u00c3\u00a0 une t\u00c3\u00a2che effectu\u00c3\u00a9e dans l'int\u00c3\u00a9r\u00c3\u00aat public ou dans l'exercice de l'autorit\u00c3\u00a9 publique d\u00c3\u00a9volue au Propri\u00c3\u00a9taire ;</li>\n<li>le traitement est n\u00c3\u00a9cessaire aux fins des int\u00c3\u00a9r\u00c3\u00aats l\u00c3\u00a9gitimes poursuivis par le Propri\u00c3\u00a9taire ou par un tiers.</li>\n</ul>", "level": 0}, {"value": "<p>Dans tous les cas, le Propri\u00c3\u00a9taire vous aidera volontiers \u00c3\u00a0 clarifier la base juridique sp\u00c3\u00a9cifique qui s'applique au traitement, et en particulier si la fourniture de Donn\u00c3\u00a9es personnelles est une exigence l\u00c3\u00a9gale ou contractuelle, ou une exigence n\u00c3\u00a9cessaire pour conclure un contrat.</p>", "level": 0}], [{"value": "<h3>Lieu de traitement</h3>", "level": 7}, {"value": "<p>Les Donn\u00c3\u00a9es sont trait\u00c3\u00a9es au si\u00c3\u00a8ge du Propri\u00c3\u00a9taire et dans tous les autres lieux o\u00c3\u00b9 sont situ\u00c3\u00a9es les parties responsables du traitement.<br/>\nSelon la localisation de l\u00e2\u0080\u0099Utilisateur, les transferts de donn\u00c3\u00a9es peuvent entra\u00c3\u00aener le transfert des Donn\u00c3\u00a9es de ce dernier vers un pays autre que le sien. Pour en savoir plus sur le lieu de traitement de ces Donn\u00c3\u00a9es transf\u00c3\u00a9r\u00c3\u00a9es, les Utilisateurs peuvent consulter la section qui contient des d\u00c3\u00a9tails sur le traitement des Donn\u00c3\u00a9es personnelles.</p>", "level": 0}, {"value": "<p>Les Utilisateurs ont \u00c3\u00a9galement le droit de conna\u00c3\u00aetre la base juridique des transferts de Donn\u00c3\u00a9es vers un pays situ\u00c3\u00a9 en dehors de l'Union europ\u00c3\u00a9enne ou vers toute organisation internationale r\u00c3\u00a9gie par le droit international public ou cr\u00c3\u00a9\u00c3\u00a9e par deux pays ou plus, comme l'ONU, ainsi que les mesures de s\u00c3\u00a9curit\u00c3\u00a9 prises par le Propri\u00c3\u00a9taire pour sauvegarder leurs Donn\u00c3\u00a9es.<br/><br/>\nSi un tel transfert a lieu, les Utilisateurs peuvent en savoir plus en consultant les sections correspondantes du pr\u00c3\u00a9sent document ou se renseigner aupr\u00c3\u00a8s du Propri\u00c3\u00a9taire en utilisant les informations fournies dans la section de contact.</p>", "level": 0}], [{"value": "<h3>Temps de conservation</h3>", "level": 7}, {"value": "<p>Les Donn\u00c3\u00a9es personnelles sont trait\u00c3\u00a9es et conserv\u00c3\u00a9es aussi longtemps que requis pour la finalit\u00c3\u00a9 pour laquelle elles ont \u00c3\u00a9t\u00c3\u00a9 collect\u00c3\u00a9es.</p>", "level": 0}, {"value": "<p>Par cons\u00c3\u00a9quent :</p>", "level": 0}, {"value": "<ul>\n<li>Les Donn\u00c3\u00a9es personnelles collect\u00c3\u00a9es \u00c3\u00a0 des fins li\u00c3\u00a9es \u00c3\u00a0 l'ex\u00c3\u00a9cution d'un contrat entre le Propri\u00c3\u00a9taire et l'Utilisateur doivent \u00c3\u00aatre conserv\u00c3\u00a9es jusqu'\u00c3\u00a0 la pleine ex\u00c3\u00a9cution du contrat.</li>\n<li>Les Donn\u00c3\u00a9es personnelles collect\u00c3\u00a9es aux fins des int\u00c3\u00a9r\u00c3\u00aats l\u00c3\u00a9gitimes du Propri\u00c3\u00a9taire doivent \u00c3\u00aatre conserv\u00c3\u00a9es aussi longtemps que n\u00c3\u00a9cessaire pour atteindre ces objectifs. Les Utilisateurs peuvent trouver des informations sp\u00c3\u00a9cifiques concernant les int\u00c3\u00a9r\u00c3\u00aats l\u00c3\u00a9gitimes poursuivis par le Propri\u00c3\u00a9taire dans les sections correspondantes du pr\u00c3\u00a9sent document ou en contactant le Propri\u00c3\u00a9taire.</li>\n</ul>", "level": 0}, {"value": "<p>Le Propri\u00c3\u00a9taire peut \u00c3\u00aatre autoris\u00c3\u00a9 \u00c3\u00a0 conserver des Donn\u00c3\u00a9es personnelles plus longtemps chaque fois que l\u00e2\u0080\u0099Utilisateur a donn\u00c3\u00a9 son consentement \u00c3\u00a0 un tel traitement, tant que ce consentement n\u00e2\u0080\u0099est pas retir\u00c3\u00a9. En outre, le Propri\u00c3\u00a9taire peut \u00c3\u00aatre oblig\u00c3\u00a9 de conserver des Donn\u00c3\u00a9es personnelles plus longtemps chaque fois que cela est requis pour l'ex\u00c3\u00a9cution d'une obligation l\u00c3\u00a9gale ou sur ordre d'une autorit\u00c3\u00a9.<br/><br/>\nUne fois la p\u00c3\u00a9riode de conservation expir\u00c3\u00a9e, les Donn\u00c3\u00a9es personnelles seront supprim\u00c3\u00a9es. Par cons\u00c3\u00a9quent, le droit d'acc\u00c3\u00a8s, le droit d'effacement, le droit de rectification et le droit \u00c3\u00a0 la portabilit\u00c3\u00a9 des donn\u00c3\u00a9es ne peuvent \u00c3\u00aatre appliqu\u00c3\u00a9s apr\u00c3\u00a8s l'expiration de la p\u00c3\u00a9riode de conservation.</p>", "level": 0}], [{"value": "<h2>Finalit\u00c3\u00a9s du traitement</h2>", "level": 8}, {"value": "<p>\n      Les Donn\u00c3\u00a9es relatives \u00c3\u00a0 l\u00e2\u0080\u0099Utilisateur sont collect\u00c3\u00a9es afin de permettre au Propri\u00c3\u00a9taire de fournir ses Services, ainsi que pour les finalit\u00c3\u00a9s suivantes :\n         Autorisations du dispositif pour acc\u00c3\u00a9der aux Donn\u00c3\u00a9es personnelles et Interactions bas\u00c3\u00a9es sur la localisation.\n      </p>", "level": 0}, {"value": "<p>Les Utilisateurs peuvent trouver de plus amples informations sur les finalit\u00c3\u00a9s de ce traitement et sur les Donn\u00c3\u00a9es personnelles sp\u00c3\u00a9cifiques utilis\u00c3\u00a9es pour chaque finalit\u00c3\u00a9 dans les sections respectives du pr\u00c3\u00a9sent document.</p>", "level": 0}], [{"value": "<h2>Autorisations du dispositif pour acc\u00c3\u00a9der aux Donn\u00c3\u00a9es personnelles</h2>", "level": 8}, {"value": "<p>Selon le dispositif particulier de l'Utilisateur, cette Application pourrait demander certaines autorisations pour lui autoriser l'acc\u00c3\u00a8s aux Donn\u00c3\u00a9es du dispositif de l'Utilisateur comme d\u00c3\u00a9crit ci-dessous.</p>", "level": 0}, {"value": "<p>Par d\u00c3\u00a9faut, ces autorisations doivent \u00c3\u00aatre accord\u00c3\u00a9es par l\u00e2\u0080\u0099Utilisateur avant que les informations respectives soient accessibles. Une fois que l\u00e2\u0080\u0099autorisation a \u00c3\u00a9t\u00c3\u00a9 donn\u00c3\u00a9e, elle peut \u00c3\u00aatre r\u00c3\u00a9voqu\u00c3\u00a9e par l\u00e2\u0080\u0099Utilisateur \u00c3\u00a0 tout moment. Afin de r\u00c3\u00a9voquer ces autorisations, les Utilisateurs peuvent consulter les param\u00c3\u00a8tres du dispositif ou contacter le Propri\u00c3\u00a9taire aux coordonn\u00c3\u00a9es fournies dans le pr\u00c3\u00a9sent document.<br/>La proc\u00c3\u00a9dure exacte pour contr\u00c3\u00b4ler les permissions des applications peut d\u00c3\u00a9pendre du dispositif et du logiciel de l\u00e2\u0080\u0099Utilisateur.</p>", "level": 0}, {"value": "<p>Veuillez noter que la r\u00c3\u00a9vocation de ces autorisations peut affecter le bon fonctionnement de cette Application.</p>", "level": 0}, {"value": "<p>Si l\u00e2\u0080\u0099Utilisateur accorde l\u00e2\u0080\u0099une des autorisations r\u00c3\u00a9pertori\u00c3\u00a9es ci-dessous, ces Donn\u00c3\u00a9es personnelles respectives peuvent \u00c3\u00aatre trait\u00c3\u00a9es (c\u00e2\u0080\u0099est-\u00c3\u00a0-dire accessibles, modifi\u00c3\u00a9es ou supprim\u00c3\u00a9es) par cette Application.</p>", "level": 0}], [{"value": "<h3>Autorisation de la cam\u00c3\u00a9ra</h3>", "level": 7}, {"value": "<p>Utilis\u00c3\u00a9e pour acc\u00c3\u00a9der \u00c3\u00a0 la cam\u00c3\u00a9ra ou enregistrer des images et des vid\u00c3\u00a9os avec le dispositif.</p>", "level": 0}], [{"value": "<h3>Autorisation de stockage</h3>", "level": 7}, {"value": "<p>Utilis\u00c3\u00a9e pour acc\u00c3\u00a9der \u00c3\u00a0 un stockage externe partag\u00c3\u00a9, notamment la lecture et l\u00e2\u0080\u0099ajout d\u00e2\u0080\u0099\u00c3\u00a9l\u00c3\u00a9ments.</p>", "level": 0}], [{"value": "<h2>Informations d\u00c3\u00a9taill\u00c3\u00a9es sur le traitement des Donn\u00c3\u00a9es personnelles</h2>", "level": 8}, {"value": "<p>Les Donn\u00c3\u00a9es personnelles sont collect\u00c3\u00a9es pour les finalit\u00c3\u00a9s suivantes \u00c3\u00a0 l'aide de plusieurs services :</p>", "level": 0}], [{"value": "<h3>Autorisations du dispositif pour acc\u00c3\u00a9der aux Donn\u00c3\u00a9es personnelles</h3>", "level": 7}, {"value": "<p>Cette Application n\u00c3\u00a9cessite certaines autorisations des Utilisateurs qui lui permettent d\u00e2\u0080\u0099acc\u00c3\u00a9der aux Donn\u00c3\u00a9es du dispositif des Utilisateurs, pr\u00c3\u00a9sent\u00c3\u00a9es ci-apr\u00c3\u00a8s.</p>", "level": 0}], [{"value": "<h4>Autorisations du dispositif pour acc\u00c3\u00a9der aux Donn\u00c3\u00a9es personnelles (Cette Application)</h4>", "level": 6}, {"value": "<div>\n<p>Cette Application n\u00c3\u00a9cessite certaines autorisations des Utilisateurs qui lui permettent d\u00e2\u0080\u0099acc\u00c3\u00a9der aux Donn\u00c3\u00a9es du dispositif des Utilisateurs, pr\u00c3\u00a9sent\u00c3\u00a9es dans le pr\u00c3\u00a9sent document.</p>\n</div>", "level": 0}, {"value": "<p>\n                      Donn\u00c3\u00a9es personnelles collect\u00c3\u00a9es :\n                       Autorisation de la cam\u00c3\u00a9ra et Autorisation de stockage.\n                     </p>", "level": 0}, {"value": "<div>\n<h3>Interactions bas\u00c3\u00a9es sur la localisation</h3>\n<div>\n<h4>G\u00c3\u00a9olocalisation (cette Application)</h4>\n<div>\n<p>Cette Application peut collecter,  utiliser et partager les Donn\u00c3\u00a9es de localisation de l\u00e2\u0080\u0099Utilisateur aux fins de fournir des services bas\u00c3\u00a9s sur la localisation.<br/>\nLa plupart des navigateurs et dispositifs fournissent des outils permettant de se retirer de cette fonction par d\u00c3\u00a9faut. Si une autorisation explicite a \u00c3\u00a9t\u00c3\u00a9 accord\u00c3\u00a9e, les donn\u00c3\u00a9es de localisation de l\u00e2\u0080\u0099Utilisateur peuvent \u00c3\u00aatre suivies par cette Application.</p>\n</div>\n<p>\n                      Donn\u00c3\u00a9es personnelles collect\u00c3\u00a9es :\n                       position g\u00c3\u00a9ographique.\n                     </p>\n</div> <!-- /expand-content -->\n</div>", "level": 0}], [{"value": "<h3>Interactions bas\u00c3\u00a9es sur la localisation</h3>", "level": 7}], [{"value": "<h4>G\u00c3\u00a9olocalisation (cette Application)</h4>", "level": 6}, {"value": "<div>\n<p>Cette Application peut collecter,  utiliser et partager les Donn\u00c3\u00a9es de localisation de l\u00e2\u0080\u0099Utilisateur aux fins de fournir des services bas\u00c3\u00a9s sur la localisation.<br/>\nLa plupart des navigateurs et dispositifs fournissent des outils permettant de se retirer de cette fonction par d\u00c3\u00a9faut. Si une autorisation explicite a \u00c3\u00a9t\u00c3\u00a9 accord\u00c3\u00a9e, les donn\u00c3\u00a9es de localisation de l\u00e2\u0080\u0099Utilisateur peuvent \u00c3\u00aatre suivies par cette Application.</p>\n</div>", "level": 0}, {"value": "<p>\n                      Donn\u00c3\u00a9es personnelles collect\u00c3\u00a9es :\n                       position g\u00c3\u00a9ographique.\n                     </p>", "level": 0}], [{"value": "<h2>Droits des Utilisateurs</h2>", "level": 8}, {"value": "<p>Les Utilisateurs peuvent exercer certains droits concernant leurs Donn\u00c3\u00a9es trait\u00c3\u00a9es par le Propri\u00c3\u00a9taire.</p>", "level": 0}, {"value": "<p>En particulier, les Utilisateurs ont le droit de faire ce qui suit :</p>", "level": 0}, {"value": "<ul>\n<li><b>Retirer leur consentement \u00c3\u00a0 tout moment.</b> Les Utilisateurs ont le droit de retirer leur consentement s'ils ont d\u00c3\u00a9j\u00c3\u00a0 donn\u00c3\u00a9 leur consentement au traitement de leurs Donn\u00c3\u00a9es personnelles.</li>\n<li><b>S'opposer au traitement de leurs Donn\u00c3\u00a9es.</b> Les Utilisateurs ont le droit de s'opposer au traitement de leurs Donn\u00c3\u00a9es si le traitement est effectu\u00c3\u00a9 sur une base juridique autre que le consentement. Des pr\u00c3\u00a9cisions sont ajout\u00c3\u00a9es dans la section correspondante ci-dessous.</li>\n<li><b>Acc\u00c3\u00a9der \u00c3\u00a0 leurs Donn\u00c3\u00a9es.</b> Les Utilisateurs ont le droit de savoir si les Donn\u00c3\u00a9es sont trait\u00c3\u00a9es par le Propri\u00c3\u00a9taire, d'obtenir des informations sur certains aspects du traitement et d'obtenir une copie des Donn\u00c3\u00a9es en cours de traitement.</li>\n<li><b>V\u00c3\u00a9rifier et obtenir une rectification.</b> Les Utilisateurs ont le droit de v\u00c3\u00a9rifier l'exactitude de leurs Donn\u00c3\u00a9es et de demander qu'elles soient mises \u00c3\u00a0 jour ou corrig\u00c3\u00a9es.</li>\n<li><b>Limiter le traitement de leurs Donn\u00c3\u00a9es.</b> Les Utilisateurs ont le droit, sous certaines conditions, de limiter le traitement de leurs Donn\u00c3\u00a9es. Dans ce cas, le Propri\u00c3\u00a9taire traitera leurs Donn\u00c3\u00a9es uniquement pour les stocker.</li>\n<li><b>Faire supprimer ou effacer leurs Donn\u00c3\u00a9es personnelles.</b> Les Utilisateurs ont le droit, sous certaines conditions, d'obtenir l'effacement de leurs Donn\u00c3\u00a9es aupr\u00c3\u00a8s du Propri\u00c3\u00a9taire.</li>\n<li><b>R\u00c3\u00a9cup\u00c3\u00a9rer leurs Donn\u00c3\u00a9es et les transf\u00c3\u00a9rer \u00c3\u00a0 un autre responsable du traitement.</b> Les Utilisateurs ont le droit de r\u00c3\u00a9cup\u00c3\u00a9rer leurs Donn\u00c3\u00a9es dans un format structur\u00c3\u00a9, couramment utilis\u00c3\u00a9 et lisible par machine et, si cela est techniquement possible, de les transmettre \u00c3\u00a0 un autre responsable du traitement sans obstacle d'aucune sorte. Cette disposition s\u00e2\u0080\u0099applique, sous r\u00c3\u00a9serve que les Donn\u00c3\u00a9es soient trait\u00c3\u00a9es par des moyens automatis\u00c3\u00a9s et que le traitement repose sur le consentement de l'Utilisateur, sur un contrat auquel l'Utilisateur est partie ou sur des obligations pr\u00c3\u00a9contractuelles.</li>\n<li><b>D\u00c3\u00a9poser plainte.</b> Les Utilisateurs ont le droit de d\u00c3\u00a9poser une plainte aupr\u00c3\u00a8s de leur autorit\u00c3\u00a9 comp\u00c3\u00a9tente en mati\u00c3\u00a8re de protection des donn\u00c3\u00a9es.</li>\n</ul>", "level": 0}], [{"value": "<h3>Informations concernant le droit d'opposition au traitement</h3>", "level": 7}, {"value": "<p>Lorsque les Donn\u00c3\u00a9es personnelles sont trait\u00c3\u00a9es dans l'int\u00c3\u00a9r\u00c3\u00aat public, dans l'exercice d'une autorit\u00c3\u00a9 officielle d\u00c3\u00a9volue au Propri\u00c3\u00a9taire ou aux fins des int\u00c3\u00a9r\u00c3\u00aats l\u00c3\u00a9gitimes poursuivis par celui-ci, les Utilisateurs peuvent s'opposer \u00c3\u00a0 ce traitement en fournissant un motif li\u00c3\u00a9 \u00c3\u00a0 leur situation particuli\u00c3\u00a8re devant justifier cette opposition.</p>", "level": 0}, {"value": "<p>Les Utilisateurs doivent cependant savoir que si leurs Donn\u00c3\u00a9es personnelles sont trait\u00c3\u00a9es \u00c3\u00a0 des fins de marketing direct, ils peuvent s'opposer \u00c3\u00a0 ce traitement \u00c3\u00a0 tout moment sans aucune justification. Pour savoir si le Propri\u00c3\u00a9taire traite des Donn\u00c3\u00a9es personnelles \u00c3\u00a0 des fins de marketing direct, les Utilisateurs peuvent se reporter aux sections correspondantes du pr\u00c3\u00a9sent document.</p>", "level": 0}], [{"value": "<h3>Comment exercer ces droits</h3>", "level": 7}, {"value": "<p>Toute demande d'exercice des droits de l'Utilisateur peut \u00c3\u00aatre adress\u00c3\u00a9e au Propri\u00c3\u00a9taire gr\u00c3\u00a2ce aux coordonn\u00c3\u00a9es fournies dans le pr\u00c3\u00a9sent document. Ces demandes peuvent \u00c3\u00aatre exerc\u00c3\u00a9es gratuitement et seront \u00c3\u00a9tudi\u00c3\u00a9es par le Propri\u00c3\u00a9taire le plus t\u00c3\u00b4t possible et toujours dans un d\u00c3\u00a9lai d'un mois.</p>", "level": 0}], [{"value": "<h2>Informations suppl\u00c3\u00a9mentaires sur le traitement et la collecte des Donn\u00c3\u00a9es</h2>", "level": 8}], [{"value": "<h3>Action en justice</h3>", "level": 7}, {"value": "<p>\n    Les Donn\u00c3\u00a9es personnelles de l\u00e2\u0080\u0099Utilisateur peuvent \u00c3\u00aatre utilis\u00c3\u00a9es \u00c3\u00a0 des fins juridiques par le Propri\u00c3\u00a9taire devant les tribunaux ou dans les \u00c3\u00a9tapes pouvant conduire \u00c3\u00a0 une action en justice r\u00c3\u00a9sultant d\u00e2\u0080\u0099une utilisation inappropri\u00c3\u00a9e de cette Application ou des Services connexes.<br/>\nL\u00e2\u0080\u0099Utilisateur est conscient du fait que le Propri\u00c3\u00a9taire peut \u00c3\u00aatre amen\u00c3\u00a9 \u00c3\u00a0 r\u00c3\u00a9v\u00c3\u00a9ler des Donn\u00c3\u00a9es personnelles \u00c3\u00a0 la demande des autorit\u00c3\u00a9s publiques.\n  </p>", "level": 0}], [{"value": "<h3>Informations suppl\u00c3\u00a9mentaires concernant les Donn\u00c3\u00a9es personnelles de l\u00e2\u0080\u0099Utilisateur</h3>", "level": 7}, {"value": "<p>\n    Outre les informations contenues dans la pr\u00c3\u00a9sente politique de confidentialit\u00c3\u00a9, cette Application peut fournir \u00c3\u00a0 l\u00e2\u0080\u0099Utilisateur des renseignements compl\u00c3\u00a9mentaires et des informations contextuelles concernant des services particuliers ou la collecte et le traitement des Donn\u00c3\u00a9es personnelles.\n  </p>", "level": 0}], [{"value": "<h3>Journaux syst\u00c3\u00a8me et maintenance</h3>", "level": 7}, {"value": "<p>\n    \u00c3\u0080 des fins d'exploitation et de maintenance, cette Application et tout service tiers peuvent collecter des fichiers qui enregistrent les interactions avec cette Application (journaux syst\u00c3\u00a8me) ou utiliser \u00c3\u00a0 cette fin d'autres Donn\u00c3\u00a9es personnelles (telles que l'adresse IP).\n  </p>", "level": 0}], [{"value": "<h3>Informations non incluses dans la pr\u00c3\u00a9sente politique</h3>", "level": 7}, {"value": "<p>\n    De plus amples renseignements concernant la collecte ou le traitement des Donn\u00c3\u00a9es personnelles peuvent \u00c3\u00a0 tout moment \u00c3\u00aatre demand\u00c3\u00a9s au Propri\u00c3\u00a9taire. Veuillez consulter les coordonn\u00c3\u00a9es figurant au d\u00c3\u00a9but du pr\u00c3\u00a9sent document.\n  </p>", "level": 0}], [{"value": "<h3>Comment les demandes \u00c2\u00ab Ne pas pister \u00c2\u00bb sont trait\u00c3\u00a9es</h3>", "level": 7}, {"value": "<p>\n      Cette Application ne prend pas en charge les demandes \u00c2\u00ab Ne pas pister \u00c2\u00bb.<br/>\nR\u00c3\u00a9f\u00c3\u00a9rez-vous \u00c3\u00a0 la politique de confidentialit\u00c3\u00a9 des services tiers pour d\u00c3\u00a9terminer s\u00e2\u0080\u0099ils acceptent ou non aux demandes \u00c2\u00ab Ne pas pister \u00c2\u00bb.\n    </p>", "level": 0}], [{"value": "<h3>Modifications de la pr\u00c3\u00a9sente politique de confidentialit\u00c3\u00a9</h3>", "level": 7}, {"value": "<p>\n    Le Propri\u00c3\u00a9taire se r\u00c3\u00a9serve le droit d'apporter des modifications \u00c3\u00a0 la pr\u00c3\u00a9sente politique de confidentialit\u00c3\u00a9, \u00c3\u00a0 tout moment, en informant ses Utilisateurs sur cette page et \u00c3\u00a9ventuellement dans cette Application ou \u00e2\u0080\u0093 pour autant que cela soit techniquement et l\u00c3\u00a9galement possible \u00e2\u0080\u0093 en envoyant une notification aux Utilisateurs par l'interm\u00c3\u00a9diaire des coordonn\u00c3\u00a9es disponibles pour le Propri\u00c3\u00a9taire. Il est fortement recommand\u00c3\u00a9 de consulter cette page fr\u00c3\u00a9quemment, en se r\u00c3\u00a9f\u00c3\u00a9rant \u00c3\u00a0 la date de la derni\u00c3\u00a8re modification indiqu\u00c3\u00a9e en bas. <br/><br/>\nSi les modifications influencent les activit\u00c3\u00a9s de traitement effectu\u00c3\u00a9es sur la base du consentement de l'Utilisateur, le Propri\u00c3\u00a9taire doit recueillir un nouveau consentement de l'Utilisateur lorsque n\u00c3\u00a9cessaire.\n  </p>", "level": 0}, {"value": "<div>\n<h3>\n      D\u00c3\u00a9finitions et r\u00c3\u00a9f\u00c3\u00a9rences l\u00c3\u00a9gales\n    </h3>\n<div>\n<h4>Donn\u00c3\u00a9es personnelles (ou Donn\u00c3\u00a9es)</h4>\n<p>Toute information qui, directement, indirectement ou en relation avec d'autres informations \u00e2\u0080\u0093 y compris un num\u00c3\u00a9ro d'identification personnel \u00e2\u0080\u0093 permet l'identification ou l'identifiabilit\u00c3\u00a9 d'une personne physique.</p>\n<h4>Donn\u00c3\u00a9es d\u00e2\u0080\u0099utilisation</h4>\n<p>Les informations collect\u00c3\u00a9es automatiquement par cette Application (ou par des services tiers employ\u00c3\u00a9s par cette Application), qui peuvent inclure les adresses IP ou les noms de domaines des ordinateurs utilis\u00c3\u00a9s par les Utilisateurs qui utilisent cette Application, les adresses URI (Uniform Resource Identifier ou identifiant uniforme de ressource), l\u00e2\u0080\u0099heure de la demande, la m\u00c3\u00a9thode utilis\u00c3\u00a9e pour soumettre la demande au serveur, la taille du fichier re\u00c3\u00a7u en r\u00c3\u00a9ponse, le code num\u00c3\u00a9rique indiquant le statut de la r\u00c3\u00a9ponse du serveur (r\u00c3\u00a9sultat favorable, erreur, etc.), le pays d\u00e2\u0080\u0099origine, les caract\u00c3\u00a9ristiques du navigateur et du syst\u00c3\u00a8me d\u00e2\u0080\u0099exploitation utilis\u00c3\u00a9s par l\u00e2\u0080\u0099Utilisateur, les diff\u00c3\u00a9rents d\u00c3\u00a9tails relatifs au temps par visite (p. ex. temps pass\u00c3\u00a9 sur chaque page dans l\u00e2\u0080\u0099Application) et les d\u00c3\u00a9tails relatifs au chemin suivi dans l\u00e2\u0080\u0099Application avec une r\u00c3\u00a9f\u00c3\u00a9rence sp\u00c3\u00a9ciale \u00c3\u00a0 la s\u00c3\u00a9quence des pages visit\u00c3\u00a9es, et d\u00e2\u0080\u0099autres param\u00c3\u00a8tres concernant le syst\u00c3\u00a8me d\u00e2\u0080\u0099exploitation ou l\u00e2\u0080\u0099environnement informatique de l\u00e2\u0080\u0099Utilisateur.</p>\n<h4>Utilisateur</h4>\n<p>La personne utilisant cette Application qui, sauf indication contraire, correspond \u00c3\u00a0 la Personne concern\u00c3\u00a9e.</p>\n<h4>Personne concern\u00c3\u00a9e</h4>\n<p>La personne physique \u00c3\u00a0 laquelle les Donn\u00c3\u00a9es personnelles font r\u00c3\u00a9f\u00c3\u00a9rence.</p>\n<h4>Sous-traitant (ou Responsable des donn\u00c3\u00a9es)</h4>\n<p>La personne physique ou morale, l'autorit\u00c3\u00a9 publique, l'institution ou tout autre organisme qui traite les Donn\u00c3\u00a9es personnelles pour le compte du Responsable du traitement, tel que d\u00c3\u00a9crit dans la pr\u00c3\u00a9sente politique de confidentialit\u00c3\u00a9.</p>\n<h4>Responsable du traitement (ou Propri\u00c3\u00a9taire)</h4>\n<p>La personne physique ou morale, l\u00e2\u0080\u0099autorit\u00c3\u00a9 publique, l'institution ou toute autre organisme qui, seul ou conjointement avec d\u00e2\u0080\u0099autres, d\u00c3\u00a9termine les finalit\u00c3\u00a9s et les moyens du traitement de Donn\u00c3\u00a9es personnelles, y compris les mesures de s\u00c3\u00a9curit\u00c3\u00a9 concernant le fonctionnement et l'utilisation de cette Application. Sauf mention contraire, le Responsable du traitement est le Propri\u00c3\u00a9taire de cette Application.</p>\n<h4>\n        Cette Application\n        \n      </h4>\n<p>Les moyens par lesquels les Donn\u00c3\u00a9es personnelles de l'Utilisateur sont collect\u00c3\u00a9es et trait\u00c3\u00a9es.</p>\n<h4>Service</h4>\n<p>Le service fourni par cette Application comme d\u00c3\u00a9crit dans les conditions s'y rapportant (le cas \u00c3\u00a9ch\u00c3\u00a9ant) et sur ce site/cette application.</p>\n<h4>Union europ\u00c3\u00a9enne (ou UE)</h4>\n<p>Sauf indication contraire, toutes les r\u00c3\u00a9f\u00c3\u00a9rences faites dans le pr\u00c3\u00a9sent document \u00c3\u00a0 l'Union europ\u00c3\u00a9enne incluent tous les \u00c3\u0089tats membres actuels de l'Union europ\u00c3\u00a9enne et de l'Espace \u00c3\u00a9conomique europ\u00c3\u00a9en.</p>\n<hr/>\n<h4>Informations l\u00c3\u00a9gales</h4>\n<p>La pr\u00c3\u00a9sente politique de confidentialit\u00c3\u00a9 a \u00c3\u00a9t\u00c3\u00a9 pr\u00c3\u00a9par\u00c3\u00a9e en ex\u00c3\u00a9cution des dispositions de plusieurs l\u00c3\u00a9gislations, notamment de l'article 13/14 du r\u00c3\u00a8glement europ\u00c3\u00a9en 2016/679 (r\u00c3\u00a8glement g\u00c3\u00a9n\u00c3\u00a9ral sur la protection des donn\u00c3\u00a9es).</p>\n<p>Cette politique de confidentialit\u00c3\u00a9 concerne uniquement cette Application, sauf indication contraire dans le pr\u00c3\u00a9sent document.</p>\n</div> <!-- /expand-content -->\n</div>", "level": 0}], [{"value": "<h3>\n      D\u00c3\u00a9finitions et r\u00c3\u00a9f\u00c3\u00a9rences l\u00c3\u00a9gales\n    </h3>", "level": 7}], [{"value": "<h4>Donn\u00c3\u00a9es personnelles (ou Donn\u00c3\u00a9es)</h4>", "level": 6}, {"value": "<p>Toute information qui, directement, indirectement ou en relation avec d'autres informations \u00e2\u0080\u0093 y compris un num\u00c3\u00a9ro d'identification personnel \u00e2\u0080\u0093 permet l'identification ou l'identifiabilit\u00c3\u00a9 d'une personne physique.</p>", "level": 0}], [{"value": "<h4>Donn\u00c3\u00a9es d\u00e2\u0080\u0099utilisation</h4>", "level": 6}, {"value": "<p>Les informations collect\u00c3\u00a9es automatiquement par cette Application (ou par des services tiers employ\u00c3\u00a9s par cette Application), qui peuvent inclure les adresses IP ou les noms de domaines des ordinateurs utilis\u00c3\u00a9s par les Utilisateurs qui utilisent cette Application, les adresses URI (Uniform Resource Identifier ou identifiant uniforme de ressource), l\u00e2\u0080\u0099heure de la demande, la m\u00c3\u00a9thode utilis\u00c3\u00a9e pour soumettre la demande au serveur, la taille du fichier re\u00c3\u00a7u en r\u00c3\u00a9ponse, le code num\u00c3\u00a9rique indiquant le statut de la r\u00c3\u00a9ponse du serveur (r\u00c3\u00a9sultat favorable, erreur, etc.), le pays d\u00e2\u0080\u0099origine, les caract\u00c3\u00a9ristiques du navigateur et du syst\u00c3\u00a8me d\u00e2\u0080\u0099exploitation utilis\u00c3\u00a9s par l\u00e2\u0080\u0099Utilisateur, les diff\u00c3\u00a9rents d\u00c3\u00a9tails relatifs au temps par visite (p. ex. temps pass\u00c3\u00a9 sur chaque page dans l\u00e2\u0080\u0099Application) et les d\u00c3\u00a9tails relatifs au chemin suivi dans l\u00e2\u0080\u0099Application avec une r\u00c3\u00a9f\u00c3\u00a9rence sp\u00c3\u00a9ciale \u00c3\u00a0 la s\u00c3\u00a9quence des pages visit\u00c3\u00a9es, et d\u00e2\u0080\u0099autres param\u00c3\u00a8tres concernant le syst\u00c3\u00a8me d\u00e2\u0080\u0099exploitation ou l\u00e2\u0080\u0099environnement informatique de l\u00e2\u0080\u0099Utilisateur.</p>", "level": 0}], [{"value": "<h4>Utilisateur</h4>", "level": 6}, {"value": "<p>La personne utilisant cette Application qui, sauf indication contraire, correspond \u00c3\u00a0 la Personne concern\u00c3\u00a9e.</p>", "level": 0}], [{"value": "<h4>Personne concern\u00c3\u00a9e</h4>", "level": 6}, {"value": "<p>La personne physique \u00c3\u00a0 laquelle les Donn\u00c3\u00a9es personnelles font r\u00c3\u00a9f\u00c3\u00a9rence.</p>", "level": 0}], [{"value": "<h4>Sous-traitant (ou Responsable des donn\u00c3\u00a9es)</h4>", "level": 6}, {"value": "<p>La personne physique ou morale, l'autorit\u00c3\u00a9 publique, l'institution ou tout autre organisme qui traite les Donn\u00c3\u00a9es personnelles pour le compte du Responsable du traitement, tel que d\u00c3\u00a9crit dans la pr\u00c3\u00a9sente politique de confidentialit\u00c3\u00a9.</p>", "level": 0}], [{"value": "<h4>Responsable du traitement (ou Propri\u00c3\u00a9taire)</h4>", "level": 6}, {"value": "<p>La personne physique ou morale, l\u00e2\u0080\u0099autorit\u00c3\u00a9 publique, l'institution ou toute autre organisme qui, seul ou conjointement avec d\u00e2\u0080\u0099autres, d\u00c3\u00a9termine les finalit\u00c3\u00a9s et les moyens du traitement de Donn\u00c3\u00a9es personnelles, y compris les mesures de s\u00c3\u00a9curit\u00c3\u00a9 concernant le fonctionnement et l'utilisation de cette Application. Sauf mention contraire, le Responsable du traitement est le Propri\u00c3\u00a9taire de cette Application.</p>", "level": 0}], [{"value": "<h4>\n        Cette Application\n        \n      </h4>", "level": 6}, {"value": "<p>Les moyens par lesquels les Donn\u00c3\u00a9es personnelles de l'Utilisateur sont collect\u00c3\u00a9es et trait\u00c3\u00a9es.</p>", "level": 0}], [{"value": "<h4>Service</h4>", "level": 6}, {"value": "<p>Le service fourni par cette Application comme d\u00c3\u00a9crit dans les conditions s'y rapportant (le cas \u00c3\u00a9ch\u00c3\u00a9ant) et sur ce site/cette application.</p>", "level": 0}], [{"value": "<h4>Union europ\u00c3\u00a9enne (ou UE)</h4>", "level": 6}, {"value": "<p>Sauf indication contraire, toutes les r\u00c3\u00a9f\u00c3\u00a9rences faites dans le pr\u00c3\u00a9sent document \u00c3\u00a0 l'Union europ\u00c3\u00a9enne incluent tous les \u00c3\u0089tats membres actuels de l'Union europ\u00c3\u00a9enne et de l'Espace \u00c3\u00a9conomique europ\u00c3\u00a9en.</p>", "level": 0}], [{"value": "<h4>Informations l\u00c3\u00a9gales</h4>", "level": 6}, {"value": "<p>La pr\u00c3\u00a9sente politique de confidentialit\u00c3\u00a9 a \u00c3\u00a9t\u00c3\u00a9 pr\u00c3\u00a9par\u00c3\u00a9e en ex\u00c3\u00a9cution des dispositions de plusieurs l\u00c3\u00a9gislations, notamment de l'article 13/14 du r\u00c3\u00a8glement europ\u00c3\u00a9en 2016/679 (r\u00c3\u00a8glement g\u00c3\u00a9n\u00c3\u00a9ral sur la protection des donn\u00c3\u00a9es).</p>", "level": 0}, {"value": "<p>Cette politique de confidentialit\u00c3\u00a9 concerne uniquement cette Application, sauf indication contraire dans le pr\u00c3\u00a9sent document.</p>", "level": 0}, {"value": "<div>\n<p>\n    Derni\u00e8re mise \u00c3\u00a0 jour :  5 juin 2018\n  </p>\n</div>", "level": 0}]]