[[{"value": "<h1 class=\"title\" style=\"background: transparent; border-width: 0px\">\n<a href=\"https://kalukustudio.blogspot.com/\">\nKalukuStudio\n</a>\n</h1>", "level": 9}, {"value": "<div class=\"descriptionwrapper\">\n<p class=\"description\"><span>Kaluku Studio Is Developer Game/apps Mobile.</span></p>\n</div>", "level": 0}, {"value": "<div class=\"post hentry uncustomized-post-template\" itemprop=\"blogPost\" itemscope=\"itemscope\" itemtype=\"http://schema.org/BlogPosting\">\n<meta content=\"6497408172087627791\" itemprop=\"blogId\"/>\n<meta content=\"841289858047072814\" itemprop=\"postId\"/>\n<a name=\"841289858047072814\"></a>\n<h3 class=\"post-title entry-title\" itemprop=\"name\">\nPrivacyPolicy\n</h3>\n<div class=\"post-header\">\n<div class=\"post-header-line-1\"></div>\n</div>\n<div class=\"post-body entry-content\" id=\"post-body-841289858047072814\" itemprop=\"description articleBody\">\nKaluku Studio<br/>\n<br/>\nPrivacy Policy<br/>\nKaluku Studio \nrespects the privacy rights of our online visitors and mobile customers \nand recognizes the importance of protecting the information collected \nabout you. This privacy policy describes how Kaluku Studio collects and \nuses the information you provide. It also describes the choices \navailable to you regarding our use of your personal information and how \nyou can access and update this information.<br/>\n<br/>\n<br/>\n<br/>\nChildren's privacy: personal information is not collected from children.\u00a0 <br/>\n<br/>\nKaluku\n Studiodoes not knowingly collect any personal information from children\n under 13 years of age. If we were to collect and store personal \ninformation from children, we would obtain the consent of a parent or \nlegal guardian before such collection.<br/>\n<br/>\n<br/>\n<br/>\nCollection and Use<br/>\n<br/>\nWe do not collect, request or access personal information like:<br/>\n<br/>\n\u00b7\u00a0\u00a0\u00a0\u00a0\u00a0\u00a0 First and last name;<br/>\n<br/>\n\u00b7\u00a0\u00a0\u00a0\u00a0\u00a0\u00a0 A home or other physical address including street name and name of a city or town;<br/>\n<br/>\n\u00b7\u00a0\u00a0\u00a0\u00a0\u00a0\u00a0 Online contact information;<br/>\n<br/>\n\u00b7\u00a0\u00a0\u00a0\u00a0\u00a0\u00a0 A screen or user name that functions as online contact information;<br/>\n<br/>\n\u00b7\u00a0\u00a0\u00a0\u00a0\u00a0\u00a0 A telephone number;<br/>\n<br/>\n\u00b7\u00a0\u00a0\u00a0\u00a0\u00a0\u00a0 A social security number;<br/>\n<br/>\n\u00b7\u00a0\u00a0\u00a0\u00a0\u00a0\u00a0 A photograph, video, or audio file, where such file contains a child\u2019s image or voice;<br/>\n<br/>\n\u00b7\u00a0\u00a0\u00a0\u00a0\u00a0\u00a0 Geo-location information sufficient to identify street name and name of a city or town;<br/>\n<br/>\n<br/>\n<br/>\nWe or third parties contracted by us may collect the following information:<br/>\n<br/>\n\u00b7\u00a0\u00a0\u00a0\u00a0\u00a0\u00a0 Your Internet Protocol Address or device identifier<br/>\n<br/>\n\u00b7\u00a0\u00a0\u00a0\u00a0\u00a0\u00a0 Information about your Device, your IP address, browser type, and operating system.<br/>\n<br/>\n\u00b7\u00a0\u00a0\u00a0\u00a0\u00a0\u00a0 Other statistical and usage data (as further explained below)<br/>\n<br/>\n<br/>\n<br/>\nWe\n use this information to use as support for the internal operations of \nthe app or online service. Internal operations may include:<br/>\n<br/>\n\u00b7\u00a0\u00a0\u00a0\u00a0\u00a0\u00a0 activities necessary for our app or service to maintain, analyze or improve its functioning;<br/>\n<br/>\n\u00b7\u00a0\u00a0\u00a0\u00a0\u00a0\u00a0 perform network communications;<br/>\n<br/>\n\u00b7\u00a0\u00a0\u00a0\u00a0\u00a0\u00a0 authenticate users or personalize content;<br/>\n<br/>\n\u00b7\u00a0\u00a0\u00a0\u00a0\u00a0\u00a0 serve contextual advertising or cap the frequency of advertising;<br/>\n<br/>\n\u00b7\u00a0\u00a0\u00a0\u00a0\u00a0\u00a0 protect the security or integrity of the user, app, or online service;<br/>\n<br/>\n\u00b7\u00a0\u00a0\u00a0\u00a0\u00a0\u00a0 ensure legal or regulatory compliance<br/>\n<br/>\n<br/>\n<br/>\n<br/>\nSharing Your Information<br/>\n<br/>\nWe will share your information with third parties only in the ways that are described in this privacy statement.<br/>\n<br/>\nWe may disclose your personal information<br/>\n<br/>\n\u00b7\u00a0\u00a0\u00a0\u00a0\u00a0\u00a0 as required by law, such as to comply with a subpoena, or similar legal process.<br/>\n<br/>\n\u00b7\u00a0\u00a0\u00a0\u00a0\u00a0\u00a0\n when we believe in good faith that disclosure is necessary to protect \nour rights, protect your safety or the safety of others, <br/>\ninvestigate fraud, or respond to a government request.<br/>\n<br/>\n<br/>\n<br/>\nif\n Kaluku Studio is involved in a merger, acquisition, or sale of all or a\n portion of its assets, you will be notified via a prominent notice <br/>\non\n our Web site of any change in ownership or uses of your personal \ninformation, as well as any choices you may have regarding your personal\n information.<br/>\n<br/>\n<br/>\n<br/>\nStatistical and Usage Data:<br/>\n<br/>\nWhen you use our apps or services we may retrieve information about your hardware system and how the service is used, <br/>\nincluding your Internet Protocol Address or device identifier. We may also collect information about your computer, <br/>\nhardware, software, platform, media and connection, information about online activity such as feature usage, game play <br/>\nstatistics and scores, user rankings, click paths, and in-app purchases. We use this information to better understand the <br/>\nbehavior and preferences of our customers, so that we can improve our products and services.<br/>\n<br/>\n<br/>\n<br/>\nIn-Game Advertising<br/>\n<br/>\nOur\n services may incorporate dynamic advertisement serving technology \noffered by our Advertising Network Providers (AdProviders), which \nenables advertising to be temporarily uploaded into the game and \nreplaced while you play. Logged data may include Internet Protocol \nAddress, in game location, length of time an advertisement was visible, \nsize of the advertisements, and angle of view. You or your app may be \nassigned an ID number, which is stored on your device, and used by Ad \nProviders to calculate the number of unique and repeat views of dynamic \nin-game advertising. The ID number is not associated with any personal \ndata and for children-directed games is not used for behavioral \nadvertising purposes. No logged information is used to personally \nidentify you. The servers used by the Ad Providers may be located \noutside your country of residence.<br/>\n<br/>\n<br/>\n<br/>\nThird Party Sites<br/>\n<br/>\nIf\n you click on a link to a third party site, including on an \nadvertisement, an Ad Provider, or other third party service, you will <br/>\nleave\n the Kaluku Studio app you are visiting and go to the site you \nselected.\u00a0 Because we cannot control the activities of third parties, <br/>\nwe\n cannot accept responsibility for any use of your personal information \nby such third parties, and we cannot guarantee that they will <br/>\nadhere\n to the same privacy and security practices as Kaluku Studio. We \nencourage you to review the privacy policies of these third party <br/>\nsites\n from whom you request services. If you visit a third party website that\n is linked to a Kaluku Studio website or app, you should <br/>\nconsult that site's privacy policy before providing any personal information.<br/>\n<br/>\n<br/>\n<br/>\nSecurity<br/>\n<br/>\nThe\n security of your personal information is important to us. We follow \ngenerally accepted industry standards to protect the personal <br/>\ninformation\n submitted to us, both during transmission and once we receive it. No \nmethod of transmission over the Internet, or method <br/>\nof electronic storage, is 100% secure. Therefore, we cannot guarantee its absolute security.<br/>\n<br/>\n<br/>\n<br/>\nNotification of Privacy Statement Changes<br/>\n<br/>\nWe\n may update this privacy statement to reflect changes to our information\n practices. If we make any material changes we will notify <br/>\nyou by\n means of a notice on this Site prior to the change becoming effective. \nWe encourage you to periodically review this page for <br/>\nthe latest information on our privacy practices.<br/>\n<br/>\n<br/>\n<br/>\nContact<br/>\n<br/>\nIf you have any questions about security on our in our apps or online services or about this privacy statement, <br/>\nyou can email us at : kalukustudio@gmail.com\n<div style=\"clear: both;\"></div>\n</div>\n<div class=\"post-footer\">\n<div class=\"post-footer-line post-footer-line-1\">\n<span class=\"post-author vcard\">\n</span>\n<span class=\"post-timestamp\">\n</span>\n<span class=\"reaction-buttons\">\n</span>\n<span class=\"post-comment-link\">\n</span>\n<span class=\"post-backlinks post-comment-link\">\n</span>\n<span class=\"post-icons\">\n<span class=\"item-control blog-admin pid-1916227451\">\n<a href=\"https://www.blogger.com/page-edit.g?blogID=6497408172087627791&amp;pageID=841289858047072814&amp;from=pencil\" title=\"Edit Halaman\">\n<img alt=\"\" class=\"icon-action\" height=\"18\" src=\"https://resources.blogblog.com/img/icon18_edit_allbkg.gif\" width=\"18\"/>\n</a>\n</span>\n</span>\n<div class=\"post-share-buttons goog-inline-block\">\n<a class=\"goog-inline-block share-button sb-email\" href=\"https://www.blogger.com/share-post.g?blogID=6497408172087627791&amp;pageID=841289858047072814&amp;target=email\" target=\"_blank\" title=\"Kirimkan Ini lewat Email\"><span class=\"share-button-link-text\">Kirimkan Ini lewat Email</span></a><a class=\"goog-inline-block share-button sb-blog\" href=\"https://www.blogger.com/share-post.g?blogID=6497408172087627791&amp;pageID=841289858047072814&amp;target=blog\" onclick='window.open(this.href, \"_blank\", \"height=270,width=475\"); return false;' target=\"_blank\" title=\"BlogThis!\"><span class=\"share-button-link-text\">BlogThis!</span></a><a class=\"goog-inline-block share-button sb-twitter\" href=\"https://www.blogger.com/share-post.g?blogID=6497408172087627791&amp;pageID=841289858047072814&amp;target=twitter\" target=\"_blank\" title=\"Berbagi ke Twitter\"><span class=\"share-button-link-text\">Berbagi ke Twitter</span></a><a class=\"goog-inline-block share-button sb-facebook\" href=\"https://www.blogger.com/share-post.g?blogID=6497408172087627791&amp;pageID=841289858047072814&amp;target=facebook\" onclick='window.open(this.href, \"_blank\", \"height=430,width=640\"); return false;' target=\"_blank\" title=\"Berbagi ke Facebook\"><span class=\"share-button-link-text\">Berbagi ke Facebook</span></a><a class=\"goog-inline-block share-button sb-pinterest\" href=\"https://www.blogger.com/share-post.g?blogID=6497408172087627791&amp;pageID=841289858047072814&amp;target=pinterest\" target=\"_blank\" title=\"Bagikan ke Pinterest\"><span class=\"share-button-link-text\">Bagikan ke Pinterest</span></a><div class=\"goog-inline-block google-plus-share-container\"><g:plusone annotation=\"inline\" href=\"http://kalukustudio.blogspot.com/p/blog-page_68.html\" size=\"medium\" source=\"blogger:blog:plusone\" width=\"300\"></g:plusone></div>\n</div>\n</div>\n<div class=\"post-footer-line post-footer-line-2\">\n<span class=\"post-labels\">\n</span>\n</div>\n<div class=\"post-footer-line post-footer-line-3\">\n<span class=\"post-location\">\n</span>\n</div>\n</div>\n</div>", "level": 0}], [{"value": "<h3 class=\"post-title entry-title\" itemprop=\"name\">\nPrivacyPolicy\n</h3>", "level": 7}, {"value": "<div class=\"post-body entry-content\" id=\"post-body-841289858047072814\" itemprop=\"description articleBody\">\nKaluku Studio<br/>\n<br/>\nPrivacy Policy<br/>\nKaluku Studio \nrespects the privacy rights of our online visitors and mobile customers \nand recognizes the importance of protecting the information collected \nabout you. This privacy policy describes how Kaluku Studio collects and \nuses the information you provide. It also describes the choices \navailable to you regarding our use of your personal information and how \nyou can access and update this information.<br/>\n<br/>\n<br/>\n<br/>\nChildren's privacy: personal information is not collected from children.\u00a0 <br/>\n<br/>\nKaluku\n Studiodoes not knowingly collect any personal information from children\n under 13 years of age. If we were to collect and store personal \ninformation from children, we would obtain the consent of a parent or \nlegal guardian before such collection.<br/>\n<br/>\n<br/>\n<br/>\nCollection and Use<br/>\n<br/>\nWe do not collect, request or access personal information like:<br/>\n<br/>\n\u00b7\u00a0\u00a0\u00a0\u00a0\u00a0\u00a0 First and last name;<br/>\n<br/>\n\u00b7\u00a0\u00a0\u00a0\u00a0\u00a0\u00a0 A home or other physical address including street name and name of a city or town;<br/>\n<br/>\n\u00b7\u00a0\u00a0\u00a0\u00a0\u00a0\u00a0 Online contact information;<br/>\n<br/>\n\u00b7\u00a0\u00a0\u00a0\u00a0\u00a0\u00a0 A screen or user name that functions as online contact information;<br/>\n<br/>\n\u00b7\u00a0\u00a0\u00a0\u00a0\u00a0\u00a0 A telephone number;<br/>\n<br/>\n\u00b7\u00a0\u00a0\u00a0\u00a0\u00a0\u00a0 A social security number;<br/>\n<br/>\n\u00b7\u00a0\u00a0\u00a0\u00a0\u00a0\u00a0 A photograph, video, or audio file, where such file contains a child\u2019s image or voice;<br/>\n<br/>\n\u00b7\u00a0\u00a0\u00a0\u00a0\u00a0\u00a0 Geo-location information sufficient to identify street name and name of a city or town;<br/>\n<br/>\n<br/>\n<br/>\nWe or third parties contracted by us may collect the following information:<br/>\n<br/>\n\u00b7\u00a0\u00a0\u00a0\u00a0\u00a0\u00a0 Your Internet Protocol Address or device identifier<br/>\n<br/>\n\u00b7\u00a0\u00a0\u00a0\u00a0\u00a0\u00a0 Information about your Device, your IP address, browser type, and operating system.<br/>\n<br/>\n\u00b7\u00a0\u00a0\u00a0\u00a0\u00a0\u00a0 Other statistical and usage data (as further explained below)<br/>\n<br/>\n<br/>\n<br/>\nWe\n use this information to use as support for the internal operations of \nthe app or online service. Internal operations may include:<br/>\n<br/>\n\u00b7\u00a0\u00a0\u00a0\u00a0\u00a0\u00a0 activities necessary for our app or service to maintain, analyze or improve its functioning;<br/>\n<br/>\n\u00b7\u00a0\u00a0\u00a0\u00a0\u00a0\u00a0 perform network communications;<br/>\n<br/>\n\u00b7\u00a0\u00a0\u00a0\u00a0\u00a0\u00a0 authenticate users or personalize content;<br/>\n<br/>\n\u00b7\u00a0\u00a0\u00a0\u00a0\u00a0\u00a0 serve contextual advertising or cap the frequency of advertising;<br/>\n<br/>\n\u00b7\u00a0\u00a0\u00a0\u00a0\u00a0\u00a0 protect the security or integrity of the user, app, or online service;<br/>\n<br/>\n\u00b7\u00a0\u00a0\u00a0\u00a0\u00a0\u00a0 ensure legal or regulatory compliance<br/>\n<br/>\n<br/>\n<br/>\n<br/>\nSharing Your Information<br/>\n<br/>\nWe will share your information with third parties only in the ways that are described in this privacy statement.<br/>\n<br/>\nWe may disclose your personal information<br/>\n<br/>\n\u00b7\u00a0\u00a0\u00a0\u00a0\u00a0\u00a0 as required by law, such as to comply with a subpoena, or similar legal process.<br/>\n<br/>\n\u00b7\u00a0\u00a0\u00a0\u00a0\u00a0\u00a0\n when we believe in good faith that disclosure is necessary to protect \nour rights, protect your safety or the safety of others, <br/>\ninvestigate fraud, or respond to a government request.<br/>\n<br/>\n<br/>\n<br/>\nif\n Kaluku Studio is involved in a merger, acquisition, or sale of all or a\n portion of its assets, you will be notified via a prominent notice <br/>\non\n our Web site of any change in ownership or uses of your personal \ninformation, as well as any choices you may have regarding your personal\n information.<br/>\n<br/>\n<br/>\n<br/>\nStatistical and Usage Data:<br/>\n<br/>\nWhen you use our apps or services we may retrieve information about your hardware system and how the service is used, <br/>\nincluding your Internet Protocol Address or device identifier. We may also collect information about your computer, <br/>\nhardware, software, platform, media and connection, information about online activity such as feature usage, game play <br/>\nstatistics and scores, user rankings, click paths, and in-app purchases. We use this information to better understand the <br/>\nbehavior and preferences of our customers, so that we can improve our products and services.<br/>\n<br/>\n<br/>\n<br/>\nIn-Game Advertising<br/>\n<br/>\nOur\n services may incorporate dynamic advertisement serving technology \noffered by our Advertising Network Providers (AdProviders), which \nenables advertising to be temporarily uploaded into the game and \nreplaced while you play. Logged data may include Internet Protocol \nAddress, in game location, length of time an advertisement was visible, \nsize of the advertisements, and angle of view. You or your app may be \nassigned an ID number, which is stored on your device, and used by Ad \nProviders to calculate the number of unique and repeat views of dynamic \nin-game advertising. The ID number is not associated with any personal \ndata and for children-directed games is not used for behavioral \nadvertising purposes. No logged information is used to personally \nidentify you. The servers used by the Ad Providers may be located \noutside your country of residence.<br/>\n<br/>\n<br/>\n<br/>\nThird Party Sites<br/>\n<br/>\nIf\n you click on a link to a third party site, including on an \nadvertisement, an Ad Provider, or other third party service, you will <br/>\nleave\n the Kaluku Studio app you are visiting and go to the site you \nselected.\u00a0 Because we cannot control the activities of third parties, <br/>\nwe\n cannot accept responsibility for any use of your personal information \nby such third parties, and we cannot guarantee that they will <br/>\nadhere\n to the same privacy and security practices as Kaluku Studio. We \nencourage you to review the privacy policies of these third party <br/>\nsites\n from whom you request services. If you visit a third party website that\n is linked to a Kaluku Studio website or app, you should <br/>\nconsult that site's privacy policy before providing any personal information.<br/>\n<br/>\n<br/>\n<br/>\nSecurity<br/>\n<br/>\nThe\n security of your personal information is important to us. We follow \ngenerally accepted industry standards to protect the personal <br/>\ninformation\n submitted to us, both during transmission and once we receive it. No \nmethod of transmission over the Internet, or method <br/>\nof electronic storage, is 100% secure. Therefore, we cannot guarantee its absolute security.<br/>\n<br/>\n<br/>\n<br/>\nNotification of Privacy Statement Changes<br/>\n<br/>\nWe\n may update this privacy statement to reflect changes to our information\n practices. If we make any material changes we will notify <br/>\nyou by\n means of a notice on this Site prior to the change becoming effective. \nWe encourage you to periodically review this page for <br/>\nthe latest information on our privacy practices.<br/>\n<br/>\n<br/>\n<br/>\nContact<br/>\n<br/>\nIf you have any questions about security on our in our apps or online services or about this privacy statement, <br/>\nyou can email us at : kalukustudio@gmail.com\n<div style=\"clear: both;\"></div>\n</div>", "level": 0}, {"value": "<div class=\"post-footer\">\n<div class=\"post-footer-line post-footer-line-1\">\n<span class=\"post-author vcard\">\n</span>\n<span class=\"post-timestamp\">\n</span>\n<span class=\"reaction-buttons\">\n</span>\n<span class=\"post-comment-link\">\n</span>\n<span class=\"post-backlinks post-comment-link\">\n</span>\n<span class=\"post-icons\">\n<span class=\"item-control blog-admin pid-1916227451\">\n<a href=\"https://www.blogger.com/page-edit.g?blogID=6497408172087627791&amp;pageID=841289858047072814&amp;from=pencil\" title=\"Edit Halaman\">\n<img alt=\"\" class=\"icon-action\" height=\"18\" src=\"https://resources.blogblog.com/img/icon18_edit_allbkg.gif\" width=\"18\"/>\n</a>\n</span>\n</span>\n<div class=\"post-share-buttons goog-inline-block\">\n<a class=\"goog-inline-block share-button sb-email\" href=\"https://www.blogger.com/share-post.g?blogID=6497408172087627791&amp;pageID=841289858047072814&amp;target=email\" target=\"_blank\" title=\"Kirimkan Ini lewat Email\"><span class=\"share-button-link-text\">Kirimkan Ini lewat Email</span></a><a class=\"goog-inline-block share-button sb-blog\" href=\"https://www.blogger.com/share-post.g?blogID=6497408172087627791&amp;pageID=841289858047072814&amp;target=blog\" onclick='window.open(this.href, \"_blank\", \"height=270,width=475\"); return false;' target=\"_blank\" title=\"BlogThis!\"><span class=\"share-button-link-text\">BlogThis!</span></a><a class=\"goog-inline-block share-button sb-twitter\" href=\"https://www.blogger.com/share-post.g?blogID=6497408172087627791&amp;pageID=841289858047072814&amp;target=twitter\" target=\"_blank\" title=\"Berbagi ke Twitter\"><span class=\"share-button-link-text\">Berbagi ke Twitter</span></a><a class=\"goog-inline-block share-button sb-facebook\" href=\"https://www.blogger.com/share-post.g?blogID=6497408172087627791&amp;pageID=841289858047072814&amp;target=facebook\" onclick='window.open(this.href, \"_blank\", \"height=430,width=640\"); return false;' target=\"_blank\" title=\"Berbagi ke Facebook\"><span class=\"share-button-link-text\">Berbagi ke Facebook</span></a><a class=\"goog-inline-block share-button sb-pinterest\" href=\"https://www.blogger.com/share-post.g?blogID=6497408172087627791&amp;pageID=841289858047072814&amp;target=pinterest\" target=\"_blank\" title=\"Bagikan ke Pinterest\"><span class=\"share-button-link-text\">Bagikan ke Pinterest</span></a><div class=\"goog-inline-block google-plus-share-container\"><g:plusone annotation=\"inline\" href=\"http://kalukustudio.blogspot.com/p/blog-page_68.html\" size=\"medium\" source=\"blogger:blog:plusone\" width=\"300\"></g:plusone></div>\n</div>\n</div>\n<div class=\"post-footer-line post-footer-line-2\">\n<span class=\"post-labels\">\n</span>\n</div>\n<div class=\"post-footer-line post-footer-line-3\">\n<span class=\"post-location\">\n</span>\n</div>\n</div>", "level": 0}], [{"value": "<h4>Tidak ada komentar:</h4>", "level": 6}], [{"value": "<h4 id=\"comment-post-message\">Posting Komentar</h4>", "level": 6}, {"value": "<div class=\"blog-pager\" id=\"blog-pager\">\n<a class=\"home-link\" href=\"https://kalukustudio.blogspot.com/\">Beranda</a>\n</div>", "level": 0}, {"value": "<div class=\"blog-feeds\">\n<div class=\"feed-links\">\nLangganan:\n<a class=\"feed-link\" href=\"https://kalukustudio.blogspot.com/feeds/posts/default\" target=\"_blank\" type=\"application/atom+xml\">Postingan (Atom)</a>\n</div>\n</div>", "level": 0}], [{"value": "<h2>Privacy Polisi</h2>", "level": 8}, {"value": "<div class=\"widget-content\">\n<ul>\n<li class=\"selected\">\n<a href=\"https://kalukustudio.blogspot.com/p/blog-page_68.html\">PrivacyPolicy</a>\n</li>\n</ul>\n<div class=\"clear\"></div>\n<span class=\"widget-item-control\">\n<span class=\"item-control blog-admin\">\n<a class=\"quickedit\" href=\"//www.blogger.com/rearrange?blogID=6497408172087627791&amp;widgetType=PageList&amp;widgetId=PageList2&amp;action=editWidget&amp;sectionId=sidebar-right-1\" onclick='return _WidgetManager._PopupConfig(document.getElementById(\"PageList2\"));' target=\"configPageList2\" title=\"Edit\">\n<img alt=\"\" height=\"18\" src=\"https://resources.blogblog.com/img/icon18_wrench_allbkg.png\" width=\"18\"/>\n</a>\n</span>\n</span>\n<div class=\"clear\"></div>\n</div>", "level": 0}], [{"value": "<h2>About Kaluku Studio</h2>", "level": 8}, {"value": "<div class=\"widget-content\">\n<dl class=\"profile-datablock\">\n<dt class=\"profile-data\">\n<a class=\"profile-name-link g-profile\" href=\"https://plus.google.com/106406054620403761415\" rel=\"author\" style=\"background-image: url(//www.google.com/images/icons/ui/gprofile_button-16.png);\">\nSri Marliani\n</a>\n<br/>\n<div class=\"g-follow\" data-annotation=\"bubble\" data-height=\"20\" data-href=\"https://plus.google.com/106406054620403761415\"></div>\n</dt>\n</dl>\n<a class=\"profile-link\" href=\"https://plus.google.com/106406054620403761415\" rel=\"author\">Lihat profil lengkapku</a>\n<div class=\"clear\"></div>\n<span class=\"widget-item-control\">\n<span class=\"item-control blog-admin\">\n<a class=\"quickedit\" href=\"//www.blogger.com/rearrange?blogID=6497408172087627791&amp;widgetType=Profile&amp;widgetId=Profile1&amp;action=editWidget&amp;sectionId=sidebar-right-1\" onclick='return _WidgetManager._PopupConfig(document.getElementById(\"Profile1\"));' target=\"configProfile1\" title=\"Edit\">\n<img alt=\"\" height=\"18\" src=\"https://resources.blogblog.com/img/icon18_wrench_allbkg.png\" width=\"18\"/>\n</a>\n</span>\n</span>\n<div class=\"clear\"></div>\n</div>", "level": 0}], [{"value": "<h2>Arsip Blog</h2>", "level": 8}, {"value": "<div class=\"widget-content\">\n<div id=\"ArchiveList\">\n<div id=\"BlogArchive1_ArchiveList\">\n<ul class=\"flat\">\n<li class=\"archivedate\">\n<a href=\"https://kalukustudio.blogspot.com/2017/06/\">Juni 2017</a> (1)\n      </li>\n</ul>\n</div>\n</div>\n<div class=\"clear\"></div>\n<span class=\"widget-item-control\">\n<span class=\"item-control blog-admin\">\n<a class=\"quickedit\" href=\"//www.blogger.com/rearrange?blogID=6497408172087627791&amp;widgetType=BlogArchive&amp;widgetId=BlogArchive1&amp;action=editWidget&amp;sectionId=sidebar-right-1\" onclick='return _WidgetManager._PopupConfig(document.getElementById(\"BlogArchive1\"));' target=\"configBlogArchive1\" title=\"Edit\">\n<img alt=\"\" height=\"18\" src=\"https://resources.blogblog.com/img/icon18_wrench_allbkg.png\" width=\"18\"/>\n</a>\n</span>\n</span>\n<div class=\"clear\"></div>\n</div>", "level": 0}], [{"value": "<h3 class=\"title\">\n<a class=\"report_abuse\" href=\"https://www.blogger.com/go/report-abuse\" rel=\"noopener nofollow\" target=\"_blank\">\nLaporkan Penyalahgunaan\n</a>\n</h3>", "level": 7}, {"value": "<div class=\"widget PageList\" data-version=\"1\" id=\"PageList1\">\n<div class=\"widget-content\">\n<ul>\n<li>\n<a href=\"https://kalukustudio.blogspot.com/\">Beranda</a>\n</li>\n</ul>\n<div class=\"clear\"></div>\n<span class=\"widget-item-control\">\n<span class=\"item-control blog-admin\">\n<a class=\"quickedit\" href=\"//www.blogger.com/rearrange?blogID=6497408172087627791&amp;widgetType=PageList&amp;widgetId=PageList1&amp;action=editWidget&amp;sectionId=sidebar-right-1\" onclick='return _WidgetManager._PopupConfig(document.getElementById(\"PageList1\"));' target=\"configPageList1\" title=\"Edit\">\n<img alt=\"\" height=\"18\" src=\"https://resources.blogblog.com/img/icon18_wrench_allbkg.png\" width=\"18\"/>\n</a>\n</span>\n</span>\n<div class=\"clear\"></div>\n</div>\n</div>", "level": 0}, {"value": "<div class=\"widget PopularPosts\" data-version=\"1\" id=\"PopularPosts1\">\n<h2>Postingan Populer</h2>\n<div class=\"widget-content popular-posts\">\n<ul>\n<li>\n<div class=\"item-content\">\n<div class=\"item-title\"><a href=\"https://kalukustudio.blogspot.com/2017/06/welcom-to-kalukustudio.html\">Welcom To KalukuStudio</a></div>\n<div class=\"item-snippet\">Kalukustudio is Developer game/apps Mobile.  we have many app in android market, you can download to click this link : here    </div>\n</div>\n<div style=\"clear: both;\"></div>\n</li>\n</ul>\n<div class=\"clear\"></div>\n<span class=\"widget-item-control\">\n<span class=\"item-control blog-admin\">\n<a class=\"quickedit\" href=\"//www.blogger.com/rearrange?blogID=6497408172087627791&amp;widgetType=PopularPosts&amp;widgetId=PopularPosts1&amp;action=editWidget&amp;sectionId=sidebar-right-2-1\" onclick='return _WidgetManager._PopupConfig(document.getElementById(\"PopularPosts1\"));' target=\"configPopularPosts1\" title=\"Edit\">\n<img alt=\"\" height=\"18\" src=\"https://resources.blogblog.com/img/icon18_wrench_allbkg.png\" width=\"18\"/>\n</a>\n</span>\n</span>\n<div class=\"clear\"></div>\n</div>\n</div>", "level": 0}], [{"value": "<h2>Postingan Populer</h2>", "level": 8}, {"value": "<div class=\"widget-content popular-posts\">\n<ul>\n<li>\n<div class=\"item-content\">\n<div class=\"item-title\"><a href=\"https://kalukustudio.blogspot.com/2017/06/welcom-to-kalukustudio.html\">Welcom To KalukuStudio</a></div>\n<div class=\"item-snippet\">Kalukustudio is Developer game/apps Mobile.  we have many app in android market, you can download to click this link : here    </div>\n</div>\n<div style=\"clear: both;\"></div>\n</li>\n</ul>\n<div class=\"clear\"></div>\n<span class=\"widget-item-control\">\n<span class=\"item-control blog-admin\">\n<a class=\"quickedit\" href=\"//www.blogger.com/rearrange?blogID=6497408172087627791&amp;widgetType=PopularPosts&amp;widgetId=PopularPosts1&amp;action=editWidget&amp;sectionId=sidebar-right-2-1\" onclick='return _WidgetManager._PopupConfig(document.getElementById(\"PopularPosts1\"));' target=\"configPopularPosts1\" title=\"Edit\">\n<img alt=\"\" height=\"18\" src=\"https://resources.blogblog.com/img/icon18_wrench_allbkg.png\" width=\"18\"/>\n</a>\n</span>\n</span>\n<div class=\"clear\"></div>\n</div>", "level": 0}, {"value": "<footer>\n<div class=\"footer-outer\">\n<div class=\"footer-cap-top cap-top\">\n<div class=\"cap-left\"></div>\n<div class=\"cap-right\"></div>\n</div>\n<div class=\"fauxborder-left footer-fauxborder-left\">\n<div class=\"fauxborder-right footer-fauxborder-right\"></div>\n<div class=\"region-inner footer-inner\">\n<div class=\"foot no-items section\" id=\"footer-1\"></div>\n<table border=\"0\" cellpadding=\"0\" cellspacing=\"0\" class=\"section-columns columns-2\">\n<tbody>\n<tr>\n<td class=\"first columns-cell\">\n<div class=\"foot no-items section\" id=\"footer-2-1\"></div>\n</td>\n<td class=\"columns-cell\">\n<div class=\"foot no-items section\" id=\"footer-2-2\"></div>\n</td>\n</tr>\n</tbody>\n</table>\n<!-- outside of the include in order to lock Attribution widget -->\n<div class=\"foot section\" id=\"footer-3\" name=\"Footer\"><div class=\"widget Attribution\" data-version=\"1\" id=\"Attribution1\">\n<div class=\"widget-content\" style=\"text-align: center;\">\nKaluku Studio. Tema Sederhana. Diberdayakan oleh <a href=\"https://www.blogger.com\" target=\"_blank\">Blogger</a>.\n</div>\n<div class=\"clear\"></div>\n<span class=\"widget-item-control\">\n<span class=\"item-control blog-admin\">\n<a class=\"quickedit\" href=\"//www.blogger.com/rearrange?blogID=6497408172087627791&amp;widgetType=Attribution&amp;widgetId=Attribution1&amp;action=editWidget&amp;sectionId=footer-3\" onclick='return _WidgetManager._PopupConfig(document.getElementById(\"Attribution1\"));' target=\"configAttribution1\" title=\"Edit\">\n<img alt=\"\" height=\"18\" src=\"https://resources.blogblog.com/img/icon18_wrench_allbkg.png\" width=\"18\"/>\n</a>\n</span>\n</span>\n<div class=\"clear\"></div>\n</div></div>\n</div>\n</div>\n<div class=\"footer-cap-bottom cap-bottom\">\n<div class=\"cap-left\"></div>\n<div class=\"cap-right\"></div>\n</div>\n</div>\n</footer>", "level": 0}]]