[[], [{"value": "<p style=\"color:#009900;\"><b>What is Go Vacation Indonesia ?</b></p>", "level": 1}, {"value": "<div class=\"hpadding20\"><ul class=\"a\">\n</ul><ol>\n<li>Reservation through Go Vacation Indonesia will give you ease of : searching for tours/excursions or to find rooms availability and prices as the prices are implemented on a table and gives you an easy way to find the date and prices you are looking for.</li>\n<!--<li>We guarantee the prices on the table are the best and the cheapest prices. If you have found cheaper price at other website, contact us and we will give you minimum the same price as the price you have found.</li>-->\n<li>We will confirm your reservation status immediately by e-mail or telephone.</li>\n<li>We have button Add to cart easily for customers book multiple in one transaction.</li>\n<li>The easy way to settle the payment through online direct payment at our website.</li>\n</ol>\n</div>", "level": 0}, {"value": "<div class=\"hpadding20\"><p style=\"color:#009900;\"><b>How do I make a reservation?</b></p></div>", "level": 0}], [{"value": "<p style=\"color:#009900;\"><b>How do I make a reservation?</b></p>", "level": 1}, {"value": "<div class=\"hpadding20\">\n<p>\n                                Reservation can be done through our website by choosing your destination on the Menu and you will find some choice of tour or excursion which could be listed as well by budget, holiday type and holiday duration.<br/>\n                                You are also able to use a searching table with a Key you have knew such as your favorite hotel name, by typing one word on the Hotel Name, the searching machine will deliver you the result or to find a hotel name accordance with the criteria you want.<br/>\n                                The Tours that are offered by Go Vacation Indonesia also meet the varied interests of travelers.<br/>\n                                If you have any special requests such as non smoking room, rooms with connecting door and so on, you can enter any special requests into \"Guest Note\" box which is available in your  reservation form, and your special request will be proceed and follow-up by the hotel directly but we could not guarantee you.\n                            </p>\n</div>", "level": 0}, {"value": "<div class=\"hpadding20\"><p style=\"color:#009900;\"><b>What should I do after making reservation?</b></p></div>", "level": 0}], [{"value": "<p style=\"color:#009900;\"><b>What should I do after making reservation?</b></p>", "level": 1}, {"value": "<div class=\"hpadding20\">\n<p>\n                                After you have filled reservation form and before you submit the data, please make sure all important information such as your first name, tours name, hotel name, check-in and check-out date, total rooms, and room type are already correct due the data you have submitted would not be able to be edited except to cancel and re-book the room.<br/>\n                                You will move to the step for the payment. You will see the price you will pay through credit card, and you input the necessary parts for the credit card payment.<br/>\n                                As soon as the booking process has been completed, you will receive a confirmation email concerning your  booking information detail and please keep your confirmation. Whenever you log in by inputting your own username and password, you can also check your history of bookings.<br/>\n</p>\n</div>", "level": 0}, {"value": "<div class=\"hpadding20\">\n<p style=\"color:#009900;\"><b>When will I receive the Booking Voucher?</b></p></div>", "level": 0}], [{"value": "<p style=\"color:#009900;\"><b>When will I receive the Booking Voucher?</b></p>", "level": 1}, {"value": "<div class=\"hpadding20\">\n<p>\n                                The Booking Voucher will be sent after your payment confirmation done. \n                                If within 24 hours you do not receive the Booking voucher, \n                                there must be some errors and we ask you to contact Go Vacation Indonesia Hotline Support to +6281-23801503 during working hour 09:00 -17:00 WITA.\n                            </p>\n</div>", "level": 0}, {"value": "<div class=\"collapse in hide\" id=\"collapse22\">\n<div class=\"hpadding20\">\n<p style=\"color:#009900;\"><b>I lost my Booking Voucher, can I check-in without a Hotel Voucher?</b></p></div>\n<div class=\"hpadding20\">\n<p>\n                                If you lost your Hotel voucher, you have to contact the agents site of the hotel booking that provide your hotels. <br/>\n                                Check the terms and conditions of the hotel policy on the site hotel bookings.<br/>\n                                Go Vacation Indonesia is not guarantee for the Hotel bookings.                                <br/>\n</p></div>\n<!-- End of TAB4 -->\n<!-- TAB 5 -->\n</div>", "level": 0}, {"value": "<div class=\"tab-pane fade\" id=\"contact_us\">\n<p class=\"hpadding20 custcontus\"><b>You have a question about your booking? Activities? Do you wish to partner with us?</b></p>\n<div class=\"line4\"></div>\n<!-- Collapse 24 -->\n<button class=\"collapsebtn2\" data-target=\"#collapse24\" data-toggle=\"collapse\" type=\"button\">\n\t\t\t\t\t\t  Contact our Customer Service. <span class=\"collapsearrow\"></span>\n</button>\n<div class=\"collapse in\" id=\"collapse24\">\n<div class=\"hpadding20\">\n<p>\n</p><ul>\n<li>Feel free to contact us for help or question about your trip</li>\n<li>Office Hours : 09.00 - 17.00 (GMT+8)</li>\n</ul>\n                                    We respond to all inquiries within one business day.<br/>\n                                    Please contact us by Email, Phone, Fax, or Chat. Or request a Call Back.\n                                \n\t\t\t\t\t\t\t</div>\n<div class=\"clearfix\"></div>\n</div>\n<!-- End of collapse 24 -->\n<div class=\"line4\"></div>\n<!-- Collapse 26 -->\n<button class=\"collapsebtn2\" data-target=\"#collapse261\" data-toggle=\"collapse\" type=\"button\">\n\t\t\t\t\t\t  Contact us by Email <span class=\"collapsearrow\"></span>\n</button>\n<form action=\"Contactus.aspx\" id=\"frm_contact\" method=\"post\">\n<div class=\"collapse in\" id=\"collapse261 hpadding20\">\n<div class=\"col-md-3 textleft\">\n<div class=\"margtop15\"><span class=\"dark\">First Name</span><span class=\"red\">*</span></div>\n</div>\n<div class=\"col-md-7 text-left\">\n<input class=\"form-control \" name=\"t_fname\" placeholder=\"\" type=\"text\"/>\n</div>\n<div class=\"col-md-4 textleft margtop15\">\n</div>\n<div class=\"clearfix\"></div>\n<div class=\"col-md-3 textleft\">\n<div class=\"margtop15\"><span class=\"dark\">Last Name</span><span class=\"red\">*</span></div>\n</div>\n<div class=\"col-md-7 text-left\">\n<input class=\"form-control \" name=\"t_lname\" placeholder=\"\" type=\"text\"/>\n</div>\n<div class=\"col-md-4 textleft margtop15\">\n</div>\n<div class=\"clearfix\"></div>\n<div class=\"col-md-3 textleft\">\n<div class=\"margtop15\"><span class=\"dark\">Enter your email address</span><span class=\"red\">*</span></div>\n</div>\n<div class=\"col-md-7 text-left\">\n<input class=\"form-control \" name=\"t_email\" placeholder=\"\" type=\"text\"/>\n</div>\n<div class=\"col-md-4 textleft margtop15\">\n</div>\n<div class=\"clearfix\"></div>\n<div class=\"col-md-3 textleft\">\n<div class=\"margtop15\"><span class=\"dark\">Select a subject for your email</span><span class=\"red\">*</span></div>\n</div>\n<div class=\"col-md-7 text-left\">\n<select name=\"pilihan\" style=\"padding:3px 0px 3px 12px; height:34px; border:2px solid #ebebeb\">\n<option value=\"1\">Tours Information Request</option>\n<option value=\"2\">Airport Transfer Information Request</option>\n<option value=\"3\">Special Request/Price Quote</option>\n<option value=\"4\">Booking Status</option>\n<option value=\"5\">Booking Cancellation</option>\n<option value=\"6\">Booking Modification</option>\n<option value=\"7\">Voucher Not Received</option>\n<option value=\"0\">Other Inquiries</option>\n</select>\n</div>\n<div class=\"col-md-4 textleft margtop15\">\n</div>\n<div class=\"clearfix\"></div>\n<div class=\"col-md-3 textleft\">\n<div class=\"margtop15\"><span class=\"dark\">Message</span><span class=\"red\">*</span></div>\n</div>\n<div class=\"col-md-7 text-left\">\n<textarea cols=\"24\" name=\"t_note\" style=\"width:100%;height:200px;\"></textarea>\n</div>\n<div class=\"col-md-2 text-left\" style=\"margin-top:220px;margin-left:-47%;\">\n<button class=\"bluebtn margtop20\" id=\"submit-email\" type=\"submit\">Submit</button>\n</div>\n<div class=\"col-md-4 textleft margtop15\">\n</div>\n<div class=\"clearfix\"></div>\n</div>\n</form>\n<!-- End of collapse 26 -->\n<div class=\"line4\"></div>\n<!-- Collapse 27 -->\n<button class=\"collapsebtn2\" data-target=\"#collapse27\" data-toggle=\"collapse\" type=\"button\">\n\t\t\t\t\t\t  Mailing Address <span class=\"collapsearrow\"></span>\n</button>\n<div class=\"collapse in\" id=\"collapse27\">\n<div class=\"col-md-6 container left\">\n<p><b style=\"color:#FF6500\">Indonesia</b><br/>\n                                Jalan Bypass Ngurah Rai No.7 Sanur 80227 P.O.BOX : 3375, Denpasar 80033, Bali-Indonesia <br/>\n<a href=\"mailto:cs@govacation-indonesia.com\">cs[at]govacation-indonesia.com</a>\n</p>\n<!--Jalan Bypass Ngurah Rai No.7 Sanur 80227, P.O.BOX : 3375, Denpasar 80033, Bali-Indonesia \n                                Phone : (+62 361) 286 333 Fax : (+62 361) 286 092\n                                http://www.govacation-indonesia.com-->\n</div>\n<div class=\"clearfix\"></div>\n</div>\n<!-- End of collapse 27 -->\n</div>", "level": 0}, {"value": "<div class=\"footerbgblack\">\n<div class=\"container\">\n<div class=\"col-md-3 mobile\">\n<span class=\"ftitleblack\">Accepted Cards</span>\n<div style=\"background-image: url(/images/mastercard_visa_amex_ppX1.png); width:109px; height:38px; \">\n</div><br/>\n<span class=\"ftitleblack\">Secure Payment With\t</span>\n<br/>\n<a href=\"#\"><img height=\"40px\" src=\"/images/f_digicert.png\"/></a>\n</div>\n<!-- End of column 1-->\n<div class=\"col-md-3 mobile\">\n<span class=\"ftitleblack\">Information</span>\n<ul class=\"footerlistblack\">\n<li><a href=\"/about_us.aspx\">About GoVacation Indonesia</a></li>\n<li><a href=\"/about_us.aspx?c=about&amp;opt=2\">Privacy Policy</a></li>\n<li><a href=\"/about_us.aspx?c=about&amp;opt=3\">Terms And Conditions</a></li>\n<!--<li><a href=\"/about_us.aspx?c=about&opt=4\">FAQ </a></li>\n\t\t\t\t\t\t<li><a href=\"/about_us.aspx?c=about&opt=5\">Contact Us</a></li>-->\n</ul>\n</div>\n<!-- End of column 2-->\n<div class=\"col-md-3 mobile\">\n<span class=\"ftitleblack\">\u00a0</span>\n<ul class=\"footerlistblack\">\n<li><a href=\"/about_us.aspx?c=about&amp;opt=4\">FAQ </a></li>\n<li><a href=\"/about_us.aspx?c=about&amp;opt=5\">Contact Us</a></li>\n</ul>\n</div>\n<!-- End of column 3-->\n<div class=\"col-md-3\">\n<!--<span class=\"ftitleblack mobile\">Subscribe to our Newsletter</span>\n\t\t\t\t    <div class=\"relative mobile\">\n\t\t\t\t\t    <input type=\"email\" class=\"form-control fccustom2black\" id=\"exampleInputEmail1\" placeholder=\"Enter Email\">\n\t\t\t\t\t    <button type=\"submit\" class=\"btn btn-default btncustom\">Submit<img src=\"/images/arrow.png\" alt=\"\"/></button>\n\t\t\t\t    </div>\n\t\t\t\t    <br/>-->\n<span class=\"ftitleblack\">Customer Support</span><br/>\n<span class=\"pnr\">+6281-23801503</span><br/>\n<i><a class=\"grey\" href=\"mailto:cs@govacation-indonesia.com\"> cs[at]govacation-indonesia.com</a></i><br/><br/>\n</div>\n<!-- End of column 4-->\n</div> <br/>\n<div class=\"container\">\n<div class=\"col-md-4\">\n<span class=\"ftitlebync\">Download Our Mobile Apps</span>\n<div class=\"mt5\">\n<a alt=\"travelreception.com\" href=\"https://play.google.com/store/apps/details?id=air.com.govacation.smarttouristicsystem\" target=\"_blank\"><img id=\"Img1\" src=\"http://excursion.govacation-indonesia.com/images/androidGVI.png\" style=\"height:80px;cursor:pointer;\"/></a>\n</div>\n</div>\n<div class=\"col-md-4\">\n<span class=\"ftitlebync\">\u00a0</span>\n<div class=\"mt5\">\n<a alt=\"travelreception.com\" href=\"https://itunes.apple.com/id/app/govacation/id942355764?mt=8\" target=\"_blank\"><img id=\"Img2\" src=\"http://excursion.govacation-indonesia.com/images/iosGVI.png\" style=\"height:80px;cursor:pointer;\"/></a>\n</div>\n</div>\n</div>\n<div class=\"col-md-12\">\n</div>\n</div>", "level": 0}, {"value": "<div class=\"footerbg3black\">\n<div class=\"container center grey\"> \n\t\t    \n\t\t    Copyright \u00a9 1995 - <span id=\"sp_thn\"></span> Go Vacation Indonesia, All Rights Reserved.<br/>\n            Powered By <a href=\"http://www.smarttouristicsystem.com\" target=\"_blank\"><i>Smart Touristic System PTE Ltd.</i></a>\n<a class=\"gotop scroll\" href=\"#top\"><img alt=\"\" src=\"/images/spacer.png\"/></a>\n</div>\n</div>", "level": 0}]]