[[{"value": "<h1 class=\"node-titre couleur-texte\">\n                                                    General user terms and conditions Conveyxonic<sup>\u00c2\u00ae</sup> Wizard\n\n                    </h1>", "level": 9}, {"value": "<p>READ THESE TERMS AND CONDITIONS CAREFULLY BEFORE USING THIS Hutchinson MOBILE APPLICATION. Hutchinson WILL ONLY LICENSE THE APPLICATION WITH WHICH THESE CONDITIONS HAVE BEEN ASSOCIATED TO YOU IF YOU FIRST ACCEPT THE TERMS OF THIS AGREEMENT BY CLICKING \"ACCEPT\" OR LOGGING INTO, ACCESSING OR USING THE APPLICATION. IF YOU DO NOT AGREE TO THE TERMS OF THIS AGREEMENT, YOU MAY NOT DOWNLOAD, INSTALL OR USE THE APPLICATION.</p>", "level": 0}], [{"value": "<p><strong>Preamble and legal information</strong></p>", "level": 1}, {"value": "<p>\u00a0Hutchinson develops and operates Conveyxonic\u00c2\u00ae Wizard which is a free service that the User access and/or download for use in an iPhone\u00c2\u00ae, iPad\u00c2\u00ae or Android\u00c2\u00ae (\"Mobile Platform\") The application is strictly dedicated to the dimensioning of the sole Conveyxonic\u00c2\u00ae belt for a roller conveyor (straight, curved) and do not include cold resistant ConveyXonic\u00c2\u00ae.\u00ef\u00bb\u00bf</p>", "level": 0}, {"value": "<p>\u00a0This application called Conveyxonic Wizard, is developed and published by the company Hutchinson, Snc, duly registered in the Register of businesses and companies of Paris, registration number 314 397 696, and is located at 2 rue Balzac, 75008 Paris, France.</p>", "level": 0}, {"value": "<p>These Terms and Conditions may be modified. This User Terms and Conditions are in effect on the application from the date of registration and afterwards during its use. Hence, the Users are advised to consult the application regularly in order to stay informed about any recent or future modifications.</p>", "level": 0}], [{"value": "<p><strong>Definitions</strong></p>", "level": 1}, {"value": "<p>\u00a0This General User Terms &amp; Conditions and the Sales Agreement consists of the following definitions:</p>", "level": 0}, {"value": "<p><strong>Application:</strong> the Conveyxonic\u00c2\u00ae Wizard interactive electronic service developed and operated by the company Hutchinson. The term \"Application\" includes the mobile applications computer programs (software) that the User access and/or download, and associated data and information (including any user guide, updates and revisions) available to the User.\u00a0 With limited exceptions with respect to software or elements of the Application that Hutchinson has licensed from third parties, the Application is owned by Hutchinson and is licensed, not sold. Hutchinson considers the Application to be its confidential and proprietary information</p>", "level": 0}, {"value": "<p>\u00a0<strong>User's information:</strong> information related to the User. He provides his first name, last name, Company name and email ID.</p>", "level": 0}, {"value": "<p>\u00a0<strong>User: </strong>A person registered or non-registered using the application.</p>", "level": 0}, {"value": "<p>\u00a0<strong>Account: </strong>The User provides his email address on the application to access its functionalities and this User information constitutes his Hutchinson account which can be accessible by his email ID. When the Account is created, the User is registered.</p>", "level": 0}, {"value": "<p>\u00a0<strong>Services: </strong>All the functionalities available on the Application.</p>", "level": 0}], [{"value": "<p><strong><span style=\"text-decoration: underline;\">Article 1 \u00e2\u0080\u0093 Objective \u00e2\u0080\u0093 Rights granted</span></strong><span style=\"text-decoration: underline;\"></span></p>", "level": 1}, {"value": "<p>\u00a0This document constitutes as of March 20, 2014, the General User Terms and Conditions of the application and services directly offered by Hutchinson on the website Apple Store and Google Play.</p>", "level": 0}, {"value": "<p>\u00a0Subject to the terms of this Agreement, Hutchinson grants the User a limited, revocable, terminable, nonexclusive license to use the Application solely as described in this Agreement, and solely on the Mobile Platform for which the Software was specifically designed by Hutchinson.</p>", "level": 0}, {"value": "<p>\u00a0The User is authorized to use the Application solely as an individual for the limited purpose of dimensioning the Conveyxonic\u00c2\u00ae belt for a roller conveyor (straight, curved) and selecting applicable Hutchinson Products. \"Hutchinson Products\" means solely the Conveyxonic\u00c2\u00ae belt and associated hardware manufactured by Hutchinson or sold or marketed under any Hutchinson label.</p>", "level": 0}, {"value": "<p>The calculated load represents a single motorized module. Valid only on steel rollers and plastic pulleys per ISO standard 9982.</p>", "level": 0}, {"value": "<p>Hutchinson's obligations and responsibilities regarding Hutchinson Products or services are governed solely by the agreements under which they are sold or licensed. Hutchinson does not guarantee availability of individual part numbered Hutchinson Products. Hutchinson Products availability must be confirmed at time of any order. Hutchinson Products orders are subject to acceptance or rejection by Hutchinson.</p>", "level": 0}], [{"value": "<p><strong><span style=\"text-decoration: underline;\">Article 2 - Protection of the application - Limitations</span></strong><span style=\"text-decoration: underline;\"></span></p>", "level": 1}, {"value": "<p>\u00a0All deterioration or any unauthorized representation, reproduction, modification, commercial use in whole or in part of the various parts of the Application is prohibited, and any User responsible for such actions risk or will be subject to prosecution.</p>", "level": 0}, {"value": "<p>Except as expressly stated herein, no other rights are granted to the User by implication, estoppel, or otherwise, under any patent, copyright, trade secret, trademark, or other intellectual property right of Hutchinson or any of its licensors.</p>", "level": 0}, {"value": "<p>\u00a0The User must not copy, modify, transfer, rent, lease, sublicense, assign, reverse assemble, reverse compile or create derivative works of the Application; nor may the User disclose the Software to third parties, nor may the User access, download or use the Software in any environment or any platform other than a Mobile Platform for which it was designed. To the extent any of the foregoing restrictions on reverse engineering, decompiling or other use of the Application are not enforceable under applicable law, then the restriction will apply to the greatest extent consistent with applicable law, and the User will not engage in such activities without first giving Hutchinson written notice of the User's intended course of action sufficiently in advance of such action to allow Hutchinson to provide any relevant assistance or information that might obviate the need for such action. Hutchinson reserves the right to modify the Application and related data and information at any time, and to change its functionality.\u00a0 The User acknowledge and agree that Hutchinson retains sole ownership of all intellectual property rights in the Application, Hutchinson Products and related information, including but not limited to patent, copyright, trade dress, trade secret, and trademark rights.</p>", "level": 0}], [{"value": "<p><strong><span style=\"text-decoration: underline;\">Article 3 \u00e2\u0080\u0093 Availability of Services</span></strong><span style=\"text-decoration: underline;\"></span></p>", "level": 1}, {"value": "<p>\u00a0All Services are normally available 24 hours a day, 7 days a week and throughout the year.</p>", "level": 0}, {"value": "<p>This Agreement and the license granted to the User terminate automatically upon breach of this Agreement. \u00a0Hutchinson may terminate the license rights, and/or may stop offering the Application, data and/or information, at any time for any reason without notice and without liability. Upon any termination, the User agrees to cease all use of the Application and to remove the Application from the Mobile Platform(s).\u00a0</p>", "level": 0}], [{"value": "<p><strong><span style=\"text-decoration: underline;\">Article 4 \u00e2\u0080\u0093The price of the Services</span></strong></p>", "level": 1}, {"value": "<p>Hutchinson does not collect any fees from the User for the Application. However, the User may incur network or data charges, roaming charges or other costs or fees when he download or use the Application or certain of its features, such as location-based services like store locators (\"Network Charges\"\u00e2\u0080\u009d). Hutchinson has no liability to the User for any of Network Charges.</p>", "level": 0}, {"value": "<p><strong><span style=\"text-decoration: underline;\">Article 5 \u00e2\u0080\u0093</span></strong><strong><span style=\"text-decoration: underline;\">Protection of Confidential Information</span></strong></p>", "level": 0}, {"value": "<p>\u00a0The User agrees to hold all Confidential Information in confidence indefinitely. \"Confidential Information\" shall mean the Application and any and all information, data, specifications, designs, constructions, techniques, formulae, materials, and manufacturing processes of or concerning Hutchinson Products, except information which is: published or otherwise becomes part of the public domain through no act or omission by the User; received by the User from a third party who is legally in possession of the same and not under an obligation of confidentiality with respect thereto; or, was already in the User's possession, with no duty of confidentiality attached thereto, prior to its receipt from Hutchinson, as evidenced by written records. This obligation of confidentiality shall survive termination, cancellation, or expiration of this License Agreement.\u00a0</p>", "level": 0}, {"value": "<p><strong><span style=\"text-decoration: underline;\">Article 6 \u00e2\u0080\u0093</span></strong><strong><span style=\"text-decoration: underline;\">Trademarks and Copyrights</span></strong></p>", "level": 0}, {"value": "<p>\u00a0The trademarks, service marks, and logos (the \"Trademarks\") used and displayed in the Software are registered and unregistered Trademarks of Hutchinson and others. Nothing in this Agreement or the Software should be construed as granting, by implication, estoppel, or otherwise, any license or right to use any Trademark without the written permission of the Trademark owner. Trademarks of Hutchinson may not be used in any way without prior written permission of Hutchinson. The copyrights in the Software and all data and information provided in connection with the Software are held by Hutchinson or by the original creator. Except as stated herein, none of the Software, data or information may be copied, reproduced, distributed, republished, downloaded, displayed, posted or transmitted in any form or by any means, including, but not limited to, electronic, mechanical, photocopying, recording, or otherwise, without the prior written permission of Hutchinson or the copyright owner.</p>", "level": 0}], [{"value": "<p><strong><span style=\"text-decoration: underline;\">Article 7 \u00e2\u0080\u0093 User's information</span></strong><span style=\"text-decoration: underline;\"></span></p>", "level": 1}, {"value": "<p>The identifying information collected with regards to the User upon creation of his account is for Hutchinson's sole use. Furthermore, Hutchinson may collect aggregated non-personal data from all users of the Application, such as amount of use, nature of inquiries, etc. Hutchinson will only use the data to assess the overall use of the Application by Users in order to determine how the Application is being used and how it and other products can be improved.</p>", "level": 0}, {"value": "<p>This information is necessary to manage the commercial relationship between the User and Hutchinson. A User cannot create an account without providing certain personal information requested at that time. If the User does not wish the personal data requested during account creation to be retained, Hutchinson would be obliged to delete the new account.</p>", "level": 0}, {"value": "<p>Under the provisions of the Law on Informatics and Freedom of January 6, 1978, a User at all times has the right to access information that concerns him or her, and the right to demand rectification of his information if it is incorrect or incomplete, and the right to refuse its transfer to a third party, and a right to demand without legal expense that such information not be used for the purpose of sending commercial solicitations to the User, and more generally a right to refuse any kind of treatment such as it is defined in line 3 of Article 2 of the above-mentioned law. To take advantage of these rights, a request must be made in writing to Hutchinson \u00e2\u0080\u0093 rue des Martyrs, BP 423, 37304 Jou\u00c3\u00a9-l\u00c3\u00a8s-Tours cedex - France.</p>", "level": 0}], [{"value": "<p><strong><span style=\"text-decoration: underline;\">Article 8 - Responsibility</span></strong><span style=\"text-decoration: underline;\"></span></p>", "level": 1}, {"value": "<p>\u00a0The User acknowledges being aware of the constraints and limitations of the Internet network. Under these conditions:</p>", "level": 0}, {"value": "<p>The User is responsible, just as any other person possessing a Smartphone/Tablet, for the protection of his technical equipment, especially from any form of contamination by a virus and/or any attempted hacking. Under no circumstance should Hutchinson be held responsible for such cases.</p>", "level": 0}, {"value": "<p>\u00a0The User is solely responsible for the installation, operation, and maintenance of his technical equipment necessary to use the Application. Under no circumstance whatsoever shall Hutchinson be held responsible if the service offered by the application turns out to be incompatible with, or causes the malfunction of, certain software programs, configurations, operating systems, or other equipment owned by the User.</p>", "level": 0}, {"value": "<p>The User is solely responsible for his use of the Service, and shall not attempt to hold Hutchinson responsible in any claim and/or proceeding which may be initiated against the User. The User accepts to treat any such claim and/or proceeding directed against Hutchinson that is related to his use of the Services provided by Hutchinson as his own personal business.</p>", "level": 0}, {"value": "<p>\u00a0Hutchinson does not guarantee, represent or warrant that the use of the Application, information and/or data will be uninterrupted or error-free. While Hutchinson uses reasonable efforts to use accurate and up-to-date information and data in and in connection with the Application, the data and other information are provided on an \"as is\" basis without warranties of any kind, express or implied. Hutchinson specifically disclaims all warranties of every kind as to the Application, data and other information, including, but not limited to, any warranties of title, non-infringement, other violation of rights, merchantability or fitness for particular purpose. Hutchinson does not warrant or make any representations regarding the use, validity, accuracy, or reliability of, or the results of the use of, or otherwise respecting, the Application, data or other information, and the User shall be solely responsible for the results, use, efficiency and suitability of the software, data and information.</p>", "level": 0}, {"value": "<p><strong><span style=\"text-decoration: underline;\">Article 9 \u00e2\u0080\u0093 Applicable laws and litigation </span></strong><span style=\"text-decoration: underline;\"></span></p>", "level": 0}, {"value": "<p>\u00a0This General User Term and Conditions are subject to French law. In case of litigation, and if efforts at finding an amicable solution have failed, the law courts of Paris shall be solely competent to hear the case.</p>", "level": 0}], [{"value": "<p><strong><span style=\"text-decoration: underline;\">Article 10 - Contact</span></strong></p>", "level": 1}, {"value": "<p>\u00a0This app has been designed and produced by\u00ef\u00bb\u00bf\u00ef\u00bb\u00bf\u00a0Agence SUPERSONIKS \u00a0<a href=\"http://www.supersoniks.com/\" target=\"_blank\">www.supersoniks.com</a>\u00a0\u00a0under the supervision of Hutchinson Belt Drive Systems Marketing &amp; Communications Department.\"</p>", "level": 0}, {"value": "<p>\u00a0If you have any questions about the Application or this Agreement, you can contact Hutchinson at <a href=\"mailto:marketing.transmission@hutchinson.fr\" target=\"_blank\">marketing.transmission@hutchinson.fr</a></p>", "level": 0}], [{"value": "<h3 class=\"titre-block couleur-texte\">See also</h3>", "level": 7}, {"value": "<a href=\"/resource-center/online-calculation-softwares/wizard-conveyxonic\">\n<h6 class=\"liste-block-titre\">\n                                 Conveyxonic\u00c2\u00ae Wizard : Belt drive design software\n                        </h6>\n<figure>\n<img alt=\"Conveyxonic\u00c2\u00ae Wizard : Belt drive design software\" src=\"https://www.hutchinsontransmission.com/sites/default/files/styles/illustration_miniature_carre/public/wizardonline.jpg\"/>\n</figure>\n</a>", "level": 0}], [{"value": "<h6 class=\"liste-block-titre\">\n                                 Conveyxonic\u00c2\u00ae Wizard : Belt drive design software\n                        </h6>", "level": 4}, {"value": "<div class=\"footer-principal clearfix\">\n<div class=\"hidden-sm\">\n<img alt=\"\" class=\"hidden-sm hutchinson-baseline\" src=\"/sites/all/themes/tssks/img/we-make-it-posible.png\"/>\n</div>\n<a class=\"deplier-footer \" href=\"#\" id=\"deplier-footer\">\n<span class=\"sprite-ir\">More about Hutchinson</span>\n</a>\n<a class=\"image-link hutchinson-worldwide-logo\" href=\"http://www.hutchinsonworldwide.com\" target=\"_blank\">\n<img alt=\"Hutchinson worldwide logo\" src=\"/sites/all/themes/tssks/img/hutchinson-worldwide-2.png\"/>\n</a>\n<!-- AddThis Button BEGIN -->\n<div class=\"addthis_toolbox addthis_default_style \">\n<a class=\"addthis_button_facebook_like\" fb:like:layout=\"button_count\"></a>\n<a class=\"addthis_button_tweet\"></a>\n<a class=\"addthis_button_google_plusone\" g:plusone:size=\"medium\"></a>\n<a class=\"addthis_counter addthis_pill_style\"></a>\n</div>\n\n\n<!-- AddThis Button END -->\n<nav class=\"menu-footer clearfix\" role=\"navigation\">\n<ul class=\"menu-footer-0\">\n<li class=\"menu-footer-0-item\">\n<a class=\"menu-footer-0-lien \" href=\"https://www.hutchinsontransmission.com/legal-terms\">\n<span class=\"sprite-ir fleche fleche-gris-clair\"></span>\n            Legal Terms\n        </a>\n</li>\n</ul>\n</nav>\n</div>", "level": 0}, {"value": "<div class=\"mceContentBody resume-hutchinson\">\n<h4>Hutchinson : Belt drive power transmission</h4><p>Hutchinson develops and manufactures complete<strong> power transmission system</strong> incorporating<strong> ribbed belts for HVAC, Conveying, industrial motors, agriculture and energy supply markets.</strong></p><p>To meet all the expectations of the market, Hutchinson has expanded its product portfolio with a range of <strong>Hutchinson V-belts, timing belts and pulleys.\u00a0</strong></p>\n</div>", "level": 0}], [{"value": "<h4>Hutchinson : Belt drive power transmission</h4>", "level": 6}, {"value": "<p>Hutchinson develops and manufactures complete<strong> power transmission system</strong> incorporating<strong> ribbed belts for HVAC, Conveying, industrial motors, agriculture and energy supply markets.</strong></p>", "level": 0}, {"value": "<p>To meet all the expectations of the market, Hutchinson has expanded its product portfolio with a range of <strong>Hutchinson V-belts, timing belts and pulleys.\u00a0</strong></p>", "level": 0}, {"value": "<ul class=\"footer-plan-du-site footer-main-menu \">\n<li class=\"footer-plan-du-site-0 cat0\">\n<a class=\"couleur-texte h6-like\" href=\"https://www.hutchinsontransmission.com/about-hutchinson\" title=\"About Hutchinson\">\n                About Hutchinson\n            </a>\n<ul>\n<li class=\"footer-plan-du-site-1 \">\n<a class=\"\" href=\"https://www.hutchinsontransmission.com/about-hutchinson/industry-consultant\" title=\"Industry Consultant\">\n                        Industry Consultant\n                    </a>\n<ul>\n<li class=\"footer-plan-du-site-2\">\n<a class=\"\" href=\"https://www.hutchinsontransmission.com/about-hutchinson/2s3/source-study\" title=\"Support &amp; Study\">\n                                Support &amp; Study\n                            </a>\n</li>\n<li class=\"footer-plan-du-site-2\">\n<a class=\"\" href=\"https://www.hutchinsontransmission.com/about-hutchinson/2s3/service-solution\" title=\"System &amp; Solution\">\n                                System &amp; Solution\n                            </a>\n</li>\n<li class=\"footer-plan-du-site-2\">\n<a class=\"\" href=\"https://www.hutchinsontransmission.com/about-hutchinson/2s3/synergy-customer-satisfaction\" title=\"Synergy &amp; Satisfaction\">\n                                Synergy &amp; Satisfaction\n                            </a>\n</li>\n</ul>\n</li>\n<li class=\"footer-plan-du-site-1 \">\n<a class=\"\" href=\"https://www.hutchinsontransmission.com/about-hutchinson/history\" title=\"History\">\n                        History\n                    </a>\n</li>\n<li class=\"footer-plan-du-site-1 \">\n<a class=\"\" href=\"https://www.hutchinsontransmission.com/about-hutchinson/locations\" title=\"Locations\">\n                        Locations\n                    </a>\n</li>\n<li class=\"footer-plan-du-site-1 \">\n<a class=\"\" href=\"https://www.hutchinsontransmission.com/about-hutchinson/certifications/quality\" title=\"Certifications\">\n                        Certifications\n                    </a>\n<ul>\n<li class=\"footer-plan-du-site-2\">\n<a class=\"\" href=\"https://www.hutchinsontransmission.com/about-hutchinson/certifications/quality\" title=\"Quality\">\n                                Quality\n                            </a>\n</li>\n<li class=\"footer-plan-du-site-2\">\n<a class=\"\" href=\"https://www.hutchinsontransmission.com/about-hutchinson/certifications/environment\" title=\"Environment\">\n                                Environment\n                            </a>\n</li>\n</ul>\n</li>\n<li class=\"footer-plan-du-site-1 \">\n<a class=\"\" href=\"https://www.hutchinsontransmission.com/about-hutchinson/purchasing\" title=\"Purchasing\">\n                        Purchasing\n                    </a>\n</li>\n<li class=\"footer-plan-du-site-1 \">\n<a class=\"\" href=\"https://www.hutchinsontransmission.com/about-hutchinson/jobs-careers\" title=\"Jobs &amp; Careers\">\n                        Jobs &amp; Careers\n                    </a>\n</li>\n<li class=\"footer-plan-du-site-1 \">\n<a class=\"\" href=\"https://www.hutchinsontransmission.com/about-hutchinson/hutchinson-worldwide\" title=\"Hutchinson Worldwide\">\n                        Hutchinson Worldwide\n                    </a>\n</li>\n</ul>\n</li>\n<li class=\"footer-plan-du-site-0 cat1\">\n<a class=\"couleur-texte h6-like\" href=\"https://www.hutchinsontransmission.com/market-segments\" title=\"Market segments\">\n                Market segments\n            </a>\n<ul>\n<li class=\"footer-plan-du-site-1 \">\n<a class=\"\" href=\"https://www.hutchinsontransmission.com/market-segments/aerospace\" title=\"Aerospace\">\n                        Aerospace\n                    </a>\n<ul>\n<li class=\"footer-plan-du-site-2\">\n<a class=\"\" href=\"https://www.hutchinsontransmission.com/market-segments/aerospace/aircraft-alternator-or-compressor\" title=\"Aircraft (alternator or compressor)\">\n                                Aircraft (alternator or compressor)\n                            </a>\n</li>\n<li class=\"footer-plan-du-site-2\">\n<a class=\"\" href=\"https://www.hutchinsontransmission.com/market-segments/aerospace/drone\" title=\"Drone\">\n                                Drone\n                            </a>\n</li>\n<li class=\"footer-plan-du-site-2\">\n<a class=\"\" href=\"https://www.hutchinsontransmission.com/market-segments/aerospace/helicopter-anti-torque-rotor-drive\" title=\"Helicopter (Anti Torque rotor drive)\">\n                                Helicopter (Anti Torque rotor drive)\n                            </a>\n</li>\n</ul>\n</li>\n<li class=\"footer-plan-du-site-1 \">\n<a class=\"\" href=\"https://www.hutchinsontransmission.com/market-segments/agriculture-gardening\" title=\"Agriculture &amp; Gardening\">\n                        Agriculture &amp; Gardening\n                    </a>\n<ul>\n<li class=\"footer-plan-du-site-2\">\n<a class=\"\" href=\"https://www.hutchinsontransmission.com/market-segments/agriculture-gardening/collector\" title=\"Collector\">\n                                Collector\n                            </a>\n</li>\n<li class=\"footer-plan-du-site-2\">\n<a class=\"\" href=\"https://www.hutchinsontransmission.com/market-segments/agriculture-gardening/cultivator\" title=\"Cultivator\">\n                                Cultivator\n                            </a>\n</li>\n<li class=\"footer-plan-du-site-2\">\n<a class=\"\" href=\"https://www.hutchinsontransmission.com/market-segments/agriculture-gardening/filter-drum-and-fish-farming\" title=\"Filter for drum and fish farming\">\n                                Filter for drum and fish farming\n                            </a>\n</li>\n<li class=\"footer-plan-du-site-2\">\n<a class=\"\" href=\"https://www.hutchinsontransmission.com/market-segments/agriculture-gardening/food-grinding-machine-hammer-mill-vertical-blender\" title=\"Food Grinding Machine, Hammer Mill &amp; Vertical Blender\">\n                                Food Grinding Machine, Hammer Mill &amp; Vertical Blender\n                            </a>\n</li>\n<li class=\"footer-plan-du-site-2\">\n<a class=\"\" href=\"https://www.hutchinsontransmission.com/market-segments/agriculture-gardening/grap-press\" title=\"Grap Press\">\n                                Grap Press\n                            </a>\n</li>\n<li class=\"footer-plan-du-site-2\">\n<a class=\"\" href=\"https://www.hutchinsontransmission.com/market-segments/agriculture-gardening/grape-harvester\" title=\"Grape Harvester\">\n                                Grape Harvester\n                            </a>\n</li>\n<li class=\"footer-plan-du-site-2\">\n<a class=\"\" href=\"https://www.hutchinsontransmission.com/market-segments/agriculture-gardening/hedge-pruner-shredder\" title=\"Hedge Pruner, Shredder\">\n                                Hedge Pruner, Shredder\n                            </a>\n</li>\n<li class=\"footer-plan-du-site-2\">\n<a class=\"\" href=\"https://www.hutchinsontransmission.com/market-segments/agriculture-gardening/lawnmower\" title=\"Lawnmower\">\n                                Lawnmower\n                            </a>\n</li>\n<li class=\"footer-plan-du-site-2\">\n<a class=\"\" href=\"https://www.hutchinsontransmission.com/market-segments/agriculture-gardening/roller-mill\" title=\"Roller Mill\">\n                                Roller Mill\n                            </a>\n</li>\n<li class=\"footer-plan-du-site-2\">\n<a class=\"\" href=\"https://www.hutchinsontransmission.com/market-segments/agriculture-gardening/scarificator\" title=\"Scarificator\">\n                                Scarificator\n                            </a>\n</li>\n<li class=\"footer-plan-du-site-2\">\n<a class=\"\" href=\"https://www.hutchinsontransmission.com/market-segments/agriculture-gardening/scrub-cutter\" title=\"Scrub Cutter\">\n                                Scrub Cutter\n                            </a>\n</li>\n<li class=\"footer-plan-du-site-2\">\n<a class=\"\" href=\"https://www.hutchinsontransmission.com/market-segments/agriculture-gardening/seeder-seeding-machine\" title=\"Seeder, Seeding Machine\">\n                                Seeder, Seeding Machine\n                            </a>\n</li>\n<li class=\"footer-plan-du-site-2\">\n<a class=\"\" href=\"https://www.hutchinsontransmission.com/market-segments/agriculture-gardening/self-propelled-lawnmower\" title=\"Self Propelled Lawnmower\">\n                                Self Propelled Lawnmower\n                            </a>\n</li>\n<li class=\"footer-plan-du-site-2\">\n<a class=\"\" href=\"https://www.hutchinsontransmission.com/market-segments/agriculture-gardening/silage-unloader\" title=\"Silage Unloader\">\n                                Silage Unloader\n                            </a>\n</li>\n<li class=\"footer-plan-du-site-2\">\n<a class=\"\" href=\"https://www.hutchinsontransmission.com/market-segments/agriculture-gardening/spreader-spraying-equipment\" title=\"Spreader, Spraying Equipment\">\n                                Spreader, Spraying Equipment\n                            </a>\n</li>\n<li class=\"footer-plan-du-site-2\">\n<a class=\"\" href=\"https://www.hutchinsontransmission.com/market-segments/agriculture-gardening/stone-crusher\" title=\"Stone Crusher\">\n                                Stone Crusher\n                            </a>\n</li>\n<li class=\"footer-plan-du-site-2\">\n<a class=\"\" href=\"https://www.hutchinsontransmission.com/market-segments/agriculture-gardening/sugar-cane-harvester\" title=\"Sugar Cane Harvester\">\n                                Sugar Cane Harvester\n                            </a>\n</li>\n<li class=\"footer-plan-du-site-2\">\n<a class=\"\" href=\"https://www.hutchinsontransmission.com/market-segments/agriculture-gardening/telescopic-loader-ventilator\" title=\"Telescopic loader ventilator\">\n                                Telescopic loader ventilator\n                            </a>\n</li>\n<li class=\"footer-plan-du-site-2\">\n<a class=\"\" href=\"https://www.hutchinsontransmission.com/market-segments/agriculture-gardening/tractor\" title=\"Tractor\">\n                                Tractor\n                            </a>\n</li>\n<li class=\"footer-plan-du-site-2\">\n<a class=\"\" href=\"https://www.hutchinsontransmission.com/market-segments/agriculture-gardening/vegetable-crusher\" title=\"Vegetable Crusher\">\n                                Vegetable Crusher\n                            </a>\n</li>\n<li class=\"footer-plan-du-site-2\">\n<a class=\"\" href=\"https://www.hutchinsontransmission.com/market-segments/agriculture-gardening/vehicle-engine\" title=\"Vehicle Engine\">\n                                Vehicle Engine\n                            </a>\n</li>\n<li class=\"footer-plan-du-site-2\">\n<a class=\"\" href=\"https://www.hutchinsontransmission.com/market-segments/agriculture-gardening/vineyard-mower\" title=\"Vineyard Mower\">\n                                Vineyard Mower\n                            </a>\n</li>\n</ul>\n</li>\n<li class=\"footer-plan-du-site-1 \">\n<a class=\"\" href=\"https://www.hutchinsontransmission.com/market-segments/army-vehicles\" title=\"Army Vehicles\">\n                        Army Vehicles\n                    </a>\n<ul>\n<li class=\"footer-plan-du-site-2\">\n<a class=\"\" href=\"https://www.hutchinsontransmission.com/market-segments/army-vehicles/armored-vehicle\" title=\"Armored Vehicle\">\n                                Armored Vehicle\n                            </a>\n</li>\n<li class=\"footer-plan-du-site-2\">\n<a class=\"\" href=\"https://www.hutchinsontransmission.com/market-segments/army-vehicles/quad\" title=\"Quad\">\n                                Quad\n                            </a>\n</li>\n<li class=\"footer-plan-du-site-2\">\n<a class=\"\" href=\"https://www.hutchinsontransmission.com/market-segments/army-vehicles/troop-carrier\" title=\"Troop Carrier\">\n                                Troop Carrier\n                            </a>\n</li>\n</ul>\n</li>\n<li class=\"footer-plan-du-site-1 \">\n<a class=\"\" href=\"https://www.hutchinsontransmission.com/market-segments/construction\" title=\"Construction\">\n                        Construction\n                    </a>\n<ul>\n<li class=\"footer-plan-du-site-2\">\n<a class=\"\" href=\"https://www.hutchinsontransmission.com/market-segments/construction/cement-mixer-electric-engine\" title=\"Cement Mixer (Electric Engine)\">\n                                Cement Mixer (Electric Engine)\n                            </a>\n</li>\n<li class=\"footer-plan-du-site-2\">\n<a class=\"\" href=\"https://www.hutchinsontransmission.com/market-segments/construction/cement-mixer-thermal-engine\" title=\"Cement Mixer (Thermal Engine)\">\n                                Cement Mixer (Thermal Engine)\n                            </a>\n</li>\n<li class=\"footer-plan-du-site-2\">\n<a class=\"\" href=\"https://www.hutchinsontransmission.com/market-segments/construction/cement-saw\" title=\"Cement Saw\">\n                                Cement Saw\n                            </a>\n</li>\n<li class=\"footer-plan-du-site-2\">\n<a class=\"\" href=\"https://www.hutchinsontransmission.com/market-segments/construction/crane\" title=\"Crane\">\n                                Crane\n                            </a>\n</li>\n<li class=\"footer-plan-du-site-2\">\n<a class=\"\" href=\"https://www.hutchinsontransmission.com/market-segments/construction/excavator-shovel\" title=\"Excavator / Shovels\">\n                                Excavator / Shovels\n                            </a>\n</li>\n<li class=\"footer-plan-du-site-2\">\n<a class=\"\" href=\"https://www.hutchinsontransmission.com/market-segments/construction/miter-saw\" title=\"Miter Saw\">\n                                Miter Saw\n                            </a>\n</li>\n<li class=\"footer-plan-du-site-2\">\n<a class=\"\" href=\"https://www.hutchinsontransmission.com/market-segments/construction/power-trowel\" title=\"Power Trowel\">\n                                Power Trowel\n                            </a>\n</li>\n<li class=\"footer-plan-du-site-2\">\n<a class=\"\" href=\"https://www.hutchinsontransmission.com/market-segments/construction/steamroller\" title=\"Steamroller\">\n                                Steamroller\n                            </a>\n</li>\n<li class=\"footer-plan-du-site-2\">\n<a class=\"\" href=\"https://www.hutchinsontransmission.com/market-segments/construction/tile-saw\" title=\"Tile Saw\">\n                                Tile Saw\n                            </a>\n</li>\n<li class=\"footer-plan-du-site-2\">\n<a class=\"\" href=\"https://www.hutchinsontransmission.com/market-segments/construction/vehicle-engine\" title=\"Vehicle Engine\">\n                                Vehicle Engine\n                            </a>\n</li>\n<li class=\"footer-plan-du-site-2\">\n<a class=\"\" href=\"https://www.hutchinsontransmission.com/market-segments/construction/vibrating-plate\" title=\"Vibrating Plate\">\n                                Vibrating Plate\n                            </a>\n</li>\n</ul>\n</li>\n<li class=\"footer-plan-du-site-1 \">\n<a class=\"\" href=\"https://www.hutchinsontransmission.com/market-segments/conveying-material\" title=\"Conveying (Material)\">\n                        Conveying (Material)\n                    </a>\n<ul>\n<li class=\"footer-plan-du-site-2\">\n<a class=\"\" href=\"https://www.hutchinsontransmission.com/market-segments/conveying-material/airport-carousel\" title=\"Airport Carousel\">\n                                Airport Carousel\n                            </a>\n</li>\n<li class=\"footer-plan-du-site-2\">\n<a class=\"\" href=\"https://www.hutchinsontransmission.com/market-segments/conveying-material/wire-pulling-machine\" title=\"Wire Pulling Machine\">\n                                Wire Pulling Machine\n                            </a>\n</li>\n</ul>\n</li>\n<li class=\"footer-plan-du-site-1 \">\n<a class=\"\" href=\"https://www.hutchinsontransmission.com/market-segments/conveying-roller\" title=\"Conveying (Roller)\">\n                        Conveying (Roller)\n                    </a>\n<ul>\n<li class=\"footer-plan-du-site-2\">\n<a class=\"\" href=\"https://www.hutchinsontransmission.com/market-segments/conveying-roller/build\" title=\"Build-up\">\n                                Build-up\n                            </a>\n</li>\n<li class=\"footer-plan-du-site-2\">\n<a class=\"\" href=\"https://www.hutchinsontransmission.com/market-segments/conveying-roller/curves\" title=\"Curves\">\n                                Curves\n                            </a>\n</li>\n<li class=\"footer-plan-du-site-2\">\n<a class=\"\" href=\"https://www.hutchinsontransmission.com/market-segments/conveying-roller/line-transfer\" title=\"Line transfer\">\n                                Line transfer\n                            </a>\n</li>\n<li class=\"footer-plan-du-site-2\">\n<a class=\"\" href=\"https://www.hutchinsontransmission.com/market-segments/conveying-roller/primary-transmission\" title=\"Primary Transmission\">\n                                Primary Transmission\n                            </a>\n</li>\n<li class=\"footer-plan-du-site-2\">\n<a class=\"\" href=\"https://www.hutchinsontransmission.com/market-segments/conveying-roller/sorter\" title=\"Sorter\">\n                                Sorter\n                            </a>\n</li>\n<li class=\"footer-plan-du-site-2\">\n<a class=\"\" href=\"https://www.hutchinsontransmission.com/market-segments/conveying-roller/tangential-drive\" title=\"Tangential Drive\">\n                                Tangential Drive\n                            </a>\n</li>\n<li class=\"footer-plan-du-site-2\">\n<a class=\"\" href=\"https://www.hutchinsontransmission.com/market-segments/conveying-roller/inclination\" title=\"Inclination\">\n                                Inclination\n                            </a>\n</li>\n<li class=\"footer-plan-du-site-2\">\n<a class=\"\" href=\"https://www.hutchinsontransmission.com/market-segments/conveying-roller/roller-conveyor-heavy-loads-1-2t\" title=\"Heavy Loads (1 to 2t)\">\n                                Heavy Loads (1 to 2t)\n                            </a>\n</li>\n<li class=\"footer-plan-du-site-2\">\n<a class=\"\" href=\"https://www.hutchinsontransmission.com/market-segments/conveying-roller/roller-conveyor-light-loads-400-kg\" title=\"Light Loads (up to 400 Kg)\">\n                                Light Loads (up to 400 Kg)\n                            </a>\n</li>\n<li class=\"footer-plan-du-site-2\">\n<a class=\"\" href=\"https://www.hutchinsontransmission.com/market-segments/conveying-roller/roller-conveyor-medium-loads-400-1200-kg\" title=\"Medium Loads (400 to 1200 Kg)\">\n                                Medium Loads (400 to 1200 Kg)\n                            </a>\n</li>\n</ul>\n</li>\n<li class=\"footer-plan-du-site-1 \">\n<a class=\"\" href=\"https://www.hutchinsontransmission.com/market-segments/energy-supply\" title=\"Energy Supply\">\n                        Energy Supply\n                    </a>\n<ul>\n<li class=\"footer-plan-du-site-2\">\n<a class=\"\" href=\"https://www.hutchinsontransmission.com/market-segments/energy-supply/construction-genset\" title=\"Construction Genset\">\n                                Construction Genset\n                            </a>\n</li>\n<li class=\"footer-plan-du-site-2\">\n<a class=\"\" href=\"https://www.hutchinsontransmission.com/market-segments/energy-supply/defense-generator\" title=\"Defense Generator\">\n                                Defense Generator\n                            </a>\n</li>\n<li class=\"footer-plan-du-site-2\">\n<a class=\"\" href=\"https://www.hutchinsontransmission.com/market-segments/energy-supply/generator-gas-or-diesel-engine\" title=\"Generator (Gas or diesel engine)\">\n                                Generator (Gas or diesel engine)\n                            </a>\n</li>\n<li class=\"footer-plan-du-site-2\">\n<a class=\"\" href=\"https://www.hutchinsontransmission.com/market-segments/energy-supply/marine-genset\" title=\"Marine Genset\">\n                                Marine Genset\n                            </a>\n</li>\n<li class=\"footer-plan-du-site-2\">\n<a class=\"\" href=\"https://www.hutchinsontransmission.com/market-segments/energy-supply/micro-hydro-power-plant\" title=\"Micro Hydro Power Plant\">\n                                Micro Hydro Power Plant\n                            </a>\n</li>\n<li class=\"footer-plan-du-site-2\">\n<a class=\"\" href=\"https://www.hutchinsontransmission.com/market-segments/energy-supply/wind-turbine\" title=\"Wind Turbine\">\n                                Wind Turbine\n                            </a>\n</li>\n</ul>\n</li>\n<li class=\"footer-plan-du-site-1 \">\n<a class=\"\" href=\"https://www.hutchinsontransmission.com/market-segments/fitness-sport-leisure\" title=\"Fitness, Sport &amp; Leisure\">\n                        Fitness, Sport &amp; Leisure\n                    </a>\n<ul>\n<li class=\"footer-plan-du-site-2\">\n<a class=\"\" href=\"https://www.hutchinsontransmission.com/market-segments/fitness-sport-leisure/bike-electrical\" title=\"Bike (Electrical)\">\n                                Bike (Electrical)\n                            </a>\n</li>\n<li class=\"footer-plan-du-site-2\">\n<a class=\"\" href=\"https://www.hutchinsontransmission.com/market-segments/fitness-sport-leisure/fitness-bike-indoor-cross-trainer-stepper\" title=\"Fitness Bike (Indoor) Cross Trainer, Stepper\">\n                                Fitness Bike (Indoor) Cross Trainer, Stepper\n                            </a>\n</li>\n<li class=\"footer-plan-du-site-2\">\n<a class=\"\" href=\"https://www.hutchinsontransmission.com/market-segments/fitness-sport-leisure/jetski\" title=\"Jetski\">\n                                Jetski\n                            </a>\n</li>\n<li class=\"footer-plan-du-site-2\">\n<a class=\"\" href=\"https://www.hutchinsontransmission.com/market-segments/fitness-sport-leisure/karting\" title=\"Karting\">\n                                Karting\n                            </a>\n</li>\n<li class=\"footer-plan-du-site-2\">\n<a class=\"\" href=\"https://www.hutchinsontransmission.com/market-segments/fitness-sport-leisure/paraplane-paramotor\" title=\"Paraplane, Paramotor\">\n                                Paraplane, Paramotor\n                            </a>\n</li>\n<li class=\"footer-plan-du-site-2\">\n<a class=\"\" href=\"https://www.hutchinsontransmission.com/market-segments/fitness-sport-leisure/rowing-machine\" title=\"Rowing Machine\">\n                                Rowing Machine\n                            </a>\n</li>\n<li class=\"footer-plan-du-site-2\">\n<a class=\"\" href=\"https://www.hutchinsontransmission.com/market-segments/fitness-sport-leisure/treadmill\" title=\"Treadmill\">\n                                Treadmill\n                            </a>\n</li>\n<li class=\"footer-plan-du-site-2\">\n<a class=\"\" href=\"https://www.hutchinsontransmission.com/market-segments/fitness-sport-leisure/vibration-plate\" title=\"Vibration Plate\">\n                                Vibration Plate\n                            </a>\n</li>\n</ul>\n</li>\n<li class=\"footer-plan-du-site-1 \">\n<a class=\"\" href=\"https://www.hutchinsontransmission.com/market-segments/floor-care\" title=\"Floor Care\">\n                        Floor Care\n                    </a>\n<ul>\n<li class=\"footer-plan-du-site-2\">\n<a class=\"\" href=\"https://www.hutchinsontransmission.com/market-segments/floor-care/floor-grinder\" title=\"Floor Grinder\">\n                                Floor Grinder\n                            </a>\n</li>\n<li class=\"footer-plan-du-site-2\">\n<a class=\"\" href=\"https://www.hutchinsontransmission.com/market-segments/floor-care/polisher\" title=\"Polisher\">\n                                Polisher\n                            </a>\n</li>\n<li class=\"footer-plan-du-site-2\">\n<a class=\"\" href=\"https://www.hutchinsontransmission.com/market-segments/floor-care/scrubber\" title=\"Scrubber\">\n                                Scrubber\n                            </a>\n</li>\n<li class=\"footer-plan-du-site-2\">\n<a class=\"\" href=\"https://www.hutchinsontransmission.com/market-segments/floor-care/vacuum-cleaner-head\" title=\"Vacuum Cleaner Head\">\n                                Vacuum Cleaner Head\n                            </a>\n</li>\n<li class=\"footer-plan-du-site-2\">\n<a class=\"\" href=\"https://www.hutchinsontransmission.com/market-segments/floor-care/wood-sander\" title=\"Wood Sander\">\n                                Wood Sander\n                            </a>\n</li>\n</ul>\n</li>\n<li class=\"footer-plan-du-site-1 \">\n<a class=\"\" href=\"https://www.hutchinsontransmission.com/market-segments/food-processing\" title=\"Food Processing\">\n                        Food Processing\n                    </a>\n<ul>\n<li class=\"footer-plan-du-site-2\">\n<a class=\"\" href=\"https://www.hutchinsontransmission.com/market-segments/food-processing/bone-band-saw\" title=\"Bone Band Saw\">\n                                Bone Band Saw\n                            </a>\n</li>\n<li class=\"footer-plan-du-site-2\">\n<a class=\"\" href=\"https://www.hutchinsontransmission.com/market-segments/food-processing/bread-machine\" title=\"Bread Machine\">\n                                Bread Machine\n                            </a>\n</li>\n<li class=\"footer-plan-du-site-2\">\n<a class=\"\" href=\"https://www.hutchinsontransmission.com/market-segments/food-processing/bread-slicer\" title=\"Bread Slicer\">\n                                Bread Slicer\n                            </a>\n</li>\n<li class=\"footer-plan-du-site-2\">\n<a class=\"\" href=\"https://www.hutchinsontransmission.com/market-segments/food-processing/brushing-machine\" title=\"Brushing Machine\">\n                                Brushing Machine\n                            </a>\n</li>\n<li class=\"footer-plan-du-site-2\">\n<a class=\"\" href=\"https://www.hutchinsontransmission.com/market-segments/food-processing/centrifuge\" title=\"Centrifuge\">\n                                Centrifuge\n                            </a>\n</li>\n<li class=\"footer-plan-du-site-2\">\n<a class=\"\" href=\"https://www.hutchinsontransmission.com/market-segments/food-processing/coffee-grinding-machine\" title=\"Coffee Grinding Machine\">\n                                Coffee Grinding Machine\n                            </a>\n</li>\n<li class=\"footer-plan-du-site-2\">\n<a class=\"\" href=\"https://www.hutchinsontransmission.com/market-segments/food-processing/cutter\" title=\"Cutter\">\n                                Cutter\n                            </a>\n</li>\n<li class=\"footer-plan-du-site-2\">\n<a class=\"\" href=\"https://www.hutchinsontransmission.com/market-segments/food-processing/dough-moulder\" title=\"Dough Moulder\">\n                                Dough Moulder\n                            </a>\n</li>\n<li class=\"footer-plan-du-site-2\">\n<a class=\"\" href=\"https://www.hutchinsontransmission.com/market-segments/food-processing/flour-roller-mill\" title=\"Flour  Roller Mill\">\n                                Flour  Roller Mill\n                            </a>\n</li>\n<li class=\"footer-plan-du-site-2\">\n<a class=\"\" href=\"https://www.hutchinsontransmission.com/market-segments/food-processing/food-processing-pump\" title=\"Food Processing Pump\">\n                                Food Processing Pump\n                            </a>\n</li>\n<li class=\"footer-plan-du-site-2\">\n<a class=\"\" href=\"https://www.hutchinsontransmission.com/market-segments/food-processing/food-processor-beater-mixer\" title=\"Food Processor (Beater Mixer)\">\n                                Food Processor (Beater Mixer)\n                            </a>\n</li>\n<li class=\"footer-plan-du-site-2\">\n<a class=\"\" href=\"https://www.hutchinsontransmission.com/market-segments/food-processing/ice-cream-machine\" title=\"Ice Cream Machine\">\n                                Ice Cream Machine\n                            </a>\n</li>\n<li class=\"footer-plan-du-site-2\">\n<a class=\"\" href=\"https://www.hutchinsontransmission.com/market-segments/food-processing/kneading-machine\" title=\"Kneading Machine\">\n                                Kneading Machine\n                            </a>\n</li>\n<li class=\"footer-plan-du-site-2\">\n<a class=\"\" href=\"https://www.hutchinsontransmission.com/market-segments/food-processing/meat-slicer\" title=\"Meat Slicer\">\n                                Meat Slicer\n                            </a>\n</li>\n<li class=\"footer-plan-du-site-2\">\n<a class=\"\" href=\"https://www.hutchinsontransmission.com/market-segments/food-processing/mixer\" title=\"Mixer\">\n                                Mixer\n                            </a>\n</li>\n<li class=\"footer-plan-du-site-2\">\n<a class=\"\" href=\"https://www.hutchinsontransmission.com/market-segments/food-processing/potato-peeler\" title=\"Potato Peeler\">\n                                Potato Peeler\n                            </a>\n</li>\n<li class=\"footer-plan-du-site-2\">\n<a class=\"\" href=\"https://www.hutchinsontransmission.com/market-segments/food-processing/sheeter\" title=\"Sheeter\">\n                                Sheeter\n                            </a>\n</li>\n<li class=\"footer-plan-du-site-2\">\n<a class=\"\" href=\"https://www.hutchinsontransmission.com/market-segments/food-processing/vegetable-washer\" title=\"Vegetable Washer\">\n                                Vegetable Washer\n                            </a>\n</li>\n<li class=\"footer-plan-du-site-2\">\n<a class=\"\" href=\"https://www.hutchinsontransmission.com/market-segments/food-processing/wet-grinder\" title=\"Wet Grinder\">\n                                Wet Grinder\n                            </a>\n</li>\n</ul>\n</li>\n<li class=\"footer-plan-du-site-1 \">\n<a class=\"\" href=\"https://www.hutchinsontransmission.com/market-segments/hvac\" title=\"HVAC\">\n                        HVAC\n                    </a>\n<ul>\n<li class=\"footer-plan-du-site-2\">\n<a class=\"\" href=\"https://www.hutchinsontransmission.com/market-segments/hvac/booster\" title=\"Booster\">\n                                Booster\n                            </a>\n</li>\n<li class=\"footer-plan-du-site-2\">\n<a class=\"\" href=\"https://www.hutchinsontransmission.com/market-segments/hvac/centrifugal-fan\" title=\"Centrifugal fan\">\n                                Centrifugal fan\n                            </a>\n</li>\n<li class=\"footer-plan-du-site-2\">\n<a class=\"\" href=\"https://www.hutchinsontransmission.com/market-segments/hvac/container-refrigeration\" title=\"Container Refrigeration\">\n                                Container Refrigeration\n                            </a>\n</li>\n<li class=\"footer-plan-du-site-2\">\n<a class=\"\" href=\"https://www.hutchinsontransmission.com/market-segments/hvac/cooling-tower\" title=\"Cooling Tower\">\n                                Cooling Tower\n                            </a>\n</li>\n<li class=\"footer-plan-du-site-2\">\n<a class=\"\" href=\"https://www.hutchinsontransmission.com/market-segments/hvac/dry-cooler\" title=\"Dry Cooler\">\n                                Dry Cooler\n                            </a>\n</li>\n<li class=\"footer-plan-du-site-2\">\n<a class=\"\" href=\"https://www.hutchinsontransmission.com/market-segments/hvac/heat-generation\" title=\"Heat Generation\">\n                                Heat Generation\n                            </a>\n</li>\n<li class=\"footer-plan-du-site-2\">\n<a class=\"\" href=\"https://www.hutchinsontransmission.com/market-segments/hvac/industrial-ac\" title=\"Industrial A/C\">\n                                Industrial A/C\n                            </a>\n</li>\n<li class=\"footer-plan-du-site-2\">\n<a class=\"\" href=\"https://www.hutchinsontransmission.com/market-segments/hvac/industrial-ventilationblower\" title=\"Industrial Ventilation/Blower\">\n                                Industrial Ventilation/Blower\n                            </a>\n</li>\n<li class=\"footer-plan-du-site-2\">\n<a class=\"\" href=\"https://www.hutchinsontransmission.com/market-segments/hvac/mini-airportable-compressor\" title=\"Mini-Air/Portable Compressor\">\n                                Mini-Air/Portable Compressor\n                            </a>\n</li>\n<li class=\"footer-plan-du-site-2\">\n<a class=\"\" href=\"https://www.hutchinsontransmission.com/market-segments/hvac/piston-compressor\" title=\"Piston Compressor\">\n                                Piston Compressor\n                            </a>\n</li>\n<li class=\"footer-plan-du-site-2\">\n<a class=\"\" href=\"https://www.hutchinsontransmission.com/market-segments/hvac/portable-construction-compressor\" title=\"Portable Construction Compressor\">\n                                Portable Construction Compressor\n                            </a>\n</li>\n<li class=\"footer-plan-du-site-2\">\n<a class=\"\" href=\"https://www.hutchinsontransmission.com/market-segments/hvac/screw-compressor\" title=\"Screw Compressor\">\n                                Screw Compressor\n                            </a>\n</li>\n<li class=\"footer-plan-du-site-2\">\n<a class=\"\" href=\"https://www.hutchinsontransmission.com/market-segments/hvac/vehicle-ac\" title=\"Vehicle A/C\">\n                                Vehicle A/C\n                            </a>\n</li>\n<li class=\"footer-plan-du-site-2\">\n<a class=\"\" href=\"https://www.hutchinsontransmission.com/market-segments/hvac/vehicle-refrigeration\" title=\"Vehicle Refrigeration\">\n                                Vehicle Refrigeration\n                            </a>\n</li>\n</ul>\n</li>\n<li class=\"footer-plan-du-site-1 \">\n<a class=\"\" href=\"https://www.hutchinsontransmission.com/market-segments/health-medical\" title=\"Health Medical\">\n                        Health Medical\n                    </a>\n<ul>\n<li class=\"footer-plan-du-site-2\">\n<a class=\"\" href=\"https://www.hutchinsontransmission.com/market-segments/health-medical/automatic-bed\" title=\"Automatic Bed\">\n                                Automatic Bed\n                            </a>\n</li>\n<li class=\"footer-plan-du-site-2\">\n<a class=\"\" href=\"https://www.hutchinsontransmission.com/market-segments/health-medical/dentist-mixer\" title=\"Dentist Mixer\">\n                                Dentist Mixer\n                            </a>\n</li>\n<li class=\"footer-plan-du-site-2\">\n<a class=\"\" href=\"https://www.hutchinsontransmission.com/market-segments/health-medical/hoister\" title=\"Hoister\">\n                                Hoister\n                            </a>\n</li>\n<li class=\"footer-plan-du-site-2\">\n<a class=\"\" href=\"https://www.hutchinsontransmission.com/market-segments/health-medical/homefill\" title=\"Homefill\">\n                                Homefill\n                            </a>\n</li>\n<li class=\"footer-plan-du-site-2\">\n<a class=\"\" href=\"https://www.hutchinsontransmission.com/market-segments/health-medical/magnetic-agitator\" title=\"Magnetic Agitator\">\n                                Magnetic Agitator\n                            </a>\n</li>\n<li class=\"footer-plan-du-site-2\">\n<a class=\"\" href=\"https://www.hutchinsontransmission.com/market-segments/health-medical/magnetic-resonance-imaging\" title=\"Magnetic Resonance Imaging\">\n                                Magnetic Resonance Imaging\n                            </a>\n</li>\n<li class=\"footer-plan-du-site-2\">\n<a class=\"\" href=\"https://www.hutchinsontransmission.com/market-segments/health-medical/medical-bike\" title=\"Medical Bike\">\n                                Medical Bike\n                            </a>\n</li>\n<li class=\"footer-plan-du-site-2\">\n<a class=\"\" href=\"https://www.hutchinsontransmission.com/market-segments/health-medical/nebuliser\" title=\"Nebuliser\">\n                                Nebuliser\n                            </a>\n</li>\n<li class=\"footer-plan-du-site-2\">\n<a class=\"\" href=\"https://www.hutchinsontransmission.com/market-segments/health-medical/wheelchair\" title=\"Wheelchair\">\n                                Wheelchair\n                            </a>\n</li>\n</ul>\n</li>\n<li class=\"footer-plan-du-site-1 \">\n<a class=\"\" href=\"https://www.hutchinsontransmission.com/market-segments/heavy-industry\" title=\"Heavy Industry\">\n                        Heavy Industry\n                    </a>\n<ul>\n<li class=\"footer-plan-du-site-2\">\n<a class=\"\" href=\"https://www.hutchinsontransmission.com/market-segments/heavy-industry/calander-extruder\" title=\"Calander, Extruder\">\n                                Calander, Extruder\n                            </a>\n</li>\n<li class=\"footer-plan-du-site-2\">\n<a class=\"\" href=\"https://www.hutchinsontransmission.com/market-segments/heavy-industry/hammermill\" title=\"Hammermill\">\n                                Hammermill\n                            </a>\n</li>\n</ul>\n</li>\n<li class=\"footer-plan-du-site-1 \">\n<a class=\"\" href=\"https://www.hutchinsontransmission.com/market-segments/industrial-engines\" title=\"Industrial Engines\">\n                        Industrial Engines\n                    </a>\n<ul>\n<li class=\"footer-plan-du-site-2\">\n<a class=\"\" href=\"https://www.hutchinsontransmission.com/market-segments/industrial-engines/marine-engine\" title=\"Marine Engine\">\n                                Marine Engine\n                            </a>\n</li>\n<li class=\"footer-plan-du-site-2\">\n<a class=\"\" href=\"https://www.hutchinsontransmission.com/market-segments/industrial-engines/highway-engine\" title=\"Off-Highway engine\">\n                                Off-Highway engine\n                            </a>\n</li>\n<li class=\"footer-plan-du-site-2\">\n<a class=\"\" href=\"https://www.hutchinsontransmission.com/market-segments/industrial-engines/remanufacturing\" title=\"Remanufacturing\">\n                                Remanufacturing\n                            </a>\n</li>\n</ul>\n</li>\n<li class=\"footer-plan-du-site-1 \">\n<a class=\"\" href=\"https://www.hutchinsontransmission.com/market-segments/industrial-laundry-equipment\" title=\"Industrial Laundry Equipment\">\n                        Industrial Laundry Equipment\n                    </a>\n<ul>\n<li class=\"footer-plan-du-site-2\">\n<a class=\"\" href=\"https://www.hutchinsontransmission.com/market-segments/industrial-laundry-equipment/industrial-dryer\" title=\"Industrial Dryer\">\n                                Industrial Dryer\n                            </a>\n</li>\n<li class=\"footer-plan-du-site-2\">\n<a class=\"\" href=\"https://www.hutchinsontransmission.com/market-segments/industrial-laundry-equipment/ironer\" title=\"Ironer\">\n                                Ironer\n                            </a>\n</li>\n<li class=\"footer-plan-du-site-2\">\n<a class=\"\" href=\"https://www.hutchinsontransmission.com/market-segments/industrial-laundry-equipment/washing-machine-capacity-15-kg-0\" title=\"Washing Machine Capacity &lt; 15 Kg\">\n                                Washing Machine Capacity &lt; 15 Kg\n                            </a>\n</li>\n<li class=\"footer-plan-du-site-2\">\n<a class=\"\" href=\"https://www.hutchinsontransmission.com/market-segments/industrial-laundry-equipment/washing-machine-capacity-15-kg\" title=\"Washing Machine Capacity &gt; 15 Kg\">\n                                Washing Machine Capacity &gt; 15 Kg\n                            </a>\n</li>\n</ul>\n</li>\n<li class=\"footer-plan-du-site-1 \">\n<a class=\"\" href=\"https://www.hutchinsontransmission.com/market-segments/mro\" title=\"MRO\">\n                        MRO\n                    </a>\n</li>\n<li class=\"footer-plan-du-site-1 \">\n<a class=\"\" href=\"https://www.hutchinsontransmission.com/market-segments/machine-tools\" title=\"Machine Tools\">\n                        Machine Tools\n                    </a>\n<ul>\n<li class=\"footer-plan-du-site-2\">\n<a class=\"\" href=\"https://www.hutchinsontransmission.com/market-segments/machine-tools/cnc-machine\" title=\"CNC Machine\">\n                                CNC Machine\n                            </a>\n</li>\n<li class=\"footer-plan-du-site-2\">\n<a class=\"\" href=\"https://www.hutchinsontransmission.com/market-segments/machine-tools/circular-saw\" title=\"Circular Saw\">\n                                Circular Saw\n                            </a>\n</li>\n<li class=\"footer-plan-du-site-2\">\n<a class=\"\" href=\"https://www.hutchinsontransmission.com/market-segments/machine-tools/drilling-equipment\" title=\"Drilling Equipment\">\n                                Drilling Equipment\n                            </a>\n</li>\n<li class=\"footer-plan-du-site-2\">\n<a class=\"\" href=\"https://www.hutchinsontransmission.com/market-segments/machine-tools/industrial-saw\" title=\"Industrial Saw\">\n                                Industrial Saw\n                            </a>\n</li>\n<li class=\"footer-plan-du-site-2\">\n<a class=\"\" href=\"https://www.hutchinsontransmission.com/market-segments/machine-tools/milling-machine\" title=\"Milling Machine\">\n                                Milling Machine\n                            </a>\n</li>\n</ul>\n</li>\n<li class=\"footer-plan-du-site-1 \">\n<a class=\"\" href=\"https://www.hutchinsontransmission.com/market-segments/material-handling\" title=\"Material Handling\">\n                        Material Handling\n                    </a>\n<ul>\n<li class=\"footer-plan-du-site-2\">\n<a class=\"\" href=\"https://www.hutchinsontransmission.com/market-segments/material-handling/forklift\" title=\"Forklift\">\n                                Forklift\n                            </a>\n</li>\n<li class=\"footer-plan-du-site-2\">\n<a class=\"\" href=\"https://www.hutchinsontransmission.com/market-segments/material-handling/gas-engine-forklift-truck\" title=\"Gas Engine Forklift Truck\">\n                                Gas Engine Forklift Truck\n                            </a>\n</li>\n<li class=\"footer-plan-du-site-2\">\n<a class=\"\" href=\"https://www.hutchinsontransmission.com/market-segments/material-handling/handler\" title=\"Handler\">\n                                Handler\n                            </a>\n</li>\n</ul>\n</li>\n<li class=\"footer-plan-du-site-1 \">\n<a class=\"\" href=\"https://www.hutchinsontransmission.com/market-segments/mining-quarrying-building\" title=\"Mining, Quarrying, Building\">\n                        Mining, Quarrying, Building\n                    </a>\n<ul>\n<li class=\"footer-plan-du-site-2\">\n<a class=\"\" href=\"https://www.hutchinsontransmission.com/market-segments/mining-quarrying-building/marble-saw\" title=\"Marble saw\">\n                                Marble saw\n                            </a>\n</li>\n<li class=\"footer-plan-du-site-2\">\n<a class=\"\" href=\"https://www.hutchinsontransmission.com/market-segments/mining-quarrying-building/flotation-cell\" title=\"Flotation Cell\">\n                                Flotation Cell\n                            </a>\n</li>\n<li class=\"footer-plan-du-site-2\">\n<a class=\"\" href=\"https://www.hutchinsontransmission.com/market-segments/mining-quarrying-building/pump\" title=\"Pump\">\n                                Pump\n                            </a>\n</li>\n<li class=\"footer-plan-du-site-2\">\n<a class=\"\" href=\"https://www.hutchinsontransmission.com/market-segments/mining-quarrying-building/vehicle-engine\" title=\"Vehicle Engine\">\n                                Vehicle Engine\n                            </a>\n</li>\n<li class=\"footer-plan-du-site-2\">\n<a class=\"\" href=\"https://www.hutchinsontransmission.com/market-segments/mining-quarrying-building/granite-cutting-machine\" title=\"Granite Cutting Machine\">\n                                Granite Cutting Machine\n                            </a>\n</li>\n<li class=\"footer-plan-du-site-2\">\n<a class=\"\" href=\"https://www.hutchinsontransmission.com/market-segments/mining-quarrying-building/crusher\" title=\"Crusher\">\n                                Crusher\n                            </a>\n</li>\n</ul>\n</li>\n<li class=\"footer-plan-du-site-1 \">\n<a class=\"\" href=\"https://www.hutchinsontransmission.com/market-segments/oil-industry\" title=\"Oil Industry\">\n                        Oil Industry\n                    </a>\n<ul>\n<li class=\"footer-plan-du-site-2\">\n<a class=\"\" href=\"https://www.hutchinsontransmission.com/market-segments/oil-industry/boiler\" title=\"Boiler\">\n                                Boiler\n                            </a>\n</li>\n<li class=\"footer-plan-du-site-2\">\n<a class=\"\" href=\"https://www.hutchinsontransmission.com/market-segments/oil-industry/collector\" title=\"Collector\">\n                                Collector\n                            </a>\n</li>\n<li class=\"footer-plan-du-site-2\">\n<a class=\"\" href=\"https://www.hutchinsontransmission.com/market-segments/oil-industry/crude-oil-pump\" title=\"Crude Oil Pump\">\n                                Crude Oil Pump\n                            </a>\n</li>\n</ul>\n</li>\n<li class=\"footer-plan-du-site-1 \">\n<a class=\"\" href=\"https://www.hutchinsontransmission.com/market-segments/paper-industry\" title=\"Paper Industry\">\n                        Paper Industry\n                    </a>\n<ul>\n<li class=\"footer-plan-du-site-2\">\n<a class=\"\" href=\"https://www.hutchinsontransmission.com/market-segments/paper-industry/paper-press\" title=\"Paper Press\">\n                                Paper Press\n                            </a>\n</li>\n<li class=\"footer-plan-du-site-2\">\n<a class=\"\" href=\"https://www.hutchinsontransmission.com/market-segments/paper-industry/pressing-roller\" title=\"Pressing Roller\">\n                                Pressing Roller\n                            </a>\n</li>\n<li class=\"footer-plan-du-site-2\">\n<a class=\"\" href=\"https://www.hutchinsontransmission.com/market-segments/paper-industry/pulp\" title=\"Pulp\">\n                                Pulp\n                            </a>\n</li>\n</ul>\n</li>\n<li class=\"footer-plan-du-site-1 \">\n<a class=\"\" href=\"https://www.hutchinsontransmission.com/market-segments/power-tools\" title=\"Power Tools\">\n                        Power Tools\n                    </a>\n<ul>\n<li class=\"footer-plan-du-site-2\">\n<a class=\"\" href=\"https://www.hutchinsontransmission.com/market-segments/power-tools/electric-planer\" title=\"Electric Planer\">\n                                Electric Planer\n                            </a>\n</li>\n<li class=\"footer-plan-du-site-2\">\n<a class=\"\" href=\"https://www.hutchinsontransmission.com/market-segments/power-tools/nailer\" title=\"Nailer\">\n                                Nailer\n                            </a>\n</li>\n<li class=\"footer-plan-du-site-2\">\n<a class=\"\" href=\"https://www.hutchinsontransmission.com/market-segments/power-tools/sander\" title=\"Sander\">\n                                Sander\n                            </a>\n</li>\n<li class=\"footer-plan-du-site-2\">\n<a class=\"\" href=\"https://www.hutchinsontransmission.com/market-segments/power-tools/saw\" title=\"Saw\">\n                                Saw\n                            </a>\n</li>\n</ul>\n</li>\n<li class=\"footer-plan-du-site-1 \">\n<a class=\"\" href=\"https://www.hutchinsontransmission.com/market-segments/pump\" title=\"Pump\">\n                        Pump\n                    </a>\n<ul>\n<li class=\"footer-plan-du-site-2\">\n<a class=\"\" href=\"https://www.hutchinsontransmission.com/market-segments/pump/gasoline-pump\" title=\"Gasoline Pump\">\n                                Gasoline Pump\n                            </a>\n</li>\n<li class=\"footer-plan-du-site-2\">\n<a class=\"\" href=\"https://www.hutchinsontransmission.com/market-segments/pump/hydraulic-pump\" title=\"Hydraulic Pump\">\n                                Hydraulic Pump\n                            </a>\n</li>\n<li class=\"footer-plan-du-site-2\">\n<a class=\"\" href=\"https://www.hutchinsontransmission.com/market-segments/pump/quarrying\" title=\"Quarrying\">\n                                Quarrying\n                            </a>\n</li>\n<li class=\"footer-plan-du-site-2\">\n<a class=\"\" href=\"https://www.hutchinsontransmission.com/market-segments/pump/single-action-pump\" title=\"Single Action Pump\">\n                                Single Action Pump\n                            </a>\n</li>\n<li class=\"footer-plan-du-site-2\">\n<a class=\"\" href=\"https://www.hutchinsontransmission.com/market-segments/pump/vacuum-pump\" title=\"Vacuum Pump\">\n                                Vacuum Pump\n                            </a>\n</li>\n<li class=\"footer-plan-du-site-2\">\n<a class=\"\" href=\"https://www.hutchinsontransmission.com/market-segments/pump/wine-pump\" title=\"Wine Pump\">\n                                Wine Pump\n                            </a>\n</li>\n</ul>\n</li>\n<li class=\"footer-plan-du-site-1 \">\n<a class=\"\" href=\"https://www.hutchinsontransmission.com/market-segments/spare-parts\" title=\"Spare parts\">\n                        Spare parts\n                    </a>\n<ul>\n<li class=\"footer-plan-du-site-2\">\n<a class=\"\" href=\"https://www.hutchinsontransmission.com/market-segments/spare-parts/agricultural-aftermarket\" title=\"Agricultural Aftermarket\">\n                                Agricultural Aftermarket\n                            </a>\n</li>\n<li class=\"footer-plan-du-site-2\">\n<a class=\"\" href=\"https://www.hutchinsontransmission.com/market-segments/spare-parts/automotive-aftermarket\" title=\"Automotive Aftermarket\">\n                                Automotive Aftermarket\n                            </a>\n</li>\n<li class=\"footer-plan-du-site-2\">\n<a class=\"\" href=\"https://www.hutchinsontransmission.com/market-segments/spare-parts/household-appliances-aftermarket\" title=\"Household Appliances Aftermarket\">\n                                Household Appliances Aftermarket\n                            </a>\n</li>\n</ul>\n</li>\n<li class=\"footer-plan-du-site-1 \">\n<a class=\"\" href=\"https://www.hutchinsontransmission.com/market-segments/transport-people\" title=\"Transport of People\">\n                        Transport of People\n                    </a>\n<ul>\n<li class=\"footer-plan-du-site-2\">\n<a class=\"\" href=\"https://www.hutchinsontransmission.com/market-segments/transport-people/door-opener\" title=\"Door Opener\">\n                                Door Opener\n                            </a>\n</li>\n<li class=\"footer-plan-du-site-2\">\n<a class=\"\" href=\"https://www.hutchinsontransmission.com/market-segments/transport-people/elevator-driver\" title=\"Elevator Driver\">\n                                Elevator Driver\n                            </a>\n</li>\n<li class=\"footer-plan-du-site-2\">\n<a class=\"\" href=\"https://www.hutchinsontransmission.com/market-segments/transport-people/handrail-escalator\" title=\"Handrail For Escalator\">\n                                Handrail For Escalator\n                            </a>\n</li>\n<li class=\"footer-plan-du-site-2\">\n<a class=\"\" href=\"https://www.hutchinsontransmission.com/market-segments/transport-people/mini-car\" title=\"Mini Car\">\n                                Mini Car\n                            </a>\n</li>\n<li class=\"footer-plan-du-site-2\">\n<a class=\"\" href=\"https://www.hutchinsontransmission.com/market-segments/transport-people/moving-sidewalk\" title=\"Moving Sidewalk\">\n                                Moving Sidewalk\n                            </a>\n</li>\n<li class=\"footer-plan-du-site-2\">\n<a class=\"\" href=\"https://www.hutchinsontransmission.com/market-segments/transport-people/scooter\" title=\"Scooter\">\n                                Scooter\n                            </a>\n</li>\n<li class=\"footer-plan-du-site-2\">\n<a class=\"\" href=\"https://www.hutchinsontransmission.com/market-segments/transport-people/ski-lift\" title=\"Ski Lift\">\n                                Ski Lift\n                            </a>\n</li>\n</ul>\n</li>\n<li class=\"footer-plan-du-site-1 \">\n<a class=\"\" href=\"https://www.hutchinsontransmission.com/market-segments/wood-machine\" title=\"Wood Machine\">\n                        Wood Machine\n                    </a>\n<ul>\n<li class=\"footer-plan-du-site-2\">\n<a class=\"\" href=\"https://www.hutchinsontransmission.com/market-segments/wood-machine/circular-saw\" title=\"Circular Saw\">\n                                Circular Saw\n                            </a>\n</li>\n<li class=\"footer-plan-du-site-2\">\n<a class=\"\" href=\"https://www.hutchinsontransmission.com/market-segments/wood-machine/post-peeler\" title=\"Post Peeler\">\n                                Post Peeler\n                            </a>\n</li>\n<li class=\"footer-plan-du-site-2\">\n<a class=\"\" href=\"https://www.hutchinsontransmission.com/market-segments/wood-machine/wood-chipper\" title=\"Wood Chipper\">\n                                Wood Chipper\n                            </a>\n</li>\n<li class=\"footer-plan-du-site-2\">\n<a class=\"\" href=\"https://www.hutchinsontransmission.com/market-segments/wood-machine/woodworking-center\" title=\"Woodworking Center\">\n                                Woodworking Center\n                            </a>\n</li>\n</ul>\n</li>\n</ul>\n</li>\n<li class=\"footer-plan-du-site-0 cat2\">\n<a class=\"couleur-texte h6-like\" href=\"https://www.hutchinsontransmission.com/products-solutions\" title=\"Products &amp; Solutions\">\n                Products &amp; Solutions\n            </a>\n<ul>\n<li class=\"footer-plan-du-site-1 \">\n<a class=\"\" href=\"https://www.hutchinsontransmission.com/products-solutions/products\" title=\"Products\">\n                        Products\n                    </a>\n<ul>\n<li class=\"footer-plan-du-site-2\">\n<a class=\"\" href=\"https://www.hutchinsontransmission.com/products-solutions/products/flexonic\" title=\"FleXonic&lt;sup&gt;\u00c2\u00ae&lt;/sup&gt;\">\n                                FleXonic<sup>\u00c2\u00ae</sup>\n</a>\n</li>\n<li class=\"footer-plan-du-site-2\">\n<a class=\"\" href=\"https://www.hutchinsontransmission.com/products-solutions/products/poly-v\" title=\"Poly V&lt;sup&gt;\u00c2\u00ae&lt;/sup&gt;\">\n                                Poly V<sup>\u00c2\u00ae</sup>\n</a>\n</li>\n<li class=\"footer-plan-du-site-2\">\n<a class=\"\" href=\"https://www.hutchinsontransmission.com/products-solutions/products/conveyxonic\" title=\"ConveyXonic&lt;sup&gt;\u00c2\u00ae&lt;/sup&gt;\">\n                                ConveyXonic<sup>\u00c2\u00ae</sup>\n</a>\n</li>\n<li class=\"footer-plan-du-site-2\">\n<a class=\"\" href=\"https://www.hutchinsontransmission.com/products-solutions/products/hpp-belt\" title=\"HPP&lt;sup&gt;\u00e2\u0084\u00a2&lt;/sup&gt; Belt\">\n                                HPP<sup>\u00e2\u0084\u00a2</sup> Belt\n                            </a>\n</li>\n<li class=\"footer-plan-du-site-2\">\n<a class=\"\" href=\"https://www.hutchinsontransmission.com/products-solutions/products/timing-belt\" title=\"Timing Belt\">\n                                Timing Belt\n                            </a>\n</li>\n<li class=\"footer-plan-du-site-2\">\n<a class=\"\" href=\"https://www.hutchinsontransmission.com/products-solutions/products/v-belt\" title=\"V-Belt\">\n                                V-Belt\n                            </a>\n</li>\n<li class=\"footer-plan-du-site-2\">\n<a class=\"\" href=\"https://www.hutchinsontransmission.com/products-solutions/products/tensioners\" title=\"Tensioners\">\n                                Tensioners\n                            </a>\n</li>\n<li class=\"footer-plan-du-site-2\">\n<a class=\"\" href=\"https://www.hutchinsontransmission.com/products-solutions/products/idlers-0\" title=\"Idlers\">\n                                Idlers\n                            </a>\n</li>\n</ul>\n</li>\n<li class=\"footer-plan-du-site-1 \">\n<a class=\"\" href=\"https://www.hutchinsontransmission.com/products-solutions/complete-solution\" title=\"Complete solution\">\n                        Complete solution\n                    </a>\n<ul>\n<li class=\"footer-plan-du-site-2\">\n<a class=\"\" href=\"https://www.hutchinsontransmission.com/products-solutions/complete-solution/flexonic-belt-onoff-idler\" title=\"Flexonic&lt;sup&gt;\u00c2\u00ae&lt;/sup&gt;  Belt + On/Off Idler\">\n                                Flexonic<sup>\u00c2\u00ae</sup>  Belt + On/Off Idler\n                            </a>\n</li>\n<li class=\"footer-plan-du-site-2\">\n<a class=\"\" href=\"https://www.hutchinsontransmission.com/products-solutions/complete-solution/belt-transmission-system-automatic-tensioner\" title=\"Hydraulic Tensioner / Belt / Idler\">\n                                Hydraulic Tensioner / Belt / Idler\n                            </a>\n</li>\n</ul>\n</li>\n<li class=\"footer-plan-du-site-1 \">\n<a class=\"\" href=\"https://www.hutchinsontransmission.com/products-solutions/tools-accessories\" title=\"Tools / Accessories\">\n                        Tools / Accessories\n                    </a>\n<ul>\n<li class=\"footer-plan-du-site-2\">\n<a class=\"\" href=\"https://www.hutchinsontransmission.com/products-solutions/tools-accessories/easytec\" title=\"Easytec\">\n                                Easytec\n                            </a>\n</li>\n<li class=\"footer-plan-du-site-2\">\n<a class=\"\" href=\"https://www.hutchinsontransmission.com/products-solutions/tools-accessories/usbi-installation-tool\" title=\"USBI : installation tool\">\n                                USBI : installation tool\n                            </a>\n</li>\n</ul>\n</li>\n</ul>\n</li>\n<li class=\"footer-plan-du-site-0 cat3\">\n<a class=\"couleur-texte h6-like\" href=\"https://www.hutchinsontransmission.com/resource-center\" title=\"Resource Center\">\n                Resource Center\n            </a>\n<ul>\n<li class=\"footer-plan-du-site-1 \">\n<a class=\"\" href=\"https://www.hutchinsontransmission.com/resource-center/apps\" title=\"APPS\">\n                        APPS\n                    </a>\n<ul>\n<li class=\"footer-plan-du-site-2\">\n<a class=\"\" href=\"https://www.hutchinsontransmission.com/resource-center/apps/conveyxonic-wizard-app\" title=\"Conveyxonic&lt;sup&gt;\u00c2\u00ae&lt;/sup&gt; Wizard\">\n                                Conveyxonic<sup>\u00c2\u00ae</sup> Wizard\n                            </a>\n</li>\n<li class=\"footer-plan-du-site-2\">\n<a class=\"\" href=\"https://www.hutchinsontransmission.com/resource-center/apps/easy-tension-app\" title=\"Easy Tension\">\n                                Easy Tension\n                            </a>\n</li>\n<li class=\"footer-plan-du-site-2\">\n<a class=\"\" href=\"https://www.hutchinsontransmission.com/resource-center/apps/poly-v-design-app\" title=\"Poly V&lt;sup&gt;\u00c2\u00ae&lt;/sup&gt; Design\">\n                                Poly V<sup>\u00c2\u00ae</sup> Design\n                            </a>\n</li>\n</ul>\n</li>\n<li class=\"footer-plan-du-site-1 \">\n<a class=\"\" href=\"https://www.hutchinsontransmission.com/resource-center/case-studies\" title=\"Case Studies\">\n                        Case Studies\n                    </a>\n</li>\n<li class=\"footer-plan-du-site-1 \">\n<a class=\"\" href=\"https://www.hutchinsontransmission.com/resource-center/faq\" title=\"FAQ\">\n                        FAQ\n                    </a>\n</li>\n<li class=\"footer-plan-du-site-1 \">\n<a class=\"\" href=\"https://www.hutchinsontransmission.com/resource-center/online-calculation-softwares\" title=\"Online calculation softwares\">\n                        Online calculation softwares\n                    </a>\n<ul>\n<li class=\"footer-plan-du-site-2\">\n<a class=\"\" href=\"https://www.hutchinsontransmission.com/resource-center/online-calculation-softwares/wizard-conveyxonic\" title=\"Conveyxonic Wizard\">\n                                Conveyxonic Wizard\n                            </a>\n</li>\n<li class=\"footer-plan-du-site-2\">\n<a class=\"\" href=\"https://www.hutchinsontransmission.com/resource-center/online-calculation-softwares/poly-v-design-online\" title=\"Poly V&lt;sup&gt;\u00c2\u00ae&lt;/sup&gt; Design\">\n                                Poly V<sup>\u00c2\u00ae</sup> Design\n                            </a>\n</li>\n</ul>\n</li>\n<li class=\"footer-plan-du-site-1 \">\n<a class=\"\" href=\"https://www.hutchinsontransmission.com/resource-center/publications\" title=\"Publications\">\n                        Publications\n                    </a>\n<ul>\n<li class=\"footer-plan-du-site-2\">\n<a class=\"\" href=\"https://www.hutchinsontransmission.com/resource-center/publications/hutchinson-presentation\" title=\"Hutchinson presentation\">\n                                Hutchinson presentation\n                            </a>\n</li>\n<li class=\"footer-plan-du-site-2\">\n<a class=\"\" href=\"https://www.hutchinsontransmission.com/resource-center/publications/market-leaflets\" title=\"Market leaflets\">\n                                Market leaflets\n                            </a>\n</li>\n<li class=\"footer-plan-du-site-2\">\n<a class=\"\" href=\"https://www.hutchinsontransmission.com/resource-center/publications/product-leaflets\" title=\"Product leaflets\">\n                                Product leaflets\n                            </a>\n</li>\n<li class=\"footer-plan-du-site-2\">\n<a class=\"\" href=\"https://www.hutchinsontransmission.com/resource-center/publications/references-lists\" title=\"Reference Lists\">\n                                Reference Lists\n                            </a>\n</li>\n</ul>\n</li>\n<li class=\"footer-plan-du-site-1 \">\n<a class=\"\" href=\"https://www.hutchinsontransmission.com/resource-center/technical-engineering-supports\" title=\"Technical &amp; engineering supports\">\n                        Technical &amp; engineering supports\n                    </a>\n<ul>\n<li class=\"footer-plan-du-site-2\">\n<a class=\"\" href=\"https://www.hutchinsontransmission.com/resource-center/technical-engineering-supports/technical-information-form\" title=\"Technical Information Form\">\n                                Technical Information Form\n                            </a>\n</li>\n<li class=\"footer-plan-du-site-2\">\n<a class=\"\" href=\"https://www.hutchinsontransmission.com/resource-center/technical-engineering-supports/technical-manual\" title=\"Technical Manual\">\n                                Technical Manual\n                            </a>\n</li>\n<li class=\"footer-plan-du-site-2\">\n<a class=\"\" href=\"https://www.hutchinsontransmission.com/resource-center/technical-engineering-supports/tools\" title=\"Tools\">\n                                Tools\n                            </a>\n</li>\n</ul>\n</li>\n<li class=\"footer-plan-du-site-1 \">\n<a class=\"\" href=\"https://www.hutchinsontransmission.com/resource-center/technical-videos\" title=\"Technical videos\">\n                        Technical videos\n                    </a>\n</li>\n<li class=\"footer-plan-du-site-1 \">\n<a class=\"\" href=\"https://www.hutchinsontransmission.com/resource-center/wallpapers\" title=\"Wallpapers\">\n                        Wallpapers\n                    </a>\n<ul>\n<li class=\"footer-plan-du-site-2\">\n<a class=\"\" href=\"https://www.hutchinsontransmission.com/resource-center/goodies/hutchinson-print-screen-1\" title=\"Hutchinson Wallpaper n\u00c2\u00b01\">\n                                Hutchinson Wallpaper n\u00c2\u00b01\n                            </a>\n</li>\n<li class=\"footer-plan-du-site-2\">\n<a class=\"\" href=\"https://www.hutchinsontransmission.com/resource-center/goodies/hutchinson-print-screen-2\" title=\"Hutchinson Wallpaper n\u00c2\u00b02\">\n                                Hutchinson Wallpaper n\u00c2\u00b02\n                            </a>\n</li>\n<li class=\"footer-plan-du-site-2\">\n<a class=\"\" href=\"https://www.hutchinsontransmission.com/resource-center/goodies/hutchinson-print-screen-3\" title=\"Hutchinson Wallpaper n\u00c2\u00b03\">\n                                Hutchinson Wallpaper n\u00c2\u00b03\n                            </a>\n</li>\n<li class=\"footer-plan-du-site-2\">\n<a class=\"\" href=\"https://www.hutchinsontransmission.com/resource-center/goodies/hutchinson-wallpaper-ndeg4\" title=\"Hutchinson Wallpaper n\u00c2\u00b04\">\n                                Hutchinson Wallpaper n\u00c2\u00b04\n                            </a>\n</li>\n<li class=\"footer-plan-du-site-2\">\n<a class=\"\" href=\"https://www.hutchinsontransmission.com/resource-center/goodies/hutchinson-wallpaper-ndeg5\" title=\"Hutchinson Wallpaper n\u00c2\u00b05\">\n                                Hutchinson Wallpaper n\u00c2\u00b05\n                            </a>\n</li>\n</ul>\n</li>\n</ul>\n</li>\n<li class=\"footer-plan-du-site-0 cat4\">\n<a class=\"couleur-texte h6-like\" href=\"https://www.hutchinsontransmission.com/news\" title=\"News\">\n                News\n            </a>\n<ul>\n<li class=\"footer-plan-du-site-1 \">\n<a class=\"\" href=\"https://www.hutchinsontransmission.com/news/cemat-2018-synergy-hannover-messe\" title=\"CeMAT 2018: Synergy with Hannover Messe\">\n                        CeMAT 2018: Synergy with Hannover Messe\n                    </a>\n</li>\n<li class=\"footer-plan-du-site-1 \">\n<a class=\"\" href=\"https://www.hutchinsontransmission.com/news/visit-hutchinson-taispo-2018\" title=\"Visit Hutchinson at Taispo 2018\">\n                        Visit Hutchinson at Taispo 2018\n                    </a>\n</li>\n<li class=\"footer-plan-du-site-1 \">\n<a class=\"\" href=\"https://www.hutchinsontransmission.com/news/we-will-be-exhibiting-first-time-hi-denmark-2017\" title=\"We will be exhibiting for the first time at Hi Denmark 2017\">\n                        We will be exhibiting for the first time at Hi Denmark 2017\n                    </a>\n</li>\n<li class=\"footer-plan-du-site-1 \">\n<a class=\"\" href=\"https://www.hutchinsontransmission.com/news/we-re-back-new-edition-logimat-2017\" title=\"We're back for the new edition of LogiMAT 2017!\">\n                        We're back for the new edition of LogiMAT 2017!\n                    </a>\n</li>\n<li class=\"footer-plan-du-site-1 \">\n<a class=\"\" href=\"https://www.hutchinsontransmission.com/news/we-re-ready-logimat-2018\" title=\"We're ready for LogiMAT 2018\">\n                        We're ready for LogiMAT 2018\n                    </a>\n</li>\n</ul>\n</li>\n</ul>", "level": 0}, {"value": "<ul class=\"footer-plan-du-site footer-menu-footer \">\n<li class=\"footer-plan-du-site-0 cat0\">\n<a class=\"couleur-texte h6-like\" href=\"https://www.hutchinsontransmission.com/legal-terms\" title=\"Legal Terms\">\n                Legal Terms\n            </a>\n</li>\n</ul>", "level": 0}, {"value": "<ul class=\"footer-plan-du-site footer-menu-haut \">\n<li class=\"footer-plan-du-site-0 cat0\">\n<a class=\"couleur-texte h6-like\" href=\"https://www.hutchinsontransmission.com/le-club-hutchinson\" title=\"Le Club Hutchinson\">\n                Le Club Hutchinson\n            </a>\n</li>\n<li class=\"footer-plan-du-site-0 cat1\">\n<a class=\"couleur-texte h6-like\" href=\"https://www.hutchinsontransmission.com/contacts/contact-us\" title=\"Contacts\">\n                Contacts\n            </a>\n<ul>\n<li class=\"footer-plan-du-site-1 \">\n<a class=\"\" href=\"https://www.hutchinsontransmission.com/contacts/contact-us\" title=\"Contact us\">\n                        Contact us\n                    </a>\n</li>\n<li class=\"footer-plan-du-site-1 \">\n<a class=\"\" href=\"https://www.hutchinsontransmission.com/contacts/hutchinson-technical-sales-centers\" title=\"Hutchinson Technical &amp; Sales Centers\">\n                        Hutchinson Technical &amp; Sales Centers\n                    </a>\n</li>\n<li class=\"footer-plan-du-site-1 \">\n<a class=\"\" href=\"https://www.hutchinsontransmission.com/contacts/distribution-network\" title=\"Distribution network\">\n                        Distribution network\n                    </a>\n</li>\n<li class=\"footer-plan-du-site-1 \">\n<a class=\"\" href=\"https://www.hutchinsontransmission.com/contacts/press-area\" title=\"Press Area\">\n                        Press Area\n                    </a>\n</li>\n</ul>\n</li>\n</ul>", "level": 0}, {"value": "<ul class=\"footer-plan-du-site footer-menu-haut-club \">\n<li class=\"footer-plan-du-site-0 cat0\">\n<a class=\"couleur-texte h6-like\" href=\"https://www.hutchinsontransmission.com/\" title=\"Home page\">\n                Home page\n            </a>\n</li>\n<li class=\"footer-plan-du-site-0 cat1\">\n<a class=\"couleur-texte h6-like\" href=\"https://www.hutchinsontransmission.com/le-club-hutchinson/password\" title=\"Password\">\n                Password\n            </a>\n</li>\n</ul>", "level": 0}, {"value": "<ul class=\"footer-plan-du-site footer-menu-club-hutchinson \">\n<li class=\"footer-plan-du-site-0 cat0\">\n<a class=\"couleur-texte h6-like\" href=\"https://www.hutchinsontransmission.com/le-club-hutchinson\" title=\"Le Club Hutchinson\">\n                Le Club Hutchinson\n            </a>\n<ul>\n<li class=\"footer-plan-du-site-1 \">\n<a class=\"\" href=\"https://www.hutchinsontransmission.com/le-club-hutchinson/password\" title=\"Password\">\n                        Password\n                    </a>\n</li>\n</ul>\n</li>\n</ul>", "level": 0}]]