[[{"value": "<div class=\"grayText\"><strong>When do we collect information?</strong></div>", "level": 1}, {"value": "<div class=\"innerText\">We collect information from you when you  or enter information on our site.</div>", "level": 0}, {"value": "<div class=\"grayText\"><strong>How do we use your information? </strong></div>", "level": 0}, {"value": "<div class=\"innerText\"> We may use the information we collect from you when you register, make a purchase, sign up for our newsletter, respond to a survey or marketing communication, surf the website, or use certain other site features in the following ways:<br/><br/></div>", "level": 0}], [{"value": "<div class=\"grayText\"><strong>How do we protect visitor information?</strong></div>", "level": 1}, {"value": "<div class=\"innerText\">Our website is scanned on a regular basis for security holes and known vulnerabilities in order to make your visit to our site as safe as possible.<br/><br/></div>", "level": 0}, {"value": "<div class=\"innerText\">We use regular Malware Scanning.<br/><br/></div>", "level": 0}, {"value": "<div class=\"innerText\">Your personal information is contained behind secured networks and is only accessible by a limited number of persons who have special access rights to such systems, and are required to keep the information confidential. In addition, all sensitive/credit information you supply is encrypted via Secure Socket Layer (SSL) technology. </div>", "level": 0}, {"value": "<div class=\"innerText\">We implement a variety of security measures when a user enters, submits, or accesses their information to maintain the safety of your personal information.</div>", "level": 0}, {"value": "<div class=\"innerText\">All transactions are processed through a gateway provider and are not stored or processed on our servers.</div>", "level": 0}], [{"value": "<div class=\"grayText\"><strong>Do we use 'cookies'?</strong></div>", "level": 1}, {"value": "<div class=\"innerText\">We do not use cookies for tracking purposes </div>", "level": 0}, {"value": "<div class=\"innerText\"><br/>You can choose to have your computer warn you each time a cookie is being sent, or you can choose to turn off all cookies. You do this through your browser (like Internet Explorer) settings. Each browser is a little different, so look at your browser's Help menu to learn the correct way to modify your cookies.<br/></div>", "level": 0}, {"value": "<div class=\"innerText\">If you disable cookies off, some features will be disabled that make your site experience more efficient and some of our services will not function properly.</div>", "level": 0}, {"value": "<div class=\"innerText\">However, you can still place orders .</div>", "level": 0}], [{"value": "<div class=\"grayText\"><strong>Third Party Disclosure</strong></div>", "level": 1}, {"value": "<div class=\"innerText\">We do not sell, trade, or otherwise transfer to outside parties your personally identifiable information.</div>", "level": 0}], [{"value": "<div class=\"grayText\"><strong>Third party links</strong></div>", "level": 1}, {"value": "<div class=\"innerText\">We do not include or offer third party products or services on our website.</div>", "level": 0}], [{"value": "<div class=\"blueText\"><strong>Google</strong></div>", "level": 1}, {"value": "<div class=\"innerText\">Google's advertising requirements can be summed up by Google's Advertising Principles. They are put in place to provide a positive experience for users. https://support.google.com/adwordspolicy/answer/1316548?hl=en <br/><br/></div>", "level": 0}, {"value": "<div class=\"innerText\">We use Google AdSense Advertising on our website.</div>", "level": 0}, {"value": "<div class=\"innerText\"><br/>Google, as a third party vendor, uses cookies to serve ads on our site. Google's use of the DART cookie enables it to serve ads to our users based on their visit to our site and other sites on the Internet. Users may opt out of the use of the DART cookie by visiting the Google ad and content network privacy policy.<br/></div>", "level": 0}], [{"value": "<div class=\"innerText\"><br/><strong>We have implemented the following:</strong></div>", "level": 1}, {"value": "<div class=\"innerText\">\u00a0\u00a0\u00a0\u00a0\u00a0 <strong>\u2022</strong> Demographics and Interests Reporting</div>", "level": 0}, {"value": "<div class=\"innerText\">We along with third-party vendors, such as Google use first-party cookies (such as the Google Analytics cookies) and third-party cookies (such as the DoubleClick cookie) or other third-party identifiers together to compile data regarding user interactions with ad impressions, and other ad service functions as they relate to our website. </div>", "level": 0}, {"value": "<div class=\"innerText\"><br/>Opting out:<br/>\n\t\t\t\t\tUsers can set preferences for how Google advertises to you using the Google Ad Settings page. Alternatively, you can opt out by visiting the Network Advertising initiative opt out page or permanently using the Google Analytics Opt Out Browser add on.</div>", "level": 0}], [{"value": "<div class=\"blueText\"><strong>COPPA (Children Online Privacy Protection Act)</strong></div>", "level": 1}, {"value": "<div class=\"innerText\">When it comes to the collection of personal information from children under 13, the Children's Online Privacy Protection Act (COPPA) puts parents in control.  The Federal Trade Commission, the nation's consumer protection agency, enforces the COPPA Rule, which spells out what operators of websites and online services must do to protect children's privacy and safety online.<br/><br/></div>", "level": 0}, {"value": "<div class=\"innerText\">We market to<div class=\"innerText\">We do not collect information from children under 13</div> children under 13.</div>", "level": 0}, {"value": "<div class=\"innerText\">No</div>", "level": 0}, {"value": "<div class=\"innerText\"><br/><strong>In order to remove your child's information please contact the following personnel: </strong></div>", "level": 0}, {"value": "<div class=\"innerText\"><br/><strong>We adhere to the following COPPA tenants: </strong></div>", "level": 0}, {"value": "<div class=\"innerText\">\u00a0\u00a0\u00a0\u00a0\u00a0 <strong>\u2022</strong> Parents can review, delete, manage or refuse with whom their child's information is shared through  contacting us directly.</div>", "level": 0}], [{"value": "<div class=\"blueText\"><strong>Fair Information Practices</strong></div>", "level": 1}, {"value": "<div class=\"innerText\">The Fair Information Practices Principles form the backbone of privacy law in the United States and the concepts they include have played a significant role in the development of data protection laws around the globe. Understanding the Fair Information Practice Principles and how they should be implemented is critical to comply with the various privacy laws that protect personal information.<br/><br/></div>", "level": 0}, {"value": "<div class=\"innerText\"><strong>In order to be in line with Fair Information Practices we will take the following responsive action, should a data breach occur:</strong></div>", "level": 0}, {"value": "<div class=\"innerText\">We will notify the users via in site notification</div>", "level": 0}, {"value": "<div class=\"innerText\">\u00a0\u00a0\u00a0\u00a0\u00a0 <strong>\u2022</strong> Within 7 business days</div>", "level": 0}, {"value": "<div class=\"innerText\"><br/>We also agree to the individual redress principle, which requires that individuals have a right to pursue legally enforceable rights against data collectors and processors who fail to adhere to the law. This principle requires not only that individuals have enforceable rights against data users, but also that individuals have recourse to courts or a government agency to investigate and/or prosecute non-compliance by data processors.</div>", "level": 0}], [{"value": "<div class=\"blueText\"><strong>CAN SPAM Act</strong></div>", "level": 1}, {"value": "<div class=\"innerText\">The CAN-SPAM Act is a law that sets the rules for commercial email, establishes requirements for commercial messages, gives recipients the right to have emails stopped from being sent to them, and spells out tough penalties for violations.<br/><br/></div>", "level": 0}], [{"value": "<div class=\"innerText\"><strong>We collect your email address in order to:</strong></div>", "level": 1}], [{"value": "<div class=\"innerText\"><br/><strong>To be in accordance with CANSPAM we agree to the following:</strong></div>", "level": 1}, {"value": "<div class=\"innerText\"><strong><br/>If at any time you would like to unsubscribe from receiving future emails, you can email us at</strong></div>", "level": 0}, {"value": "<strong>ALL</strong>", "level": 0}], [{"value": "<div class=\"blueText\"><strong>Contacting Us</strong></div>", "level": 1}, {"value": "<div class=\"innerText\">If there are any questions regarding this privacy policy you may contact us using the information below.<br/><br/></div>", "level": 0}, {"value": "<div class=\"innerText\">bontusgames.com</div>", "level": 0}, {"value": "<div class=\"innerText\">Tokio 7230</div>", "level": 0}, {"value": "<div class=\"innerText\">Argentina</div>", "level": 0}, {"value": "<div class=\"innerText\">bontusgames@gmail.com </div>", "level": 0}, {"value": "<div class=\"innerText\"><br/>Last Edited on 2015-10-09</div>", "level": 0}]]