[[{"value": "<p align=\"JUSTIFY\" style=\"margin-bottom: 0in\"><font face=\"Arial, sans-serif\"><b>Privacy\nPolicy</b></font></p>", "level": 1}, {"value": "<p align=\"JUSTIFY\" style=\"margin-bottom: 0in\"><font face=\"Arial, sans-serif\">\tARPA\nmedia and its affiliates (\u201cCompany\u201d or \u201cwe\u201d)\nrespect the privacy of its users (\u201cUser\u201d or \u201cyou\u201d)\nand are committed to protect the User\u2019s information, be it\nyours or your children\u2019s. We believe that you have a right to\nknow our practices regarding the information we may collect and use\nwhen you use our Products (as defined on the Terms of Use) and\nwebsite (the \u201cService\u201d).</font></p>", "level": 0}, {"value": "<p align=\"JUSTIFY\" style=\"margin-bottom: 0in\"><font face=\"Arial, sans-serif\">I.\nYour consent (important, please read carefully!)</font></p>", "level": 0}, {"value": "<p align=\"JUSTIFY\" style=\"margin-bottom: 0in\"><font face=\"Arial, sans-serif\">By\naccessing and/or using the Site or the Service, you agree to the\nterms and conditions set forth in this Privacy Policy, including to\nthe collection and processing of your Personal Information (as\ndefined below). Please note: if you disagree to any term provided\nherein, you may not access or use the Service.</font></p>", "level": 0}, {"value": "<p align=\"JUSTIFY\" style=\"margin-bottom: 0in\"><font face=\"Arial, sans-serif\">This\nprivacy statement describes how ARPA media collects and uses the\npersonal information you provide. It also describes the choices\navailable to you regarding our use of your personal information and\nhow you can access and update this information.</font></p>", "level": 0}, {"value": "<p align=\"JUSTIFY\" style=\"margin-bottom: 0in\"><font face=\"Arial, sans-serif\">II.\nWhich information we may collect on our Users?</font></p>", "level": 0}, {"value": "<p align=\"JUSTIFY\" style=\"margin-bottom: 0in\"><font face=\"Arial, sans-serif\">Non-personal\nInformation: We use third-party services to collect Non-personal and\nnon-identifiable information (\u201cNon-personal Information\u201d).\nTo put it simply, we have no idea what is the identity of the User\nfrom which we have collected the Non-personal Information.\nNon-personal Information which is being gathered consists of\ntechnical information and behavioral information, as detailed below:</font></p>", "level": 0}, {"value": "<p align=\"JUSTIFY\" style=\"margin-bottom: 0in\"><font face=\"Arial, sans-serif\">Technical\ninformation:</font></p>", "level": 0}, {"value": "<p align=\"JUSTIFY\" style=\"margin-bottom: 0in\">\u2022 <font face=\"Arial, sans-serif\">Type\nof operation system (e.g. Windows, Linux, etc.)</font></p>", "level": 0}, {"value": "<p align=\"JUSTIFY\" style=\"margin-bottom: 0in\">\u2022 <font face=\"Arial, sans-serif\">Type\nof Browser (e.g. Internet Explorer, Firefox, Chrome, Safari, etc.)</font></p>", "level": 0}, {"value": "<p align=\"JUSTIFY\" style=\"margin-bottom: 0in\">\u2022 <font face=\"Arial, sans-serif\">Screen\nresolution (e.g. 800\u00d7600, 1024\u00d7768, etc.)</font></p>", "level": 0}, {"value": "<p align=\"JUSTIFY\" style=\"margin-bottom: 0in\">\u2022 <font face=\"Arial, sans-serif\">Language\n(e.g. English)</font></p>", "level": 0}, {"value": "<p align=\"JUSTIFY\" style=\"margin-bottom: 0in\">\u2022 <font face=\"Arial, sans-serif\">Android\nor iOS Vendor (e.g. Galaxy, HTC, iPhone, etc.)</font></p>", "level": 0}, {"value": "<p align=\"JUSTIFY\" style=\"margin-bottom: 0in\">\u2022 <font face=\"Arial, sans-serif\">Flash\nversion</font></p>", "level": 0}, {"value": "<p align=\"JUSTIFY\" style=\"margin-bottom: 0in\"><font face=\"Arial, sans-serif\">Behavioral\ninformation:</font></p>", "level": 0}, {"value": "<p align=\"JUSTIFY\" style=\"margin-bottom: 0in\">\u2022 <font face=\"Arial, sans-serif\">User\u2019s\ninteraction with the Service</font></p>", "level": 0}, {"value": "<p align=\"JUSTIFY\" style=\"margin-bottom: 0in\">\u2022 <font face=\"Arial, sans-serif\">User\u2019s\nbehavior on the Service</font></p>", "level": 0}, {"value": "<p align=\"JUSTIFY\" style=\"margin-bottom: 0in\">\u2022 <font face=\"Arial, sans-serif\">The\namount of pictures user publishes after using the Service.</font></p>", "level": 0}, {"value": "<p align=\"JUSTIFY\" style=\"margin-bottom: 0in\">\u2022 <font face=\"Arial, sans-serif\">Any\nSimilar behavioral information.</font></p>", "level": 0}, {"value": "<p align=\"JUSTIFY\" style=\"margin-bottom: 0in\"><font face=\"Arial, sans-serif\">Personal\nInformation: We do not collect any Personal Information when you or\nyour children use our Products.</font></p>", "level": 0}, {"value": "<p align=\"JUSTIFY\" style=\"margin-bottom: 0in\"><font face=\"Arial, sans-serif\">III.\nHow do we collect information on our Users?</font></p>", "level": 0}, {"value": "<p align=\"JUSTIFY\" style=\"margin-bottom: 0in\"><font face=\"Arial, sans-serif\">Non-personal\nInformation is gathered by third-party services while you access the\nService. In other words, analytical third-party services are aware of\nyour usage of the Site and the Service, and may collect the\ninformation relating to such usage.</font></p>", "level": 0}, {"value": "<p align=\"JUSTIFY\" style=\"margin-bottom: 0in\"><font face=\"Arial, sans-serif\">IV.\nWhat are the purposes of the collection of information?</font></p>", "level": 0}, {"value": "<p align=\"JUSTIFY\" style=\"margin-bottom: 0in\"><font face=\"Arial, sans-serif\">We\ncollect Non-personal Information for the following purposes:</font></p>", "level": 0}, {"value": "<p align=\"JUSTIFY\" style=\"margin-bottom: 0in\">\u2022 <font face=\"Arial, sans-serif\">Enhance\nthe User\u2019s experience on the Service, including the ability to\ncommunicate with our Users through an internal notification mechanism\nincorporated in the Service.</font></p>", "level": 0}, {"value": "<p align=\"JUSTIFY\" style=\"margin-bottom: 0in\">\u2022 <font face=\"Arial, sans-serif\">Learn\nabout the preferences of Users and general trends on the Service\nthrough the study of aggregated data and statistics.</font></p>", "level": 0}, {"value": "<p align=\"JUSTIFY\" style=\"margin-bottom: 0in\"><font face=\"Arial, sans-serif\">V.\nDirect Marketing &amp; Advertising</font></p>", "level": 0}, {"value": "<p align=\"JUSTIFY\" style=\"margin-bottom: 0in\"><font face=\"Arial, sans-serif\">We\naccept advertisements from third party advertisers. These advertisers\nare carefully selected to provide information about products and\nservices that we think may be of interest to our Users. Note that if\nyou click on any of these advertisements, these advertisers may use\ncookies and other web-tracking technologies to collect non-personal\nand/or personal information about you. We recommend that you review\nthe terms of use and privacy policy for any advertiser with which you\nare interacting before doing so. Their privacy policy, not ours, will\napply to any of those interactions.</font></p>", "level": 0}, {"value": "<p align=\"JUSTIFY\" style=\"margin-bottom: 0in\"><font face=\"Arial, sans-serif\">Direct\nMarketing: You hereby agree that we may send you notifications for\nthe purpose of informing you regarding products and services (offered\nby the Company and/or by third parties) which may interest you and to\nsend to you advertisements and other marketing material, transmitted\nto you through the Service using an internal notifications mechanism\nincorporated in the Service, or incorporated in our Newsletter sent\nto your email per your request. You may remove your email address\nfrom mailing list at any time by clicking the remove option\nincorporated in the emails sent to you.</font></p>", "level": 0}, {"value": "<p align=\"JUSTIFY\" style=\"margin-bottom: 0in\"><font face=\"Arial, sans-serif\">VI.\nCookies &amp; Local Storage</font></p>", "level": 0}, {"value": "<p align=\"JUSTIFY\" style=\"margin-bottom: 0in\"><font face=\"Arial, sans-serif\">When\nyou access or use the Service, Company may use industry-wide\ntechnologies such as \u201ccookies\u201d and Flash (or similar\ntechnologies), which stores certain information on your computer or\nmobile device (\u201cLocal Storage\u201d) and which will allow us\nto enable automatic activation of certain features, and make your\nService experience much more convenient and effortless. The cookies\nused by the Service are created per session, does not include any\ninformation about you, other than your session key and are removed as\nyour session ends. It is easy to prohibit the Local Storage. Most\nbrowsers will allow you to erase cookies from your computer\u2019s\nhard drive, block acceptance of cookies, or receive a warning before\na cookie is stored. In order to erase or disable the Local Storage\noption in Flash you should use the settings option of Flash according\nto the specific instructions provided by the technology provider.\nHowever, if you block or erase cookies, or change the settings of\nFlash, your online experience may be limited.</font></p>", "level": 0}, {"value": "<p align=\"JUSTIFY\" style=\"margin-bottom: 0in\"><font face=\"Arial, sans-serif\">We\nalso may use certain third-party cookies (e.g. Google\nAuthentication). These are a different kind of cookies, stored on\nyour computer by third parties, rather than by the Company. This kind\nof cookie is only read (and not altered by the Service) each time you\nvisit the Service, and also when you visit certain websites or\napplications that uses similar cookies. Third-party cookies usually\nstore only Non-personal Information, such as the web pages you have\nvisited, the duration of your browsing, etc.</font></p>", "level": 0}, {"value": "<p align=\"JUSTIFY\" style=\"margin-bottom: 0in\"><font face=\"Arial, sans-serif\">VII.\nSecurity</font></p>", "level": 0}, {"value": "<p align=\"JUSTIFY\" style=\"margin-bottom: 0in\"><font face=\"Arial, sans-serif\">We\ntake a great care in maintaining the security of the Service and your\ninformation and in preventing unauthorized access to it through\nindustry standard technologies and internal procedures, including\nthrough the use of encryption mechanisms. However, we do not\nguarantee that unauthorized access will never occur.</font></p>", "level": 0}, {"value": "<p align=\"JUSTIFY\" style=\"margin-bottom: 0in\"><font face=\"Arial, sans-serif\">Third\nParty Software/Service</font></p>", "level": 0}, {"value": "<p align=\"JUSTIFY\" style=\"margin-bottom: 0in\"><font face=\"Arial, sans-serif\">While\nusing the Service we may be using third party software and/or\nservice, in order to (a) collect and/or process Non-personal\ninformation; (b) provide you with advertisements on different\nproducts and services; and (c) communicate with you through an\ninternal messaging mechanism incorporated in the Service. Such\nsoftware may include without limitation, Gameanalytics [which privacy\npolicy can be found at: http://www.gameanalytics.com/privacy.html],\nGoogle AdMob [which privacy policy can be found at\nhttp://www.admob.com/home/privacy].</font></p>", "level": 0}, {"value": "<p align=\"JUSTIFY\" style=\"margin-bottom: 0in\"><font face=\"Arial, sans-serif\">VIII.\nSharing Information with Third Parties</font></p>", "level": 0}, {"value": "<p align=\"JUSTIFY\" style=\"margin-bottom: 0in\"><font face=\"Arial, sans-serif\">We\nmay share Information only in the following cases:</font></p>", "level": 0}, {"value": "<p align=\"JUSTIFY\" style=\"margin-bottom: 0in\"><font face=\"Arial, sans-serif\">(a)\nto satisfy any applicable law, regulation, legal process, subpoena or\ngovernmental request; (b) to enforce this Privacy Policy or the Terms\nof Use, including investigation of potential violations thereof; (c)\nto detect, prevent, or otherwise address fraud, security or technical\nissues; (d) to respond to claims that any content published on the\nService violates any right of a third-party; (f) to protect the\nrights, property, or personal safety of the Company, its Users or the\ngeneral public; (g) when Company is undergoing any change in control,\nincluding by means of merger, acquisition or purchase of all or\nsubstantially all of the assets of Company; (h) pursuant to your\napproval, in order to supply certain services you have requested from\nCompany; (i) to let our partners and affiliates serve you with\ncommercials;</font></p>", "level": 0}, {"value": "<p align=\"JUSTIFY\" style=\"margin-bottom: 0in\"><font face=\"Arial, sans-serif\">IX.\nChanges to the Privacy Policy</font></p>", "level": 0}, {"value": "<p align=\"JUSTIFY\" style=\"margin-bottom: 0in\"><font face=\"Arial, sans-serif\">The\nterms of this Privacy Policy will govern the use of the Service and\nany information collected therein. Company reserves the right to\nchange this policy at any time, so please re-visit this page\nfrequently. In case of any material change, we will make reasonable\nefforts to post a clear notice on the Service.</font></p>", "level": 0}, {"value": "<p align=\"JUSTIFY\" style=\"margin-bottom: 0in\"><font face=\"Arial, sans-serif\">Changes\nto this Privacy Policy are effective as of the stated \u201cLast\nRevised\u201d and your continued use of the Service on or the Last\nRevised date will constitute acceptance of, and agreement to be bound\nby, those changes.</font></p>", "level": 0}, {"value": "<p align=\"JUSTIFY\" style=\"margin-bottom: 0in\"><font face=\"Arial, sans-serif\">X.\nGot any Questions?</font></p>", "level": 0}, {"value": "<p align=\"JUSTIFY\" style=\"margin-bottom: 0in\"><font face=\"Arial, sans-serif\">If\nyou have any questions (or comments) concerning this Privacy Policy,\nplease send us an email to the following address:\n[support.googleplay@arpamedia.ro] and we will make an effort to reply\nwithin a reasonable timeframe.</font></p>", "level": 0}]]