[[{"value": "<h1>PRIVACY POLICY</h1>", "level": 9}], [{"value": "<h2>About</h2>", "level": 8}, {"value": "<div>This application and its related content (the \"App\") are controlled and operated <b>Fanatee</b> SERVI\u00c3\u0087OS DE ENTRETENIMENTO ONLINE LTDA. with its headquarters at Rua Padre Jo\u00c3\u00a3o Manuel, 1212 conj. 33 \u00e2\u0080\u0093 Jardim Paulista, S\u00c3\u00a3o Paulo, CEP 01411-000 (<b>\"Fanatee\"</b>). All rights reserved.</div>", "level": 0}, {"value": "<div>This privacy policy is applicable either for the use of the App in its web and mobile versions.</div>", "level": 0}, {"value": "<div>Internet privacy is an important issue and in this Privacy Policy you will find information on:</div>", "level": 0}, {"value": "<ul>\n<li>Which information we collect through the App (\"Personal Information\");</li>\n<li>How do we use Personal Information that is collected;</li>\n<li>With whom we share Personal Information;</li>\n<li>How we protect Personal Information; and</li>\n<li>What are the rights related to Personal Information by us collected.</li>\n</ul>", "level": 0}, {"value": "<b>BY ACCESSING THE APP YOU AUTOMATICALLY AGREE TO THE PRIVACY POLICY. IF YOU DO NOT AGREE WITH THE PRIVACY POLICY PLEASE DO NOT USE OR OTHERWISE ACCES THE APP. USE OF THE APP IS VOID WHERE PROHIBITED.</b>", "level": 0}], [{"value": "<h2>Personal Information Collection:</h2>", "level": 8}, {"value": "<div><b>Information Given Voluntarily</b> \u00e2\u0080\u0093 For the registration and complete functioning of the offered services on the App, the users may be requested to inform certain Personal Information necessary to the identification of the user as for example, name, date of birth, email and telephone. It is the users entire responsibility to inform complete and accurate information.</div>", "level": 0}, {"value": "<div><b>Access Information</b> \u00e2\u0080\u0093 <b>Fanatee</b> uses several technologies to collect and storage Personal Information about your visit to the App, with the objective of providing the most convenient, fast and personalized experience. These technologies may include cookies and anonymous identifiers that are small information files, not identifiable, stored on the users computer when entering the site, in order to maintain its registries and navigation preferences. These technologies might collect information as for example:</div>", "level": 0}, {"value": "<ul>\n<li>Your browser history and search history;</li>\n<li>Information of your access device, for example operational system, browser and device type;</li>\n<li>Data and images of usability of the App;</li>\n<li>Your Internet Protocol address (IP), date and time of access.</li>\n</ul>", "level": 0}, {"value": "<div><b>Health Information</b>. <b>Fanatee</b> may also use health information about users who own Apple devices, such as heart rate, walked distance, among other information, whether automatically collected or voluntarily given by the users. Health Information is not used for commercial purposes, are not shared with third parties and are not stored by <b>Fanatee</b> in its databases.</div>", "level": 0}], [{"value": "<h2>How we use your Personal Information:</h2>", "level": 8}, {"value": "<ul>\n<li>Except for Health Information, we might use your Personal Information to provide, protect, correct and improve our services, including:</li>\n<li>Offer a personalized content to the App users;</li>\n<li>Obtain statistics and metrics on the user profile, improving our services and content as a result of these actions;</li>\n<li>Identify programming errors that might affect the App navigations;</li>\n<li>Manage the user base and the integration with them;</li>\n<li>Send communications and important alerts regarding the operation of the App and the participation of users on the App.</li>\n</ul>", "level": 0}, {"value": "<div>The Personal Information may be used to notify you about relevant information, company news, promotions of products and/or services offered by <b>Fanatee</b> or third parties that we believe might be of your interest, <b>as long as the user has explicitly authorized Fanatee to send such promotional messages.</b></div>", "level": 0}], [{"value": "<h2>Personal Information Sharing</h2>", "level": 8}, {"value": "<div>For the better performance of the services offered by <b>Fanatee</b>, it is indispensable for us to share your Personal Information with partner companies (for example, advertising agencies, database server providers and usability and analytics services) responsible for the processing and analysis of the data that is collected. Health Information will not be shared.</div>", "level": 0}, {"value": "<div>We highlight that these third parties are not authorized to use, share or disclose your Personal Information in any other manner, always acting in compliance with this Privacy Policy and any other security and confidentiality measures adopted.</div>", "level": 0}, {"value": "<div>For legal reasons, we may also share your Personal Information to comply with any legislation, regulation, judicial order or any applicable government request.</div>", "level": 0}], [{"value": "<h2>Personal Information Protection</h2>", "level": 8}, {"value": "<div>All the Personal Information provided by the users to <b>Fanatee</b> in the registration process or in any other moment of your navigation in the App will be treated as confidential and are subject to safety and confidentiality measures to avoid the access, use and non authorized disclosure.</div>", "level": 0}, {"value": "<div><b>Fanatee</b> will not ask for Personal Information by email, specially information related to passwords. <b>Fanatee</b> is not responsible for any fraudulent electronic communication that might collect personal information of the users (phishing).</div>", "level": 0}, {"value": "<div>You acknowledge and agree that it is your full responsibility to maintain your computer and mobile device environment safe, with the use of the available tools such as anti virus and firewalls, among others in order to prevent electronic risks and also use updated and efficient software to access the App.</div>", "level": 0}], [{"value": "<h2>SPAM</h2>", "level": 8}, {"value": "<div><b>Fanatee</b> will not send you, in any matter, undesired messages (\"Spam\") by email, sending e-mails only to those that expressively authorize us to send advertising messages.</div>", "level": 0}], [{"value": "<h2>Your Rights</h2>", "level": 8}, {"value": "<div>You may, at any moment, set your browser to block or refuse cookies and other anonymous identifiers, changing the preferences of your browser or using anonymous browsing mode such as anonymous and private.</div>", "level": 0}], [{"value": "<h2>Applications and Third Party Apps</h2>", "level": 8}, {"value": "<div>In several parts of the App, you may be redirected to applications and sites from third parties, in which may be necessary to inform them, Personal Information. In such cases, the use, storage and protection of this Personal Information is exclusive and full responsibility of owners of these applications and sites.</div>", "level": 0}, {"value": "<div><b>Fanatee</b> does not endorse, warrants or has any connection with the owners of these applications and sites, not being responsible for its content or for its policies and privacy procedures.</div>", "level": 0}], [{"value": "<h2>Other Provisions</h2>", "level": 8}, {"value": "<div><b>Fanatee</b> reserves the right to change the Privacy Policy from time to time, informing the users previously and always observing the legislation. In the event of significant changes that may reduce or exclude rights of users, <b>Fanatee</b> will previously send a communication by e-mail to all users, indicating the date on which such amendment will become effective.</div>", "level": 0}, {"value": "<div>If you have any doubts, comments or suggestions regarding the Privacy Policy please don\u00e2\u0080\u0099t hesitate to contact us, via email <a href=\"mailto:hello@fanatee.com\" target=\"_top\">hello@fanatee.com</a>.</div>", "level": 0}]]