[[{"value": "<h3 class=\"title\">\nCari Blog Ini\n</h3>", "level": 7}], [{"value": "<h1>\n<a href=\"https://xgafstudio.blogspot.com/\">\nx-gaf studio\n</a>\n</h1>", "level": 9}, {"value": "<div class=\"post\">\n\n<a name=\"1127462562316970005\"></a>\n<div class=\"post-share-buttons post-share-buttons-top\">\n<div class=\"byline post-share-buttons goog-inline-block\">\n<div aria-owns=\"sharing-popup-Blog1-byline-1127462562316970005\" class=\"sharing\" data-title=\"\">\n<button aria-controls=\"sharing-popup-Blog1-byline-1127462562316970005\" aria-label=\"Berbagi\" class=\"sharing-button touch-icon-button\" id=\"sharing-button-Blog1-byline-1127462562316970005\" role=\"button\">\n<div class=\"flat-icon-button ripple\">\n<svg class=\"svg-icon-24\">\n<use xlink:href=\"/responsive/sprite_v1_6.css.svg#ic_share_black_24dp\" xmlns:xlink=\"http://www.w3.org/1999/xlink\"></use>\n</svg>\n</div>\n</button>\n<div class=\"share-buttons-container\">\n<ul aria-hidden=\"true\" aria-label=\"Berbagi\" class=\"share-buttons hidden\" id=\"sharing-popup-Blog1-byline-1127462562316970005\" role=\"menu\">\n<li>\n<span aria-label=\"Dapatkan link\" class=\"sharing-platform-button sharing-element-link\" data-href=\"https://www.blogger.com/share-post.g?blogID=1736177989054026621&amp;pageID=1127462562316970005&amp;target=\" data-url=\"https://xgafstudio.blogspot.com/p/x-gaf-studio-privacy-policy-kaluku.html\" role=\"menuitem\" tabindex=\"-1\" title=\"Dapatkan link\">\n<svg class=\"svg-icon-24 touch-icon sharing-link\">\n<use xlink:href=\"/responsive/sprite_v1_6.css.svg#ic_24_link_dark\" xmlns:xlink=\"http://www.w3.org/1999/xlink\"></use>\n</svg>\n<span class=\"platform-sharing-text\">Dapatkan link</span>\n</span>\n</li>\n<li>\n<span aria-label=\"Bagikan ke Facebook\" class=\"sharing-platform-button sharing-element-facebook\" data-href=\"https://www.blogger.com/share-post.g?blogID=1736177989054026621&amp;pageID=1127462562316970005&amp;target=facebook\" data-url=\"https://xgafstudio.blogspot.com/p/x-gaf-studio-privacy-policy-kaluku.html\" role=\"menuitem\" tabindex=\"-1\" title=\"Bagikan ke Facebook\">\n<svg class=\"svg-icon-24 touch-icon sharing-facebook\">\n<use xlink:href=\"/responsive/sprite_v1_6.css.svg#ic_24_facebook_dark\" xmlns:xlink=\"http://www.w3.org/1999/xlink\"></use>\n</svg>\n<span class=\"platform-sharing-text\">Facebook</span>\n</span>\n</li>\n<li>\n<span aria-label=\"Bagikan ke Twitter\" class=\"sharing-platform-button sharing-element-twitter\" data-href=\"https://www.blogger.com/share-post.g?blogID=1736177989054026621&amp;pageID=1127462562316970005&amp;target=twitter\" data-url=\"https://xgafstudio.blogspot.com/p/x-gaf-studio-privacy-policy-kaluku.html\" role=\"menuitem\" tabindex=\"-1\" title=\"Bagikan ke Twitter\">\n<svg class=\"svg-icon-24 touch-icon sharing-twitter\">\n<use xlink:href=\"/responsive/sprite_v1_6.css.svg#ic_24_twitter_dark\" xmlns:xlink=\"http://www.w3.org/1999/xlink\"></use>\n</svg>\n<span class=\"platform-sharing-text\">Twitter</span>\n</span>\n</li>\n<li>\n<span aria-label=\"Bagikan ke Pinterest\" class=\"sharing-platform-button sharing-element-pinterest\" data-href=\"https://www.blogger.com/share-post.g?blogID=1736177989054026621&amp;pageID=1127462562316970005&amp;target=pinterest\" data-url=\"https://xgafstudio.blogspot.com/p/x-gaf-studio-privacy-policy-kaluku.html\" role=\"menuitem\" tabindex=\"-1\" title=\"Bagikan ke Pinterest\">\n<svg class=\"svg-icon-24 touch-icon sharing-pinterest\">\n<use xlink:href=\"/responsive/sprite_v1_6.css.svg#ic_24_pinterest_dark\" xmlns:xlink=\"http://www.w3.org/1999/xlink\"></use>\n</svg>\n<span class=\"platform-sharing-text\">Pinterest</span>\n</span>\n</li>\n<li>\n<span aria-label=\"Bagikan ke Google+\" class=\"sharing-platform-button sharing-element-googlePlus\" data-href=\"https://www.blogger.com/share-post.g?blogID=1736177989054026621&amp;pageID=1127462562316970005&amp;target=googleplus\" data-url=\"https://xgafstudio.blogspot.com/p/x-gaf-studio-privacy-policy-kaluku.html\" role=\"menuitem\" tabindex=\"-1\" title=\"Bagikan ke Google+\">\n<svg class=\"svg-icon-24 touch-icon sharing-googlePlus\">\n<use xlink:href=\"/responsive/sprite_v1_6.css.svg#ic_24_googlePlus_dark\" xmlns:xlink=\"http://www.w3.org/1999/xlink\"></use>\n</svg>\n<span class=\"platform-sharing-text\">Google+</span>\n</span>\n</li>\n<li>\n<span aria-label=\"Email\" class=\"sharing-platform-button sharing-element-email\" data-href=\"https://www.blogger.com/share-post.g?blogID=1736177989054026621&amp;pageID=1127462562316970005&amp;target=email\" data-url=\"https://xgafstudio.blogspot.com/p/x-gaf-studio-privacy-policy-kaluku.html\" role=\"menuitem\" tabindex=\"-1\" title=\"Email\">\n<svg class=\"svg-icon-24 touch-icon sharing-email\">\n<use xlink:href=\"/responsive/sprite_v1_6.css.svg#ic_24_email_dark\" xmlns:xlink=\"http://www.w3.org/1999/xlink\"></use>\n</svg>\n<span class=\"platform-sharing-text\">Email</span>\n</span>\n</li>\n<li aria-hidden=\"true\" class=\"hidden\">\n<span aria-label=\"Bagikan ke aplikasi lainnya\" class=\"sharing-platform-button sharing-element-other\" data-url=\"https://xgafstudio.blogspot.com/p/x-gaf-studio-privacy-policy-kaluku.html\" role=\"menuitem\" tabindex=\"-1\" title=\"Bagikan ke aplikasi lainnya\">\n<svg class=\"svg-icon-24 touch-icon sharing-sharingOther\">\n<use xlink:href=\"/responsive/sprite_v1_6.css.svg#ic_more_horiz_black_24dp\" xmlns:xlink=\"http://www.w3.org/1999/xlink\"></use>\n</svg>\n<span class=\"platform-sharing-text\">Aplikasi Lainnya</span>\n</span>\n</li>\n</ul>\n</div>\n</div>\n</div>\n</div>\n<div class=\"post-header\">\n<div class=\"post-header-line-1\">\n</div>\n</div>\n<div class=\"post-body entry-content float-container\" id=\"post-body-1127462562316970005\">\n<div class=\"post-body entry-content\" id=\"post-body-841289858047072814\" itemprop=\"description articleBody\" style=\"background-color: white; color: #222222; font-family: Arial, Tahoma, Helvetica, FreeSans, sans-serif; font-size: 13.2px; line-height: 1.4; position: relative; width: 570px;\">\nX-gaf Studio<br/><br/>Privacy Policy<br/><span style=\"font-size: 13.2px;\">X-gaf</span>\u00a0Studio respects the privacy rights of our online visitors and mobile customers and recognizes the importance of protecting the information collected about you. This privacy policy describes how\u00a0<span style=\"font-size: 13.2px;\">X-gaf</span>\u00a0Studio collects and uses the information you provide. It also describes the choices available to you regarding our use of your personal information and how you can access and update this information.<br/><br/><br/><br/>Children's privacy: personal information is not collected from children.\u00a0<br/><br/><span style=\"font-size: 13.2px;\">X-gaf</span>\u00a0Studiodoes not knowingly collect any personal information from children under 13 years of age. If we were to collect and store personal information from children, we would obtain the consent of a parent or legal guardian before such collection.<br/><br/><br/><br/>Collection and Use<br/><br/>We do not collect, request or access personal information like:<br/><br/>\u00b7\u00a0\u00a0\u00a0\u00a0\u00a0\u00a0 First and last name;<br/><br/>\u00b7\u00a0\u00a0\u00a0\u00a0\u00a0\u00a0 A home or other physical address including street name and name of a city or town;<br/><br/>\u00b7\u00a0\u00a0\u00a0\u00a0\u00a0\u00a0 Online contact information;<br/><br/>\u00b7\u00a0\u00a0\u00a0\u00a0\u00a0\u00a0 A screen or user name that functions as online contact information;<br/><br/>\u00b7\u00a0\u00a0\u00a0\u00a0\u00a0\u00a0 A telephone number;<br/><br/>\u00b7\u00a0\u00a0\u00a0\u00a0\u00a0\u00a0 A social security number;<br/><br/>\u00b7\u00a0\u00a0\u00a0\u00a0\u00a0\u00a0 A photograph, video, or audio file, where such file contains a child\u2019s image or voice;<br/><br/>\u00b7\u00a0\u00a0\u00a0\u00a0\u00a0\u00a0 Geo-location information sufficient to identify street name and name of a city or town;<br/><br/><br/><br/>We or third parties contracted by us may collect the following information:<br/><br/>\u00b7\u00a0\u00a0\u00a0\u00a0\u00a0\u00a0 Your Internet Protocol Address or device identifier<br/><br/>\u00b7\u00a0\u00a0\u00a0\u00a0\u00a0\u00a0 Information about your Device, your IP address, browser type, and operating system.<br/><br/>\u00b7\u00a0\u00a0\u00a0\u00a0\u00a0\u00a0 Other statistical and usage data (as further explained below)<br/><br/><br/><br/>We use this information to use as support for the internal operations of the app or online service. Internal operations may include:<br/><br/>\u00b7\u00a0\u00a0\u00a0\u00a0\u00a0\u00a0 activities necessary for our app or service to maintain, analyze or improve its functioning;<br/><br/>\u00b7\u00a0\u00a0\u00a0\u00a0\u00a0\u00a0 perform network communications;<br/><br/>\u00b7\u00a0\u00a0\u00a0\u00a0\u00a0\u00a0 authenticate users or personalize content;<br/><br/>\u00b7\u00a0\u00a0\u00a0\u00a0\u00a0\u00a0 serve contextual advertising or cap the frequency of advertising;<br/><br/>\u00b7\u00a0\u00a0\u00a0\u00a0\u00a0\u00a0 protect the security or integrity of the user, app, or online service;<br/><br/>\u00b7\u00a0\u00a0\u00a0\u00a0\u00a0\u00a0 ensure legal or regulatory compliance<br/><br/><br/><br/><br/>Sharing Your Information<br/><br/>We will share your information with third parties only in the ways that are described in this privacy statement.<br/><br/>We may disclose your personal information<br/><br/>\u00b7\u00a0\u00a0\u00a0\u00a0\u00a0\u00a0 as required by law, such as to comply with a subpoena, or similar legal process.<br/><br/>\u00b7\u00a0\u00a0\u00a0\u00a0\u00a0\u00a0 when we believe in good faith that disclosure is necessary to protect our rights, protect your safety or the safety of others,<br/>investigate fraud, or respond to a government request.<br/><br/><br/><br/>if\u00a0<span style=\"font-size: 13.2px;\">X-gaf</span>\u00a0Studio is involved in a merger, acquisition, or sale of all or a portion of its assets, you will be notified via a prominent notice<br/>on our Web site of any change in ownership or uses of your personal information, as well as any choices you may have regarding your personal information.<br/><br/><br/><br/>Statistical and Usage Data:<br/><br/>When you use our apps or services we may retrieve information about your hardware system and how the service is used,<br/>including your Internet Protocol Address or device identifier. We may also collect information about your computer,<br/>hardware, software, platform, media and connection, information about online activity such as feature usage, game play<br/>statistics and scores, user rankings, click paths, and in-app purchases. We use this information to better understand the<br/>behavior and preferences of our customers, so that we can improve our products and services.<br/><br/><br/><br/>In-Game Advertising<br/><br/>Our services may incorporate dynamic advertisement serving technology offered by our Advertising Network Providers (AdProviders), which enables advertising to be temporarily uploaded into the game and replaced while you play. Logged data may include Internet Protocol Address, in game location, length of time an advertisement was visible, size of the advertisements, and angle of view. You or your app may be assigned an ID number, which is stored on your device, and used by Ad Providers to calculate the number of unique and repeat views of dynamic in-game advertising. The ID number is not associated with any personal data and for children-directed games is not used for behavioral advertising purposes. No logged information is used to personally identify you. The servers used by the Ad Providers may be located outside your country of residence.<br/><br/><br/><br/>Third Party Sites<br/><br/>If you click on a link to a third party site, including on an advertisement, an Ad Provider, or other third party service, you will<br/>leave the\u00a0<span style=\"font-size: 13.2px;\">X-gaf</span>\u00a0Studio app you are visiting and go to the site you selected.\u00a0 Because we cannot control the activities of third parties,<br/>we cannot accept responsibility for any use of your personal information by such third parties, and we cannot guarantee that they will<br/>adhere to the same privacy and security practices as\u00a0<span style=\"font-size: 13.2px;\">X-gaf</span>\u00a0Studio. We encourage you to review the privacy policies of these third party<br/>sites from whom you request services. If you visit a third party website that is linked to a\u00a0<span style=\"font-size: 13.2px;\">X-gaf</span>\u00a0Studio website or app, you should<br/>consult that site's privacy policy before providing any personal information.<br/><br/><br/><br/>Security<br/><br/>The security of your personal information is important to us. We follow generally accepted industry standards to protect the personal<br/>information submitted to us, both during transmission and once we receive it. No method of transmission over the Internet, or method<br/>of electronic storage, is 100% secure. Therefore, we cannot guarantee its absolute security.<br/><br/><br/><br/>Notification of Privacy Statement Changes<br/><br/>We may update this privacy statement to reflect changes to our information practices. If we make any material changes we will notify<br/>you by means of a notice on this Site prior to the change becoming effective. We encourage you to periodically review this page for<br/>the latest information on our privacy practices.<br/><br/><br/><br/>Contact<br/><br/>If you have any questions about security on our in our apps or online services or about this privacy statement,<br/>you can email us at : idhamassegaf07@gmail.com<div style=\"clear: both;\">\n</div>\n</div>\n<div class=\"post-footer\" style=\"background-color: #f9f9f9; border-bottom: 1px solid rgb(238, 238, 238); color: #666666; font-family: Arial, Tahoma, Helvetica, FreeSans, sans-serif; font-size: 10.8px; line-height: 1.6; margin: 20px -2px 0px; padding: 5px 10px;\">\n<div class=\"post-footer-line post-footer-line-1\">\n<span class=\"post-author vcard\" style=\"margin-left: 0px; margin-right: 1em;\"></span><span class=\"post-timestamp\" style=\"margin-left: -1em; margin-right: 1em;\"></span><span class=\"reaction-buttons\" style=\"margin-right: 1em;\"></span><span class=\"post-comment-link\" style=\"margin-right: 1em;\"></span><span class=\"post-backlinks post-comment-link\" style=\"margin-right: 1em;\"></span><span class=\"post-icons\" style=\"margin-right: 1em;\"></span><div class=\"post-share-buttons goog-inline-block\" style=\"display: inline-block; margin-right: 0px; margin-top: 0.5em; position: relative; vertical-align: middle;\">\n<a class=\"goog-inline-block share-button sb-email\" href=\"https://www.blogger.com/share-post.g?blogID=6497408172087627791&amp;pageID=841289858047072814&amp;target=email\" style='background: url(\"/img/share_buttons_20_3.png\") 0px 0px no-repeat !important; color: #888888; display: inline-block; height: 20px; margin-left: -1px; overflow: hidden; position: relative; text-decoration-line: none; width: 20px;' target=\"_blank\" title=\"Kirimkan Ini lewat Email\"><span class=\"share-button-link-text\" style=\"display: block; text-indent: -9999px;\">Kirimkan Ini lewat Email</span></a></div>\n</div>\n</div>\n</div>\n<div class=\"post-bottom\">\n<div class=\"post-footer float-container\">\n<div class=\"post-footer-line post-footer-line-1\">\n</div>\n<div class=\"post-footer-line post-footer-line-2\">\n</div>\n<div class=\"post-footer-line post-footer-line-3\">\n</div>\n</div>\n<div class=\"post-share-buttons post-share-buttons-bottom invisible\">\n<div class=\"byline post-share-buttons goog-inline-block\">\n<div aria-owns=\"sharing-popup-Blog1-byline-1127462562316970005\" class=\"sharing\" data-title=\"\">\n<button aria-controls=\"sharing-popup-Blog1-byline-1127462562316970005\" aria-label=\"Berbagi\" class=\"sharing-button touch-icon-button\" id=\"sharing-button-Blog1-byline-1127462562316970005\" role=\"button\">\n<div class=\"flat-icon-button ripple\">\n<svg class=\"svg-icon-24\">\n<use xlink:href=\"/responsive/sprite_v1_6.css.svg#ic_share_black_24dp\" xmlns:xlink=\"http://www.w3.org/1999/xlink\"></use>\n</svg>\n</div>\n</button>\n<div class=\"share-buttons-container\">\n<ul aria-hidden=\"true\" aria-label=\"Berbagi\" class=\"share-buttons hidden\" id=\"sharing-popup-Blog1-byline-1127462562316970005\" role=\"menu\">\n<li>\n<span aria-label=\"Dapatkan link\" class=\"sharing-platform-button sharing-element-link\" data-href=\"https://www.blogger.com/share-post.g?blogID=1736177989054026621&amp;pageID=1127462562316970005&amp;target=\" data-url=\"https://xgafstudio.blogspot.com/p/x-gaf-studio-privacy-policy-kaluku.html\" role=\"menuitem\" tabindex=\"-1\" title=\"Dapatkan link\">\n<svg class=\"svg-icon-24 touch-icon sharing-link\">\n<use xlink:href=\"/responsive/sprite_v1_6.css.svg#ic_24_link_dark\" xmlns:xlink=\"http://www.w3.org/1999/xlink\"></use>\n</svg>\n<span class=\"platform-sharing-text\">Dapatkan link</span>\n</span>\n</li>\n<li>\n<span aria-label=\"Bagikan ke Facebook\" class=\"sharing-platform-button sharing-element-facebook\" data-href=\"https://www.blogger.com/share-post.g?blogID=1736177989054026621&amp;pageID=1127462562316970005&amp;target=facebook\" data-url=\"https://xgafstudio.blogspot.com/p/x-gaf-studio-privacy-policy-kaluku.html\" role=\"menuitem\" tabindex=\"-1\" title=\"Bagikan ke Facebook\">\n<svg class=\"svg-icon-24 touch-icon sharing-facebook\">\n<use xlink:href=\"/responsive/sprite_v1_6.css.svg#ic_24_facebook_dark\" xmlns:xlink=\"http://www.w3.org/1999/xlink\"></use>\n</svg>\n<span class=\"platform-sharing-text\">Facebook</span>\n</span>\n</li>\n<li>\n<span aria-label=\"Bagikan ke Twitter\" class=\"sharing-platform-button sharing-element-twitter\" data-href=\"https://www.blogger.com/share-post.g?blogID=1736177989054026621&amp;pageID=1127462562316970005&amp;target=twitter\" data-url=\"https://xgafstudio.blogspot.com/p/x-gaf-studio-privacy-policy-kaluku.html\" role=\"menuitem\" tabindex=\"-1\" title=\"Bagikan ke Twitter\">\n<svg class=\"svg-icon-24 touch-icon sharing-twitter\">\n<use xlink:href=\"/responsive/sprite_v1_6.css.svg#ic_24_twitter_dark\" xmlns:xlink=\"http://www.w3.org/1999/xlink\"></use>\n</svg>\n<span class=\"platform-sharing-text\">Twitter</span>\n</span>\n</li>\n<li>\n<span aria-label=\"Bagikan ke Pinterest\" class=\"sharing-platform-button sharing-element-pinterest\" data-href=\"https://www.blogger.com/share-post.g?blogID=1736177989054026621&amp;pageID=1127462562316970005&amp;target=pinterest\" data-url=\"https://xgafstudio.blogspot.com/p/x-gaf-studio-privacy-policy-kaluku.html\" role=\"menuitem\" tabindex=\"-1\" title=\"Bagikan ke Pinterest\">\n<svg class=\"svg-icon-24 touch-icon sharing-pinterest\">\n<use xlink:href=\"/responsive/sprite_v1_6.css.svg#ic_24_pinterest_dark\" xmlns:xlink=\"http://www.w3.org/1999/xlink\"></use>\n</svg>\n<span class=\"platform-sharing-text\">Pinterest</span>\n</span>\n</li>\n<li>\n<span aria-label=\"Bagikan ke Google+\" class=\"sharing-platform-button sharing-element-googlePlus\" data-href=\"https://www.blogger.com/share-post.g?blogID=1736177989054026621&amp;pageID=1127462562316970005&amp;target=googleplus\" data-url=\"https://xgafstudio.blogspot.com/p/x-gaf-studio-privacy-policy-kaluku.html\" role=\"menuitem\" tabindex=\"-1\" title=\"Bagikan ke Google+\">\n<svg class=\"svg-icon-24 touch-icon sharing-googlePlus\">\n<use xlink:href=\"/responsive/sprite_v1_6.css.svg#ic_24_googlePlus_dark\" xmlns:xlink=\"http://www.w3.org/1999/xlink\"></use>\n</svg>\n<span class=\"platform-sharing-text\">Google+</span>\n</span>\n</li>\n<li>\n<span aria-label=\"Email\" class=\"sharing-platform-button sharing-element-email\" data-href=\"https://www.blogger.com/share-post.g?blogID=1736177989054026621&amp;pageID=1127462562316970005&amp;target=email\" data-url=\"https://xgafstudio.blogspot.com/p/x-gaf-studio-privacy-policy-kaluku.html\" role=\"menuitem\" tabindex=\"-1\" title=\"Email\">\n<svg class=\"svg-icon-24 touch-icon sharing-email\">\n<use xlink:href=\"/responsive/sprite_v1_6.css.svg#ic_24_email_dark\" xmlns:xlink=\"http://www.w3.org/1999/xlink\"></use>\n</svg>\n<span class=\"platform-sharing-text\">Email</span>\n</span>\n</li>\n<li aria-hidden=\"true\" class=\"hidden\">\n<span aria-label=\"Bagikan ke aplikasi lainnya\" class=\"sharing-platform-button sharing-element-other\" data-url=\"https://xgafstudio.blogspot.com/p/x-gaf-studio-privacy-policy-kaluku.html\" role=\"menuitem\" tabindex=\"-1\" title=\"Bagikan ke aplikasi lainnya\">\n<svg class=\"svg-icon-24 touch-icon sharing-sharingOther\">\n<use xlink:href=\"/responsive/sprite_v1_6.css.svg#ic_more_horiz_black_24dp\" xmlns:xlink=\"http://www.w3.org/1999/xlink\"></use>\n</svg>\n<span class=\"platform-sharing-text\">Aplikasi Lainnya</span>\n</span>\n</li>\n</ul>\n</div>\n</div>\n</div>\n</div>\n</div>\n</div>", "level": 0}], [{"value": "<h3 class=\"title\">Komentar</h3>", "level": 7}, {"value": "<div class=\"comment-form\">\n<a name=\"comment-form\"></a>\n<h4 id=\"comment-post-message\">Posting Komentar</h4>\n<a href=\"https://www.blogger.com/comment-iframe.g?blogID=1736177989054026621&amp;pageID=1127462562316970005&amp;skin=contempo\" id=\"comment-editor-src\"></a>\n<iframe allowtransparency=\"allowtransparency\" class=\"blogger-iframe-colorize blogger-comment-from-post\" frameborder=\"0\" height=\"410px\" id=\"comment-editor\" name=\"comment-editor\" src=\"\" width=\"100%\"></iframe>\n\n\n</div>", "level": 0}], [{"value": "<h4 id=\"comment-post-message\">Posting Komentar</h4>", "level": 6}, {"value": "<footer class=\"footer section\" id=\"footer\" name=\"Footer\"><div class=\"widget Attribution\" data-version=\"2\" id=\"Attribution1\">\n<div class=\"widget-content\">\n<div class=\"blogger\">\n<a href=\"https://www.blogger.com\" rel=\"nofollow\">\n<svg class=\"svg-icon-24\">\n<use xlink:href=\"/responsive/sprite_v1_6.css.svg#ic_post_blogger_black_24dp\" xmlns:xlink=\"http://www.w3.org/1999/xlink\"></use>\n</svg>\nDiberdayakan oleh Blogger\n</a>\n</div>\n<div class=\"image-attribution\">\nGambar tema oleh <a href=\"http://www.offset.com/photos/394244\">Michael Elkan</a>\n</div>\n</div>\n</div></footer>", "level": 0}, {"value": "<div class=\"widget PageList\" data-version=\"2\" id=\"PageList2\">\n<h3 class=\"title\">\nPrivacy Policy\n</h3>\n<div class=\"widget-content\">\n<ul>\n<li class=\"selected\">\n<a href=\"https://xgafstudio.blogspot.com/p/x-gaf-studio-privacy-policy-kaluku.html\">X-gaf Studio\n\nPrivacy Policy\nX-gaf\u00a0Studio respects...</a>\n</li>\n</ul>\n</div>\n</div>", "level": 0}], [{"value": "<h3 class=\"title\">\nPrivacy Policy\n</h3>", "level": 7}, {"value": "<div class=\"widget-content\">\n<ul>\n<li class=\"selected\">\n<a href=\"https://xgafstudio.blogspot.com/p/x-gaf-studio-privacy-policy-kaluku.html\">X-gaf Studio\n\nPrivacy Policy\nX-gaf\u00a0Studio respects...</a>\n</li>\n</ul>\n</div>", "level": 0}, {"value": "<div class=\"widget Profile\" data-version=\"2\" id=\"Profile1\">\n<div class=\"wrapper solo\">\n<div class=\"widget-content individual\">\n<a href=\"https://plus.google.com/108050916672418279402\" rel=\"nofollow\">\n<img alt=\"Foto saya\" class=\"profile-img\" height=\"120\" src=\"//lh3.googleusercontent.com/-aSiieTmdfwY/AAAAAAAAAAI/AAAAAAAAAGw/psXIQUGxx6Q/s120-c-pf/photo.jpg\" width=\"120\"/>\n</a>\n<div class=\"profile-info\">\n<dl class=\"profile-datablock\">\n<dt class=\"profile-data\">\n<a class=\"profile-link g-profile\" href=\"https://plus.google.com/108050916672418279402\" rel=\"author nofollow\">\nIdham Makmur\n</a>\n<div class=\"g-follow\" data-annotation=\"bubble\" data-height=\"20\" data-href=\"https://plus.google.com/108050916672418279402\"></div>\n</dt>\n</dl>\n<a class=\"profile-link visit-profile pill-button\" href=\"https://plus.google.com/108050916672418279402\" rel=\"author\">\nKunjungi profil\n</a>\n</div>\n</div>\n</div>\n</div>", "level": 0}, {"value": "<div class=\"widget ReportAbuse\" data-version=\"2\" id=\"ReportAbuse1\">\n<h3 class=\"title\">\n<a class=\"report_abuse\" href=\"https://www.blogger.com/go/report-abuse\" rel=\"noopener nofollow\" target=\"_blank\">\nLaporkan Penyalahgunaan\n</a>\n</h3>\n</div>", "level": 0}], [{"value": "<h3 class=\"title\">\n<a class=\"report_abuse\" href=\"https://www.blogger.com/go/report-abuse\" rel=\"noopener nofollow\" target=\"_blank\">\nLaporkan Penyalahgunaan\n</a>\n</h3>", "level": 7}]]