[[{"value": "<h2>Privacy Policy</h2>", "level": 8}, {"value": "<strong>Bmapps Company brings \u00a0amazing experiences and stories to our guests through \u00a0applications created to entertain and connect different users from different areas around the world.</strong>", "level": 0}, {"value": "<p><strong>We try to offer the best applications for our users, on different platforms and devices, in accordance with our users preferences.</strong></p>", "level": 0}, {"value": "<p><strong>Our Privacy Policy is designed to respect the user personal information. Through our work, methods and practices, we provide transparency so our guests or users can navigate safely and understand exactly what we offer and what personal information we expect from them.\u00a0</strong></p>", "level": 0}], [{"value": "<p><strong>PRIVACY POLICY</strong></p>", "level": 1}, {"value": "<p><strong>The purpose of our Privacy Policy is to explain that we protect the user\u00e2\u0080\u0099s personal \u00a0information. This policy describes the treatment of information provided or collected on applications we make available on third-party platforms if disclosed to you in connection with use of the application.</strong></p>", "level": 0}], [{"value": "<p><strong>1) User\u00e2\u0080\u0099s consent</strong></p>", "level": 1}], [{"value": "<p><strong>This first step is important! Please read carefully!</strong></p>", "level": 1}, {"value": "<p><strong>By accessing and/or using our applications you agree to the terms and conditions set forth in this privacy policy. Therefore you agree with the possible collection and processing of your information.</strong></p>", "level": 0}, {"value": "<p><strong>If you disagree to any term provided by Bmapps Privacy Policy ,you may not access or use the application.</strong></p>", "level": 0}], [{"value": "<p><strong>2)Types of Information Collected by Bmapps</strong></p>", "level": 1}, {"value": "<p><strong>Bmapps collects different types of information, such as personal information, non personal \u00a0information or aggregate information ( contains both personal and non personal information).</strong></p>", "level": 0}, {"value": "<p><strong>The type of information collected by Bmapps follows here:\u00a0</strong></p>", "level": 0}, {"value": "<p><strong>Registration information: provided when \u00a0you want to create an account (first name and surname, email address, username and password,etc)</strong></p>", "level": 0}, {"value": "<p><strong>Transaction information ( you provide this type of information when you want to purchase a product or additional benefits through our applications)</strong></p>", "level": 0}, {"value": "<p><strong>Some information may be also collected by Bmapps through party services such as advertising networks, push notification services or others ( Third Parties) and stored on such third parties\u00e2\u0080\u0099 servers.</strong></p>", "level": 0}, {"value": "<p><strong>The information stored is non personal information and may include the following:</strong></p>", "level": 0}], [{"value": "<p><strong>Type of operation system</strong></p>", "level": 1}], [{"value": "<p><strong>Language</strong></p>", "level": 1}, {"value": "<p><strong>A general location of the user, no city name or street name is collected</strong></p>", "level": 0}], [{"value": "<p><strong>The type of devices used</strong></p>", "level": 1}, {"value": "<p><strong>\u00a0Type of browser and screen resolution</strong></p>", "level": 0}, {"value": "<p><strong>The non personal information is used \u00a0by third parties only for strict purposes( only \u00a0for the analyzing of our applications, in order to provide you best functionalities).</strong></p>", "level": 0}, {"value": "<p><strong>Information sent through our message, chat, post or similar functionality, where we are permitted by law to collect this information</strong></p>", "level": 0}, {"value": "<p><strong>Information you provide to us when you use applications,or link your profile on a third-party site or platform with your registration account</strong></p>", "level": 0}, {"value": "<p><strong>IP address, when you use our applications on third-party sites or platforms or open emails that are sent by Bmapps</strong></p>", "level": 0}, {"value": "<p><strong>3. How is your information collected?</strong></p>", "level": 0}, {"value": "<p><strong>We gather information you provide to \u00a0us when you want to use our applications, products, or additional benefits,or when you want to find out more information about our applications or about our company. We also collect information when you register with us or when you respond to customer surveys.</strong></p>", "level": 0}, {"value": "<p><strong>It is important to know and keep in mind that when you provide informations to us through a third-party, via our applications, the information you provide may be gathered also by the third-party platform.The information collected by Bmapps is covered by this Privacy Policy, but the information gathered by \u00a0third-party platform is covered by third-party Privacy Policy and practices.</strong></p>", "level": 0}, {"value": "<p><strong>Your information is collected also \u00a0through technology, such as cookies. When a user access our applications we may use cookies which store certain information on our Local Storage and which will allow us to enable automatic activation of certain features and make your app experience more convenient and effortless.</strong></p>", "level": 0}, {"value": "<p><strong>Most Platforms allows you to erase cookies or block acceptance of them. Cookies are designed per session and do not gather any information about you, only than your session key. The cookies are removed when your session ends.</strong></p>", "level": 0}, {"value": "<p><strong>4.The \u00a0Use of Your Information by Bmapps</strong></p>", "level": 0}, {"value": "<p><strong>Bmapps will be the data controller for your information. The use of your information wil be only for the following purposes:</strong></p>", "level": 0}, {"value": "<p><strong>Provide you with products, services and additional bennefits you desire and request</strong></p>", "level": 0}, {"value": "<p><strong>When we need to communicate with you on different matters such as: problems with your account, transactions you will want to proceed;</strong></p>", "level": 0}, {"value": "<p><strong>Your information will be used also when we will send you information you request about our applications, or different changes on our Privacy Policy\u00a0</strong></p>", "level": 0}, {"value": "<p><strong>Consistent with local law, we may send you offers and promotions for our applications and third-party products and services,we may also personalize experiences and maybe also content. Consistent with local law we can provide you with advertising based o your activity on our applications.</strong></p>", "level": 0}, {"value": "<p><strong>We may use your information to optimize or improve our products, services and operations, or to detect, investigate and prevent activities that may violate our policies or be illegal</strong></p>", "level": 0}, {"value": "<p><strong>5. Sharing Your Information with Other Companies</strong></p>", "level": 0}, {"value": "<p><strong>We will not share your personal information outside \u00a0Bmapps Company, except when you allow us to share your personal information with other companies carefully selected, so you may benefit their offers and promotions about their products and services.\u00a0</strong></p>", "level": 0}, {"value": "<p><strong>Please take in consieration that once we share your personal information with your approval, with another company, the information received by the other company becomes subject to the other company\u00e2\u0080\u0099s privacy practices. Your personal information will be also used by companies that perform services on our behalf ( for example delivery and customer service); these companies are not allowed to use your personal information in other purposes, other those requested by Bmapps or required by law.</strong></p>", "level": 0}, {"value": "<p><strong>When companies perform services on our behalf, like package delivery and customer service; however, these companies are prohibited from using your personal information for purposes other than those requested by us or required by law</strong></p>", "level": 0}, {"value": "<p><strong>6. User Controls and Choices</strong></p>", "level": 0}, {"value": "<p><strong>\u00a0You have the ability to exercise different controls and choices regarding our collection, use and sharing of your information, such as:</strong></p>", "level": 0}, {"value": "<p><strong>You may correct, update and delete your registration account and also change your choices for subscriptions, newsletters and alerts</strong></p>", "level": 0}, {"value": "<p><strong>You may choose if you still want to receive offers and promotions from us, for our products and services, or you want to stop this process</strong></p>", "level": 0}, {"value": "<strong> &lt;</strong>", "level": 0}, {"value": "<p><strong>You can choose if you want us to share your personal information with other companies with the purpose of receving offers and promotions</strong></p>", "level": 0}, {"value": "<p><strong>7. The Privacy of your Children</strong></p>", "level": 0}, {"value": "<p><strong>We need to provide protection for the personal information we may collect from children through our applications. There are features on our applications that are not available for use by children, and we do not collect personal information in connection with those features.</strong></p>", "level": 0}, {"value": "<p><strong>When we desire to collect personal information from children, we take additional steps to protect children\u00e2\u0080\u0099s privacy, such as notifying parents or legal guardians about our information practices regarding to children, or obtaining consent from parents for the collection of personal information from their children (in accordance with the law).</strong></p>", "level": 0}, {"value": "<p><strong>Another important step in protecting the children personal information is to give parents or legal guardians the chance to request access to personal information we have collected from their children and change it or even erase it, if it considered necessary.</strong></p>", "level": 0}, {"value": "<p><strong>8. Security</strong></p>", "level": 0}, {"value": "<p><strong>We take great care in maintaining the security, integrity and confidentiality of your information. We try to prevent unauthorised access, disclosure use or modification of your personal information through industry standard technologies and internal procedures.</strong></p>", "level": 0}, {"value": "<p><strong>Although we take all the protection measures, we can not guarantee that unauthorized access will never occur.</strong></p>", "level": 0}, {"value": "<p><strong>9. Changes to this Privacy Policy</strong></p>", "level": 0}, {"value": "<p><strong>The terms of this Privacy Policy will govern the use of applications and any information collected therein.\u00a0</strong></p>", "level": 0}, {"value": "<p>If there will be some changes to this privacy policy, to acommodate new technologies, industry practices, regulatory requirements or for other purposes, we will provide notice to you .</p>", "level": 0}, {"value": "<div id=\"footer\">\n<div class=\"container text-center\">\n<div class=\"fnav\">\n<p>Copyright \u00a9 2016 Bmapps</p>\n</div>\n</div>\n</div>", "level": 0}]]