[[{"value": "<h1 class=\"entry-title\" itemprop=\"name\">\n\t\tPrivacy Policy\t</h1>", "level": 9}, {"value": "<strong>What personal information do we collect from the people that visit our blog, website or app?</strong>", "level": 0}, {"value": "<div class=\"innerText\">When ordering or registering on our site, as appropriate, you may be asked to enter your name, email address or other details to help you with your experience.</div>", "level": 0}], [{"value": "<div class=\"grayText\"><strong>When do we collect information?</strong></div>", "level": 1}, {"value": "<div class=\"innerText\">We collect information from you when you register on our site or enter information on our site.</div>", "level": 0}, {"value": "<p>Using the app <span id=\"infoUs\"></span></p>", "level": 0}], [{"value": "<div class=\"grayText\"><strong>How do we use your information?</strong></div>", "level": 1}, {"value": "<div class=\"innerText\">\n<p>We may use the information we collect from you when you register, make a purchase, sign up for our newsletter, respond to a survey or marketing communication, surf the website, or use certain other site features in the following ways:</p>\n</div>", "level": 0}, {"value": "<div class=\"innerText\">\u00c2\u00a0\u00c2\u00a0\u00c2\u00a0\u00c2\u00a0\u00c2\u00a0 <strong>\u00e2\u0080\u00a2</strong> To personalize your experience and to allow us to deliver the type of content and product offerings in which you are most interested.</div>", "level": 0}, {"value": "<div class=\"innerText\">\u00c2\u00a0\u00c2\u00a0\u00c2\u00a0\u00c2\u00a0\u00c2\u00a0 <strong>\u00e2\u0080\u00a2</strong> To administer a contest, promotion, survey or other site feature.</div>", "level": 0}, {"value": "<div class=\"innerText\">\u00c2\u00a0\u00c2\u00a0\u00c2\u00a0\u00c2\u00a0\u00c2\u00a0 <strong>\u00e2\u0080\u00a2</strong> To ask for ratings and reviews of services or products</div>", "level": 0}], [{"value": "<div class=\"grayText\"><strong>How do we protect your information?</strong></div>", "level": 1}, {"value": "<div class=\"innerText\">We do not use vulnerability scanning and/or scanning to PCI standards.</div>", "level": 0}, {"value": "<div class=\"innerText\">We only provide articles and information. We never ask for credit card numbers.</div>", "level": 0}, {"value": "<div class=\"innerText\">\n<p>We do not use Malware Scanning.</p>\n</div>", "level": 0}, {"value": "<div class=\"innerText\">We do not use an SSL certificate</div>", "level": 0}, {"value": "<div class=\"innerText\">\u00c2\u00a0\u00c2\u00a0\u00c2\u00a0\u00c2\u00a0\u00c2\u00a0 <strong>\u00e2\u0080\u00a2</strong> We only provide articles and information. We never ask for personal or private information like names, email addresses, or credit card numbers.</div>", "level": 0}], [{"value": "<div class=\"grayText\"><strong>Do we use \u2018cookies\u2019?</strong></div>", "level": 1}, {"value": "<div class=\"innerText\">Yes. Cookies are small files that a site or its service provider transfers to your computer\u2019s hard drive through your Web browser (if you allow) that enables the site\u2019s or service provider\u2019s systems to recognize your browser and capture and remember certain information. For instance, we use cookies to help us remember and process the items in your shopping cart. They are also used to help us understand your preferences based on previous or current site activity, which enables us to provide you with improved services. We also use cookies to help us compile aggregate data about site traffic and site interaction so that we can offer better site experiences and tools in the future.</div>", "level": 0}], [{"value": "<div class=\"innerText\"><strong>We use cookies to:</strong></div>", "level": 1}, {"value": "<div class=\"innerText\">\u00c2\u00a0\u00c2\u00a0\u00c2\u00a0\u00c2\u00a0\u00c2\u00a0 <strong>\u00e2\u0080\u00a2</strong> Help remember and process the items in the shopping cart.</div>", "level": 0}, {"value": "<div class=\"innerText\">\u00c2\u00a0\u00c2\u00a0\u00c2\u00a0\u00c2\u00a0\u00c2\u00a0 <strong>\u00e2\u0080\u00a2</strong> Understand and save user\u2019s preferences for future visits.</div>", "level": 0}, {"value": "<div class=\"innerText\">\u00c2\u00a0\u00c2\u00a0\u00c2\u00a0\u00c2\u00a0\u00c2\u00a0 <strong>\u00e2\u0080\u00a2</strong> Keep track of advertisements.</div>", "level": 0}, {"value": "<div class=\"innerText\">\u00c2\u00a0\u00c2\u00a0\u00c2\u00a0\u00c2\u00a0\u00c2\u00a0 <strong>\u00e2\u0080\u00a2</strong> Compile aggregate data about site traffic and site interactions in order to offer better site experiences and tools in the future. We may also use trusted third-party services that track this information on our behalf.</div>", "level": 0}, {"value": "<div class=\"innerText\">You can choose to have your computer warn you each time a cookie is being sent, or you can choose to turn off all cookies. You do this through your browser settings. Since browser is a little different, look at your browser\u2019s Help Menu to learn the correct way to modify your cookies.</div>", "level": 0}, {"value": "<div class=\"innerText\">If you turn cookies off, some features will be disabled. It won\u2019t affect the user\u2019s experience that make your site experience more efficient and may not function properly.</div>", "level": 0}, {"value": "<div class=\"innerText\">However, you will still be able to place orders .</div>", "level": 0}], [{"value": "<div class=\"grayText\"><strong>Third-party disclosure</strong></div>", "level": 1}, {"value": "<div class=\"innerText\">\n<p>We do not sell, trade, or otherwise transfer to outside parties your Personally Identifiable Information unless we provide users with advance notice. This does not include website hosting partners and other parties who assist us in operating our website, conducting our business, or serving our users, so long as those parties agree to keep this information confidential. We may also release information when it\u2019s release is appropriate to comply with the law, enforce our site policies, or protect ours or others\u2019 rights, property or safety.</p>\n<p>However, non-personally identifiable visitor information may be provided to other parties for marketing, advertising, or other uses.</p>\n</div>", "level": 0}], [{"value": "<div class=\"grayText\"><strong>Third-party links</strong></div>", "level": 1}, {"value": "<div class=\"innerText\">Occasionally, at our discretion, we may include or offer third-party products or services on our website. These third-party sites have separate and independent privacy policies. We therefore have no responsibility or liability for the content and activities of these linked sites. Nonetheless, we seek to protect the integrity of our site and welcome any feedback about these sites.</div>", "level": 0}], [{"value": "<div class=\"blueText\"><strong>Google</strong></div>", "level": 1}, {"value": "<div class=\"innerText\">\n<p>Google\u2019s advertising requirements can be summed up by Google\u2019s Advertising Principles. They are put in place to provide a positive experience for users. https://support.google.com/adwordspolicy/answer/1316548?hl=en</p>\n</div>", "level": 0}, {"value": "<div class=\"innerText\">We use Google AdSense Advertising on our website.</div>", "level": 0}, {"value": "<div class=\"innerText\">Google, as a third-party vendor, uses cookies to serve ads on our site. Google\u2019s use of the DART cookie enables it to serve ads to our users based on previous visits to our site and other sites on the Internet. Users may opt-out of the use of the DART cookie by visiting the Google Ad and Content Network privacy policy.</div>", "level": 0}], [{"value": "<div class=\"innerText\"><strong>We have implemented the following:</strong></div>", "level": 1}, {"value": "<div class=\"innerText\">\u00c2\u00a0\u00c2\u00a0\u00c2\u00a0\u00c2\u00a0\u00c2\u00a0 <strong>\u00e2\u0080\u00a2</strong> Remarketing with Google AdSense</div>", "level": 0}, {"value": "<div class=\"innerText\">\u00c2\u00a0\u00c2\u00a0\u00c2\u00a0\u00c2\u00a0\u00c2\u00a0 <strong>\u00e2\u0080\u00a2</strong> Google Display Network Impression Reporting</div>", "level": 0}, {"value": "<div class=\"innerText\">\u00c2\u00a0\u00c2\u00a0\u00c2\u00a0\u00c2\u00a0\u00c2\u00a0 <strong>\u00e2\u0080\u00a2</strong> Demographics and Interests Reporting</div>", "level": 0}, {"value": "<div class=\"innerText\">We, along with third-party vendors such as Google use first-party cookies (such as the Google Analytics cookies) and third-party cookies (such as the DoubleClick cookie) or other third-party identifiers together to compile data regarding user interactions with ad impressions and other ad service functions as they relate to our website.</div>", "level": 0}, {"value": "<div class=\"innerText\"><strong>Opting out:<strong><br/>\nUsers can set preferences for how Google advertises to you using the Google Ad Settings page. Alternatively, you can opt out by visiting the Network Advertising Initiative Opt Out page or by using the Google Analytics Opt Out Browser add on.</strong></strong></div>", "level": 0}], [{"value": "<div class=\"blueText\"><strong>California Online Privacy Protection Act</strong></div>", "level": 1}, {"value": "<div class=\"innerText\">CalOPPA is the first state law in the nation to require commercial websites and online services to post a privacy policy. The law\u2019s reach stretches well beyond California to require any person or company in the United States (and conceivably the world) that operates websites collecting Personally Identifiable Information from California consumers to post a conspicuous privacy policy on its website stating exactly the information being collected and those individuals or companies with whom it is being shared. \u2013 See more at: http://consumercal.org/california-online-privacy-protection-act-caloppa/#sthash.0FdRbT51.dpuf</div>", "level": 0}], [{"value": "<div class=\"innerText\"><strong>According to CalOPPA, we agree to the following:</strong></div>", "level": 1}, {"value": "<div class=\"innerText\">Users can visit our site anonymously.</div>", "level": 0}, {"value": "<div class=\"innerText\">Once this privacy policy is created, we will add a link to it on our home page or as a minimum, on the first significant page after entering our website.</div>", "level": 0}, {"value": "<div class=\"innerText\">Our Privacy Policy link includes the word \u2018Privacy\u2019 and can easily be found on the page specified above.</div>", "level": 0}, {"value": "<div class=\"innerText\">You will be notified of any Privacy Policy changes:</div>", "level": 0}, {"value": "<div class=\"innerText\">\u00c2\u00a0\u00c2\u00a0\u00c2\u00a0\u00c2\u00a0\u00c2\u00a0 <strong>\u00e2\u0080\u00a2</strong> On our Privacy Policy Page</div>", "level": 0}, {"value": "<div class=\"innerText\">Can change your personal information:</div>", "level": 0}, {"value": "<div class=\"innerText\">\u00c2\u00a0\u00c2\u00a0\u00c2\u00a0\u00c2\u00a0\u00c2\u00a0 <strong>\u00e2\u0080\u00a2</strong> By emailing us</div>", "level": 0}, {"value": "<div class=\"innerText\">\u00c2\u00a0\u00c2\u00a0\u00c2\u00a0\u00c2\u00a0\u00c2\u00a0 <strong>\u00e2\u0080\u00a2</strong> By calling us</div>", "level": 0}, {"value": "<div class=\"innerText\">\u00c2\u00a0\u00c2\u00a0\u00c2\u00a0\u00c2\u00a0\u00c2\u00a0 <strong>\u00e2\u0080\u00a2</strong> By logging in to your account</div>", "level": 0}, {"value": "<div class=\"innerText\">\u00c2\u00a0\u00c2\u00a0\u00c2\u00a0\u00c2\u00a0\u00c2\u00a0 <strong>\u00e2\u0080\u00a2</strong> By chatting with us or by sending us a support ticket</div>", "level": 0}], [{"value": "<div class=\"innerText\"><strong>How does our site handle Do Not Track signals?</strong></div>", "level": 1}, {"value": "<div class=\"innerText\">We honor Do Not Track signals and Do Not Track, plant cookies, or use advertising when a Do Not Track (DNT) browser mechanism is in place.</div>", "level": 0}], [{"value": "<div class=\"innerText\"><strong>Does our site allow third-party behavioral tracking?</strong></div>", "level": 1}, {"value": "<div class=\"innerText\">It\u2019s also important to note that we allow third-party behavioral tracking</div>", "level": 0}], [{"value": "<div class=\"blueText\"><strong>COPPA (Children Online Privacy Protection Act)</strong></div>", "level": 1}, {"value": "<div class=\"innerText\">\n<p>When it comes to the collection of personal information from children under the age of 13 years old, the Children\u2019s Online Privacy Protection Act (COPPA) puts parents in control. The Federal Trade Commission, United States\u2019 consumer protection agency, enforces the COPPA Rule, which spells out what operators of websites and online services must do to protect children\u2019s privacy and safety online.</p>\n</div>", "level": 0}, {"value": "<div class=\"innerText\">\n<p>We market to</p>\n<div class=\"innerText\">We do not collect information from children under 13</div>\n<p>children under 13.</p>\n</div>", "level": 0}, {"value": "<div class=\"innerText\">No</div>", "level": 0}, {"value": "<div class=\"innerText\"><strong>In order to remove your child\u2019s information please contact the following personnel:</strong></div>", "level": 0}], [{"value": "<div class=\"innerText\"><strong>We adhere to the following COPPA tenants:</strong></div>", "level": 1}, {"value": "<div class=\"innerText\">\u00c2\u00a0\u00c2\u00a0\u00c2\u00a0\u00c2\u00a0\u00c2\u00a0 <strong>\u00e2\u0080\u00a2</strong> Parents can review, delete, manage or refuse with whom their child\u2019s information is shared through contacting us directly.</div>", "level": 0}, {"value": "<p><strong><strong>or contacting us directly.</strong></strong></p>", "level": 0}], [{"value": "<div class=\"blueText\"><strong>Fair Information Practices</strong></div>", "level": 1}, {"value": "<p><strong><strong>\u00c2\u00a0</strong></strong></p>", "level": 0}, {"value": "<div class=\"innerText\">\n<p>The Fair Information Practices Principles form the backbone of privacy law in the United States and the concepts they include have played a significant role in the development of data protection laws around the globe. Understanding the Fair Information Practice Principles and how they should be implemented is critical to comply with the various privacy laws that protect personal information.</p>\n</div>", "level": 0}, {"value": "<div class=\"innerText\"><strong>In order to be in line with Fair Information Practices we will take the following responsive action, should a data breach occur:</strong></div>", "level": 0}, {"value": "<div class=\"innerText\">We will notify you via email</div>", "level": 0}, {"value": "<div class=\"innerText\">\u00c2\u00a0\u00c2\u00a0\u00c2\u00a0\u00c2\u00a0\u00c2\u00a0 <strong>\u00e2\u0080\u00a2</strong> Within 1 business day</div>", "level": 0}, {"value": "<div class=\"innerText\">We also agree to the Individual Redress Principle which requires that individuals have the right to legally pursue enforceable rights against data collectors and processors who fail to adhere to the law. This principle requires not only that individuals have enforceable rights against data users, but also that individuals have recourse to courts or government agencies to investigate and/or prosecute non-compliance by data processors.</div>", "level": 0}], [{"value": "<div class=\"blueText\"><strong>CAN SPAM Act</strong></div>", "level": 1}, {"value": "<p><strong><strong>\u00c2\u00a0</strong></strong></p>", "level": 0}, {"value": "<div class=\"innerText\">\n<p>The CAN-SPAM Act is a law that sets the rules for commercial email, establishes requirements for commercial messages, gives recipients the right to have emails stopped from being sent to them, and spells out tough penalties for violations.</p>\n</div>", "level": 0}], [{"value": "<div class=\"innerText\"><strong>We collect your email address in order to:</strong></div>", "level": 1}, {"value": "<div class=\"innerText\">\u00c2\u00a0\u00c2\u00a0\u00c2\u00a0\u00c2\u00a0\u00c2\u00a0 <strong>\u00e2\u0080\u00a2</strong> Send information, respond to inquiries, and/or other requests or questions</div>", "level": 0}], [{"value": "<div class=\"innerText\"><strong>To be in accordance with CANSPAM, we agree to the following:</strong></div>", "level": 1}, {"value": "<div class=\"innerText\">\u00c2\u00a0\u00c2\u00a0\u00c2\u00a0\u00c2\u00a0\u00c2\u00a0 <strong>\u00e2\u0080\u00a2</strong> Not use false or misleading subjects or email addresses.</div>", "level": 0}, {"value": "<div class=\"innerText\">\u00c2\u00a0\u00c2\u00a0\u00c2\u00a0\u00c2\u00a0\u00c2\u00a0 <strong>\u00e2\u0080\u00a2</strong> Identify the message as an advertisement in some reasonable way.</div>", "level": 0}, {"value": "<div class=\"innerText\">\u00c2\u00a0\u00c2\u00a0\u00c2\u00a0\u00c2\u00a0\u00c2\u00a0 <strong>\u00e2\u0080\u00a2</strong> Include the physical address of our business or site headquarters.</div>", "level": 0}, {"value": "<div class=\"innerText\">\u00c2\u00a0\u00c2\u00a0\u00c2\u00a0\u00c2\u00a0\u00c2\u00a0 <strong>\u00e2\u0080\u00a2</strong> Monitor third-party email marketing services for compliance, if one is used.</div>", "level": 0}, {"value": "<div class=\"innerText\">\u00c2\u00a0\u00c2\u00a0\u00c2\u00a0\u00c2\u00a0\u00c2\u00a0 <strong>\u00e2\u0080\u00a2</strong> Honor opt-out/unsubscribe requests quickly.</div>", "level": 0}, {"value": "<div class=\"innerText\">\u00c2\u00a0\u00c2\u00a0\u00c2\u00a0\u00c2\u00a0\u00c2\u00a0 <strong>\u00e2\u0080\u00a2</strong> Allow users to unsubscribe by using the link at the bottom of each email.</div>", "level": 0}, {"value": "<div class=\"innerText\"><strong><br/>\nIf at any time you would like to unsubscribe from receiving future emails, you can email us at</strong></div>", "level": 0}, {"value": "<div class=\"innerText\">\u00c2\u00a0\u00c2\u00a0\u00c2\u00a0\u00c2\u00a0\u00c2\u00a0 <strong>\u00e2\u0080\u00a2</strong> Follow the instructions at the bottom of each email.</div>", "level": 0}, {"value": "<p><strong><strong>and we will promptly remove you from <strong>ALL</strong> correspondence.<br/>\n<span id=\"ourCon\"></span><br/>\n</strong></strong></p>", "level": 0}, {"value": "<p>This privacy policy is valid for\u00c2\u00a0all purplemangames apps including Scary Maze Game 2, Scary Maze Game 3, Play Scary Maze Game, Giri Giraffe.</p>", "level": 0}], [{"value": "<div class=\"blueText\"><strong>Contacting Us</strong></div>", "level": 1}, {"value": "<p><strong><strong>\u00c2\u00a0</strong></strong></p>", "level": 0}, {"value": "<div class=\"innerText\">\n<p>If there are any questions regarding this privacy policy, you may contact us using the information below.</p>\n</div>", "level": 0}, {"value": "<div class=\"innerText\">http://www.purplemangames.com</div>", "level": 0}, {"value": "<div class=\"innerText\">Amichay Shemesh</div>", "level": 0}, {"value": "<div class=\"innerText\">Israel</div>", "level": 0}, {"value": "<div class=\"innerText\">purplemangames@gmail.com</div>", "level": 0}, {"value": "<div class=\"innerText\">Or via this page:\u00c2\u00a0http://www.purplemangames.com/contact-us/</div>", "level": 0}, {"value": "<div class=\"innerText\">Last Edited on 2017-02-08</div>", "level": 0}, {"value": "<div class=\"widget-inner\"><form action=\"http://www.purplemangames.com/\" class=\"form-search\" method=\"get\" role=\"search\">\n<label class=\"screen-reader-text\">Search for:</label>\n<input class=\"search-query\" name=\"s\" placeholder=\"Search\" type=\"text\" value=\"\"/>\n<button class=\"search-icon\" type=\"submit\"><i class=\"icon-search\"></i></button>\n</form></div>", "level": 0}, {"value": "<div class=\"widget-inner\"> <h3>Recent Posts</h3> <ul>\n<li>\n<a href=\"http://www.purplemangames.com/play-scary-maze-game/\">Play Scary Maze Game</a>\n</li>\n<li>\n<a href=\"http://www.purplemangames.com/giri-giraffe/\">Giri Giraffe</a>\n</li>\n<li>\n<a href=\"http://www.purplemangames.com/welcome-to-purple-man-games/\">Welcome to Purple Man Games :)</a>\n</li>\n<li>\n<a href=\"http://www.purplemangames.com/contact-us/\">contact us</a>\n</li>\n</ul>\n</div>", "level": 0}], [{"value": "<h3>Recent Posts</h3>", "level": 7}, {"value": "<ul>\n<li>\n<a href=\"http://www.purplemangames.com/play-scary-maze-game/\">Play Scary Maze Game</a>\n</li>\n<li>\n<a href=\"http://www.purplemangames.com/giri-giraffe/\">Giri Giraffe</a>\n</li>\n<li>\n<a href=\"http://www.purplemangames.com/welcome-to-purple-man-games/\">Welcome to Purple Man Games :)</a>\n</li>\n<li>\n<a href=\"http://www.purplemangames.com/contact-us/\">contact us</a>\n</li>\n</ul>", "level": 0}, {"value": "<div class=\"widget-inner\"><h3>Recent Comments</h3><ul id=\"recentcomments\"></ul></div>", "level": 0}], [{"value": "<h3>Recent Comments</h3>", "level": 7}, {"value": "<div class=\"widget-inner\"><h3>Archives</h3> <ul>\n<li><a href=\"http://www.purplemangames.com/2017/02/\">February 2017</a></li>\n<li><a href=\"http://www.purplemangames.com/2016/06/\">June 2016</a></li>\n</ul>\n</div>", "level": 0}], [{"value": "<h3>Archives</h3>", "level": 7}, {"value": "<ul>\n<li><a href=\"http://www.purplemangames.com/2017/02/\">February 2017</a></li>\n<li><a href=\"http://www.purplemangames.com/2016/06/\">June 2016</a></li>\n</ul>", "level": 0}, {"value": "<div class=\"widget-inner\"><h3>Categories</h3> <ul>\n<li class=\"cat-item cat-item-1\"><a href=\"http://www.purplemangames.com/category/uncategorized/\">Uncategorized</a>\n</li>\n</ul>\n</div>", "level": 0}], [{"value": "<h3>Categories</h3>", "level": 7}, {"value": "<ul>\n<li class=\"cat-item cat-item-1\"><a href=\"http://www.purplemangames.com/category/uncategorized/\">Uncategorized</a>\n</li>\n</ul>", "level": 0}, {"value": "<div class=\"widget-inner\"><h3>Meta</h3> <ul>\n<li><a href=\"http://www.purplemangames.com/wp-login.php\">Log in</a></li>\n<li><a href=\"http://www.purplemangames.com/feed/\">Entries <abbr title=\"Really Simple Syndication\">RSS</abbr></a></li>\n<li><a href=\"http://www.purplemangames.com/comments/feed/\">Comments <abbr title=\"Really Simple Syndication\">RSS</abbr></a></li>\n<li><a href=\"https://wordpress.org/\" title=\"Powered by WordPress, state-of-the-art semantic personal publishing platform.\">WordPress.org</a></li> </ul>\n</div>", "level": 0}], [{"value": "<h3>Meta</h3>", "level": 7}, {"value": "<ul>\n<li><a href=\"http://www.purplemangames.com/wp-login.php\">Log in</a></li>\n<li><a href=\"http://www.purplemangames.com/feed/\">Entries <abbr title=\"Really Simple Syndication\">RSS</abbr></a></li>\n<li><a href=\"http://www.purplemangames.com/comments/feed/\">Comments <abbr title=\"Really Simple Syndication\">RSS</abbr></a></li>\n<li><a href=\"https://wordpress.org/\" title=\"Powered by WordPress, state-of-the-art semantic personal publishing platform.\">WordPress.org</a></li> </ul>", "level": 0}, {"value": "<footer class=\"footerclass\" id=\"containerfooter\">\n<div class=\"container\">\n<div class=\"row\">\n<div class=\"col-md-3 col-sm-6 footercol2\">\n<div class=\"widget-1 widget-first footer-widget\"><aside class=\"widget widget_nav_menu\" id=\"nav_menu-2\"><ul class=\"menu\" id=\"menu-footer-menu\"><li class=\"menu-privacy-policy current-menu-item current_page_item menu-item-48\"><a href=\"http://www.purplemangames.com/privacy-policy/\">Privacy Policy</a></li>\n</ul></aside></div> </div>\n</div>\n<div class=\"footercredits clearfix\">\n<p>\u00a9 2018 Purple Man Games - WordPress Theme by <a href=\"http://www.kadencethemes.com/\" target=\"_blank\">Kadence Themes</a></p>\n</div>\n</div>\n</footer>", "level": 0}]]