[[{"value": "<h1>Privacy Policy\u00a0</h1>", "level": 9}, {"value": "<p>Welcome to Addicting Games, the largest source of the best free online games including funny games,\n    flash games, arcade games, dress-up games, internet games, word games, RPG games,\n    racing games, and much more. Thousands of choices from some of the best developers around, like Armor Games,\n    Games2Win, and even yours truly, Addicting Games! With tons of reviews &amp; ratings, gamers of all skill\n    levels are sure to find hot new games every day. This is the best place on the web to play games for free!\n    Play Games on the One-and-Only Addicting Games! Whatever game you feel like turning on, we've got it here.\n    Including free online games! If you're ready to start playing right now, simply choose from the following\n    categories: Action, Sports, Puzzle &amp; Board, Arcade &amp; Classic, Strategy, Adventure, Life &amp;\n    Style, &amp; NewsGames. <br/><br/>\n\n    Embed Your Favorite Games: Add your favorite games from AddictingGames.com to your Blog, MySpace or\n    Facebook page, and beyond so you can play on your own website or webpage! Just copy and paste the\n    codes we make available <a href=\"http://www.addictinggames.com/embeddable-games/index.jsp\">here</a>.\n    And check back often! We keep <a href=\"http://www.addictinggames.com/embeddable-games/index.jsp\">the list</a>\n    updated with the latest and greatest free online games!\n    <br/><br/>\n\n    Submit a Game: Don't just play games on AddictingGames.com, submit them! Give the gift of fun to fellow gamers.\n    <a href=\"http://www.addictinggames.com/game/upload.jsp\"> Submit your game now </a>\n    and we might put it in front of an audience of millions. We may even sponsor it for cash! Simply\n    upload your game directly to the Addicting Games website using the\n    <a href=\"http://www.addictinggames.com/game/upload.jsp\"> game submission form</a>.\n    We'll take a peek, and if it checks out, we'll promote it on our website, give you all the credit and link back\n    to your site. Submit your game here and who knows you could be famous! </p>", "level": 0}, {"value": "<div aria-orientation=\"vertical\" class=\"d-none d-md-block nav flex-column nav-pills\">\n<a class=\"nav-link\" href=\"/about/about-us.jsp\"><span>About Us</span></a><a class=\"nav-link\" href=\"/support/contact-us.jsp\"><span>Contact Us</span></a><a class=\"nav-link\" href=\"/about/advertisers.jsp\"><span>Advertise with Us</span></a><a class=\"nav-link\" href=\"/game/upload.jsp\"><span>Developer Center</span></a><a class=\"nav-link\" href=\"/help/help.jsp\"><span>Help</span></a><a class=\"nav-link\" href=\"/help/parents.jsp\"><span>For Parents</span></a><a class=\"nav-link\" href=\"/help/content-ratings.jsp\"><span>What Our Warnings Mean</span></a><a class=\"nav-link active\" href=\"/legal/privacy-policy.jsp\"><span>Privacy Policy</span></a><a class=\"nav-link\" href=\"/legal/terms-use.jsp\"><span>Terms of Use</span></a><a class=\"nav-link\" href=\"/legal/user-submission-agreement.jsp\"><span>User Submission Agreement</span></a><a class=\"nav-link\" href=\"/legal/currency-agreement.jsp\"><span>Virtual Currency Agreement</span></a><a class=\"nav-link\" href=\"/legal/copyright.jsp\"><span>Copyright Compliance Policy</span></a>\n</div>", "level": 0}, {"value": "<div class=\"d-block d-md-none nav nav-pills nav-custom-tabs mb-3 clearfix\">\n<a class=\"nav-link\" href=\"/about/about-us.jsp\"><span>About Us</span></a><a class=\"nav-link\" href=\"/support/contact-us.jsp\"><span>Contact Us</span></a><a class=\"nav-link\" href=\"/about/advertisers.jsp\"><span>Advertise with Us</span></a><a class=\"nav-link\" href=\"/game/upload.jsp\"><span>Developer Center</span></a><a class=\"nav-link\" href=\"/help/help.jsp\"><span>Help</span></a><a class=\"nav-link\" href=\"/help/parents.jsp\"><span>For Parents</span></a><a class=\"nav-link\" href=\"/help/content-ratings.jsp\"><span>What Our Warnings Mean</span></a><a class=\"nav-link active\" href=\"/legal/privacy-policy.jsp\"><span>Privacy Policy</span></a><a class=\"nav-link\" href=\"/legal/terms-use.jsp\"><span>Terms of Use</span></a><a class=\"nav-link\" href=\"/legal/user-submission-agreement.jsp\"><span>User Submission Agreement</span></a><a class=\"nav-link\" href=\"/legal/currency-agreement.jsp\"><span>Virtual Currency Agreement</span></a><a class=\"nav-link\" href=\"/legal/copyright.jsp\"><span>Copyright Compliance Policy</span></a>\n</div>", "level": 0}], [{"value": "<h2>\n<strong>PRIVACY POLICY AND YOUR CALIFORNIA PRIVACY RIGHTS</strong>\n</h2>", "level": 8}], [{"value": "<p>\n<strong>LAST UPDATED: 3/17/2015</strong>\n</p>", "level": 1}, {"value": "<p>\n\tWelcome! This Privacy Policy governs certain websites, online services, and software made available by for use on mobile devices, tablets, personal\n\tcomputers and other devices, which includes certain websites and online services operated by Defy Media, LLC (collectively, the \"Defy Sites\" and,\n\tindividually, \"Site\"). By accessing any of the Defy Sites, you are consenting to this Privacy Policy. This Privacy Policy describes what information the\n\tDefy Sites collect from users, including children, when they visit the Defy Sites; how such information is used and stored; when such information may be\n\tdisclosed to third parties; how users, parents, and guardians can control the use and disclosure of collected information; and how information is\n\tprotected.\n</p>", "level": 0}, {"value": "<p>\n\tOur visitors' privacy is important to us, and we recognize the need to provide additional privacy protection for children on the Defy Sites permitting such\n\tvisitors. Our privacy practices are guided by the United States' Children's Online Privacy Protection Act of 1998, as well as data privacy laws in the\n\tUnited States and other applicable countries. Younger visitors should always check with their parents or guardians before entering information on any\n\twebsite or mobile application and we encourage families to discuss their household guidelines regarding the online sharing of personal information.\n</p>", "level": 0}, {"value": "<p>\n<strong>SUMMARY.</strong>\n</p>", "level": 0}, {"value": "<p>\n\tFor your convenience, the following is a quick summary of our Privacy Policy.\n\t<strong>Please read the entire Privacy Policy for more detailed information.</strong>\n</p>", "level": 0}], [{"value": "<p>\n<strong>COMPANY'S AD CHOICES DISCLOSURE</strong>\n</p>", "level": 1}, {"value": "<p>\n\tDefy Media, LLC (\"Defy\") is committed to providing you with the very best experience we can on our network of websites and applications (collectively, the \"Defy Sites\"). In order to do so, we may gather certain information about you. Please read the following policy (\"policy\") to understand how certain of your information collected on the Defy Sites will be collected, used, shared and retained. \n</p>", "level": 0}, {"value": "<table border=\"0\" cellpadding=\"0\" cellspacing=\"0\" width=\"100%\">\n<tbody>\n<tr>\n<td valign=\"top\" width=\"21%\">\n<p>\n\t\t\t\t\tWHAT INFORMATION DOES DEFY COLLECT?\n\t\t\t\t</p>\n</td>\n<td valign=\"top\" width=\"78%\">\n<p>\n\t\t\t\t\tWhen you visit the Defy Sites, we collect some basic information that does not identify individual users. (See the \"Behavioral advertising\" section below for more information on certain third parties who may also collect similar information when you visit the Defy Sites for online behavioral advertising purposes.)  This includes which pages are visited, which advertisements are viewed, and any feedback from our visitors. We then aggregate this information with other pieces of information to improve our site and make your experience on the site as valuable and efficient as possible. For purposes of clarity, unless visitors submit personal information directly to us (e.g.: by means of a site registration, in connection with a contest, etc.), our sites do not collect visitor\u00c3\u00a2\u00c2\u0080\u00c2\u0099s personal information. Additional information on how we treat personal information that is submitted directly to us and how such information may be shared may be found in our privacy policy.\n\t\t\t\t</p>\n</td>\n</tr>\n<tr>\n<td valign=\"top\" width=\"21%\">\n<p>\n\t\t\t\t\tBEHAVIORAL ADVERTISING\n\t\t\t\t</p>\n</td>\n<td valign=\"top\" width=\"78%\">\n<p>\n\t\t\t\t\tWe analyze non-personal information that we collect on the Defy Sites, or obtain from third parties, and organize it into anonymous user profiles, groups, and audiences, based on factors such as age, gender, geography, interests and online actions. We and our clients and partners then use these anonymous user profiles, groups and audiences to design and deliver customized advertising campaigns or other relevant content. We and our clients also use this data for other related purposes (for example, to do research regarding the results of our online advertising campaigns or to better understand the interests or activities of our visitors.) The behavioral categories we use to customize the ads you may see or for related purposes do not use personal information such as your name, address, e-mail address, phone number, birth date or social security number. Our technology and services are designed to limit our use of data for purposes of behavioral advertising to anonymous, non-personal information.\n\t\t\t\t</p>\n<p>\n\t\t\t\t\tWhen you visit any of the Defy Sites and view ads from Defy\u00c3\u00a2\u00c2\u0080\u00c2\u0099s advertisers, Defy automatically receives and stores certain types of non-personal information including IP address, web pages viewed, date and time, and responses to advertisements delivered. While each advertising technology uses different types of technology to collect this information, including log files, cookies and pixels, none of the foregoing by itself or together can be tracked to a specific individual\u00c3\u00a2\u00c2\u0080\u00c2\u0099s personal information, and the non-personal information collected by Defy will not be shared with third parties, except as expressly indicated in this policy. The non-personal information collected through your use of the Defy Sites is used to provide relevant, targeted advertising and improve Defy\u00c3\u00a2\u00c2\u0080\u00c2\u0099s advertising technology; monitor website traffic; collect statistical data; determine the effectiveness of advertisements and content; and collect data across multiple websites to categorize likely consumer interest segments for use in online behavioral advertising. Defy may track visits to the Defy Sites and this information may be used over time to help predict your consumer interest segments and select the ad content you see. Defy may also use non-personally identifiable profile-based anonymous information with other non-personal information. \n\t\t\t\t</p>\n<p>\n\t\t\t\t\tWe permit Viacom International Inc. and its affiliates (\"Viacom\") to collect and use certain information about your visits to and use of certain Defy Sites for online behavioral advertising purposes. Please see http://srp.viacom.com/sitefaq.html to learn more about Viacom and its online behavioral advertising practices and how to opt out of online behavioral advertising by Viacom.\n\t\t\t\t</p>\n</td>\n</tr>\n<tr>\n<td valign=\"top\" width=\"21%\">\n<p>\n\t\t\t\t\tTRANSPARENCY IN ONLINE BEHAVIORAL ADVERTISING\n\t\t\t\t</p>\n</td>\n<td valign=\"top\" width=\"78%\">\n<p>\n\t\t\t\t\tDefy does not create or use potentially sensitive data segments to provide its targeted online behavioral advertising for advertisers, including, but not limited to, health related audience segments. Defy is a member of the NAI (Network Advertising Initiative) and adheres to the NAI Code of Conduct, which may be found <a href=\"http://www.networkadvertising.org/code-enforcement/code\" target=\"_blank\">here</a>, and the Digital Advertising Alliance\u00c3\u00a2\u00c2\u0080\u00c2\u0099s Self-Regulatory Principles for Online Behavioral Advertising, which may be found <a href=\"http://www.aboutads.info/obaprinciples\" target=\"_blank\">here</a>.\n\t\t\t\t</p>\n</td>\n</tr>\n<tr>\n<td valign=\"top\" width=\"21%\">\n<p>\n\t\t\t\t\tOPT-OUT\n\t\t\t\t</p>\n</td>\n<td valign=\"top\" width=\"78%\">\n<p>\n\t\t\t\t\tYou may choose to not participate in our personalized advertising services by \"opting out\" of such personalized advertising services through the Network Advertising Initiative\u00c3\u00a2\u00c2\u0080\u00c2\u0099s Consumer Opt-out Program. Opting out will not remove advertisements. You will continue to see advertisements provided by Defy, but the advertising will not be customized or targeted based on information collected by Defy. Your will need to update your opt-out preferences if you change/update browsers or computers, or if you delete cookies. See the \"Behavioral advertising\" section above for more information on how to opt out of online behavioral advertising by certain third parties on the Defy Sites.\n\t\t\t\t</p>\n</td>\n</tr>\n<tr>\n<td valign=\"top\" width=\"21%\">\n<p>\n\t\t\t\t\tDATA RETENTION\n\t\t\t\t</p>\n</td>\n<td valign=\"top\" width=\"78%\">\n<p>\n\t\t\t\t\tWe and our partners may retain the anonymous user data we or our partners collect on the Defy Sites for up to nine (9) months from the date of its collection, after which time it is deleted from, or deactivated on, our and our partners\u00c3\u00a2\u00c2\u0080\u00c2\u0099 active databases. In addition, we maintain archives of our web logs, database, and other systems and information. Please note that it is possible some of this information may remain archived after we delete or deactivate the information from its active database. We maintain archives for disaster recovery, legal and other non-marketing purposes.\n\t\t\t\t</p>\n</td>\n</tr>\n<tr>\n<td valign=\"top\" width=\"21%\">\n<p>\n\t\t\t\t\tWITH WHOM DO WE SHARE YOUR INFORMATION AND FOR WHAT PURPOSE?\n\t\t\t\t</p>\n</td>\n<td valign=\"top\" width=\"78%\">\n<p>\n\t\t\t\t\tExcept as may otherwise be expressly set forth in this policy or in our privacy policy, Defy does not sell, rent, or trade any personally identifying information with third parties unless users consent to such sharing practices. We may from time to time share user information in a non-personally identifiable manner with advertisers and other third parties in order to present to users more targeted advertising, products and services.\n\t\t\t\t</p>\n</td>\n</tr>\n<tr>\n<td valign=\"top\" width=\"21%\">\n<p>\n\t\t\t\t\tWHAT ARE \"COOKIES\" AND \"WEB BEACONS\" AND HOW DO WE USE THEM?\n\t\t\t\t</p>\n</td>\n<td valign=\"top\" width=\"78%\">\n<p>\n\t\t\t\t\tThe Defy Sites may use \"cookies\" and \"web beacons\" to speed navigation, keep track of items viewed, clicked on and/or shared, including links and advertisements, and provide you with custom-tailored services. A \"web beacon\" is an embedded GIF file that specifically helps us track whether you have viewed a specific piece of content. We also use \"cookies\" to remember information you gave us so you don\u00c3\u00a2\u00c2\u0080\u00c2\u0099t have to re-enter it each time you visit the Defy Sites. By showing us how and when visitors use the Defy Sites, \"cookies\" and \"web beacons\" allow us to see which Defy Site areas and content are popular, and help us target content and advertisements based on user behavior. In addition, \"cookies\" will allow us to display in your profile which Defy and affiliated websites you have visited, unless you opt out of that feature in your account. We also collect IP addresses for system administration and to report aggregate information to any sponsors. Some advertisers or websites that have links on our site may also use their own \"cookies.\" We do not control these \"cookies.\" You should check the privacy policy of these advertisers or websites to see whether and how they use \"cookies.\"\n\t\t\t\t</p>\n<p>\n\t\t\t\t\tMost browsers are initially set to accept \"cookies.\" If you\u00c3\u00a2\u00c2\u0080\u00c2\u0099d prefer, you can set yours to refuse \"cookies.\" You will not be able to fully use the Defy Sites if you turn off the \"cookies\" option.\n\t\t\t\t</p>\n<p>\n\t\t\t\t\tIf you have any questions or concerns about this policy you may contact us or write to the following address:\n\t\t\t\t</p>\n<p>\n\t\t\t\t\tDefy Media, LLC<br/>\n\t\t\t\t\t498 7th Avenue, 19th Floor<br/>\n\t\t\t\t\tNew York, NY 10018<br/>\n\t\t\t\t\tAttn: Privacy<br/>\n\t\t\t\t\tTelephone: (212)244-4307<br/>\n\t\t\t\t\tFacsimile: (212)244-4311<br/>\n\t\t\t\t\tE-mail: privacy@defymedia.com \n\t\t\t\t</p>\n</td>\n</tr>\n</tbody>\n</table>", "level": 0}, {"value": "<p>\n<strong>DISCLOSURE REGARDING COLLECTION AND USE OF PERSONAL INFORMATION.</strong>\n</p>", "level": 0}, {"value": "<p>\n\tThrough the Defy Site, users may enter personal information about themselves. This policy explains our online information collection and use practices for the Defy Site, and the choices you can make about the way we use and share such information. Please take the time to read and understand this policy so that you can understand how we use your personal information. Please note that our online information collection and use practices may differ from our practices regarding information obtained offline. \n</p>", "level": 0}, {"value": "<p>\n\tREMEMBER: IF YOU MAKE USE OF THE SITE, REGISTER WITH THE SITE, REQUEST INFORMATION THAT WE MAY OFFER, OR SUBMIT INFORMATION IN ANY WAY TO OR THROUGH THE SITE YOU AGREE TO THIS POLICY. \n</p>", "level": 0}, {"value": "<p>\n<strong>THE INFORMATION WE COLLECT.</strong>\n</p>", "level": 0}, {"value": "<p>\n\tWe may collect information about you through a variety of methods, such as your participation in games, quizzes, contests, chat rooms, forums or the like or other documents and information that you submit to us, transactions in which you may engage with us or parent, subsidiary, and affiliated companies of Defy Media, LLC (collectively, \"Defy Affiliates\"), or through visits that you may make to the Defy Site. This policy applies to all personal information that we may collect and maintain about our users via the Defy Site, such as:\n</p>", "level": 0}, {"value": "<ul>\n<li>\n\t\tYour contact information (such as name, Twitter handle, postal and email address, or phone number);\n\t</li>\n<li>\n\t\tUsername and password for the account you may establish on the Defy Site;\n\t</li>\n<li>\n\t\tDemographic information (such as age, date of birth and gender);\n\t</li>\n<li>\n\t\tLocation information, such as the real-time geographic location of the device on which you install our mobile applications; and\n\t</li>\n<li>\n\t\tOther details that you may submit to us or that may be included in the information provided to us by third parties.\n\t</li>\n</ul>", "level": 0}, {"value": "<p>\n\tYou may view or change your personal information at any time by contacting us.  Please see \"How to Contact Us\" later in this policy.\n</p>", "level": 0}, {"value": "<p>\n\tYou also can engage with our content, such as video, games, applications, and other offerings, on or through third-party social networking sites, such as Facebook or third-party social media plug-ins and applications. When you engage with our content on or through third party social networking sites, plug-ins and applications, you may allow us to have access to certain information from your social media profile (e.g., your name, e-mail address, photo, gender, birthday, location, list of friends, people you follow and/or who follow you, the posts or the 'likes' you make) to deliver the content or as part of the operation of the application. We may also obtain non-personal information (e.g., content viewed, games played and performance, high scores, and information about advertisements within the content you have been shown or may have clicked on) from your interaction with our content. \n</p>", "level": 0}, {"value": "<p>\n\tWhen you provide information from your social media account, it can help enable us to do things like: (i) give you exclusive content; (ii) personalize your online experience with us within and outside our applications or websites; and (iii) contact you through the social networking sites or directly by sending you the latest news, special offerings, and rewards. By doing so, you consent to the use of such information in accordance with our privacy policy. When you provide personal information to us through an application, on the Defy Site, or on social networking sites, it may be publicly viewed by other members of these sites and we cannot prevent further use of the information by third parties. \n</p>", "level": 0}, {"value": "<p>\n\tThrough some social networking sites' privacy settings, you can control what data you share. For more information about how social networking sites handle your personal information, please refer to their respective privacy policies and terms of use. \n</p>", "level": 0}], [{"value": "<p>\n<strong>Other Collected Information</strong>\n</p>", "level": 1}, {"value": "<p>\n\tWe also may use third-party website analytics tools (such as Omniture or Google), that collect information about visitor traffic on the Defy Site. The information that may be collected by automated means includes:\n</p>", "level": 0}, {"value": "<ul>\n<li>\n\t\tInformation about the devices our visitors use to access the Internet (such as the IP address and the device, browser and operating system type);\n\t</li>\n<li>\n\t\tURLs that refer visitors to the Defy Site;\n\t</li>\n<li>\n\t\tDates and times of visits to the Defy Site;\n\t</li>\n<li>\n\t\tInformation on actions taken on the Defy Site (such as page views and Defy Site navigation patterns)\n\t</li>\n<li>\n\t\tA general geographic location (such as country and city) from which a visitor accesses our Defy Site; and\n\t</li>\n<li>\n\t\tSearch terms that visitors use to reach the Defy Site.\n\t</li>\n</ul>", "level": 0}, {"value": "<p>\n<strong>When you use our mobile applications on your mobile device, you may choose not to share your geo-location details with us by adjusting the device's location services settings. For instructions on changing the relevant settings, please contact your service provider or device manufacturer.</strong>\n</p>", "level": 0}, {"value": "<p>\n<strong>HOW WE USE YOUR PERSONAL INFORMATION.</strong>\n</p>", "level": 0}, {"value": "<p>\n\tWe use your personal information to provide you with products or services that you have requested, to respond to questions or communications and to get in touch with you when necessary. For example, we may use your personal information to communicate with you or to send you information that you have requested. Additionally, by registering for the Defy Site you will be automatically entered into sweepstakes and contests held on the Defy Site. We may send to you an e-mail offering products or services which we think you may be interested in or to ask you to participate in a survey. We do not consider any companies that are within our \"family\" of companies to be \"third parties\" for purposes of this policy. Thus, we may also share personal information with Defy Affiliates. Defy Affiliates may use and further share personal information in the same ways we do. However, if we pass on personal information to a Defy Affiliate, we require that it protect such information in a manner that is consistent with this policy and your expressed preferences. For example, a Defy Affiliate may send to you an e-mail regarding special offers and announcements about products or services that it thinks might be of interest to you, or contact you offline. If you want to opt-out from our (or a family company) using the personal information you provided in these ways, please contact us. Please see \"How to Contact Us\" later in this policy.\n</p>", "level": 0}, {"value": "<p>\n<strong>HOW WE SHARE YOUR PERSONAL INFORMATION.</strong>\n</p>", "level": 0}, {"value": "<p>\n\tWe will not share your personal information with third parties except (a) if it is for the purpose(s) you provided it; (b) as may be required by law or as we think necessary to protect our company or others from injury (e.g. in response to a court order or subpoena, in response to a law enforcement agency request or when we believe that someone is causing (or about to cause) injury to or interference with the rights or property of another); and (c) with other persons, service providers, or companies with whom we contract to carry out internal Defy Site operations or our business activities (for example, sending out a product or a promotional item that you have requested on the Defy Site). Examples of us sharing your personal information for the purposes submitted are if you participate in a third-party survey or request information from a third-party, we may provide the information provided to such third party so that they can send to you directly the information you requested. Additionally, with your consent, we may share your personal information with companies not affiliated with us (i.e. third party companies) who are interested in marketing their products or services to you or in asking you questions, both online and offline. Companies with whom we might share your personal information may include consumer products, telecom, financial, military, market research, entertainment, and educational services companies and their third party service providers. If you consent to receiving communications from non-affiliated companies, you may need to communicate with them directly if you later decide that you no longer wish to receive their communications or if you wish to change any data you provided online. In this instance, any changes or amendments to your personal information must be given directly to each company who communicates with you as these changes, amendments and/or deletions will not be exchanged between us and non-affiliated companies. If we do share personal information with a non-affiliated company, to the extent practical, we require that they protect such information in a manner that is consistent with this policy. We cannot, however, guarantee how these non-affiliated companies will use your personal information. \n</p>", "level": 0}, {"value": "<p>\n<strong>USE AND DISCLOSURE OF ANONYMOUS INFORMATION.</strong>\n</p>", "level": 0}, {"value": "<p>\n\tWe may use the non-personal information that we collect to improve the design and content of the Defy Site and to enable us to personalize your Internet experience, including the ads that you see. We also may use this information in the aggregate to analyze how the Defy Site is used, as well as to offer you products, programs or services. See the \"Online Tracking and Advertising\" section below and the Ad Choices link for more information on personalized ads (also known as online behavioral advertising). We also share aggregate information with Defy Affiliates and third parties. \n</p>", "level": 0}, {"value": "<p>\n<strong>RECEIPT OF COMMUNICATIONS; OPT-OUT.</strong>\n</p>", "level": 0}, {"value": "<p>\n\tIf you would prefer not to receive marketing or promotional e-mails from us that may relate, for example, to new services or offerings, you may opt-out of receiving these communications by clicking <a href=\"http://www.addictinggames.com/help/help.jsp#EmailSettings\">here</a> to (i) deregister your account; or (ii) change or edit your preferences. You may also use the opt-out mechanism that is contained in an email. \n</p>", "level": 0}, {"value": "<p>\n\tIf you would like to opt-out of receiving marketing or promotional postal mail from us, please click <a href=\"http://www.addictinggames.com/help/help.jsp#EmailSettings\">here</a> or let us know in writing via letter addressed to: Attn: Privacy, Defy Media, LLC 498 7th Avenue, 19th Floor, New York, NY 10018. For all postal mail opt-out requests, please include your name, street address, city, state, and zip code. We cannot accept postal mail opt-out requests via telephone or facsimile, nor will we be responsible for notices that are not labeled or sent properly or lack complete information. Please note that we may require up to sixty (60) days to fully remove your postal mail information from our mailings. \n</p>", "level": 0}, {"value": "<p>\n\tFollowing your opt-out, please be aware that we, or Defy Affiliates, may continue to contact you via email or postal mail for administrative or informational purposes, including, but not limited to, follow-up messages regarding the administration of your account, any services, features or functions you have affirmatively enrolled in or registered to use, any promotions or sweepstakes you have participated in or have entered, goods, services or products you have ordered or other transactions you have undertaken on the Defy Site. \n</p>", "level": 0}, {"value": "<p>\n<strong>COLLECTION OF INFORMATION BY OTHERS.</strong>\n</p>", "level": 0}, {"value": "<p>\n\tThe Defy Site may contain links to other websites, including links that are placed there by us, such as third-party advertisements or text hyperlinks. Please be aware that we are not responsible for the privacy practices of any other website. We encourage all users of the Defy Site to be aware of when they leave the Defy Site, and to read the privacy policies of each and every website that collects personal information. This privacy policy applies solely to information collected by the Defy Site, through the Defy Site. We may offer additional e-mail services or promotions that are sponsored by or co-sponsored with non-affiliated companies. Based on our agreement with them, these third parties may obtain personal information that Defy Site visitors voluntarily submit to participate in the contest, sweepstakes, or promotion. We have no control over the use of this information by these companies. \n</p>", "level": 0}, {"value": "<p>\n<strong>ONLINE TRACKING AND ADVERTISING.</strong>\n</p>", "level": 0}, {"value": "<p>\n\tWe collect information regarding the Defy Site visitors through various technologies, such as cookies, Flash cookies and Web beacons, including when you visit the Defy Site or use our applications on third-party sites or platforms. Please visit Ad Choices for further information regarding this collection and usage, including how to disable cookies and online behavioral advertising practices on the Defy Site.\n</p>", "level": 0}, {"value": "<p>\n<strong>CLICKSTREAM DATA.</strong>\n</p>", "level": 0}, {"value": "<p>\n\tAs you use the Internet, a trail of electronic information is left at each web site you visit. This anonymous information, which is sometimes referred to as \"Clickstream Data,\" can be collected and stored by a web site's server. Clickstream Data can tell us the type of computer and browsing software you use and the address of the web site from which you linked to the Defy Site. We may use Clickstream Data as a form of non-personal information to anonymously determine how much time visitors spend on each page of the Defy Site, how visitors navigate throughout the Defy Site and how we may tailor our web pages to better meet the needs of visitors. Any collection or use of Clickstream Data will be anonymous and aggregated.\n</p>", "level": 0}, {"value": "<p>\n<strong>SUPPLEMENTING INFORMATION.</strong>\n</p>", "level": 0}, {"value": "<p>\n\tFrom time to time we may supplement information you give us with information from other sources, such as information validating your address. Thus, information we obtain through the Defy Site may be intermingled with and used in conjunction with information obtained through sources other than the Defy Site, including both offline and online sources. \n</p>", "level": 0}, {"value": "<p>\n<strong>DISCUSSIONS AND COMMUNITY TOOLS.</strong>\n</p>", "level": 0}, {"value": "<p>\n\tWe may, from time to time, make review lists, chat rooms, forums, message boards, blogs, newsgroups and other community tools available to you. Please remember that any information that is disclosed in these areas becomes public information for other users to view and for us to use. For example, from time to time, we may use the content you write (including your name or screen name if you post it) for promotional purposes, in e-mail newsletters or elsewhere, and by using the Defy Site and/or these chat rooms, forums, message boards, news groups, and other community tools, you agree that we may do so. You should exercise caution when deciding to disclose your personal information in these areas, since anyone - not just us - may access your publicly posted information. \n</p>", "level": 0}, {"value": "<p>\n<strong>OUR COMMITMENT TO SECURITY.</strong>\n</p>", "level": 0}, {"value": "<p>\n\tWe take commercially reasonable steps to protect your personal information from loss, misuse, and unauthorized access, disclosure, alteration, or destruction. Please understand, however, that no security system is impenetrable. We cannot guarantee the security of our databases, nor can we guarantee that the personal information that you supply will not be intercepted while being transmitted to and from us over the Internet including, without limitation, emails. Therefore, you acknowledge and agree that we have no liability regarding the theft, loss, alteration or misuse of personal information, including such information that has been provided to third parties or other users, or with regard to the failure of a third party to abide by the agreement between us and such third party.\n</p>", "level": 0}, {"value": "<p>\n<strong>NOTICE TO CALIFORNIA-BASED USERS.</strong>\n</p>", "level": 0}, {"value": "<p>\n\tUnder California Civil Code Section 1798.83, if you are a resident of California, you may make a written request to the Defy Site about how we have shared your personal information during the prior calendar year with third parties for their direct marketing purposes. In response to your written request, under California Civil Code Section 1793.83(c)(2), the Defy Site is allowed to instead provide you with a cost-free means to opt-out of such sharing, or a \"Customer Choice Notice.\" The term \"third parties\" is, solely for purposes of this California Privacy notice, considered as including our Defy Affiliates. \n</p>", "level": 0}, {"value": "<p>\n\tThe Defy Site has chosen to provide you with a cost-free means to opt-out of such sharing. If you would like to exercise your rights under California law, please send your written request to the email address or postal address below, or call us at telephone number below. Within 30 days of receiving your request, the Defy Site will provide you with a Customer Choice Notice. \n</p>", "level": 0}, {"value": "<p>\n\tDefy Media, LLC<br/>\n\t498 7th Avenue, 19th Floor<br/>\n\tNew York, NY 10018<br/>\n\tAttn: California Privacy<br/><br/> \n\tTelephone: (212)244-4307<br/>\n\tFacsimile: (212)244-4311<br/>\n\tE-mail: privacy@defymedia.com \n</p>", "level": 0}, {"value": "<p>\n\tThe California Business &amp; Professions Code Section 22575(b) (as amended effective January 1, 2014) provides that California residents are entitled to know how the Defy Site responds to \"Do Not Track\" browser settings. The Defy Site does not currently take action to respond to Do Not Track signals, as a uniform technological standard has not yet been developed. We continue to review new technologies and reserve the right to adopt a standard once one is created. \n</p>", "level": 0}, {"value": "<p>\n<strong>INTERNATIONAL USERS.</strong>\n</p>", "level": 0}, {"value": "<p>\n\tIf you are visiting the Defy Site from a location outside of the United States, your connection will be through and to servers located in the United States and all information you provide will be processed and maintained in our web servers and internal systems located within the United States. IN ADDITION, IF YOU ARE LOCATED OUTSIDE THE UNITED STATES, YOU SHOULD NOTE THAT YOUR INFORMATION WILL BE TRANSFERRED TO THE UNITED STATES, THE LAWS OF WHICH MAY BE DEEMED BY OTHER COUNTRIES TO HAVE INADEQUATE DATA PROTECTION (see, for example, European Union Directive 95/46/EC of 24 October 1995, a copy of which can be found <a href=\"http://eur-lex.europa.eu/LexUriServ/LexUriServ.do?uri=CELEX:31995L0046:en:HTML\" target=\"_blank\">here</a>). Users of the Defy Site located in countries outside of the United States of America who submit personal information do thereby consent to the general use of such information as provided in this privacy policy and to the transfer of that information to and/or storage of the information in the United States of America. This policy and our legal obligations are subject to the laws of the State of New York and the United States of America, regardless of the location of any user. Any claims or complaints must be filed in the United States of America in the State of New York. \n</p>", "level": 0}, {"value": "<p>\n<strong>HOW YOU CAN ACCESS OR CORRECT YOUR PERSONAL INFORMATION.</strong>\n</p>", "level": 0}, {"value": "<p>\n\tFor instructions on how you can access the personal information that we have collected about you online, correct any errors, or remove such information, please contact us. Please see \"How to Contact Us\" later in this policy.\n</p>", "level": 0}, {"value": "<p>\n\tTo protect your privacy and security, we will take reasonable steps to help verify your identity before granting access or making corrections. \n</p>", "level": 0}, {"value": "<p>\n<strong>SPECIAL NOTE FOR PARENTS.</strong>\n</p>", "level": 0}, {"value": "<p>\n\tWe will not knowingly accept personal information from anyone under 13 years old in violation of applicable law. If you believe that your child under 13 has gained access to the Defy Site without your permission, please contact us. Please see \"How to Contact Us\" later in this policy. We have taken commercially reasonable steps to restrict use of the Defy Site to those who are at least 13 years old. We do not market products or services for purchase by children and all children's products or services we market are for purchase by adults only, or with adult permission. \n</p>", "level": 0}, {"value": "<p>\n<strong>TRANSFER OF BUSINESS ASSETS.</strong>\n</p>", "level": 0}, {"value": "<p>\n\tNotwithstanding anything contained in this policy to the contrary, please be advised that the personal information you provide is considered an asset of the Defy Site and may be included among transferred assets if the Defy Site, Defy Media, LLC, any or all of the Defy Affiliates, and/or any of their assets are ever acquired by, or merged into, a third party. \n</p>", "level": 0}, {"value": "<p>\n<strong>CHANGES TO THIS POLICY.</strong>\n</p>", "level": 0}, {"value": "<p>\n\tPersonal information collected via the Defy Site will generally be governed by the version of the policy in effect at the time the information was gathered. However, we may, in our discretion, change, modify, add, or remove portions from this policy at any time.  Your continued use of the Defy Site following the posting of any changes to this policy means you accept such changes. This policy is effective as of the date set forth above. \n</p>", "level": 0}, {"value": "<p>\n<strong>HOW TO CONTACT US.</strong>\n</p>", "level": 0}, {"value": "<p>\n\tIf you have any questions or concerns about this privacy policy you may contact us as follows:\n</p>", "level": 0}, {"value": "<p>\n\tDefy Media, LLC<br/>\n\t498 7th Avenue, 19th Floor<br/>\n\tNew York, NY 10018<br/>\n\tAttn: Privacy <br/><br/>\n\tTelephone: (212)244-4307<br/>\n\tFacsimile: (212)244-4311<br/>\n\tE-mail: privacy@defymedia.com \n</p>", "level": 0}, {"value": "<ul class=\"list-inline\">\n<li>\n<a class=\"categoryPage\" href=\"http://www.addictinggames.com/all-games/index.jsp\" id=\"fcat_all\" title=\"Free Online Games\">All Games</a>\n</li>\n<li>\n<a class=\"categoryPage\" href=\"http://www.addictinggames.com/strategy-games/index.jsp\" id=\"fcat_strategy\" title=\"Free Online Strategy Games\">Strategy Games</a>\n</li>\n<li>\n<a class=\"categoryPage\" href=\"http://www.addictinggames.com/car-games/index.jsp\" id=\"fcat_car\" title=\"Free Online Car Games\">Car Games</a>\n</li>\n<li>\n<a class=\"categoryPage\" href=\"http://www.addictinggames.com/shooting-games/index.jsp\" id=\"fcat_shooting\" title=\"Free Online Shooting Games\">Shooting Games</a>\n</li>\n<li>\n<a class=\"categoryPage\" href=\"http://www.addictinggames.com/sports-games/index.jsp\" id=\"fcat_sports\" title=\"Free Online Sports Games\">Sports Games</a>\n</li>\n<li>\n<a class=\"categoryPage\" href=\"http://www.addictinggames.com/action-games/index.jsp\" id=\"fcat_action\" title=\"Free Online Action Games\">Action Games</a>\n</li>\n<li>\n<a class=\"categoryPage\" href=\"http://www.addictinggames.com/puzzle-games/index.jsp\" id=\"fcat_puzzle\" title=\"Free Online Puzzle Games\">Puzzle Games</a>\n</li>\n<li>\n<a class=\"categoryPage\" href=\"http://www.addictinggames.com/funny-games/index.jsp\" id=\"fcat_funny\" title=\"Free Online Funny Games\">Funny Games</a>\n</li>\n<li>\n<a class=\"categoryPage\" href=\"http://www.addictinggames.com/zombie-games/index.jsp\" id=\"fcat_zombie\" title=\"Free Online Zombie Games\">Zombie Games</a>\n</li>\n</ul>", "level": 0}, {"value": "<section class=\"footerFollowUs mb-2\">\n<h3>Follow Us</h3>\n<div class=\"fb-page mb-2\" data-adapt-container-width=\"true\" data-hide-cover=\"false\" data-href=\"https://www.facebook.com/AddictingGames\" data-show-facepile=\"false\" data-show-posts=\"false\" data-small-header=\"true\"><div class=\"fb-xfbml-parse-ignore\"><blockquote cite=\"https://www.facebook.com/AddictingGames\"><a href=\"https://www.facebook.com/AddictingGames\">AddictingGames</a></blockquote></div></div>\n<div class=\"clearfix pt-3\">\n<div class=\"twitterFollow float-left mr-2\" id=\"twitterContainer\"><a class=\"twitter-follow-button\" data-show-count=\"false\" href=\"https://twitter.com/AddictingGames\">Follow @AddictingGames</a></div>\n<div class=\"googleFollow float-left\" id=\"googlePlusContainer\"><div class=\"g-follow\" data-annotation=\"none\" data-height=\"20\" data-href=\"https://plus.google.com/103249522362605848405\" data-rel=\"publisher\"></div></div>\n</div>\n</section>", "level": 0}], [{"value": "<h3>Follow Us</h3>", "level": 7}, {"value": "<div class=\"fb-page mb-2\" data-adapt-container-width=\"true\" data-hide-cover=\"false\" data-href=\"https://www.facebook.com/AddictingGames\" data-show-facepile=\"false\" data-show-posts=\"false\" data-small-header=\"true\"><div class=\"fb-xfbml-parse-ignore\"><blockquote cite=\"https://www.facebook.com/AddictingGames\"><a href=\"https://www.facebook.com/AddictingGames\">AddictingGames</a></blockquote></div></div>", "level": 0}, {"value": "<div class=\"clearfix pt-3\">\n<div class=\"twitterFollow float-left mr-2\" id=\"twitterContainer\"><a class=\"twitter-follow-button\" data-show-count=\"false\" href=\"https://twitter.com/AddictingGames\">Follow @AddictingGames</a></div>\n<div class=\"googleFollow float-left\" id=\"googlePlusContainer\"><div class=\"g-follow\" data-annotation=\"none\" data-height=\"20\" data-href=\"https://plus.google.com/103249522362605848405\" data-rel=\"publisher\"></div></div>\n</div>", "level": 0}, {"value": "<section class=\"footerMoreCoolGames col-12 col-md-i2v-3\">\n<h3>More Cool Games</h3>\n<a href=\"http://www.shockwave.com/online/word-games.jsp\">Word Games</a>\n<a href=\"http://www.shockwave.com\">Free Online Games</a>\n<a href=\"http://www.shockwave.com/download.jsp\">Download Games</a>\n<a href=\"http://www.shockwave.com/online/jigsaw-games.jsp\">Jigsaw Puzzle Games</a>\n</section>", "level": 0}], [{"value": "<h3>More Cool Games</h3>", "level": 7}, {"value": "<a href=\"http://www.shockwave.com/online/word-games.jsp\">Word Games</a>", "level": 0}, {"value": "<a href=\"http://www.shockwave.com\">Free Online Games</a>", "level": 0}, {"value": "<a href=\"http://www.shockwave.com/download.jsp\">Download Games</a>", "level": 0}, {"value": "<a href=\"http://www.shockwave.com/online/jigsaw-games.jsp\">Jigsaw Puzzle Games</a>", "level": 0}, {"value": "<section class=\"footerContactUs heightTransition col-12 col-md-i2v-3\">\n<a aria-controls=\"footerContactUsNav\" aria-expanded=\"false\" class=\"h3 collapsed\" data-toggle=\"collapse\" href=\"#footerContactUsNav\" role=\"button\">\n                        Contact <i class=\"icon icon-chevron-top float-right\"></i>\n</a>\n<nav class=\"collapse\" id=\"footerContactUsNav\">\n<a href=\"/about/about-us.jsp\">About Us</a>\n<a href=\"/help/help.jsp\">Help</a>\n<a href=\"/support/contact-us.jsp\">Contact Us</a>\n<a href=\"/game/upload.jsp\">Submit a Game</a>\n<a href=\"/about/advertisers.jsp\">Advertise With Us</a>\n<a href=\"/help/parents.jsp\">For Parents</a>\n</nav>\n</section>", "level": 0}, {"value": "<section class=\"footerMoreInfo heightTransition col-12 col-md-i2v-4\">\n<a aria-controls=\"footerMoreInfoNav\" aria-expanded=\"false\" class=\"h3 collapsed\" data-toggle=\"collapse\" href=\"#footerMoreInfoNav\" role=\"button\">\n                        More Info <i class=\"icon icon-chevron-top float-right\"></i>\n</a>\n<nav class=\"collapse\" id=\"footerMoreInfoNav\">\n<a href=\"/legal/terms-use.jsp\" onclick=\"ag.setFindingMethod( event, ag.persistMetrics.push( 'prop26', agPageName ));\">Terms of Use</a>\n<a href=\"/legal/user-submission-agreement.jsp\">User Submission Agreement</a>\n<a href=\"/legal/currency-agreement.jsp\">Virtual Currency Agreement</a>\n<a href=\"/legal/privacy-policy.jsp\" onclick=\"ag.setFindingMethod( event, ag.persistMetrics.push( 'prop26', agPageName ));\">Privacy Policy</a>\n<a href=\"/legal/copyright.jsp\">Copyright Compliance</a>\n<a href=\"/help/content-ratings.jsp\">What Do Our Warnings Mean</a>\n</nav>\n</section>", "level": 0}, {"value": "<section class=\"footerCopyright pt-1 row flex-nowrap\">\n<a class=\"col-1 footerCopyright-logo\" href=\"http://www.defymedia.com/\" target=\"_blank\">\n<img alt=\"Defy Media, LLC\" class=\"img-responsive\" src=\"http://cdn.addictinggames.com/a/img/defyLogo.png\"/>\n</a>\n<div class=\"col-md\">\n<p>Copyright \u00a9 2018 \u00a0<a href=\"http://www.defymedia.com/\" target=\"_blank\">Defy Media, LLC</a>; all rights reserved.</p>\n<p>Third-party trademarks are used solely for distributing the games indexed herein and no license or other affiliation is implied.</p>\n</div>\n</section>", "level": 0}, {"value": "<div aria-hidden=\"true\" aria-labelledby=\"commonModal\" class=\"modalWrapper modal\" id=\"commonModal\" role=\"dialog\" tabindex=\"-1\">\n<div class=\"modal-dialog\" id=\"modalOverlay\" role=\"document\">\n<div class=\"modal-content\">\n<div class=\"modal-header\">\n<div class=\"modal-title h3\" id=\"modalTitle\"></div>\n<div class=\"header-right\" id=\"alternateAction\"></div>\n<button aria-label=\"Close\" class=\"close\" data-dismiss=\"modal\" type=\"button\">\n<span aria-hidden=\"true\">\u00d7</span>\n</button>\n</div>\n<div class=\"modal-body clearfix\" id=\"modalContent\"></div>\n<div id=\"modalFooter\"></div>\n</div>\n</div>\n</div>", "level": 0}]]