[[{"value": "<h4>1. Definitions</h4>", "level": 6}, {"value": "<p>The data protection declaration of Indie Goes Software is based on the terms used by the European legislator for the adoption of the General Data Protection Regulation (GDPR). Our data protection declaration should be legible and understandable for the general public, as well as our customers and business partners. To ensure this, we would like to first explain the terminology used.</p>", "level": 0}, {"value": "<p>In this data protection declaration, we use, inter alia, the following terms:</p>", "level": 0}], [{"value": "<h4 style=\"padding-left: 30px;\">a) Personal data</h4>", "level": 6}, {"value": "<p>Personal data means any information relating to an identified or identifiable natural person (\u00e2\u0080\u009cdata subject\u00e2\u0080\u009d). An identifiable natural person is one who can be identified, directly or indirectly, in particular by reference to an identifier such as a name, an identification number, location data, an online identifier or to one or more factors specific to the physical, physiological, genetic, mental, economic, cultural or social identity of that natural person.</p>", "level": 0}], [{"value": "<h4 style=\"padding-left: 30px;\">b) Data subject</h4>", "level": 6}, {"value": "<p>Data subject is any identified or identifiable natural person, whose personal data is processed by the controller responsible for the processing.</p>", "level": 0}], [{"value": "<h4 style=\"padding-left: 30px;\">c) Processing</h4>", "level": 6}, {"value": "<p>Processing is any operation or set of operations which is performed on personal data or on sets of personal data, whether or not by automated means, such as collection, recording, organization, structuring, storage, adaptation or alteration, retrieval, consultation, use, disclosure by transmission, dissemination or otherwise making available, alignment or combination, restriction, erasure or destruction.</p>", "level": 0}], [{"value": "<h4 style=\"padding-left: 30px;\">d) Restriction of processing</h4>", "level": 6}, {"value": "<p>Restriction of processing is the marking of stored personal data with the aim of limiting their processing in the future.</p>", "level": 0}], [{"value": "<h4 style=\"padding-left: 30px;\">e) Profiling</h4>", "level": 6}, {"value": "<p>Profiling means any form of automated processing of personal data consisting of the use of personal data to evaluate certain personal aspects relating to a natural person, in particular to analyze or predict aspects concerning that natural person\u2019s performance at work, economic situation, health, personal preferences, interests, reliability, behavior, location or movements.</p>", "level": 0}], [{"value": "<h4 style=\"padding-left: 30px;\">f) Pseudonymisation</h4>", "level": 6}, {"value": "<p>Pseudonymisation is the processing of personal data in such a manner that the personal data can no longer be attributed to a specific data subject without the use of additional information, provided that such additional information is kept separately and is subject to technical and organizational measures to ensure that the personal data are not attributed to an identified or identifiable natural person.</p>", "level": 0}], [{"value": "<h4 style=\"padding-left: 30px;\">g) Controller or controller responsible for the processing</h4>", "level": 6}, {"value": "<p>Controller or controller responsible for the processing is the natural or legal person, public authority, agency or other body which, alone or jointly with others, determines the purposes and means of the processing of personal data; where the purposes and means of such processing are determined by Union or Member State law, the controller or the specific criteria for its nomination may be provided for by Union or Member State law.</p>", "level": 0}], [{"value": "<h4 style=\"padding-left: 30px;\">h) Processor</h4>", "level": 6}, {"value": "<p>Processor is a natural or legal person, public authority, agency or other body which processes personal data on behalf of the controller.</p>", "level": 0}], [{"value": "<h4 style=\"padding-left: 30px;\">i) Recipient</h4>", "level": 6}, {"value": "<p>Recipient is a natural or legal person, public authority, agency or another body, to which the personal data are disclosed, whether a third party or not. However, public authorities which may receive personal data in the framework of a particular inquiry in accordance with Union or Member State law shall not be regarded as recipients; the processing of those data by those public authorities shall be in compliance with the applicable data protection rules according to the purposes of the processing.</p>", "level": 0}], [{"value": "<h4 style=\"padding-left: 30px;\">j) Third party</h4>", "level": 6}, {"value": "<p>Third party is a natural or legal person, public authority, agency or body other than the data subject, controller, processor and persons who, under the direct authority of the controller or processor, are authorized to process personal data.</p>", "level": 0}], [{"value": "<h4 style=\"padding-left: 30px;\">k) Consent</h4>", "level": 6}, {"value": "<p>Consent of the data subject is any freely given, specific, informed and unambiguous indication of the data subject\u2019s wishes by which he or she, by a statement or by a clear affirmative action, signifies agreement to the processing of personal data relating to him or her.</p>", "level": 0}], [{"value": "<h4>2. Name and Address of the controller</h4>", "level": 6}, {"value": "<p>Controller for the purposes of the General Data Protection Regulation (GDPR), other data protection laws applicable in Member states of the European Union and other provisions related to data protection is:</p>", "level": 0}, {"value": "<p>Indie Goes Software</p>", "level": 0}, {"value": "<p>Villelongue</p>", "level": 0}, {"value": "<p>12800 CABANES</p>", "level": 0}, {"value": "<p>Email: <span id=\"cloak78d03f65f39ef3b317baf26da7299891\">contact@indie-goes.com</span></p>", "level": 0}, {"value": "<p>Website: www.indie-goes.com</p>", "level": 0}], [{"value": "<h4>3. Cookies</h4>", "level": 6}, {"value": "<p>The Internet pages of the Indie Goes Software website use cookies. Cookies are text files that are stored in a computer system via an Internet browser.</p>", "level": 0}, {"value": "<p>Many Internet sites and servers use cookies. Many cookies contain a so-called cookie ID. A cookie ID is a unique identifier of the cookie. It consists of a character string through which Internet pages and servers can be assigned to the specific Internet browser in which the cookie was stored. This allows visited Internet sites and servers to differentiate the individual browser of the dats subject from other Internet browsers that contain other cookies. A specific Internet browser can be recognized and identified using the unique cookie ID.</p>", "level": 0}, {"value": "<p>Through the use of cookies, Indie Goes Software can provide the users of this website with more user-friendly services that would not be possible without the cookie setting.</p>", "level": 0}, {"value": "<p>By means of a cookie, the information and offers on our website can be optimized with the user in mind. Cookies allow us, as previously mentioned, to recognize our website users. The purpose of this recognition is to make it easier for users to utilize our website. The website user that uses cookies, e.g. does not have to enter access data each time the website is accessed, because this is taken over by the website, and the cookie is thus stored on the user\u2019s computer system. Another example is the cookie of a shopping cart in an online shop. The online store remembers the articles that a customer has placed in the virtual shopping cart via a cookie.</p>", "level": 0}, {"value": "<p>The data subject may, at any time, prevent the setting of cookies through our website by means of a corresponding setting of the Internet browser used, and may thus permanently deny the setting of cookies. Furthermore, already set cookies may be deleted at any time via an Internet browser or other software programs. This is possible in all popular Internet browsers. If the data subject deactivates the setting of cookies in the Internet browser used, not all functions of our website may be entirely usable.</p>", "level": 0}], [{"value": "<h4>4. Collection of general data and information</h4>", "level": 6}, {"value": "<p>The website of Indie Goes Software collects a series of general data and information when a data subject or automated system calls up the website. This general data and information are stored in the server log files. Collected may be (1) the browser types and versions used, (2) the operating system used by the accessing system, (3) the website from which an accessing system reaches our website (so-called referrers), (4) the sub-websites, (5) the date and time of access to the Internet site, (6) an Internet protocol address (IP address), (7) the Internet service provider of the accessing system, and (8) any other similar data and information that may be used in the event of attacks on our information technology systems.</p>", "level": 0}, {"value": "<p>When using these general data and information, Indie Goes Software does not draw any conclusions about the data subject. Rather, this information is needed to (1) deliver the content of our website correctly, (2) optimize the content of our website as well as its advertisement, (3) ensure the long-term viability of our information technology systems and website technology, and (4) provide law enforcement authorities with the information necessary for criminal prosecution in case of a cyber-attack. Therefore, Indie Goes Software anonymously collected data and information statistically, with the aim of increasing the data protection and data security of our enterprise, and to ensure an optimal level of protection for the personal data we process. The anonymous data of the server log files are stored separately from all personal data provided by a data subject.</p>", "level": 0}], [{"value": "<h4>5. Subscription to our newsletters</h4>", "level": 6}, {"value": "<p>On the website of Indie Goes Software, users are given the opportunity to subscribe to our enterprise\u2019s newsletter. The input mask used for this purpose determines what personal data are transmitted, as well as when the newsletter is ordered from the controller.</p>", "level": 0}, {"value": "<p>Indie Goes Software informs its customers and business partners regularly by means of a newsletter about enterprise offers. The enterprise\u2019s newsletter may only be received by the data subject if (1) the data subject has a valid e-mail address and (2) the data subject registers for the newsletter shipping. A confirmation e-mail will be sent to the e-mail address registered by a data subject for the first time for newsletter shipping, for legal reasons. This confirmation e-mail is used to prove whether the owner of the e-mail address as the data subject is authorized to receive the newsletter.</p>", "level": 0}, {"value": "<p>During the registration for the newsletter, we also store the IP address of the computer system assigned by the Internet service provider (ISP) and used by the data subject at the time of the registration, as well as the date and time of the registration. The collection of this data is necessary in order to understand the (possible) misuse of the e-mail address of a data subject at a later date, and it therefore serves the aim of the legal protection of the controller.</p>", "level": 0}, {"value": "<p>The personal data collected as part of a registration for the newsletter will only be used to send our newsletter. In addition, subscribers to the newsletter may be informed by e-mail, as long as this is necessary for the operation of the newsletter service or a registration in question, as this could be the case in the event of modifications to the newsletter offer, or in the event of a change in technical circumstances. There will be no transfer of personal data collected by the newsletter service to third parties. The subscription to our newsletter may be terminated by the data subject at any time. The consent to the storage of personal data, which the data subject has given for shipping the newsletter, may be revoked at any time. For the purpose of revocation of consent, a corresponding link is found in each newsletter. It is also possible to unsubscribe from the newsletter at any time directly on the website of the controller, or to communicate this to the controller in a different way.</p>", "level": 0}], [{"value": "<h4>6. Newsletter-Tracking</h4>", "level": 6}, {"value": "<p>The newsletter of Indie Goes Software contains so-called tracking pixels. A tracking pixel is a miniature graphic embedded in such e-mails, which are sent in HTML format to enable log file recording and analysis. This allows a statistical analysis of the success or failure of online marketing campaigns. Based on the embedded tracking pixel, Indie Goes Software may see if and when an e-mail was opened by a data subject, and which links in the e-mail were called up by data subjects.</p>", "level": 0}, {"value": "<p>Such personal data collected in the tracking pixels contained in the newsletters are stored and analyzed by the controller in order to optimize the shipping of the newsletter, as well as to adapt the content of future newsletters even better to the interests of the data subject. These personal data will not be passed on to third parties.</p>", "level": 0}], [{"value": "<h4>7. Contact possibility via the website</h4>", "level": 6}, {"value": "<p>The website of Indie Goes Software contains information that enables a quick electronic contact to our business, as well as direct communication with us, which also includes a general address of the so-called electronic mail (e-mail address). If a data subject contacts the controller by e-mail or via a contact form, the personal data transmitted by the data subject are automatically stored. Such personal data transmitted on a voluntary basis by a data subject to the data controller are stored for the purpose of processing or contacting the data subject. There is no transfer of this personal data to third parties.</p>", "level": 0}], [{"value": "<h4>8. Usage of unique device IDs for trial periods</h4>", "level": 6}, {"value": "<p>For specific features available in our mobile apps, we may have to determine a unique mobile device ID, and use it to identify a user. This device ID is completely anonymous. There is no transfer of this personal data to third parties. This device ID can be used in two cases:</p>", "level": 0}, {"value": "<p style=\"padding-left: 30px;\">a) To identify a previous purchase, and allow the user to transfer this purchase to another app without having to pay for it again.</p>", "level": 0}, {"value": "<p style=\"padding-left: 30px;\">b) To provide a free trial for some products. Indeed, some of our apps offer users to try them for free, for a limited period of time. Our apps can use a unique device ID, to assign a trial period to a specific user.</p>", "level": 0}], [{"value": "<h4>9. Routine erasure and blocking of personal data</h4>", "level": 6}, {"value": "<p>The data controller shall process and store the personal data of the data subject only for the period necessary to achieve the purpose of storage, or as far as this is granted by the European legislator or other legislators in laws or regulations to which the controller is subject to.</p>", "level": 0}, {"value": "<p>If the storage purpose is not applicable, or if a storage period prescribed by the European legislator or another competent legislator expires, the personal data are routinely blocked or erased in accordance with legal requirements.</p>", "level": 0}], [{"value": "<h4>10. Rights of the data subject</h4>", "level": 6}], [{"value": "<h4 style=\"padding-left: 30px;\">a) Right of confirmation</h4>", "level": 6}, {"value": "<p>Each data subject shall have the right granted by the European legislator to obtain from the controller the confirmation as to whether or not personal data concerning him or her are being processed. If a data subject wishes to avail himself of this right of confirmation, he or she may, at any time, contact any employee of the controller.</p>", "level": 0}], [{"value": "<h4 style=\"padding-left: 30px;\">b) Right of access</h4>", "level": 6}, {"value": "<p>Each data subject shall have the right granted by the European legislator to obtain from the controller free information about his or her personal data stored at any time and a copy of this information. Furthermore, the European directives and regulations grant the data subject access to the following information:</p>", "level": 0}, {"value": "<ul><li>the purposes of the processing;</li><li>the categories of personal data concerned;</li><li>the recipients or categories of recipients to whom the personal data have been or will be disclosed, in particular recipients in third countries or international organisations;</li><li>where possible, the envisaged period for which the personal data will be stored, or, if not possible, the criteria used to determine that period;</li><li>the existence of the right to request from the controller rectification or erasure of personal data, or restriction of processing of personal data concerning the data subject, or to object to such processing;</li><li>the existence of the right to lodge a complaint with a supervisory authority;</li><li>where the personal data are not collected from the data subject, any available information as to their source;</li><li>the existence of automated decision-making, including profiling, referred to in Article 22(1) and (4) of the GDPR and, at least in those cases, meaningful information about the logic involved, as well as the significance and envisaged consequences of such processing for the data subject.</li></ul>", "level": 0}, {"value": "<p>Furthermore, the data subject shall have a right to obtain information as to whether personal data are transferred to a third country or to an international organisation. Where this is the case, the data subject shall have the right to be informed of the appropriate safeguards relating to the transfer.</p>", "level": 0}, {"value": "<p>If a data subject wishes to avail himself of this right of access, he or she may, at any time, contact any employee of the controller.</p>", "level": 0}], [{"value": "<h4 style=\"padding-left: 30px;\">c) Right to rectification</h4>", "level": 6}, {"value": "<p>Each data subject shall have the right granted by the European legislator to obtain from the controller without undue delay the rectification of inaccurate personal data concerning him or her. Taking into account the purposes of the processing, the data subject shall have the right to have incomplete personal data completed, including by means of providing a supplementary statement.</p>", "level": 0}, {"value": "<p>If a data subject wishes to exercise this right to rectification, he or she may, at any time, contact any employee of the controller.</p>", "level": 0}], [{"value": "<h4 style=\"padding-left: 30px;\">d) Right to erasure (Right to be forgotten)</h4>", "level": 6}, {"value": "<p>Each data subject shall have the right granted by the European legislator to obtain from the controller the erasure of personal data concerning him or her without undue delay, and the controller shall have the obligation to erase personal data without undue delay where one of the following grounds applies, as long as the processing is not necessary:</p>", "level": 0}, {"value": "<ul><li>The personal data are no longer necessary in relation to the purposes for which they were collected or otherwise processed.</li><li>The data subject withdraws consent to which the processing is based according to point (a) of Article 6(1) of the GDPR, or point (a) of Article 9(2) of the GDPR, and where there is no other legal ground for the processing.</li><li>The data subject objects to the processing pursuant to Article 21(1) of the GDPR and there are no overriding legitimate grounds for the processing, or the data subject objects to the processing pursuant to Article 21(2) of the GDPR.</li><li>The personal data have been unlawfully processed.</li><li>The personal data must be erased for compliance with a legal obligation in Union or Member State law to which the controller is subject.</li><li>The personal data have been collected in relation to the offer of information society services referred to in Article 8(1) of the GDPR.</li></ul>", "level": 0}, {"value": "<p>If one of the aforementioned reasons applies, and a data subject wishes to request the erasure of personal data stored by Indie Goes Software, he or she may, at any time, contact any employee of the controller. An employee of Indie Goes Software shall promptly ensure that the erasure request is complied with immediately.</p>", "level": 0}, {"value": "<p>Where the controller has made personal data public and is obliged pursuant to Article 17(1) to erase the personal data, the controller, taking account of available technology and the cost of implementation, shall take reasonable steps, including technical measures, to inform other controllers processing the personal data that the data subject has requested erasure by such controllers of any links to, or copy or replication of, those personal data, as far as processing is not required. An employees of Indie Goes Software will arrange the necessary measures in individual cases.</p>", "level": 0}], [{"value": "<h4 style=\"padding-left: 30px;\">e) Right of restriction of processing</h4>", "level": 6}, {"value": "<p>Each data subject shall have the right granted by the European legislator to obtain from the controller restriction of processing where one of the following applies:</p>", "level": 0}, {"value": "<ul><li>The accuracy of the personal data is contested by the data subject, for a period enabling the controller to verify the accuracy of the personal data.</li><li>The processing is unlawful and the data subject opposes the erasure of the personal data and requests instead the restriction of their use instead.</li><li>The controller no longer needs the personal data for the purposes of the processing, but they are required by the data subject for the establishment, exercise or defence of legal claims.</li><li>The data subject has objected to processing pursuant to Article 21(1) of the GDPR pending the verification whether the legitimate grounds of the controller override those of the data subject.</li></ul>", "level": 0}, {"value": "<p>If one of the aforementioned conditions is met, and a data subject wishes to request the restriction of the processing of personal data stored by Indie Goes Software, he or she may at any time contact any employee of the controller. The employee of Indie Goes Software will arrange the restriction of the processing.</p>", "level": 0}], [{"value": "<h4 style=\"padding-left: 30px;\">f) Right to data portability</h4>", "level": 6}, {"value": "<p>Each data subject shall have the right granted by the European legislator, to receive the personal data concerning him or her, which was provided to a controller, in a structured, commonly used and machine-readable format. He or she shall have the right to transmit those data to another controller without hindrance from the controller to which the personal data have been provided, as long as the processing is based on consent pursuant to point (a) of Article 6(1) of the GDPR or point (a) of Article 9(2) of the GDPR, or on a contract pursuant to point (b) of Article 6(1) of the GDPR, and the processing is carried out by automated means, as long as the processing is not necessary for the performance of a task carried out in the public interest or in the exercise of official authority vested in the controller.</p>", "level": 0}, {"value": "<p>Furthermore, in exercising his or her right to data portability pursuant to Article 20(1) of the GDPR, the data subject shall have the right to have personal data transmitted directly from one controller to another, where technically feasible and when doing so does not adversely affect the rights and freedoms of others.</p>", "level": 0}, {"value": "<p>In order to assert the right to data portability, the data subject may at any time contact any employee of Indie Goes Software.</p>", "level": 0}], [{"value": "<h4 style=\"padding-left: 30px;\">g) Right to object</h4>", "level": 6}, {"value": "<p>Each data subject shall have the right granted by the European legislator to object, on grounds relating to his or her particular situation, at any time, to processing of personal data concerning him or her, which is based on point (e) or (f) of Article 6(1) of the GDPR. This also applies to profiling based on these provisions.</p>", "level": 0}, {"value": "<p>Indie Goes Software shall no longer process the personal data in the event of the objection, unless we can demonstrate compelling legitimate grounds for the processing which override the interests, rights and freedoms of the data subject, or for the establishment, exercise or defense of legal claims.</p>", "level": 0}, {"value": "<p>If Indie Goes Software processes personal data for direct marketing purposes, the data subject shall have the right to object at any time to processing of personal data concerning him or her for such marketing. This applies to profiling to the extent that it is related to such direct marketing. If the data subject objects to Indie Goes Software to the processing for direct marketing purposes, Indie Goes Software will no longer process the personal data for these purposes.</p>", "level": 0}, {"value": "<p>In addition, the data subject has the right, on grounds relating to his or her particular situation, to object to processing of personal data concerning him or her by Indie Goes Software for scientific or historical research purposes, or for statistical purposes pursuant to Article 89(1) of the GDPR, unless the processing is necessary for the performance of a task carried out for reasons of public interest.</p>", "level": 0}, {"value": "<p>In order to exercise the right to object, the data subject may contact any employee of Indie Goes Software. In addition, the data subject is free in the context of the use of information society services, and notwithstanding Directive 2002/58/EC, to use his or her right to object by automated means using technical specifications.</p>", "level": 0}], [{"value": "<h4 style=\"padding-left: 30px;\">h) Automated individual decision-making, including profiling</h4>", "level": 6}, {"value": "<p>Each data subject shall have the right granted by the European legislator not to be subject to a decision based solely on automated processing, including profiling, which produces legal effects concerning him or her, or similarly significantly affects him or her, as long as the decision (1) is not is necessary for entering into, or the performance of, a contract between the data subject and a data controller, or (2) is not authorised by Union or Member State law to which the controller is subject and which also lays down suitable measures to safeguard the data subject\u2019s rights and freedoms and legitimate interests, or (3) is not based on the data subject\u2019s explicit consent.</p>", "level": 0}, {"value": "<p>If the decision (1) is necessary for entering into, or the performance of, a contract between the data subject and a data controller, or (2) it is based on the data subject\u2019s explicit consent, Indie Goes Software shall implement suitable measures to safeguard the data subject\u2019s rights and freedoms and legitimate interests, at least the right to obtain human intervention on the part of the controller, to express his or her point of view and contest the decision.</p>", "level": 0}, {"value": "<p>If the data subject wishes to exercise the rights concerning automated individual decision-making, he or she may, at any time, contact any employee of Indie Goes Software.</p>", "level": 0}], [{"value": "<h4 style=\"padding-left: 30px;\">i) Right to withdraw data protection consent</h4>", "level": 6}, {"value": "<p>Each data subject shall have the right granted by the European legislator to withdraw his or her consent to processing of his or her personal data at any time.</p>", "level": 0}, {"value": "<p>If the data subject wishes to exercise the right to withdraw the consent, he or she may, at any time, contact any employee of Indie Goes Software.</p>", "level": 0}], [{"value": "<h4>11. Data protection for applications and the application procedures</h4>", "level": 6}, {"value": "<p>The data controller shall collect and process the personal data of applicants for the purpose of the processing of the application procedure. The processing may also be carried out electronically. This is the case, in particular, if an applicant submits corresponding application documents by e-mail or by means of a web form on the website to the controller. If the data controller concludes an employment contract with an applicant, the submitted data will be stored for the purpose of processing the employment relationship in compliance with legal requirements. If no employment contract is concluded with the applicant by the controller, the application documents shall be automatically erased two months after notification of the refusal decision, provided that no other legitimate interests of the controller are opposed to the erasure. Other legitimate interest in this relation is, e.g. a burden of proof in a procedure under the General Equal Treatment Act (AGG).</p>", "level": 0}], [{"value": "<h4>12. Data protection provisions about the application and use of Facebook</h4>", "level": 6}, {"value": "<p>On this website, the controller has integrated components of the enterprise Facebook. Facebook is a social network.</p>", "level": 0}, {"value": "<p>A social network is a place for social meetings on the Internet, an online community, which usually allows users to communicate with each other and interact in a virtual space. A social network may serve as a platform for the exchange of opinions and experiences, or enable the Internet community to provide personal or business-related information. Facebook allows social network users to include the creation of private profiles, upload photos, and network through friend requests.</p>", "level": 0}, {"value": "<p>The operating company of Facebook is Facebook, Inc., 1 Hacker Way, Menlo Park, CA 94025, United States. If a person lives outside of the United States or Canada, the controller is the Facebook Ireland Ltd., 4 Grand Canal Square, Grand Canal Harbour, Dublin 2, Ireland.</p>", "level": 0}, {"value": "<p>With each call-up to one of the individual pages of this Internet website, which is operated by the controller and into which a Facebook component (Facebook plug-ins) was integrated, the web browser on the information technology system of the data subject is automatically prompted to download display of the corresponding Facebook component from Facebook through the Facebook component. An overview of all the Facebook Plug-ins may be accessed under https://developers.facebook.com/docs/plugins/. During the course of this technical procedure, Facebook is made aware of what specific sub-site of our website was visited by the data subject.</p>", "level": 0}, {"value": "<p>If the data subject is logged in at the same time on Facebook, Facebook detects with every call-up to our website by the data subject\u00e2\u0080\u0094and for the entire duration of their stay on our Internet site\u00e2\u0080\u0094which specific sub-site of our Internet page was visited by the data subject. This information is collected through the Facebook component and associated with the respective Facebook account of the data subject. If the data subject clicks on one of the Facebook buttons integrated into our website, e.g. the \u201cLike\u201d button, or if the data subject submits a comment, then Facebook matches this information with the personal Facebook user account of the data subject and stores the personal data.</p>", "level": 0}, {"value": "<p>Facebook always receives, through the Facebook component, information about a visit to our website by the data subject, whenever the data subject is logged in at the same time on Facebook during the time of the call-up to our website. This occurs regardless of whether the data subject clicks on the Facebook component or not. If such a transmission of information to Facebook is not desirable for the data subject, then he or she may prevent this by logging off from their Facebook account before a call-up to our website is made.</p>", "level": 0}, {"value": "<p>The data protection guideline published by Facebook, which is available at https://facebook.com/about/privacy/, provides information about the collection, processing and use of personal data by Facebook. In addition, it is explained there what setting options Facebook offers to protect the privacy of the data subject. In addition, different configuration options are made available to allow the elimination of data transmission to Facebook. These applications may be used by the data subject to eliminate a data transmission to Facebook.</p>", "level": 0}], [{"value": "<h4>13. Data protection provisions about the application and use of Google Analytics (with anonymization function)</h4>", "level": 6}, {"value": "<p>On this website, the controller has integrated the component of Google Analytics (with the anonymizer function). Google Analytics is a web analytics service. Web analytics is the collection, gathering, and analysis of data about the behavior of visitors to websites. A web analysis service collects, inter alia, data about the website from which a person has come (the so-called referrer), which sub-pages were visited, or how often and for what duration a sub-page was viewed. Web analytics are mainly used for the optimization of a website and in order to carry out a cost-benefit analysis of Internet advertising.</p>", "level": 0}, {"value": "<p>The operator of the Google Analytics component is Google Inc., 1600 Amphitheatre Pkwy, Mountain View, CA 94043-1351, United States.</p>", "level": 0}, {"value": "<p>For the web analytics through Google Analytics the controller uses the application \u201c_gat. _anonymizeIp\u201d. By means of this application the IP address of the Internet connection of the data subject is abridged by Google and anonymised when accessing our websites from a Member State of the European Union or another Contracting State to the Agreement on the European Economic Area.</p>", "level": 0}, {"value": "<p>The purpose of the Google Analytics component is to analyze the traffic on our website. Google uses the collected data and information, inter alia, to evaluate the use of our website and to provide online reports, which show the activities on our websites, and to provide other services concerning the use of our Internet site for us.</p>", "level": 0}, {"value": "<p>Google Analytics places a cookie on the information technology system of the data subject. The definition of cookies is explained above. With the setting of the cookie, Google is enabled to analyze the use of our website. With each call-up to one of the individual pages of this Internet site, which is operated by the controller and into which a Google Analytics component was integrated, the Internet browser on the information technology system of the data subject will automatically submit data through the Google Analytics component for the purpose of online advertising and the settlement of commissions to Google. During the course of this technical procedure, the enterprise Google gains knowledge of personal information, such as the IP address of the data subject, which serves Google, inter alia, to understand the origin of visitors and clicks, and subsequently create commission settlements.</p>", "level": 0}, {"value": "<p>The cookie is used to store personal information, such as the access time, the location from which the access was made, and the frequency of visits of our website by the data subject. With each visit to our Internet site, such personal data, including the IP address of the Internet access used by the data subject, will be transmitted to Google in the United States of America. These personal data are stored by Google in the United States of America. Google may pass these personal data collected through the technical procedure to third parties.</p>", "level": 0}, {"value": "<p>The data subject may, as stated above, prevent the setting of cookies through our website at any time by means of a corresponding adjustment of the web browser used and thus permanently deny the setting of cookies. Such an adjustment to the Internet browser used would also prevent Google Analytics from setting a cookie on the information technology system of the data subject. In addition, cookies already in use by Google Analytics may be deleted at any time via a web browser or other software programs.</p>", "level": 0}, {"value": "<p>In addition, the data subject has the possibility of objecting to a collection of data that are generated by Google Analytics, which is related to the use of this website, as well as the processing of this data by Google and the chance to preclude any such. For this purpose, the data subject must download a browser add-on under the link https://tools.google.com/dlpage/gaoptout and install it. This browser add-on tells Google Analytics through a JavaScript, that any data and information about the visits of Internet pages may not be transmitted to Google Analytics. The installation of the browser add-ons is considered an objection by Google. If the information technology system of the data subject is later deleted, formatted, or newly installed, then the data subject must reinstall the browser add-ons to disable Google Analytics. If the browser add-on was uninstalled by the data subject or any other person who is attributable to their sphere of competence, or is disabled, it is possible to execute the reinstallation or reactivation of the browser add-ons.</p>", "level": 0}, {"value": "<p>Further information and the applicable data protection provisions of Google may be retrieved under https://www.google.com/intl/en/policies/privacy/ and under http://www.google.com/analytics/terms/us.html. Google Analytics is further explained under the following Link https://www.google.com/analytics/.</p>", "level": 0}], [{"value": "<h4>14. Data protection provisions about the application and use of Google Remarketing</h4>", "level": 6}, {"value": "<p>On this website, the controller has integrated Google Remarketing services. Google Remarketing is a feature of Google AdWords, which allows an enterprise to display advertising to Internet users who have previously resided on the enterprise\u2019s Internet site. The integration of Google Remarketing therefore allows an enterprise to create user-based advertising and thus shows relevant advertisements to interested Internet users.</p>", "level": 0}, {"value": "<p>The operating company of the Google Remarketing services is the Google Inc., 1600 Amphitheatre Pkwy, Mountain View, CA 94043-1351, United States.</p>", "level": 0}, {"value": "<p>The purpose of Google Remarketing is the insertion of interest-relevant advertising. Google Remarketing allows us to display ads on the Google network or on other websites, which are based on individual needs and matched to the interests of Internet users.</p>", "level": 0}, {"value": "<p>Google Remarketing sets a cookie on the information technology system of the data subject. The definition of cookies is explained above. With the setting of the cookie, Google enables a recognition of the visitor of our website if he calls up consecutive web pages, which are also a member of the Google advertising network. With each call-up to an Internet site on which the service has been integrated by Google Remarketing, the web browser of the data subject identifies automatically with Google. During the course of this technical procedure, Google receives personal information, such as the IP address or the surfing behaviour of the user, which Google uses, inter alia, for the insertion of interest relevant advertising.</p>", "level": 0}, {"value": "<p>The cookie is used to store personal information, e.g. the Internet pages visited by the data subject. Each time we visit our Internet pages, personal data, including the IP address of the Internet access used by the data subject, is transmitted to Google in the United States of America. These personal data are stored by Google in the United States of America. Google may pass these personal data collected through the technical procedure to third parties.</p>", "level": 0}, {"value": "<p>The data subject may, as stated above, prevent the setting of cookies through our website at any time by means of a corresponding adjustment of the web browser used and thus permanently deny the setting of cookies. Such an adjustment to the Internet browser used would also prevent Google from setting a cookie on the information technology system of the data subject. In addition, cookies already in use by Google may be deleted at any time via a web browser or other software programs.</p>", "level": 0}, {"value": "<p>In addition, the data subject has the possibility of objecting to the interest-based advertising by Google. For this purpose, the data subject must call up the link to www.google.de/settings/ads and make the desired settings on each Internet browser used by the data subject.</p>", "level": 0}, {"value": "<p>Further information and the actual data protection provisions of Google may be retrieved under https://www.google.com/intl/en/policies/privacy/.</p>", "level": 0}], [{"value": "<h4>15. Legal basis for the processing</h4>", "level": 6}, {"value": "<p>Art. 6(1) lit. a GDPR serves as the legal basis for processing operations for which we obtain consent for a specific processing purpose. If the processing of personal data is necessary for the performance of a contract to which the data subject is party, as is the case, for example, when processing operations are necessary for the supply of goods or to provide any other service, the processing is based on Article 6(1) lit. b GDPR. The same applies to such processing operations which are necessary for carrying out pre-contractual measures, for example in the case of inquiries concerning our products or services. Is our company subject to a legal obligation by which processing of personal data is required, such as for the fulfillment of tax obligations, the processing is based on Art. 6(1) lit. c GDPR. In rare cases, the processing of personal data may be necessary to protect the vital interests of the data subject or of another natural person. This would be the case, for example, if a visitor were injured in our company and his name, age, health insurance data or other vital information would have to be passed on to a doctor, hospital or other third party. Then the processing would be based on Art. 6(1) lit. d GDPR. Finally, processing operations could be based on Article 6(1) lit. f GDPR. This legal basis is used for processing operations which are not covered by any of the abovementioned legal grounds, if processing is necessary for the purposes of the legitimate interests pursued by our company or by a third party, except where such interests are overridden by the interests or fundamental rights and freedoms of the data subject which require protection of personal data. Such processing operations are particularly permissible because they have been specifically mentioned by the European legislator. He considered that a legitimate interest could be assumed if the data subject is a client of the controller (Recital 47 Sentence 2 GDPR).</p>", "level": 0}], [{"value": "<h4>16. The legitimate interests pursued by the controller or by a third party</h4>", "level": 6}, {"value": "<p>Where the processing of personal data is based on Article 6(1) lit. f GDPR our legitimate interest is to carry out our business in favor of the well-being of all our employees and the shareholders.</p>", "level": 0}], [{"value": "<h4>17. Period for which the personal data will be stored</h4>", "level": 6}, {"value": "<p>The criteria used to determine the period of storage of personal data is the respective statutory retention period. After expiration of that period, the corresponding data is routinely deleted, as long as it is no longer necessary for the fulfillment of the contract or the initiation of a contract.</p>", "level": 0}], [{"value": "<h4>18. Provision of personal data as statutory or contractual requirement; Requirement necessary to enter into a contract; Obligation of the data subject to provide the personal data; possible consequences of failure to provide such data</h4>", "level": 6}, {"value": "<p>We clarify that the provision of personal data is partly required by law (e.g. tax regulations) or can also result from contractual provisions (e.g. information on the contractual partner). Sometimes it may be necessary to conclude a contract that the data subject provides us with personal data, which must subsequently be processed by us. The data subject is, for example, obliged to provide us with personal data when our company signs a contract with him or her. The non-provision of the personal data would have the consequence that the contract with the data subject could not be concluded. Before personal data is provided by the data subject, the data subject must contact any employee. The employee clarifies to the data subject whether the provision of the personal data is required by law or contract or is necessary for the conclusion of the contract, whether there is an obligation to provide the personal data and the consequences of non-provision of the personal data.</p>", "level": 0}], [{"value": "<h4>19. Existence of automated decision-making</h4>", "level": 6}, {"value": "<p>As a responsible business, we do not use automatic decision-making or profiling.</p>", "level": 0}, {"value": "<div class=\"widgetwrap\"><div class=\"widget widget_text\" id=\"text-6\"><div class=\"textwidget\"><div class=\"social-icons\"><table cellpadding=\"0\" cellspacing=\"0\"><tr><td valign=\"top\" width=\"73px\"><a href=\"https://www.facebook.com/indie.goes.apps\" target=\"_blank\" title=\"Facebook\"><img class=\"align-right\" src=\"/wp-content/themes/itheme2/themify/img/social/facebook.png\"/></a> <a href=\"https://www.twitter.com/indiegoes\" target=\"_blank\" title=\"Twitter\"><img class=\"align-right\" src=\"/wp-content/themes/itheme2/themify/img/social/twitter.png\"/></a></td><td valign=\"top\">\n<span style=\"font-size:12px;font-weight:bold;line-height:16px\">Follow us on Facebook and Twitter, and get daily readings!</span></td></tr></table></div></div></div></div>", "level": 0}, {"value": "<div class=\"widget widget_newsletterwidgetminimal\" id=\"newsletterwidgetminimal-2\"><h4 class=\"widgettitle\">Subscribe to our newsletter for latest Indie Goes news and deals!</h4><div class=\"tnp tnp-widget-minimal\"><form action=\"https://www.indie-goes.com/?na=s\" class=\"tnp-form\" method=\"post\" onsubmit=\"return newsletter_check(this)\"><input name=\"nr\" type=\"hidden\" value=\"widget-minimal\"/><input class=\"tnp-email\" name=\"ne\" placeholder=\"Email\" required=\"\" type=\"email\" value=\"\"/><input class=\"tnp-submit\" type=\"submit\" value=\"Register\"/></form></div></div>", "level": 0}], [{"value": "<h4 class=\"widgettitle\">Subscribe to our newsletter for latest Indie Goes news and deals!</h4>", "level": 6}, {"value": "<div class=\"widget widget_text\" id=\"text-34\"><h4 class=\"widgettitle\">Indie Goes Oracle Cards app</h4><div class=\"textwidget\"><p><a href=\"https://www.indie-goes.com/indieoracle-cards-mobile-app-iphone-ipad-android-amazon/\"> <img align=\"left\" src=\"/apps/decksportal/PromoThumb.jpg\" style=\"margin-right: 10px; padding-bottom: 3px; border: 1px solid #CCCCCC;\"/></a>Discover a large and ever-growing collection of oracle decks. Get unlimited access to each deck for 7 days, for free!<br/>\n<a href=\"https://www.indie-goes.com/indieoracle-cards-mobile-app-iphone-ipad-android-amazon/\"> READ MORE\u2026</a></p></div></div>", "level": 0}], [{"value": "<h4 class=\"widgettitle\">Indie Goes Oracle Cards app</h4>", "level": 6}, {"value": "<div class=\"textwidget\"><p><a href=\"https://www.indie-goes.com/indieoracle-cards-mobile-app-iphone-ipad-android-amazon/\"> <img align=\"left\" src=\"/apps/decksportal/PromoThumb.jpg\" style=\"margin-right: 10px; padding-bottom: 3px; border: 1px solid #CCCCCC;\"/></a>Discover a large and ever-growing collection of oracle decks. Get unlimited access to each deck for 7 days, for free!<br/>\n<a href=\"https://www.indie-goes.com/indieoracle-cards-mobile-app-iphone-ipad-android-amazon/\"> READ MORE\u2026</a></p></div>", "level": 0}, {"value": "<div class=\"widget widget_text\" id=\"text-27\"><h4 class=\"widgettitle\">Discover all our amazing apps!</h4><div class=\"textwidget\"><div class=\"ml-slider-3-8-1 metaslider metaslider-responsive metaslider-3251 ml-slider\" style=\"width: 100%;\"><div id=\"metaslider_container_3251\"><ul class=\"rslides\" id=\"metaslider_3251\"><li><a href=\"https://www.indie-goes.com/vibrational-energy-oracle-cards-mobile-app-iphone-ipad-android/\" target=\"_self\"><img alt=\"\" class=\"slider-3251 slide-496\" height=\"375\" src=\"https://www.indie-goes.com/wp-content/uploads/2013/10/promobig-250x375.jpg\" width=\"250\"/><div class=\"caption-wrap\"><div class=\"caption\">The Vibrational Energy Oracle Deck presents down to earth explanations and guidance. Its simplicity allows anyone using them to get answers to daily issues on life.</div></div></a></li><li style=\"display: none;\"><a href=\"https://www.indie-goes.com/visionary-i-ching\" target=\"_self\"><img alt=\"\" class=\"slider-3251 slide-283\" height=\"375\" src=\"https://www.indie-goes.com/wp-content/uploads/2013/01/promobig-250x375.jpg\" width=\"250\"/><div class=\"caption-wrap\"><div class=\"caption\">Life is about change. Success and happiness result from how well you manage the changes in your life. The I Ching, is a sophisticated divination system that will help you make better decisions.</div></div></a></li><li style=\"display: none;\"><a href=\"https://www.indie-goes.com/john-calis-messages-from-spirit/\" target=\"_self\"><img alt=\"\" class=\"slider-3251 slide-407\" height=\"375\" src=\"https://www.indie-goes.com/wp-content/uploads/2012/08/Promo1-250x375.jpg\" width=\"250\"/><div class=\"caption-wrap\"><div class=\"caption\">How can we communicate with our spirit guides? That's a question we get asked often. It's also the focus of our new mobile application, \"Messages from Spirit\".</div></div></a></li><li style=\"display: none;\"><a href=\"https://www.indie-goes.com/fairy-tales-oracle-cards-mobile-app-iphone-ipad-android-amazon/\" target=\"_self\"><img alt=\"\" class=\"slider-3251 slide-2594\" height=\"375\" src=\"https://www.indie-goes.com/wp-content/uploads/2014/08/promobig-250x375.jpg\" width=\"250\"/><div class=\"caption-wrap\"><div class=\"caption\">Explore the wonderful world of fairy tales and archetypes, and find your own inner guidance with the Fairy Tales Oracle Cards.</div></div></a></li><li style=\"display: none;\"><a href=\"https://www.indie-goes.com/floramations-oracle-cards-mobile-app-iphone-ipad-android/\" target=\"_self\"><img alt=\"\" class=\"slider-3251 slide-803\" height=\"375\" src=\"https://www.indie-goes.com/wp-content/uploads/2014/04/promobig-250x375.jpg\" width=\"250\"/><div class=\"caption-wrap\"><div class=\"caption\">The Floramations Oracle Card Deck brings you 44 cards, combining the love of Mother Nature and Messages from Spirit. Joining the two worlds together to work as one.</div></div></a></li><li style=\"display: none;\"><a href=\"https://www.indie-goes.com/soul-wisdom-oracle-cards-mobile-app-iphone-ipad-android-amazon/\" target=\"_self\"><img alt=\"\" class=\"slider-3251 slide-3312\" height=\"375\" src=\"https://www.indie-goes.com/wp-content/uploads/2016/01/promobig-250x375.jpg\" width=\"250\"/><div class=\"caption-wrap\"><div class=\"caption\">The Soul Wisdom Oracle Cards are designed to guide you into a deeper understanding of truth and encourage you to see with a broader vision.</div></div></a></li><li style=\"display: none;\"><a href=\"https://www.indie-goes.com/sea-whispers-oracle-cards-mobile-app-for-iphone-ipad-and-android-amazon/\" target=\"_self\"><img alt=\"\" class=\"slider-3251 slide-3369\" height=\"375\" src=\"https://www.indie-goes.com/wp-content/uploads/2016/04/promobig-250x375.jpg\" width=\"250\"/><div class=\"caption-wrap\"><div class=\"caption\">The Sea Whispers Oracle encourages you to dive deep into your intuition, and  offers guidance and insight into your present circumstances and future outcomes.</div></div></a></li><li style=\"display: none;\"><a href=\"https://www.indie-goes.com/guiding-light-oracle-cards-mobile-app-for-iphone-ipad-and-android-amazon/\" target=\"_self\"><img alt=\"\" class=\"slider-3251 slide-2991\" height=\"375\" src=\"https://www.indie-goes.com/wp-content/uploads/2015/06/promobig-250x375.jpg\" width=\"250\"/><div class=\"caption-wrap\"><div class=\"caption\">The Guiding Light Oracle cards are designed to take you deep into the hidden areas of your psyche, helping you to see the bigger picture more than ever before.</div></div></a></li><li style=\"display: none;\"><a href=\"https://www.indie-goes.com/vibrational-earth-children-oracle-cards-mobile-app-for-iphone-ipad-and-android-amazon/\" target=\"_self\"><img alt=\"\" class=\"slider-3251 slide-3167\" height=\"375\" src=\"https://www.indie-goes.com/wp-content/uploads/2015/10/promobig-250x375.jpg\" width=\"250\"/><div class=\"caption-wrap\"><div class=\"caption\">The Vibrational Earth Children Oracle Deck offers children from 8+ years, the opportunity to discover a connection with positive messages &amp; guidance.</div></div></a></li><li style=\"display: none;\"><a href=\"https://www.indie-goes.com/quotes-living-mobile-app-iphone-ipad-android-amazon/\" target=\"_self\"><img alt=\"\" class=\"slider-3251 slide-2842\" height=\"375\" src=\"https://www.indie-goes.com/wp-content/uploads/2015/02/promobig-250x375.jpg\" width=\"250\"/><div class=\"caption-wrap\"><div class=\"caption\">Happiness In Your Life is a wonderful oracle and meditation tool based on the \u00e2\u0080\u009cQuotes About Living\u00e2\u0080\u009d book, by Doe Zantamata.</div></div></a></li><li style=\"display: none;\"><a href=\"https://www.indie-goes.com/archangel-michael-sword-shield-oracle-cards-mobile-app-for-iphone-ipad-and-android-kindle-fire/\" target=\"_self\"><img alt=\"\" class=\"slider-3251 slide-3254\" height=\"375\" src=\"https://www.indie-goes.com/wp-content/uploads/2015/12/promobig-250x375.jpg\" width=\"250\"/><div class=\"caption-wrap\"><div class=\"caption\">The Archangel Michael Sword &amp; Shield Oracle by Michelle Newton takes you on a journey through the four suits of the Archangelic Sacred Circle of Protection.</div></div></a></li><li style=\"display: none;\"><a href=\"https://www.indie-goes.com/indieoracle-cards-mobile-app-iphone-ipad/\" target=\"_self\"><img alt=\"\" class=\"slider-3251 slide-3825\" height=\"375\" src=\"https://www.indie-goes.com/wp-content/uploads/2018/02/promobig-250x375.jpg\" width=\"250\"/><div class=\"caption-wrap\"><div class=\"caption\">Discover a large and ever-growing collection of oracle decks. Get unlimited access to each deck for 7 days, for free!</div></div></a></li><li style=\"display: none;\"><a href=\"https://www.indie-goes.com/angel-staircase-guided-meditations-mobile-app-iphone-ipad-android-amazon/\" target=\"_self\"><img alt=\"\" class=\"slider-3251 slide-891\" height=\"375\" src=\"https://www.indie-goes.com/wp-content/uploads/2014/06/promobig-250x375.jpg\" width=\"250\"/><div class=\"caption-wrap\"><div class=\"caption\">Michelle Newton from AOK Angels welcomes you to her exquisite series of guided meditations in a series titled \u00e2\u0080\u009cThe Angel Staircase\u00e2\u0080\u009d.</div></div></a></li><li style=\"display: none;\"><a href=\"https://www.indie-goes.com/spiritual-coaching-meditations-mobile-app-iphone-ipad-android-amazon/\" target=\"_self\"><img alt=\"\" class=\"slider-3251 slide-3768\" height=\"375\" src=\"https://www.indie-goes.com/wp-content/uploads/2017/07/promobig-250x375.jpg\" width=\"250\"/><div class=\"caption-wrap\"><div class=\"caption\">This spiritual coaching app is a combination of meditations and hypnosis sessions, all designed to help you re-program your subconscious mind to help you live life to the fullest.</div></div></a></li><li style=\"display: none;\"><a href=\"https://www.indie-goes.com/spirit-animal-oracle-cards-mobile-app-iphone-ipad-android-amazon/\" target=\"_self\"><img alt=\"\" class=\"slider-3251 slide-3489\" height=\"375\" src=\"https://www.indie-goes.com/wp-content/uploads/2016/08/promobig-250x375.jpg\" width=\"250\"/><div class=\"caption-wrap\"><div class=\"caption\">Call upon animal spirits for guidance and advice with this amazing oracle deck!</div></div></a></li><li style=\"display: none;\"><a href=\"https://www.indie-goes.com/intuitive-mandala-oracle-cards-mobile-app-iphone-ipad-android-amazon/\" target=\"_self\"><img alt=\"\" class=\"slider-3251 slide-2656\" height=\"375\" src=\"https://www.indie-goes.com/wp-content/uploads/2014/10/promobig-250x375.jpg\" width=\"250\"/><div class=\"caption-wrap\"><div class=\"caption\">The Intuitive Crystal Mandala is a 40 card oracle deck created using healing infused crystals. Each card holds the Divine energy of powerful crystal grids and then is magnified into mandala patterns.</div></div></a></li><li style=\"display: none;\"><a href=\"https://www.indie-goes.com/john-calis-spirit-oracle-cards\" target=\"_self\"><img alt=\"\" class=\"slider-3251 slide-196\" height=\"375\" src=\"https://www.indie-goes.com/wp-content/uploads/2012/08/promo1-250x375.jpg\" width=\"250\"/><div class=\"caption-wrap\"><div class=\"caption\">Discover the Spirit Oracle Cards mobile application for your device! A beautiful deck of 44 cards that can give you insights into your daily life issues.</div></div></a></li><li style=\"display: none;\"><a href=\"https://www.indie-goes.com/beyond-affirmations-body-wants-hear-mobile-app-iphone-ipad-android/\" target=\"_self\"><img alt=\"\" class=\"slider-3251 slide-663\" height=\"375\" src=\"https://www.indie-goes.com/wp-content/uploads/2014/01/promobig-250x375.jpg\" width=\"250\"/><div class=\"caption-wrap\"><div class=\"caption\">Beyond Affirmations guided meditations offer you a simple and safe way to take care of your physical, emotional and spiritual health and well-being.</div></div></a></li><li style=\"display: none;\"><a href=\"https://www.indie-goes.com/crystal-wind-oracle-cards/\" target=\"_self\"><img alt=\"\" class=\"slider-3251 slide-374\" height=\"375\" src=\"https://www.indie-goes.com/wp-content/uploads/2012/08/Promo-250x375.jpg\" width=\"250\"/><div class=\"caption-wrap\"><div class=\"caption\">Check our best selling app out, now with extra new features: the Crystal Oracle Cards mobile application for your iPhone / iPad and Android device!</div></div></a></li><li style=\"display: none;\"><a href=\"https://www.indie-goes.com/angel-feather-oracle-cards-mobile-app-for-iphone-ipad-android/\" target=\"_self\"><img alt=\"\" class=\"slider-3251 slide-3255\" height=\"375\" src=\"https://www.indie-goes.com/wp-content/uploads/2015/12/promobig1-250x375.jpg\" width=\"250\"/><div class=\"caption-wrap\"><div class=\"caption\">The Angel Feather Oracle Card Deck brings you 44 different coloured feathers along with associated messages from your Angels.</div></div></a></li><li style=\"display: none;\"><a href=\"https://www.indie-goes.com/intuitive-life-coaching-oracle-cards/\" target=\"_self\"><img alt=\"\" class=\"slider-3251 slide-404\" height=\"375\" src=\"https://www.indie-goes.com/wp-content/uploads/2013/06/promobig-250x375.jpg\" width=\"250\"/><div class=\"caption-wrap\"><div class=\"caption\">Intuitive Life Coaching Oracle Cards offer you guidance in regard to any daily issue or emotional challenge you may be facing.</div></div></a></li><li style=\"display: none;\"><a href=\"https://www.indie-goes.com/self-love-oracle-cards-mobile-app-iphone-ipad-android-amazon/\" target=\"_self\"><img alt=\"\" class=\"slider-3251 slide-3682\" height=\"375\" src=\"https://www.indie-goes.com/wp-content/uploads/2017/02/promobig-250x375.jpg\" width=\"250\"/><div class=\"caption-wrap\"><div class=\"caption\">On every spiritual journey, the biggest lesson may be how to love yourself, your gifts, and your challenges.</div></div></a></li><li style=\"display: none;\"><a href=\"https://www.indie-goes.com/release-heal-transform-guided-meditations-mobile-app-for-iphone-ipad-and-android-amazon/\" target=\"_self\"><img alt=\"\" class=\"slider-3251 slide-3044\" height=\"375\" src=\"https://www.indie-goes.com/wp-content/uploads/2015/07/promobig-250x375.jpg\" width=\"250\"/><div class=\"caption-wrap\"><div class=\"caption\">Beyond Affirmations: Release, Heal &amp; Transform meditations are designed to help you release the painful energies of anger, blame, fear, guilt, jealousy and shame. Leaving you feeling peaceful and empowered.</div></div></a></li><li style=\"display: none;\"><a href=\"https://www.indie-goes.com/ask-angels-oracle-cards-mobile-app-iphone-ipad-android-amazon/\" target=\"_self\"><img alt=\"\" class=\"slider-3251 slide-913\" height=\"375\" src=\"https://www.indie-goes.com/wp-content/uploads/2014/07/promobig-250x375.jpg\" width=\"250\"/><div class=\"caption-wrap\"><div class=\"caption\">The angel messages found within the Ask Angels Oracle App will help you to lift in love to connect with the guidance, healing, and wisdom of the angels.</div></div></a></li><li style=\"display: none;\"><a href=\"https://www.indie-goes.com/mystical-oracle-cards-mobile-app-for-iphone-ipad-and-android-amazon/\" target=\"_self\"><img alt=\"\" class=\"slider-3251 slide-3122\" height=\"375\" src=\"https://www.indie-goes.com/wp-content/uploads/2015/08/promobig-250x375.jpg\" width=\"250\"/><div class=\"caption-wrap\"><div class=\"caption\">The Mystical Oracle Cards are a form of divination inspired by the Gods, Goddesses, Angels or Spirit Guides. They offer prophetic predictions or guidance for the now and the future.</div></div></a></li><li style=\"display: none;\"><a href=\"https://www.indie-goes.com/goddess-enchantment-oracle-cards-mobile-app-for-iphone-ipad-and-android-amazon/\" target=\"_self\"><img alt=\"\" class=\"slider-3251 slide-3219\" height=\"375\" src=\"https://www.indie-goes.com/wp-content/uploads/2015/11/promobig-250x375.jpg\" width=\"250\"/><div class=\"caption-wrap\"><div class=\"caption\">The Goddess Enchantment Oracle Deck offers divine guidance from the ancient Goddesses, enabling you to ask questions, assess your current situation and navigate your way forward to a positive outcome.</div></div></a></li><li style=\"display: none;\"><a href=\"https://www.indie-goes.com/joy-sorrow-oracle-cards-mobile-app-iphone-ipad-android-amazon/\" target=\"_self\"><img alt=\"\" class=\"slider-3251 slide-3727\" height=\"375\" src=\"https://www.indie-goes.com/wp-content/uploads/2017/04/promobig-250x375.jpg\" width=\"250\"/><div class=\"caption-wrap\"><div class=\"caption\">The Joy &amp; Sorrow Oracle, created by Roxi Sim Hermsen, offers a moment\u00e2\u0080\u0099s peace, a moment\u00e2\u0080\u0099s distraction, a moment\u00e2\u0080\u0099s grace. It was created to help those dealing with the pain of loss and trauma.</div></div></a></li><li style=\"display: none;\"><a href=\"https://www.indie-goes.com/wisdom-within-oracle-cards-mobile-app-iphone-ipad-android-amazon/\" target=\"_self\"><img alt=\"\" class=\"slider-3251 slide-2765\" height=\"375\" src=\"https://www.indie-goes.com/wp-content/uploads/2015/01/promobig-250x375.jpg\" width=\"250\"/><div class=\"caption-wrap\"><div class=\"caption\">The Wisdom Within Oracle Cards are designed to uplift, inspire, and empower you to remember the very best in yourself and to open the floodgates of wisdom, light, and joy within you.</div></div></a></li><li style=\"display: none;\"><a href=\"https://www.indie-goes.com/ancient-wisdom-oracle-cards-mobile-app-iphone-ipad-android/\" target=\"_self\"><img alt=\"\" class=\"slider-3251 slide-742\" height=\"375\" src=\"https://www.indie-goes.com/wp-content/uploads/2014/02/promobig-250x375.jpg\" width=\"250\"/><div class=\"caption-wrap\"><div class=\"caption\">Enter a world of enchantment and myth with Tiffany Toland-Scott\u00e2\u0080\u0099s Ancient Wisdom Oracle Deck. This deck includes 60 fully-illustrated cards featuring Tiffany\u00e2\u0080\u0099s goddess, fairy, witch, and mermaid art.</div></div></a></li></ul></div></div></div></div>", "level": 0}], [{"value": "<h4 class=\"widgettitle\">Discover all our amazing apps!</h4>", "level": 6}, {"value": "<div class=\"textwidget\"><div class=\"ml-slider-3-8-1 metaslider metaslider-responsive metaslider-3251 ml-slider\" style=\"width: 100%;\"><div id=\"metaslider_container_3251\"><ul class=\"rslides\" id=\"metaslider_3251\"><li><a href=\"https://www.indie-goes.com/vibrational-energy-oracle-cards-mobile-app-iphone-ipad-android/\" target=\"_self\"><img alt=\"\" class=\"slider-3251 slide-496\" height=\"375\" src=\"https://www.indie-goes.com/wp-content/uploads/2013/10/promobig-250x375.jpg\" width=\"250\"/><div class=\"caption-wrap\"><div class=\"caption\">The Vibrational Energy Oracle Deck presents down to earth explanations and guidance. Its simplicity allows anyone using them to get answers to daily issues on life.</div></div></a></li><li style=\"display: none;\"><a href=\"https://www.indie-goes.com/visionary-i-ching\" target=\"_self\"><img alt=\"\" class=\"slider-3251 slide-283\" height=\"375\" src=\"https://www.indie-goes.com/wp-content/uploads/2013/01/promobig-250x375.jpg\" width=\"250\"/><div class=\"caption-wrap\"><div class=\"caption\">Life is about change. Success and happiness result from how well you manage the changes in your life. The I Ching, is a sophisticated divination system that will help you make better decisions.</div></div></a></li><li style=\"display: none;\"><a href=\"https://www.indie-goes.com/john-calis-messages-from-spirit/\" target=\"_self\"><img alt=\"\" class=\"slider-3251 slide-407\" height=\"375\" src=\"https://www.indie-goes.com/wp-content/uploads/2012/08/Promo1-250x375.jpg\" width=\"250\"/><div class=\"caption-wrap\"><div class=\"caption\">How can we communicate with our spirit guides? That's a question we get asked often. It's also the focus of our new mobile application, \"Messages from Spirit\".</div></div></a></li><li style=\"display: none;\"><a href=\"https://www.indie-goes.com/fairy-tales-oracle-cards-mobile-app-iphone-ipad-android-amazon/\" target=\"_self\"><img alt=\"\" class=\"slider-3251 slide-2594\" height=\"375\" src=\"https://www.indie-goes.com/wp-content/uploads/2014/08/promobig-250x375.jpg\" width=\"250\"/><div class=\"caption-wrap\"><div class=\"caption\">Explore the wonderful world of fairy tales and archetypes, and find your own inner guidance with the Fairy Tales Oracle Cards.</div></div></a></li><li style=\"display: none;\"><a href=\"https://www.indie-goes.com/floramations-oracle-cards-mobile-app-iphone-ipad-android/\" target=\"_self\"><img alt=\"\" class=\"slider-3251 slide-803\" height=\"375\" src=\"https://www.indie-goes.com/wp-content/uploads/2014/04/promobig-250x375.jpg\" width=\"250\"/><div class=\"caption-wrap\"><div class=\"caption\">The Floramations Oracle Card Deck brings you 44 cards, combining the love of Mother Nature and Messages from Spirit. Joining the two worlds together to work as one.</div></div></a></li><li style=\"display: none;\"><a href=\"https://www.indie-goes.com/soul-wisdom-oracle-cards-mobile-app-iphone-ipad-android-amazon/\" target=\"_self\"><img alt=\"\" class=\"slider-3251 slide-3312\" height=\"375\" src=\"https://www.indie-goes.com/wp-content/uploads/2016/01/promobig-250x375.jpg\" width=\"250\"/><div class=\"caption-wrap\"><div class=\"caption\">The Soul Wisdom Oracle Cards are designed to guide you into a deeper understanding of truth and encourage you to see with a broader vision.</div></div></a></li><li style=\"display: none;\"><a href=\"https://www.indie-goes.com/sea-whispers-oracle-cards-mobile-app-for-iphone-ipad-and-android-amazon/\" target=\"_self\"><img alt=\"\" class=\"slider-3251 slide-3369\" height=\"375\" src=\"https://www.indie-goes.com/wp-content/uploads/2016/04/promobig-250x375.jpg\" width=\"250\"/><div class=\"caption-wrap\"><div class=\"caption\">The Sea Whispers Oracle encourages you to dive deep into your intuition, and  offers guidance and insight into your present circumstances and future outcomes.</div></div></a></li><li style=\"display: none;\"><a href=\"https://www.indie-goes.com/guiding-light-oracle-cards-mobile-app-for-iphone-ipad-and-android-amazon/\" target=\"_self\"><img alt=\"\" class=\"slider-3251 slide-2991\" height=\"375\" src=\"https://www.indie-goes.com/wp-content/uploads/2015/06/promobig-250x375.jpg\" width=\"250\"/><div class=\"caption-wrap\"><div class=\"caption\">The Guiding Light Oracle cards are designed to take you deep into the hidden areas of your psyche, helping you to see the bigger picture more than ever before.</div></div></a></li><li style=\"display: none;\"><a href=\"https://www.indie-goes.com/vibrational-earth-children-oracle-cards-mobile-app-for-iphone-ipad-and-android-amazon/\" target=\"_self\"><img alt=\"\" class=\"slider-3251 slide-3167\" height=\"375\" src=\"https://www.indie-goes.com/wp-content/uploads/2015/10/promobig-250x375.jpg\" width=\"250\"/><div class=\"caption-wrap\"><div class=\"caption\">The Vibrational Earth Children Oracle Deck offers children from 8+ years, the opportunity to discover a connection with positive messages &amp; guidance.</div></div></a></li><li style=\"display: none;\"><a href=\"https://www.indie-goes.com/quotes-living-mobile-app-iphone-ipad-android-amazon/\" target=\"_self\"><img alt=\"\" class=\"slider-3251 slide-2842\" height=\"375\" src=\"https://www.indie-goes.com/wp-content/uploads/2015/02/promobig-250x375.jpg\" width=\"250\"/><div class=\"caption-wrap\"><div class=\"caption\">Happiness In Your Life is a wonderful oracle and meditation tool based on the \u00e2\u0080\u009cQuotes About Living\u00e2\u0080\u009d book, by Doe Zantamata.</div></div></a></li><li style=\"display: none;\"><a href=\"https://www.indie-goes.com/archangel-michael-sword-shield-oracle-cards-mobile-app-for-iphone-ipad-and-android-kindle-fire/\" target=\"_self\"><img alt=\"\" class=\"slider-3251 slide-3254\" height=\"375\" src=\"https://www.indie-goes.com/wp-content/uploads/2015/12/promobig-250x375.jpg\" width=\"250\"/><div class=\"caption-wrap\"><div class=\"caption\">The Archangel Michael Sword &amp; Shield Oracle by Michelle Newton takes you on a journey through the four suits of the Archangelic Sacred Circle of Protection.</div></div></a></li><li style=\"display: none;\"><a href=\"https://www.indie-goes.com/indieoracle-cards-mobile-app-iphone-ipad/\" target=\"_self\"><img alt=\"\" class=\"slider-3251 slide-3825\" height=\"375\" src=\"https://www.indie-goes.com/wp-content/uploads/2018/02/promobig-250x375.jpg\" width=\"250\"/><div class=\"caption-wrap\"><div class=\"caption\">Discover a large and ever-growing collection of oracle decks. Get unlimited access to each deck for 7 days, for free!</div></div></a></li><li style=\"display: none;\"><a href=\"https://www.indie-goes.com/angel-staircase-guided-meditations-mobile-app-iphone-ipad-android-amazon/\" target=\"_self\"><img alt=\"\" class=\"slider-3251 slide-891\" height=\"375\" src=\"https://www.indie-goes.com/wp-content/uploads/2014/06/promobig-250x375.jpg\" width=\"250\"/><div class=\"caption-wrap\"><div class=\"caption\">Michelle Newton from AOK Angels welcomes you to her exquisite series of guided meditations in a series titled \u00e2\u0080\u009cThe Angel Staircase\u00e2\u0080\u009d.</div></div></a></li><li style=\"display: none;\"><a href=\"https://www.indie-goes.com/spiritual-coaching-meditations-mobile-app-iphone-ipad-android-amazon/\" target=\"_self\"><img alt=\"\" class=\"slider-3251 slide-3768\" height=\"375\" src=\"https://www.indie-goes.com/wp-content/uploads/2017/07/promobig-250x375.jpg\" width=\"250\"/><div class=\"caption-wrap\"><div class=\"caption\">This spiritual coaching app is a combination of meditations and hypnosis sessions, all designed to help you re-program your subconscious mind to help you live life to the fullest.</div></div></a></li><li style=\"display: none;\"><a href=\"https://www.indie-goes.com/spirit-animal-oracle-cards-mobile-app-iphone-ipad-android-amazon/\" target=\"_self\"><img alt=\"\" class=\"slider-3251 slide-3489\" height=\"375\" src=\"https://www.indie-goes.com/wp-content/uploads/2016/08/promobig-250x375.jpg\" width=\"250\"/><div class=\"caption-wrap\"><div class=\"caption\">Call upon animal spirits for guidance and advice with this amazing oracle deck!</div></div></a></li><li style=\"display: none;\"><a href=\"https://www.indie-goes.com/intuitive-mandala-oracle-cards-mobile-app-iphone-ipad-android-amazon/\" target=\"_self\"><img alt=\"\" class=\"slider-3251 slide-2656\" height=\"375\" src=\"https://www.indie-goes.com/wp-content/uploads/2014/10/promobig-250x375.jpg\" width=\"250\"/><div class=\"caption-wrap\"><div class=\"caption\">The Intuitive Crystal Mandala is a 40 card oracle deck created using healing infused crystals. Each card holds the Divine energy of powerful crystal grids and then is magnified into mandala patterns.</div></div></a></li><li style=\"display: none;\"><a href=\"https://www.indie-goes.com/john-calis-spirit-oracle-cards\" target=\"_self\"><img alt=\"\" class=\"slider-3251 slide-196\" height=\"375\" src=\"https://www.indie-goes.com/wp-content/uploads/2012/08/promo1-250x375.jpg\" width=\"250\"/><div class=\"caption-wrap\"><div class=\"caption\">Discover the Spirit Oracle Cards mobile application for your device! A beautiful deck of 44 cards that can give you insights into your daily life issues.</div></div></a></li><li style=\"display: none;\"><a href=\"https://www.indie-goes.com/beyond-affirmations-body-wants-hear-mobile-app-iphone-ipad-android/\" target=\"_self\"><img alt=\"\" class=\"slider-3251 slide-663\" height=\"375\" src=\"https://www.indie-goes.com/wp-content/uploads/2014/01/promobig-250x375.jpg\" width=\"250\"/><div class=\"caption-wrap\"><div class=\"caption\">Beyond Affirmations guided meditations offer you a simple and safe way to take care of your physical, emotional and spiritual health and well-being.</div></div></a></li><li style=\"display: none;\"><a href=\"https://www.indie-goes.com/crystal-wind-oracle-cards/\" target=\"_self\"><img alt=\"\" class=\"slider-3251 slide-374\" height=\"375\" src=\"https://www.indie-goes.com/wp-content/uploads/2012/08/Promo-250x375.jpg\" width=\"250\"/><div class=\"caption-wrap\"><div class=\"caption\">Check our best selling app out, now with extra new features: the Crystal Oracle Cards mobile application for your iPhone / iPad and Android device!</div></div></a></li><li style=\"display: none;\"><a href=\"https://www.indie-goes.com/angel-feather-oracle-cards-mobile-app-for-iphone-ipad-android/\" target=\"_self\"><img alt=\"\" class=\"slider-3251 slide-3255\" height=\"375\" src=\"https://www.indie-goes.com/wp-content/uploads/2015/12/promobig1-250x375.jpg\" width=\"250\"/><div class=\"caption-wrap\"><div class=\"caption\">The Angel Feather Oracle Card Deck brings you 44 different coloured feathers along with associated messages from your Angels.</div></div></a></li><li style=\"display: none;\"><a href=\"https://www.indie-goes.com/intuitive-life-coaching-oracle-cards/\" target=\"_self\"><img alt=\"\" class=\"slider-3251 slide-404\" height=\"375\" src=\"https://www.indie-goes.com/wp-content/uploads/2013/06/promobig-250x375.jpg\" width=\"250\"/><div class=\"caption-wrap\"><div class=\"caption\">Intuitive Life Coaching Oracle Cards offer you guidance in regard to any daily issue or emotional challenge you may be facing.</div></div></a></li><li style=\"display: none;\"><a href=\"https://www.indie-goes.com/self-love-oracle-cards-mobile-app-iphone-ipad-android-amazon/\" target=\"_self\"><img alt=\"\" class=\"slider-3251 slide-3682\" height=\"375\" src=\"https://www.indie-goes.com/wp-content/uploads/2017/02/promobig-250x375.jpg\" width=\"250\"/><div class=\"caption-wrap\"><div class=\"caption\">On every spiritual journey, the biggest lesson may be how to love yourself, your gifts, and your challenges.</div></div></a></li><li style=\"display: none;\"><a href=\"https://www.indie-goes.com/release-heal-transform-guided-meditations-mobile-app-for-iphone-ipad-and-android-amazon/\" target=\"_self\"><img alt=\"\" class=\"slider-3251 slide-3044\" height=\"375\" src=\"https://www.indie-goes.com/wp-content/uploads/2015/07/promobig-250x375.jpg\" width=\"250\"/><div class=\"caption-wrap\"><div class=\"caption\">Beyond Affirmations: Release, Heal &amp; Transform meditations are designed to help you release the painful energies of anger, blame, fear, guilt, jealousy and shame. Leaving you feeling peaceful and empowered.</div></div></a></li><li style=\"display: none;\"><a href=\"https://www.indie-goes.com/ask-angels-oracle-cards-mobile-app-iphone-ipad-android-amazon/\" target=\"_self\"><img alt=\"\" class=\"slider-3251 slide-913\" height=\"375\" src=\"https://www.indie-goes.com/wp-content/uploads/2014/07/promobig-250x375.jpg\" width=\"250\"/><div class=\"caption-wrap\"><div class=\"caption\">The angel messages found within the Ask Angels Oracle App will help you to lift in love to connect with the guidance, healing, and wisdom of the angels.</div></div></a></li><li style=\"display: none;\"><a href=\"https://www.indie-goes.com/mystical-oracle-cards-mobile-app-for-iphone-ipad-and-android-amazon/\" target=\"_self\"><img alt=\"\" class=\"slider-3251 slide-3122\" height=\"375\" src=\"https://www.indie-goes.com/wp-content/uploads/2015/08/promobig-250x375.jpg\" width=\"250\"/><div class=\"caption-wrap\"><div class=\"caption\">The Mystical Oracle Cards are a form of divination inspired by the Gods, Goddesses, Angels or Spirit Guides. They offer prophetic predictions or guidance for the now and the future.</div></div></a></li><li style=\"display: none;\"><a href=\"https://www.indie-goes.com/goddess-enchantment-oracle-cards-mobile-app-for-iphone-ipad-and-android-amazon/\" target=\"_self\"><img alt=\"\" class=\"slider-3251 slide-3219\" height=\"375\" src=\"https://www.indie-goes.com/wp-content/uploads/2015/11/promobig-250x375.jpg\" width=\"250\"/><div class=\"caption-wrap\"><div class=\"caption\">The Goddess Enchantment Oracle Deck offers divine guidance from the ancient Goddesses, enabling you to ask questions, assess your current situation and navigate your way forward to a positive outcome.</div></div></a></li><li style=\"display: none;\"><a href=\"https://www.indie-goes.com/joy-sorrow-oracle-cards-mobile-app-iphone-ipad-android-amazon/\" target=\"_self\"><img alt=\"\" class=\"slider-3251 slide-3727\" height=\"375\" src=\"https://www.indie-goes.com/wp-content/uploads/2017/04/promobig-250x375.jpg\" width=\"250\"/><div class=\"caption-wrap\"><div class=\"caption\">The Joy &amp; Sorrow Oracle, created by Roxi Sim Hermsen, offers a moment\u00e2\u0080\u0099s peace, a moment\u00e2\u0080\u0099s distraction, a moment\u00e2\u0080\u0099s grace. It was created to help those dealing with the pain of loss and trauma.</div></div></a></li><li style=\"display: none;\"><a href=\"https://www.indie-goes.com/wisdom-within-oracle-cards-mobile-app-iphone-ipad-android-amazon/\" target=\"_self\"><img alt=\"\" class=\"slider-3251 slide-2765\" height=\"375\" src=\"https://www.indie-goes.com/wp-content/uploads/2015/01/promobig-250x375.jpg\" width=\"250\"/><div class=\"caption-wrap\"><div class=\"caption\">The Wisdom Within Oracle Cards are designed to uplift, inspire, and empower you to remember the very best in yourself and to open the floodgates of wisdom, light, and joy within you.</div></div></a></li><li style=\"display: none;\"><a href=\"https://www.indie-goes.com/ancient-wisdom-oracle-cards-mobile-app-iphone-ipad-android/\" target=\"_self\"><img alt=\"\" class=\"slider-3251 slide-742\" height=\"375\" src=\"https://www.indie-goes.com/wp-content/uploads/2014/02/promobig-250x375.jpg\" width=\"250\"/><div class=\"caption-wrap\"><div class=\"caption\">Enter a world of enchantment and myth with Tiffany Toland-Scott\u00e2\u0080\u0099s Ancient Wisdom Oracle Deck. This deck includes 60 fully-illustrated cards featuring Tiffany\u00e2\u0080\u0099s goddess, fairy, witch, and mermaid art.</div></div></a></li></ul></div></div></div>", "level": 0}, {"value": "<div class=\"widget widget_text\" id=\"text-35\"><h4 class=\"widgettitle\">NEW: Angel Number Signs</h4><div class=\"textwidget\"><p><a href=\"https://www.indie-goes.com/angel-number-signs-mobile-app-for-iphone-ipad-and-android-amazon/\"> <img align=\"left\" src=\"/apps/angelnumber/PromoThumb.jpg\" style=\"margin-right: 10px; padding-bottom: 3px; border: 1px solid #CCCCCC;\"/></a>The Angels favorite way to communicate with us is through Angel signs, and numbers are one of their favorite mediums. Every number has its own inherent meaning and energetic vibration.<br/>\n<a href=\"https://www.indie-goes.com/angel-number-signs-mobile-app-for-iphone-ipad-and-android-amazon/\"> READ MORE\u2026</a></p></div></div>", "level": 0}], [{"value": "<h4 class=\"widgettitle\">NEW: Angel Number Signs</h4>", "level": 6}, {"value": "<div class=\"textwidget\"><p><a href=\"https://www.indie-goes.com/angel-number-signs-mobile-app-for-iphone-ipad-and-android-amazon/\"> <img align=\"left\" src=\"/apps/angelnumber/PromoThumb.jpg\" style=\"margin-right: 10px; padding-bottom: 3px; border: 1px solid #CCCCCC;\"/></a>The Angels favorite way to communicate with us is through Angel signs, and numbers are one of their favorite mediums. Every number has its own inherent meaning and energetic vibration.<br/>\n<a href=\"https://www.indie-goes.com/angel-number-signs-mobile-app-for-iphone-ipad-and-android-amazon/\"> READ MORE\u2026</a></p></div>", "level": 0}, {"value": "<div class=\"widget widget_text\" id=\"text-33\"><h4 class=\"widgettitle\">NEW: Spiritual Coaching Meditations</h4><div class=\"textwidget\"><p><a href=\"https://www.indie-goes.com/spiritual-coaching-meditations-mobile-app-iphone-ipad-android-amazon/\"> <img align=\"left\" src=\"/apps/spiritualcoaching/PromoThumb.jpg\" style=\"margin-right: 10px; padding-bottom: 3px; border: 1px solid #CCCCCC;\"/></a>This spiritual coaching app is a combination of meditations and hypnosis sessions, all designed to help you re-program your subconscious mind to help you live life to the fullest.<br/>\n<a href=\"https://www.indie-goes.com/spiritual-coaching-meditations-mobile-app-iphone-ipad-android-amazon/\"> READ MORE\u2026</a></p></div></div>", "level": 0}], [{"value": "<h4 class=\"widgettitle\">NEW: Spiritual Coaching Meditations</h4>", "level": 6}, {"value": "<div class=\"textwidget\"><p><a href=\"https://www.indie-goes.com/spiritual-coaching-meditations-mobile-app-iphone-ipad-android-amazon/\"> <img align=\"left\" src=\"/apps/spiritualcoaching/PromoThumb.jpg\" style=\"margin-right: 10px; padding-bottom: 3px; border: 1px solid #CCCCCC;\"/></a>This spiritual coaching app is a combination of meditations and hypnosis sessions, all designed to help you re-program your subconscious mind to help you live life to the fullest.<br/>\n<a href=\"https://www.indie-goes.com/spiritual-coaching-meditations-mobile-app-iphone-ipad-android-amazon/\"> READ MORE\u2026</a></p></div>", "level": 0}, {"value": "<div class=\"widget widget_text\" id=\"text-31\"><h4 class=\"widgettitle\">Spirit Animal Oracle Cards</h4><div class=\"textwidget\"><p><a href=\"https://www.indie-goes.com/spirit-animal-oracle-cards-mobile-app-iphone-ipad-android-amazon/\"> <img align=\"left\" src=\"/apps/spiritanimal/PromoThumb.jpg\" style=\"margin-right: 10px; padding-bottom: 3px; border: 1px solid #CCCCCC;\"/></a>The Spirit Animal Oracle Cards app is a beautifully illustrated oracle deck, that will help you reconnect with benevolent and wise animal spirits. Use this best-selling deck to get deep reflections and insights about your daily issues or long term projects.<br/>\n<a href=\"https://www.indie-goes.com/spirit-animal-oracle-cards-mobile-app-iphone-ipad-android-amazon/\"> READ MORE\u2026</a></p></div></div>", "level": 0}], [{"value": "<h4 class=\"widgettitle\">Spirit Animal Oracle Cards</h4>", "level": 6}, {"value": "<div class=\"textwidget\"><p><a href=\"https://www.indie-goes.com/spirit-animal-oracle-cards-mobile-app-iphone-ipad-android-amazon/\"> <img align=\"left\" src=\"/apps/spiritanimal/PromoThumb.jpg\" style=\"margin-right: 10px; padding-bottom: 3px; border: 1px solid #CCCCCC;\"/></a>The Spirit Animal Oracle Cards app is a beautifully illustrated oracle deck, that will help you reconnect with benevolent and wise animal spirits. Use this best-selling deck to get deep reflections and insights about your daily issues or long term projects.<br/>\n<a href=\"https://www.indie-goes.com/spirit-animal-oracle-cards-mobile-app-iphone-ipad-android-amazon/\"> READ MORE\u2026</a></p></div>", "level": 0}, {"value": "<div class=\"widget widget_text\" id=\"text-25\"><h4 class=\"widgettitle\">NEW: Joy &amp; Sorrow Oracle Cards</h4><div class=\"textwidget\"><a href=\"https://www.indie-goes.com/joy-sorrow-oracle-cards-mobile-app-iphone-ipad-android-amazon/\"> <img align=\"left\" src=\"/apps/joysorrow/PromoThumb.jpg\" style=\"margin-right:10px;padding-bottom:3px;border: 1px solid #CCCCCC;\"/></a>The Joy &amp; Sorrow Oracle, created by Roxi Sim Hermsen, offers a moment\u00e2\u0080\u0099s peace, a moment\u00e2\u0080\u0099s distraction, a moment\u00e2\u0080\u0099s grace. It was created to help those dealing with the pain of loss and trauma.\n<a href=\"https://www.indie-goes.com/joy-sorrow-oracle-cards-mobile-app-iphone-ipad-android-amazon/\"> READ MORE...</a></div></div>", "level": 0}], [{"value": "<h4 class=\"widgettitle\">NEW: Joy &amp; Sorrow Oracle Cards</h4>", "level": 6}, {"value": "<div class=\"textwidget\"><a href=\"https://www.indie-goes.com/joy-sorrow-oracle-cards-mobile-app-iphone-ipad-android-amazon/\"> <img align=\"left\" src=\"/apps/joysorrow/PromoThumb.jpg\" style=\"margin-right:10px;padding-bottom:3px;border: 1px solid #CCCCCC;\"/></a>The Joy &amp; Sorrow Oracle, created by Roxi Sim Hermsen, offers a moment\u00e2\u0080\u0099s peace, a moment\u00e2\u0080\u0099s distraction, a moment\u00e2\u0080\u0099s grace. It was created to help those dealing with the pain of loss and trauma.\n<a href=\"https://www.indie-goes.com/joy-sorrow-oracle-cards-mobile-app-iphone-ipad-android-amazon/\"> READ MORE...</a></div>", "level": 0}, {"value": "<div class=\"widget widget_text\" id=\"text-32\"><h4 class=\"widgettitle\">Self-Love Oracle Cards</h4><div class=\"textwidget\"><a href=\"https://www.indie-goes.com/self-love-oracle-cards-mobile-app-iphone-ipad-android-amazon/\"> <img align=\"left\" src=\"/apps/selflove/PromoThumb.jpg\" style=\"margin-right:10px;padding-bottom:3px;border: 1px solid #CCCCCC;\"/></a>On every spiritual journey, the biggest lesson may be how to love yourself, your gifts, and your challenges. With self-love, you can unlock the power to heal yourself, to overcome your self-sabotaging habits, and transform your life. This 44-card oracle is suitable for both beginners and experienced seekers to use for accessing your own inner truth and wisdom.\n<a href=\"https://www.indie-goes.com/self-love-oracle-cards-mobile-app-iphone-ipad-android-amazon/\"> READ MORE...</a></div></div>", "level": 0}], [{"value": "<h4 class=\"widgettitle\">Self-Love Oracle Cards</h4>", "level": 6}, {"value": "<div class=\"textwidget\"><a href=\"https://www.indie-goes.com/self-love-oracle-cards-mobile-app-iphone-ipad-android-amazon/\"> <img align=\"left\" src=\"/apps/selflove/PromoThumb.jpg\" style=\"margin-right:10px;padding-bottom:3px;border: 1px solid #CCCCCC;\"/></a>On every spiritual journey, the biggest lesson may be how to love yourself, your gifts, and your challenges. With self-love, you can unlock the power to heal yourself, to overcome your self-sabotaging habits, and transform your life. This 44-card oracle is suitable for both beginners and experienced seekers to use for accessing your own inner truth and wisdom.\n<a href=\"https://www.indie-goes.com/self-love-oracle-cards-mobile-app-iphone-ipad-android-amazon/\"> READ MORE...</a></div>", "level": 0}, {"value": "<div class=\"widget widget_text\" id=\"text-29\"><h4 class=\"widgettitle\">Soul Wisdom Oracle Cards</h4><div class=\"textwidget\"><a href=\"https://www.indie-goes.com/soul-wisdom-oracle-cards-mobile-app-iphone-ipad-android-amazon/\"> <img align=\"left\" src=\"/apps/soulwisdom/PromoThumb.jpg\" style=\"margin-right:10px;padding-bottom:3px;border: 1px solid #CCCCCC;\"/></a>These Wisdom Cards are designed to guide you into a deeper understanding of truth and encourage you to see with a broader vision. Offering clarity, wisdom and understanding, the Wisdom Cards will help you begin to see and experience the world through the eyes of your soul.\n<a href=\"https://www.indie-goes.com/soul-wisdom-oracle-cards-mobile-app-iphone-ipad-android-amazon/\"> READ MORE...</a></div></div>", "level": 0}], [{"value": "<h4 class=\"widgettitle\">Soul Wisdom Oracle Cards</h4>", "level": 6}, {"value": "<div class=\"textwidget\"><a href=\"https://www.indie-goes.com/soul-wisdom-oracle-cards-mobile-app-iphone-ipad-android-amazon/\"> <img align=\"left\" src=\"/apps/soulwisdom/PromoThumb.jpg\" style=\"margin-right:10px;padding-bottom:3px;border: 1px solid #CCCCCC;\"/></a>These Wisdom Cards are designed to guide you into a deeper understanding of truth and encourage you to see with a broader vision. Offering clarity, wisdom and understanding, the Wisdom Cards will help you begin to see and experience the world through the eyes of your soul.\n<a href=\"https://www.indie-goes.com/soul-wisdom-oracle-cards-mobile-app-iphone-ipad-android-amazon/\"> READ MORE...</a></div>", "level": 0}, {"value": "<div class=\"widget widget_recent_entries\" id=\"recent-posts-2\"><h4 class=\"widgettitle\">Recent Posts</h4><ul><li>\n<a href=\"https://www.indie-goes.com/angel-number-signs-app-now-available-on-android-ios-and-amazon/\">Angel Number Signs app now available on Android, iOS and Amazon!</a></li><li>\n<a href=\"https://www.indie-goes.com/join-new-facebook-group/\">Join our new Facebook group!</a></li><li>\n<a href=\"https://www.indie-goes.com/indie-goes-oracle-cards-app-now-available-ios/\">Indie Goes Oracle Cards app now available on iOS!</a></li><li>\n<a href=\"https://www.indie-goes.com/spiritual-coaching-meditations-app-now-available-android-ios-amazon/\">Spiritual Coaching Meditations app now available on Android, iOS and Amazon!</a></li><li>\n<a href=\"https://www.indie-goes.com/joy-sorrow-oracle-cards-app-now-available-android-ios-amazon/\">Joy &amp; Sorrow Oracle Cards app now available on Android, iOS and Amazon!</a></li></ul></div>", "level": 0}], [{"value": "<h4 class=\"widgettitle\">Recent Posts</h4>", "level": 6}, {"value": "<ul><li>\n<a href=\"https://www.indie-goes.com/angel-number-signs-app-now-available-on-android-ios-and-amazon/\">Angel Number Signs app now available on Android, iOS and Amazon!</a></li><li>\n<a href=\"https://www.indie-goes.com/join-new-facebook-group/\">Join our new Facebook group!</a></li><li>\n<a href=\"https://www.indie-goes.com/indie-goes-oracle-cards-app-now-available-ios/\">Indie Goes Oracle Cards app now available on iOS!</a></li><li>\n<a href=\"https://www.indie-goes.com/spiritual-coaching-meditations-app-now-available-android-ios-amazon/\">Spiritual Coaching Meditations app now available on Android, iOS and Amazon!</a></li><li>\n<a href=\"https://www.indie-goes.com/joy-sorrow-oracle-cards-app-now-available-android-ios-amazon/\">Joy &amp; Sorrow Oracle Cards app now available on Android, iOS and Amazon!</a></li></ul>", "level": 0}, {"value": "<div id=\"footerwrap\">\n<footer class=\"pagewidth clearfix\" id=\"footer\" itemscope=\"itemscope\" itemtype=\"https://schema.org/WPFooter\"><div class=\"footer-widgets clearfix\"><div class=\"col4-1 first\"></div><div class=\"col4-1 \"></div><div class=\"col4-1 \"></div><div class=\"col4-1 \"></div></div><p class=\"back-top\"><a href=\"#header\">\u2191</a></p><div class=\"footer-text clearfix\"><div class=\"one\">Copyright \u00c2\u00a92012-2018 Indie Goes. All rights reserved. <a href=\"https://www.indie-goes.com/privacy-policy/\">Privacy policy</a></div><div class=\"two\"></div></div></footer></div>", "level": 0}]]