[[{"value": "<h1>Privacy Policy - CoolGamix</h1>", "level": 9}, {"value": "<p style=\"margin-bottom: 0in; border: none; padding: 0in; font-style: normal\">\n<font color=\"#555555\"><font face=\"Arial, sans-serif\"><font size=\"3\"><b>Last\nRevised: 25.11.2015</b></font></font></font></p>", "level": 0}, {"value": "<p style=\"margin-bottom: 0in; border: none; padding: 0in; font-style: normal; font-weight: normal\">\n<font color=\"#555555\"><font face=\"Arial, sans-serif\"><font size=\"3\"><b>CoolGamix\nGmbH</b> and its affiliates (\u201cCompany\u201d or \u201cwe\u201d)\nrespect the privacy of its users (\u201cUser\u201d or \u201cyou\u201d)\nand are committed to protect the User\u2019s information, be it\nyours or your children\u2019s. We believe that you have a right to\nknow our practices regarding the information we may collect and use\nwhen you use our Products (as defined on the Terms of Use) and\nwebsite (the \u201cService\u201d).</font></font></font></p>", "level": 0}, {"value": "<p style=\"margin-bottom: 0in; border: none; padding: 0in; font-style: normal; font-weight: normal\">\n<font color=\"#555555\"><font face=\"Arial, sans-serif\"><font size=\"3\"><b>I.\nYour consent (important, please read carefully!)</b><br/>By accessing\nand/or using the Site or the Service, you agree to the terms and\nconditions set forth in this Privacy Policy, including to the\ncollection and processing of your Personal Information (as defined\nbelow). Please note: if you disagree to any term provided herein, you\nmay not access or use the Service.</font></font></font></p>", "level": 0}, {"value": "<p style=\"margin-bottom: 0in; border: none; padding: 0in; font-style: normal; font-weight: normal\">\n<font color=\"#000000\"><font face=\"Arial, sans-serif\"><font size=\"3\">This\nprivacy statement describes how CoolGamix GmbH collects and uses the\npersonal information you provide. It also describes the choices\navailable to you regarding our use of your personal information and\nhow you can access and update this information.</font></font></font></p>", "level": 0}, {"value": "<p style=\"margin-bottom: 0in; border: none; padding: 0in; font-style: normal; font-weight: normal\">\n<font color=\"#555555\"><font face=\"Arial, sans-serif\"><font size=\"3\"><b>II.\nWhich information we may collect on our Users?</b><br/>Non-personal\nInformation: We use third-party services to collect Non-personal and\nnon-identifiable information (\u201cNon-personal Information\u201d).\nTo put it simply, we have no idea what is the identity of the User\nfrom which we have collected the Non-personal Information.\nNon-personal Information which is being gathered consists of\ntechnical information and behavioral information, as detailed below:</font></font></font></p>", "level": 0}, {"value": "<p style=\"margin-bottom: 0in; border: none; padding: 0in; font-style: normal; font-weight: normal\">\n<font color=\"#555555\"><font face=\"Arial, sans-serif\"><font size=\"3\">Technical\ninformation:<br/>\u2022 Type of operation system (e.g. Windows, Linux,\netc.)<br/>\u2022 Type of Browser (e.g. Internet Explorer, Firefox,\nChrome, Safari, etc.)<br/>\u2022 Screen resolution (e.g. 800\u00d7600,\n1024\u00d7768, etc.)<br/>\u2022 Language (e.g. English)<br/>\u2022\nAndroid or iOS Vendor (e.g. Galaxy, HTC, iPhone, etc.)<br/>\u2022\nFlash version</font></font></font></p>", "level": 0}, {"value": "<p style=\"margin-bottom: 0in; border: none; padding: 0in; font-style: normal; font-weight: normal\">\n<font color=\"#555555\"><font face=\"Arial, sans-serif\"><font size=\"3\"><br/>Behavioral\ninformation:<br/>\u2022 User\u2019s interaction with the Service<br/>\u2022\nUser\u2019s behavior on the Service<br/>\u2022 The amount of pictures\nuser publishes after using the Service.<br/>\u2022 Any Similar\nbehavioral information.</font></font></font></p>", "level": 0}, {"value": "<p style=\"margin-bottom: 0in; border: none; padding: 0in; font-style: normal; font-weight: normal\">\n<font color=\"#555555\"><font face=\"Arial, sans-serif\"><font size=\"3\"><br/>Personal\nInformation: We do not collect any Personal Information when you or\nyour children use our Products.</font></font></font></p>", "level": 0}, {"value": "<p style=\"margin-bottom: 0in; border: none; padding: 0in; font-style: normal; font-weight: normal\">\n<font color=\"#555555\"><font face=\"Arial, sans-serif\"><font size=\"3\"><b>III.\nHow do we collect information on our Users?</b><br/>Non-personal\nInformation is gathered by third-party services while you access the\nService. In other words, analytical third-party services are aware of\nyour usage of the Site and the Service, and may collect the\ninformation relating to such usage.</font></font></font></p>", "level": 0}, {"value": "<p style=\"margin-bottom: 0in; border: none; padding: 0in; font-style: normal; font-weight: normal\">\n<font color=\"#555555\"><font face=\"Arial, sans-serif\"><font size=\"3\"><b>IV.\nWhat are the purposes of the collection of information?</b><br/>We\ncollect Non-personal Information for the following purposes:<br/>\u2022\nEnhance the User\u2019s experience on the Service, including the\nability to communicate with our Users through an internal\nnotification mechanism incorporated in the Service.<br/>\u2022 Learn\nabout the preferences of Users and general trends on the Service\nthrough the study of aggregated data and statistics.</font></font></font></p>", "level": 0}, {"value": "<p style=\"margin-bottom: 0in; border: none; padding: 0in; font-style: normal; font-weight: normal\">\n<font color=\"#555555\"><font face=\"Arial, sans-serif\"><font size=\"3\"><b>V.\nDirect Marketing &amp; Advertising</b><br/>We accept advertisements\nfrom third party advertisers. These advertisers are carefully\nselected to provide information about products and services that we\nthink may be of interest to our Users. Note that if you click on any\nof these advertisements, these advertisers may use cookies and other\nweb-tracking technologies to collect non-personal and/or personal\ninformation about you. We recommend that you review the terms of use\nand privacy policy for any advertiser with which you are interacting\nbefore doing so. Their privacy policy, not ours, will apply to any of\nthose interactions.</font></font></font></p>", "level": 0}, {"value": "<p style=\"margin-bottom: 0in; border: none; padding: 0in; font-style: normal; font-weight: normal\">\n<font color=\"#555555\"><font face=\"Arial, sans-serif\"><font size=\"3\">Direct\nMarketing: You hereby agree that we may send you notifications for\nthe purpose of informing you regarding products and services (offered\nby the Company and/or by third parties) which may interest you and to\nsend to you advertisements and other marketing material, transmitted\nto you through the Service using an internal notifications mechanism\nincorporated in the Service, or incorporated in our Newsletter sent\nto your email per your request. You may remove your email address\nfrom mailing list at any time by clicking the remove option\nincorporated in the emails sent to you.</font></font></font></p>", "level": 0}, {"value": "<p style=\"margin-bottom: 0in; border: none; padding: 0in; font-style: normal; font-weight: normal\">\n<font color=\"#555555\"><font face=\"Arial, sans-serif\"><font size=\"3\"><b>VI.\nCookies &amp; Local Storage</b><br/>When you access or use the\nService, Company may use industry-wide technologies such as \u201ccookies\u201d\nand Flash (or similar technologies), which stores certain information\non your computer or mobile device (\u201cLocal Storage\u201d) and\nwhich will allow us to enable automatic activation of certain\nfeatures, and make your Service experience much more convenient and\neffortless. The cookies used by the Service are created per session,\ndoes not include any information about you, other than your session\nkey and are removed as your session ends. It is easy to prohibit the\nLocal Storage. Most browsers will allow you to erase cookies from\nyour computer\u2019s hard drive, block acceptance of cookies, or\nreceive a warning before a cookie is stored. In order to erase or\ndisable the Local Storage option in Flash you should use the settings\noption of Flash according to the specific instructions provided by\nthe technology provider. However, if you block or erase cookies, or\nchange the settings of Flash, your online experience may be limited.</font></font></font></p>", "level": 0}, {"value": "<p style=\"margin-bottom: 0in; border: none; padding: 0in; font-style: normal; font-weight: normal\">\n<font color=\"#555555\"><font face=\"Arial, sans-serif\"><font size=\"3\">We\nalso may use certain third-party cookies (e.g. Google\nAuthentication). These are a different kind of cookies, stored on\nyour computer by third parties, rather than by the Company. This kind\nof cookie is only read (and not altered by the Service) each time you\nvisit the Service, and also when you visit certain websites or\napplications that uses similar cookies. Third-party cookies usually\nstore only Non-personal Information, such as the web pages you have\nvisited, the duration of your browsing, etc.</font></font></font></p>", "level": 0}, {"value": "<p style=\"margin-bottom: 0in; border: none; padding: 0in; font-style: normal; font-weight: normal\">\n<font color=\"#555555\"><font face=\"Arial, sans-serif\"><font size=\"3\"><b>VII.\nSecurity</b><br/>We take a great care in maintaining the security of\nthe Service and your information and in preventing unauthorized\naccess to it through industry standard technologies and internal\nprocedures, including through the use of encryption mechanisms.\nHowever, we do not guarantee that unauthorized access will never\noccur.<br/>Third Party Software/Service<br/>While using the Service we\nmay be using third party software and/or service, in order to (a)\ncollect and/or process Non-personal information; (b) provide you with\nadvertisements on different products and services; and (c)\ncommunicate with you through an internal messaging mechanism\nincorporated in the Service. Such software may include without\nlimitation, Gameanalytics [which privacy policy can be found at:\nhttp://www.gameanalytics.com/privacy.html], Google AdMob [which\nprivacy policy can be found at http://www.admob.com/home/privacy].</font></font></font></p>", "level": 0}, {"value": "<p style=\"margin-bottom: 0in; border: none; padding: 0in; font-style: normal; font-weight: normal\">\n<font color=\"#555555\"><font face=\"Arial, sans-serif\"><font size=\"3\"><b>VIII.\nSharing Information with Third Parties</b><br/>We may share\nInformation only in the following cases:<br/>(a) to satisfy any\napplicable law, regulation, legal process, subpoena or governmental\nrequest; (b) to enforce this Privacy Policy or the Terms of Use,\nincluding investigation of potential violations thereof; (c) to\ndetect, prevent, or otherwise address fraud, security or technical\nissues; (d) to respond to claims that any content published on the\nService violates any right of a third-party; (f) to protect the\nrights, property, or personal safety of the Company, its Users or the\ngeneral public; (g) when Company is undergoing any change in control,\nincluding by means of merger, acquisition or purchase of all or\nsubstantially all of the assets of Company; (h) pursuant to your\napproval, in order to supply certain services you have requested from\nCompany; (i) to let our partners and affiliates serve you with\ncommercials;</font></font></font></p>", "level": 0}, {"value": "<p style=\"margin-bottom: 0in; border: none; padding: 0in; font-style: normal; font-weight: normal\">\n<font color=\"#555555\"><font face=\"Arial, sans-serif\"><font size=\"3\"><b>IX.\nChanges to the Privacy Policy</b><br/>The terms of this Privacy Policy\nwill govern the use of the Service and any information collected\ntherein. Company reserves the right to change this policy at any\ntime, so please re-visit this page frequently. In case of any\nmaterial change, we will make reasonable efforts to post a clear\nnotice on the Service.<br/>Changes to this Privacy Policy are\neffective as of the stated \u201cLast Revised\u201d and your\ncontinued use of the Service on or the Last Revised date will\nconstitute acceptance of, and agreement to be bound by, those\nchanges.</font></font></font></p>", "level": 0}, {"value": "<p style=\"margin-bottom: 0in; border: none; padding: 0in\"><font face=\"Arial, sans-serif\"><font size=\"3\"><font color=\"#555555\"><span style=\"font-style: normal\"><b>X.\nGot any Questions?</b></span></font><font color=\"#555555\"><span style=\"font-style: normal\"><span style=\"font-weight: normal\"><br/>If\nyou have any questions (or comments) concerning this Privacy Policy,\nplease</span></span></font><font color=\"#555555\"> </font><font color=\"#555555\"><span style=\"font-style: normal\"><span style=\"font-weight: normal\">send\nus an email to the following address: contact@coolgamix.com and we\nwill make an effort to reply within a reasonable timeframe.</span></span></font></font></font></p>", "level": 0}]]