[[{"value": "<h2>The Christian Broadcasting Network\n                            </h2>", "level": 8}, {"value": "<p>CBN is a global ministry committed to preparing the nations of the world for the coming of Jesus Christ through mass media. Using television and the Internet, CBN is proclaiming the Good News in 149 countries and territories, with programs and content in 67 languages.</p>", "level": 0}, {"value": "<p>If you have an immediate prayer need, please call our 24-hour prayer line at 800-945-5640. CBN's ministry is made possible by the support of our CBN Partners.</p>", "level": 0}, {"value": "<ul>\n<li><a href=\"/contact\">Contact Us</a></li>\n<li><a href=\"/about/cbn-partners-mission-statement\">Mission Statement</a></li>\n<li><a href=\"/cbn-partners\">Our Ministries</a></li>\n<li><a href=\"/job-openings\">Career Opportunities</a></li>\n</ul>", "level": 0}, {"value": "<div class=\"clear clearfix\" id=\"main-menu\"><ul class=\"links\"><li class=\"menu-951 first\"><a href=\"/700club\"><span>700 Club</span>CBN Shows</a></li>\n<li class=\"menu-5021\"><a href=\"/cbnnews\"><span>CBN</span>News</a></li>\n<li class=\"menu-2200\"><a href=\"/christian-living\"><span>Christian</span>Living</a></li>\n<li class=\"menu-5161\"><a href=\"/tv\"><span>Watch</span>Video</a></li>\n<li class=\"menu-954\"><a href=\"/radio\"><span>CBN</span>Radio</a></li>\n<li class=\"menu-955\"><a href=\"http://www.cbn.com/superbook/index.aspx\" target=\"_blank\"><span>Kids'</span>Superbook</a></li>\n<li class=\"menu-287166\"><a href=\"/cbn-partners\" target=\"_blank\"><span>About</span>Our Ministries</a></li>\n<li class=\"menu-958 last\"><a href=\"http://www.cbn.com/giving/\"><span>Give</span>To CBN</a></li>\n</ul></div>", "level": 0}, {"value": "<div class=\"page-title-header\">\n<h1>CBN Privacy Policy</h1> </div>", "level": 0}], [{"value": "<h1>CBN Privacy Policy</h1>", "level": 9}, {"value": "<div class=\"content-aside \">\n<div class=\"border-left-diag\"></div>\n<div class=\"related\">\n<div class=\"font-bold-semiBold\" style=\"float:left; padding-right:10px;\">Related</div><div class=\"diagnol-lines-transparent\" style=\"overflow:hidden; height:20px; width:auto;\"></div><ul><li class=\"item-list\">\n<div class=\"view view-articles view-id-articles view-display-id-article_link_to view-dom-id-32196968613952241310e750cf99fdf4\">\n<div class=\"view-content\">\n<div class=\"views-row views-row-1 views-row-odd views-row-first views-row-last clearfix\">\n<div class=\"views-field views-field-title sidebar_book_title\">\n<span class=\"field-content\">\n<a href=\"/cbn-cookies-policy\" target=\"_blank\">CBN Cookies Policy</a>\n</span>\n</div>\n</div>\n</div>\n</div></li><li class=\"item-list\">\n<div class=\"view view-articles view-id-articles view-display-id-article_link_to view-dom-id-ed6119b099d66d44e72212f0023dc5fe\">\n<div class=\"view-content\">\n<div class=\"views-row views-row-1 views-row-odd views-row-first views-row-last clearfix\">\n<div class=\"views-field views-field-title sidebar_book_title\">\n<span class=\"field-content\">\n<a href=\"/cbn-third-party-processor-information\" target=\"_blank\">CBN Third Party Processor Information</a>\n</span>\n</div>\n</div>\n</div>\n</div></li></ul> </div>\n</div>", "level": 0}, {"value": "<div style=\"margin-bottom:1em\"><div style=\"margin-bottom: 1em\"><div class=\"field field-name-field-author-name-ref field-type-node-reference field-label-hidden\"><div class=\"field-items\"><div class=\"field-item even\" property=\"schema:author\"><a href=\"/profiles/CBN.com-CBN.com\" target=\"_blank\">CBN.com</a></div></div></div></div></div>", "level": 0}, {"value": "<p>The Christian Broadcasting Network, Inc. (CBN) is a Christian ministry dedicated to carrying out the Great Commission and is located and operating in Virginia Beach, Virginia (USA).\u00c2\u00a0 CBN is committed to the protection of your personal information. This Privacy Policy sets out the basis on which we collect and use personal information about you as part of our ministry activities.</p>", "level": 0}], [{"value": "<p><strong>Who is Responsible for the Personal Information That We Collect?</strong></p>", "level": 1}, {"value": "<p>For the purpose of data protection law, CBN is the data controller in respect of the personal information that we collect and use as part of our ministry activities. CBN does not sell your information to others and will only share your information in the manner and for the reasons set forth below.</p>", "level": 0}, {"value": "<p><strong>What Personal Information Do We Collect?</strong><br/>\nYou provide most such information when you register, buy, post, participate in a contest or questionnaire, or communicate with us. For example, you provide information when you place an order for materials; provide information in Your Account (and you might have more than one account if you have used more than one e-mail address when registering with us); communicate with us by letter, phone or e-mail; complete a questionnaire or a contest entry form; or otherwise transmit such information to us. As a result of those actions, you might supply us with such information as your name, address, email address, and phone number; credit card information; the same information may have been supplied for the people to whom items have been shipped, including addresses and phone numbers; e-mail addresses; content of reviews and e-mails to us, and financial information. <strong>NOTE:</strong> Credit card numbers are used only for donation or payment processing and are not retained\u00c2\u00a0for other purposes.\u00c2\u00a0</p>", "level": 0}, {"value": "<p>Some information is provided automatically to us.\u00c2\u00a0 Examples of the information we collect and analyze include the Internet protocol (IP) address used to connect your computer to the Internet; login; e-mail address; passwords used for our websites; computer and connection information such as browser type and version, operating system, and platform; the full Uniform Resource Locator (URL) clickstream to, through, and from our Web site, including date and time; cookie number; products you viewed or searched for; and the phone number you used to call. During some visits we may use software tools such as JavaScript to measure and collect session information, including page response times, download errors, length of visits to certain pages, page interaction information (such as scrolling, clicks, and mouse-overs), and methods used to browse away from the page.</p>", "level": 0}, {"value": "<p>CBN gathers information to more effectively operate its site and to help us personalize and improve your experience while using CBN sites. While some of the information collected is required for membership or necessary to use the services provided by the site, other information is voluntarily given by you as described above.</p>", "level": 0}], [{"value": "<p><strong>Sensitive or Special Categories of Information</strong></p>", "level": 1}, {"value": "<p>Some countries consider some personal information particularly sensitive or special. CBN only collects this data when voluntarily given by the individual, such as for processing certain requests (when necessary), and for statistical purposes only. CBN does not share this information with third parties for direct marketing purposes. Such information may include, but is not limited to, the following:</p>", "level": 0}, {"value": "<ul><li>Date of birth</li>\n<li>Nationality</li>\n<li>Gender</li>\n<li>Other demographic information</li>\n</ul>", "level": 0}], [{"value": "<p><strong>Website Usage Information</strong></p>", "level": 1}, {"value": "<p>We collect information when you provide it to us, such as when you post comments, use the \u00e2\u0080\u009ccontact us\u00e2\u0080\u009d feature on the website, or otherwise communicate with us (such as by email, phone or via our social media pages).</p>", "level": 0}, {"value": "<p>As noted above, CBN collects certain information automatically when you use the website, such as the IP addresses and domain names of visitors, browser type, history of pages viewed and other usage information about your use of the website. We collect this information for site administration purposes, such as to analyze this data for trends and statistics. We may share statistical or aggregated non-personal information about our users with advertisers, business partners, sponsors and other third parties. This data is used to customize our website content and advertising to deliver a better experience to our users. Please see our section on<a href=\"http://www1.cbn.com/cbn-cookies-policy\"> <strong>Cookies</strong> </a>for more information.</p>", "level": 0}], [{"value": "<p><strong>How Do We Obtain Your Personal Information?</strong></p>", "level": 1}, {"value": "<p>As noted above, we collect information from you in the course of your use of the website, products or services. For example, we collect information from you when you enroll as a member. We collect information from you when you contact or communicate with us (including through the website, by email or otherwise). We also automatically collect your personal information while you are using or monitoring the CBN website.</p>", "level": 0}], [{"value": "<p><strong>How Do We Use the Personal Information We Collect?</strong></p>", "level": 1}, {"value": "<p>CBN collects personal information for the following purposes. We have also provided the legal basis that we rely on to justify this use of your personal information.</p>", "level": 0}, {"value": "<td style=\"width:50.0%;\">\n<p><strong>Purpose</strong></p>\n</td>", "level": 0}], [{"value": "<p><strong>Purpose</strong></p>", "level": 1}], [{"value": "<p><strong>Legal Bases</strong></p>", "level": 1}, {"value": "<tr><td>\n<ul><li>To provide the CBN website to you</li>\n</ul></td>\n<td>\n<ul><li>For our legitimate business purposes (i.e., the provision of the CBN website) and, depending on the circumstances, to perform a contract between you and us</li>\n</ul></td>\n</tr>", "level": 0}, {"value": "<tr><td>\n<ul><li>To determine membership eligibility and enroll a member in Superbook;</li>\n</ul></td>\n<td>\n<ul><li>For our legitimate business purposes (i.e., the provision of the CBN website and member services) and, depending on the circumstances, to perform a contract between you and us</li>\n</ul></td>\n</tr>", "level": 0}, {"value": "<tr><td>\n<ul><li>To register individuals for CBN services, products or events;</li>\n</ul></td>\n<td>\n<ul><li>For our legitimate business purposes (i.e., the provision of the CBN website and member services, including events) and, depending on the circumstances, to perform a contract between you and us</li>\n</ul></td>\n</tr>", "level": 0}, {"value": "<tr><td>\n<ul><li>To provide you with member benefits, products or services that you have requested and related information about those products and services;</li>\n</ul></td>\n<td>\n<ul><li>For our legitimate business purposes (i.e., the provision of the CBN website and member services) and, depending on the circumstances, to perform a contract between you and us</li>\n</ul></td>\n</tr>", "level": 0}, {"value": "<tr><td>\n<ul><li>To communicate with you and to respond to prayer requests, concerns, or questions that you have raised with us;</li>\n</ul></td>\n<td>\n<ul><li>For our legitimate business purposes (i.e., the provision of the CBN website and services)</li>\n</ul></td>\n</tr>", "level": 0}, {"value": "<tr><td>\n<ul><li>To administer and improve the CBN website;</li>\n</ul></td>\n<td>\n<ul><li>For our legitimate business purposes (i.e., the provision of the CBN website and member services, as well as to improve and ensure the security of those products and services)</li>\n</ul></td>\n</tr>", "level": 0}, {"value": "<tr><td>\n<ul><li>To process your payment for CBN services, products and events;</li>\n</ul></td>\n<td>\n<ul><li>For our legitimate business purposes (i.e., the provision of the CBN website and services) and, depending on the circumstances, to perform a contract between you and us</li>\n</ul></td>\n</tr>", "level": 0}, {"value": "<tr><td>\n<ul><li>To process your donations to CBN;</li>\n</ul></td>\n<td>\n<ul><li>For our legitimate business purposes (i.e., the provision of the CBN website and services)</li>\n</ul></td>\n</tr>", "level": 0}, {"value": "<tr><td>\n<ul><li>To administer and provide you with the benefits of CBN membership;</li>\n</ul></td>\n<td>\n<ul><li>For our legitimate business purposes (i.e., the provision of the CBN website and services)</li>\n</ul></td>\n</tr>", "level": 0}, {"value": "<tr><td>\n<ul><li>To send you, or for our third party partners to send you, information about products, services and events that may be of interest to you based on your preferences;</li>\n</ul></td>\n<td>\n<ul><li>For our legitimate business purposes (i.e., the provision of the CBN website and member services)</li>\n</ul></td>\n</tr>", "level": 0}, {"value": "<tr><td>\n<ul><li>To administer surveys and contests;</li>\n</ul></td>\n<td>\n<ul><li>For our legitimate business purposes (i.e., the provision of the CBN website and member services)</li>\n</ul></td>\n</tr>", "level": 0}, {"value": "<tr><td>\n<ul><li>To prevent and detect fraud; and</li>\n</ul></td>\n<td>\n<ul><li>For our legitimate business purposes and for compliance with legal obligations to which we are subject</li>\n</ul></td>\n</tr>", "level": 0}, {"value": "<tr><td>\n<ul><li>To protect and enforce our legal rights.</li>\n</ul></td>\n<td>\n<ul><li>For our legitimate business purposes and for compliance with legal obligations to which we are subject</li>\n</ul></td>\n</tr>", "level": 0}, {"value": "<p>We may also request your consent in circumstances where a legal justification over and above legitimate interests is required by applicable law (e.g., in relation to our use of certain cookies) and process your information based on such consent.\u00c2\u00a0 You have the right to withdraw your consent at any time in your sole discretion.</p>", "level": 0}], [{"value": "<p><strong>Who Do We Share Your Personal Information With?</strong></p>", "level": 1}, {"value": "<p>CBN reserves the right to disclose and/or transfer personal information to a third party, if CBN has reason to believe that disclosing personal information is necessary to identify, contact or bring legal action against someone who may be causing injury to or interference with (either intentionally or unintentionally) its rights or property, other website users or anyone else who could be harmed by such activities. Additionally, CBN may disclose personal information in response to a subpoena, warrant or other court order, or when we believe in good faith that a law, regulation, subpoena, warrant or other court order requires it, or authorizes us to do so, or to respond to an emergency situation.</p>", "level": 0}, {"value": "<p>We may share information with other CBN and affiliated entities, such as between the CBN and CBN Europe. See more information with respect to such transfers under the section titled \u00e2\u0080\u009c<strong>Transfer of Personal Information Across Borders.</strong>\u00e2\u0080\u009d\u00c2\u00a0 We may also share your information with others, such as accountants and lawyers, who assist us in carrying out our activities.</p>", "level": 0}, {"value": "<p>CBN may share personal information with third parties engaged to assist CBN in providing services to you or to carry out one or more of the purposes described above. These service providers are prohibited from using your personal information for any purpose other than to provide such assistance and are legally required to protect personal information disclosed by CBN and to comply with the general privacy principles described in this Privacy Policy. For example, we share your information with service providers, contractors and sub-contractors to help us provide the website, products, events and services. We may also use a service provider to process payment information, manage our events, provide analytics or use third party software to manage our customer relationship management system. When we use service providers we provide limited access to your information so that the service provider can perform the tasks on our behalf.\u00c2\u00a0 For more information about third party service providers, please see the <a href=\"http://www1.cbn.com/cbn-third-party-processor-information\"><strong><u>CBN Third Party Service Provider Information</u></strong></a>.</p>", "level": 0}, {"value": "<p>In addition to the uses and disclosure of personal information noted above, personal information of CBN members and registrants may be shared with other entities when we have obtained your consent prior to such disclosure. When you have provided consent, we share your limited information, including personal information, as described at the time of consent for the consented purpose.</p>", "level": 0}, {"value": "<p>If you choose not to provide CBN with your personal information, you may still visit most of the CBN website. However, you may be unable to access certain areas, offers and services and you may be unable to take advantage of certain CBN benefits or membership.</p>", "level": 0}], [{"value": "<p><strong>Transfer of Personal Information Across Borders</strong></p>", "level": 1}, {"value": "<p>CBN is a Christian organization with a global outreach, headquartered and operating in Virginia Beach, Virginia (USA). We may allow your personal information to be shared with our related entities or third-party service providers based both within the United States and in other countries. This may entail a transfer of your information from a location within the European Economic Area (the \u00e2\u0080\u009cEEA\u00e2\u0080\u009d) to outside the EEA, or from outside the EEA to a location within the EEA.</p>", "level": 0}, {"value": "<p>When we provide your personal information to a third party service in other global regions, we do so in connection with providing you with member benefits, requested information or services or as required or authorized under law. It is possible the global entities, with which we share your information with, may not be subject to foreign laws that provide the same level of protection of information as your country of residence or employment, or may not be subject to any privacy obligations. Global entities may be required or compelled to disclose your personal information to a third party, such as an overseas authority.</p>", "level": 0}, {"value": "<p>CBN works to protect the security of your information during transmission by using Secure Sockets Layer (SSL) software, which encrypts information you input. Unfortunately, the transmission of information via the Internet is not completely secure. Although we use reasonable efforts to protect your personal information, we cannot guarantee the security of your personal information transmitted to our website and any transmission is at your own risk. Once we have received your personal information, we will use reasonable and appropriate procedures and security features to prevent unauthorized access.</p>", "level": 0}, {"value": "<p>CBN also sends push notifications, the delivery of information from a software application to your mobile device through services such as Apple's Push Notification Service for iOS devices and Google's CD2M and Cloud Messaging for Android devices. Both services are standard features of these mobile device operating systems. CBN manages access, use and disclosure of your personal data that results from your use of these services.</p>", "level": 0}], [{"value": "<p><strong>Your Rights, Including Removing, Correcting or Updating Personal Information</strong></p>", "level": 1}, {"value": "<p>If you wish change your consent about how CBN discloses or uses your information, or wish to access, correct or update personal information (such as your address), we will endeavor to correct, update or remove the personal data you give us.\u00c2\u00a0 Some information can be modified by you directly.\u00c2\u00a0 Examples of information you can access easily include recent orders; personally identifiable information (including name, e-mail, site password); payment settings (including credit card information); e-mail notification settings, including Alerts and newsletters.</p>", "level": 0}, {"value": "<p><strong>THE BELOW TABLE APPLIES TO INDIVIDUALS LOCATED IN THE EUROPEAN UNION (EU) AND EUROPEAN ECONOMIC AREA (EEA) ONLY:</strong>\u00c2\u00a0 You have certain rights with respect to your personal information. These rights may only apply in certain circumstances and are subject to certain exemptions. \u00c2\u00a0<strong>NOTE:</strong> We may require further information in order to respond to your request (for instance, evidence of your identity and information to enable us to locate your specific personal information).\u00c2\u00a0</p>", "level": 0}, {"value": "<p>Please see the table below for a summary of your rights and who to contact to exercise them.</p>", "level": 0}, {"value": "<td style=\"width:25.0%;\">\u00c2\u00a0</td>", "level": 0}], [{"value": "<p><strong>Summary of your rights</strong></p>", "level": 1}], [{"value": "<p><strong>Who to contact</strong></p>", "level": 1}, {"value": "<td>\n<p><strong>Right of access to your personal information</strong></p>\n</td>", "level": 0}], [{"value": "<p><strong>Right of access to your personal information</strong></p>", "level": 1}, {"value": "<td>\n<p>You have the right to receive a copy of your personal information that we hold about you, subject to certain exemptions.<br/>\n\t\t\t\u00c2\u00a0</p>\n</td>", "level": 0}, {"value": "<td>\n<p><a href=\"/cdn-cgi/l/email-protection#87e3e6f3e6f7f5e8f3e2e4f3eee8e9c7e4e5e9a9e8f5e0\"><span class=\"__cf_email__\" data-cfemail=\"385c594c59484a574c5d5b4c515756785b5a5616574a5f\">[email\u00a0protected]</span></a>.\u00c2\u00a0</p>\n</td>", "level": 0}, {"value": "<td>\n<p><strong>Right to rectify your personal information</strong></p>\n</td>", "level": 0}], [{"value": "<p><strong>Right to rectify your personal information</strong></p>", "level": 1}, {"value": "<td>\n<p>You have the right to ask us to correct your personal information that we hold where it is incorrect or incomplete.</p>\n</td>", "level": 0}, {"value": "<td>\n<p><a href=\"/cdn-cgi/l/email-protection#8befeaffeafbf9e4ffeee8ffe2e4e5cbe8e9e5a5e4f9ec\"><span class=\"__cf_email__\" data-cfemail=\"8befeaffeafbf9e4ffeee8ffe2e4e5cbe8e9e5a5e4f9ec\">[email\u00a0protected]</span></a>.\u00c2\u00a0</p>\n</td>", "level": 0}, {"value": "<td>\n<p><strong>Right to erasure of your personal information:</strong></p>\n</td>", "level": 0}], [{"value": "<p><strong>Right to erasure of your personal information:</strong></p>", "level": 1}, {"value": "<td>\n<p>You have the right to ask that your personal information be deleted in certain circumstances. For example (i) where your personal information is no longer necessary in relation to the purposes for which they were collected or otherwise used; (ii) if you withdraw your consent and there is no other legal ground for which we rely on for the continued use of your personal information; (iii) if you object to the use of your personal information ; (iv) if we have used your personal information unlawfully; or (v) if your personal information needs to be erased to comply with a legal obligation.</p>\n</td>", "level": 0}, {"value": "<td>\n<p><a href=\"/cdn-cgi/l/email-protection#690d081d08191b061d0c0a1d000607290a0b0747061b0e\"><span class=\"__cf_email__\" data-cfemail=\"9bfffaeffaebe9f4effef8eff2f4f5dbf8f9f5b5f4e9fc\">[email\u00a0protected]</span></a>.\u00c2\u00a0</p>\n</td>", "level": 0}, {"value": "<td>\n<p><strong>Right to restrict the use of your personal information</strong></p>\n</td>", "level": 0}], [{"value": "<p><strong>Right to restrict the use of your personal information</strong></p>", "level": 1}, {"value": "<td>\n<p>You have the right to suspend our use of your personal information in certain circumstances. For example (i) where you think your personal information is inaccurate and only for such period to enable us to verify the accuracy of your personal information; (ii) the use of your personal information is unlawful and you oppose the erasure of your personal information and request that it is suspended instead; (iii) we no longer need your personal information, but your personal information is required by you for the establishment, exercise or defense of legal claims; or (iv) you have objected to the use of your personal information and we are verifying whether our grounds for the use of your personal information override your objection.</p>\n</td>", "level": 0}, {"value": "<td>\n<p><a href=\"/cdn-cgi/l/email-protection#315550455041435e45545245585e5f7152535f1f5e4356\"><span class=\"__cf_email__\" data-cfemail=\"147075607564667b607177607d7b7a5477767a3a7b6673\">[email\u00a0protected]</span></a>.\u00c2\u00a0</p>\n</td>", "level": 0}, {"value": "<td>\n<p><strong>Right to data portability</strong></p>\n</td>", "level": 0}], [{"value": "<p><strong>Right to data portability</strong></p>", "level": 1}, {"value": "<td>\n<p>You have the right to obtain your personal information in a structured, commonly used and machine-readable format and for it to be transferred to another organization, where it is technically feasible. The right only applies where the use of your personal information is based on your consent or for the performance of a contract, and when the use of your personal information is carried out by automated (i.e. electronic) means.</p>\n</td>", "level": 0}, {"value": "<td>\n<p><a href=\"/cdn-cgi/l/email-protection#204441544150524f54454354494f4e6043424e0e4f5247\"><span class=\"__cf_email__\" data-cfemail=\"5c383d283d2c2e3328393f283533321c3f3e3272332e3b\">[email\u00a0protected]</span></a>.\u00c2\u00a0</p>\n</td>", "level": 0}, {"value": "<td>\n<p><strong>Right to object to the use of your personal information</strong></p>\n</td>", "level": 0}], [{"value": "<p><strong>Right to object to the use of your personal information</strong></p>", "level": 1}, {"value": "<td>\n<p>You have the right to object to the use of your personal information in certain circumstances. For example, if you object to the use of your personal information for direct marketing purposes.</p>\n</td>", "level": 0}, {"value": "<td>\n<p><a href=\"/cdn-cgi/l/email-protection#2d494c594c5d5f4259484e594442436d4e4f4303425f4a\"><span class=\"__cf_email__\" data-cfemail=\"2642475247565449524345524f49486645444808495441\">[email\u00a0protected]</span></a>.\u00c2\u00a0</p>\n</td>", "level": 0}, {"value": "<td>\n<p><strong>Right to withdraw consent</strong></p>\n</td>", "level": 0}], [{"value": "<p><strong>Right to withdraw consent</strong></p>", "level": 1}, {"value": "<td>\n<p>You have the right to withdraw your consent at any time where we rely only on consent to use your personal information.</p>\n</td>", "level": 0}, {"value": "<td>\n<p><a href=\"/cdn-cgi/l/email-protection#f39792879283819c879690879a9c9db390919ddd9c8194\"><span class=\"__cf_email__\" data-cfemail=\"0b6f6a7f6a7b79647f6e687f6264654b6869652564796c\">[email\u00a0protected]</span></a>.\u00c2\u00a0</p>\n</td>", "level": 0}, {"value": "<td>\n<p><strong>Right to complain to the relevant data protection authority</strong></p>\n</td>", "level": 0}], [{"value": "<p><strong>Right to complain to the relevant data protection authority</strong></p>", "level": 1}, {"value": "<td>\n<p>You have the right to complain to the relevant data protection authority having jurisdiction over CBN when you think we have not used your personal information in accordance with applicable data protection law.</p>\n</td>", "level": 0}, {"value": "<td>\n<p>\u00c2\u00a0<a href=\"/cdn-cgi/l/email-protection#7713160316070518031214031e18193714151959180510\"><span class=\"__cf_email__\" data-cfemail=\"1672776277666479627375627f79785675747838796471\">[email\u00a0protected]</span></a>.\u00c2\u00a0</p>\n</td>", "level": 0}], [{"value": "<p><strong>Children</strong></p>", "level": 1}, {"value": "<p>Children under 18\u00c2\u00a0may only use a CBN site with the consent and involvement of a parent.</p>", "level": 0}], [{"value": "<p><strong>How Long Will We Keep Your Credit Card Information?</strong></p>", "level": 1}, {"value": "<p>In general, we will keep your personal information only for such period as may be required or allowed by applicable law. \u00c2\u00a0Credit card numbers are only used for donation or payment processing and are not retained\u00c2\u00a0for any other purposes.\u00c2\u00a0\u00c2\u00a0</p>", "level": 0}], [{"value": "<p><strong>Links to Other Websites</strong></p>", "level": 1}, {"value": "<p>CBN's website may contain links to third party sites. These sites are not controlled by CBN and CBN is not responsible for any content contained on any such website.</p>", "level": 0}, {"value": "<p>Third-party companies may serve ads and/or collect certain anonymous information when you visit our web site. These companies may use non-personally identifiable information (e.g., click stream information, browser type, time and date, subject of advertisements clicked or scrolled over) during your visits to this and other Web sites in order to provide advertisements about goods and services likely to be of greater interest to you.</p>", "level": 0}, {"value": "<p>These companies typically use a cookie or third party web beacon to collect this information. To learn more about this behavioral advertising practice or to opt-out of this type of advertising, you can visit <a href=\"http://networkadvertising.org/\" target=\"_blank\">networkadvertising.org</a>.</p>", "level": 0}, {"value": "<p>CBN does not endorse any product or service of a third-party advertiser, and has no responsibility for the fulfillment of any order placed, the performance of any product or service offered, or the actions or inactions of any such third-party advertiser.\u00c2\u00a0</p>", "level": 0}, {"value": "<p>CBN is not responsible for the privacy practices employed by other sites, and the privacy practices employed by such sites may not be the same as CBN\u00e2\u0080\u0099s practices. As with our website, you should become familiar with any external party's privacy policy before visiting and/or providing any personal information through any such site</p>", "level": 0}], [{"value": "<p><strong>Cookies</strong></p>", "level": 1}, {"value": "<p>CBN uses cookies to manage our website and email programs. A cookie is a small file placed on your computer when you visit a website. Cookies are used to store information to manage your website experience such as your type of web browser. A cookie can also store preference information to customize your website experience.</p>", "level": 0}, {"value": "<p>Cookies help us understand how users use our websites and emails so we can design better services in the future. Web browsers can be adjusted to disable cookies. However, CBN may not be able to provide you with all the service or functionality you require on the CBN website if you choose to disable cookies.\u00c2\u00a0 For more information on cookies, please see the <a href=\"http://www1.cbn.com/cbn-cookies-policy\"><strong>CBN Cookie Policy</strong></a>.</p>", "level": 0}], [{"value": "<p><strong>Contacting CBN with Questions, Concerns or Complaints</strong></p>", "level": 1}, {"value": "<p>Should you have any questions, concerns or a complaint about this Privacy Policy, please contact:</p>", "level": 0}, {"value": "<p style=\"margin-left:.5in;\">Data Protection</p>", "level": 0}, {"value": "<p style=\"margin-left:.5in;\">CBN\u00c2\u00a0</p>", "level": 0}, {"value": "<p style=\"margin-left:.5in;\">977 Centerville Turnpike\u00c2\u00a0</p>", "level": 0}, {"value": "<p style=\"margin-left:.5in;\">Virginia Beach, Virginia 23463</p>", "level": 0}, {"value": "<p style=\"margin-left:.5in;\">United States\u00c2\u00a0</p>", "level": 0}, {"value": "<p style=\"margin-left:.5in;\"><a href=\"/cdn-cgi/l/email-protection#204441544150524f54454354494f4e6043424e0e4f5247\"><span class=\"__cf_email__\" data-cfemail=\"117570657061637e65747265787e7f5172737f3f7e6376\">[email\u00a0protected]</span></a></p>", "level": 0}, {"value": "<p>You are entitled to make an anonymous complaint or inquiry in relation to this Privacy Policy or your privacy rights; however, we may require you to identify yourself if required by law or it is impracticable for us to deal with your matter otherwise.</p>", "level": 0}, {"value": "<p>We will acknowledge receipt of any written complaint within five business days and will work to provide you with a written response within 30 days of receipt of your complaint. There may be instances where this is not possible due to the content of the complaint. In such circumstances, we will respond to your complaint in a reasonable and practical time.\u00c2\u00a0 You also have the right to file a complaint with the appropriate governmental authority having jurisdiction over CBN.</p>", "level": 0}], [{"value": "<p><strong>CBN Website and Communications Terms of Use</strong></p>", "level": 1}, {"value": "<p>Please refer to CBN\u00e2\u0080\u0099s <a href=\"http://www1.cbn.com/terms-of-use\" target=\"_blank\"><strong>Terms of Use</strong></a> on all issues related to accessing, posting and sharing information through CBN\u00e2\u0080\u0099s website and communication services.\u00c2\u00a0 By using this CBN site, you are agreeing that your use and your relationship with CBN through the CBN website are governed by this Privacy Policy and CBN\u00e2\u0080\u0099s <a href=\"http://www1.cbn.com/about/termsofuse.aspx\" target=\"_blank\">Terms of Use</a>.\u00c2\u00a0 In case of conflict, the CBN Terms of Use shall control.</p>", "level": 0}], [{"value": "<p><strong>Changes to Our Privacy Policy</strong></p>", "level": 1}, {"value": "<p>CBN reserves the right to change this Privacy Policy as CBN deems necessary or appropriate.\u00c2\u00a0 Any material changes to the Privacy Policy will be posted. The updated Privacy Policy will take effect as soon as it has been updated.</p>", "level": 0}, {"value": "<p><strong>This Privacy Policy was last updated as of June 29, 2018.</strong></p>", "level": 0}, {"value": "<div class=\"field field-name-field-related field-type-entityreference field-label-hidden\"><div class=\"field-items\"><div class=\"field-item even\" property=\"\">CBN Cookies Policy</div><div class=\"field-item odd\" property=\"\">CBN Third Party Processor Information</div></div></div>", "level": 0}, {"value": "<div class=\"field field-name-field-show-guest-bio field-type-list-boolean field-label-above\"><div class=\"field-label\">Show Guest Bio:\u00a0</div><div class=\"field-items\"><div class=\"field-item even\" property=\"\"></div></div></div>", "level": 0}, {"value": "<div class=\"section-region-sidebar\">\n<div class=\"block ad-block mr\">\n<div id=\"div-gpt-ad-1402671804369-0\" style=\"width:300px; height:250px;\">\n</div>\n</div>\n<div class=\"block ad-block mr\">\n<div id=\"div-gpt-ad-1402671804369-1\" style=\"width:300px;\">\n</div>\n</div><div class=\"view view-promotions view-id-promotions view-display-id-sidebar_promotions promotions-wrapper view-dom-id-b5cf90c0d057e48c0a2eaca8b426fc54\">\n</div><div class=\"view view-promotions view-id-promotions view-display-id-promotions_bottom promotions-wrapper view-dom-id-a521515e522434360fbc584f9e566766\">\n</div><div about=\"/content/frontlines\" class=\"node node-webform node-promoted clearfix\" id=\"node-268671\" sliderimagepath=\"\" typeof=\"sioc:Item foaf:Document\">\n<div class=\"webform-header\">Get Email Updates</div>\n<div class=\"email-subscription-sidebar clearfix\"><div class=\"field field-name-field-headline field-type-text field-label-hidden\"><div class=\"field-items\"><div class=\"field-item even\" property=\"\">Frontlines</div></div></div><div class=\"field field-name-body field-type-text-with-summary field-label-hidden\"><div class=\"field-items\"><div class=\"field-item even\" property=\"content:encoded\"><p>Monthly CBN partner magazine</p>\n</div></div></div><div id=\"webform-ajax-wrapper-268671\"><form accept-charset=\"UTF-8\" action=\"/about/cbn-privacy-policy\" class=\"webform-client-form\" enctype=\"multipart/form-data\" id=\"webform-client-form-268671\" method=\"post\"><div><div class=\"clear clearfix\">\n<div class=\"section-region-main-\">\n<div class=\"form-item webform-component webform-component-email\" id=\"webform-component-email\">\n<label class=\"element-invisible\" for=\"edit-submitted-email\">Email <span class=\"form-required\" title=\"This field is required.\">*</span></label>\n<input class=\"email form-text form-email required\" id=\"edit-submitted-email\" name=\"submitted[email]\" size=\"60\" type=\"email\"/>\n</div>\n<input name=\"details[sid]\" type=\"hidden\"/>\n<input name=\"details[page_num]\" type=\"hidden\" value=\"1\"/>\n<input name=\"details[page_count]\" type=\"hidden\" value=\"1\"/>\n<input name=\"details[finished]\" type=\"hidden\" value=\"0\"/>\n<input name=\"form_build_id\" type=\"hidden\" value=\"form-Gbe2-r1EPodDalEiTIeLO4bBb4tPon02fDXA0Wwh3jk\"/>\n<input name=\"form_id\" type=\"hidden\" value=\"webform_client_form_268671\"/>\n<input name=\"webform_ajax_wrapper_id\" type=\"hidden\" value=\"webform-ajax-wrapper-268671\"/>\n<div class=\"form-actions form-wrapper\" id=\"edit-actions\"><input class=\"form-submit\" id=\"edit-webform-ajax-submit-268671\" name=\"op\" type=\"submit\" value=\"Subscribe\"/></div> </div>\n</div>\n</div></form></div><span class=\"rdf-meta element-hidden\" content=\"Frontlines\" property=\"dc:title\"></span></div>\n</div>\n</div>", "level": 0}, {"value": "<div class=\"clearfix\" style=\"clear:both; line-height:0; text-transform:uppercase; font-size:14px; color:#6f6f6f;text-align:center; padding-bottom:15px;\"><a class=\"\" href=\"/\">The Christian Broadcasting Network</a></div>", "level": 0}, {"value": "<a class=\"logo-link\" href=\"#\"><span class=\"hidden\">Christian Broadcasting Network</span></a>", "level": 0}, {"value": "<ul class=\"menu support-menu\">\n<li><a class=\"salvation-link\" href=\"/stepstopeace\"><span>Know Jesus?</span><span class=\"footer-image\"></span></a></li>\n<li><a class=\"spiritual-link\" href=\"/grow\"><span>Grow</span><span class=\"footer-image\"></span></a></li>\n<li><a class=\"prayer-link\" href=\"/prayer\"><span>Get Prayer</span><span class=\"footer-image\"></span></a></li>\n<li><a class=\"support-link\" href=\"http://www.cbn.com/giving\"><span>Give to CBN</span><span class=\"footer-image\"></span></a></li>\n</ul>", "level": 0}, {"value": "<div class=\"social-connect-menu-wrapper\">\n<ul class=\"menu social-menu clearfix\">\n<li><a class=\"facebook-link\" href=\"/social-networks#facebook-section\" target=\"_blank\">Facebook</a></li>\n<li><a class=\"twitter-link\" href=\"/social-networks#twitter-section\" target=\"_blank\">Twitter</a></li>\n<li><a class=\"youtube-link\" href=\"/social-networks#youtube-section\" target=\"_blank\">YouTube</a></li>\n</ul>\n<ul class=\"menu connect-menu clearfix\">\n<li><a class=\"bible-link\" href=\"http://bible.cbn.com/#!/bible/nlt/43/1\" target=\"_blank\"><span></span>Bible</a></li>\n<li><a class=\"apps-link\" href=\"/cbn-apps\" target=\"_blank\"><span></span>Apps</a></li>\n<li><a class=\"podcasts-link\" href=\"/podcasts\" target=\"_blank\"><span></span>Podcasts</a></li>\n<li><a class=\"rss-link\" href=\"/rss-feeds\" target=\"_blank\"><span></span>RSS</a></li>\n<li><a class=\"shop-cbn-link\" href=\"http://shop.cbn.com\" target=\"_blank\"><span></span>ShopCBN</a></li>\n<li><a class=\"mycbn-link\" href=\"http://my.cbn.com\" target=\"_blank\"><span></span>myCBN</a></li>\n<li><a class=\"email-subscribe\" href=\"http://www.cbn.com/community/af/emailpreferences.aspx\" target=\"_blank\"><span></span>Email</a></li>\n</ul>\n</div>", "level": 0}], [{"value": "<h2>About CBN</h2>", "level": 8}, {"value": "<ul class=\"links\">\n<!--\t<li><a target =\"_blank\" href=\"http://www.cbn.com/about/index.aspx\">Mission & History</a></li> -->\n<!-- <li><a target =\"_blank\" href=\"/about-our-ministries-mission-and-history-statement-of-faith\">Mission & History</a></li> -->\n<li><a href=\"/about/cbn-partners-mission-statement\">Mission Statement</a></li>\n<li><a href=\"/cbn-partners\">Our Ministries</a></li>\n<li><a href=\"http://superbook.tv\" target=\"_blank\">Superbook/Kids</a></li>\n<li><a href=\"/about/annual-financial-report\">Financial Statements</a></li>\n<li><a href=\"http://www.regent.edu\" target=\"_blank\">Regent University</a></li>\n<li><a href=\"/job-openings\">Job Opportunities</a></li>\n</ul>", "level": 0}], [{"value": "<h2>Shows</h2>", "level": 8}, {"value": "<ul class=\"links\">\n<li><a href=\"/700club\">The 700 Club</a></li>\n<li><a href=\"/tv/cwn\">Christian World News</a></li>\n<li><a href=\"/tv/jerusalem-dateline\">Jerusalem Dateline</a></li>\n<li><a href=\"/cbnnews/faith-nation\">Faith Nation</a></li>\n<li><a href=\"http://event.cbn.com/700clubinteractive/\" target=\"_blank\">700 Club Interactive</a></li>\n<li><a href=\"/cbnnews/all-shows\">All News Shows</a></li>\n</ul>", "level": 0}, {"value": "<div id=\"connect-with-us-block\">\n<h2>Connect With Us</h2>\n<ul class=\"links\">\n<li><a href=\"/contact\" target=\"_blank\">Contact Us</a></li>\n<li><a href=\"http://www.cbn.com/community/af/emailpreferences.aspx?mobile=false\" target=\"_blank\">Email and Devotions Sign-Ups</a></li>\n<li><a href=\"/social-networks\" target=\"_blank\">Follow Us/Social</a></li>\n<li><a href=\"/cbn-apps\" target=\"_blank\">Mobile &amp; Apps</a></li>\n<li><a href=\"http://www.cbn.com/contact/feedback-advertise-with-cbn.aspx?mobile=false\" target=\"_blank\">Advertise With Us</a></li>\n<li><a href=\"http://www.cbn.com/mediakit/\" target=\"_blank\">Media Kit</a></li>\n</ul>\n</div>", "level": 0}], [{"value": "<h2>Connect With Us</h2>", "level": 8}, {"value": "<ul class=\"links\">\n<li><a href=\"/contact\" target=\"_blank\">Contact Us</a></li>\n<li><a href=\"http://www.cbn.com/community/af/emailpreferences.aspx?mobile=false\" target=\"_blank\">Email and Devotions Sign-Ups</a></li>\n<li><a href=\"/social-networks\" target=\"_blank\">Follow Us/Social</a></li>\n<li><a href=\"/cbn-apps\" target=\"_blank\">Mobile &amp; Apps</a></li>\n<li><a href=\"http://www.cbn.com/contact/feedback-advertise-with-cbn.aspx?mobile=false\" target=\"_blank\">Advertise With Us</a></li>\n<li><a href=\"http://www.cbn.com/mediakit/\" target=\"_blank\">Media Kit</a></li>\n</ul>", "level": 0}], [{"value": "<h2>Christian Living</h2>", "level": 8}, {"value": "<ul class=\"links\">\n<li><a href=\"/spiritual-life\">Spiritual Life</a></li>\n<li><a href=\"/entertainment\">Entertainment</a></li>\n<li><a href=\"/family\">Family</a></li>\n<li><a href=\"/health\">Health</a></li>\n<li><a href=\"/finance\">Finance</a></li>\n<li><a href=\"http://bible.cbn.com/#!/bible/nlt/43/1\" target=\"_blank\">Read The Bible</a></li>\n<li id=\"cdq_element_998kt\"><a href=\"http://www1.cbn.com/spiritual-life/church-directory\" id=\"cdq_element_176kt\" target=\"_blank\">Find A Local Church</a></li>\n</ul>", "level": 0}, {"value": "<div id=\"involved-block\">\n<h2>Get Involved</h2>\n<ul class=\"links\">\n<li><a href=\"https://www.cbn.com/giving\" target=\"_blank\">Become a CBN Partner</a></li>\n<li><a href=\"http://www.cbn.com/giving/700club/pledgeExpress.aspx?mobile=false\" target=\"_blank\">Pledge Express</a></li>\n<li><a href=\"http://www.cbnlegacy.org/\" target=\"_blank\">Planned Giving &amp; Your Legacy</a></li>\n<li><a href=\"http://www.cbn.com/giving/700club/stockgifts.aspx\" target=\"_blank\">Donate Stock</a></li>\n<li><a href=\"http://www.cbn.com/partners/matchinggifts.aspx\" target=\"_blank\">Employer Matching Gifts</a></li>\n</ul>\n</div>", "level": 0}], [{"value": "<h2>Get Involved</h2>", "level": 8}, {"value": "<ul class=\"links\">\n<li><a href=\"https://www.cbn.com/giving\" target=\"_blank\">Become a CBN Partner</a></li>\n<li><a href=\"http://www.cbn.com/giving/700club/pledgeExpress.aspx?mobile=false\" target=\"_blank\">Pledge Express</a></li>\n<li><a href=\"http://www.cbnlegacy.org/\" target=\"_blank\">Planned Giving &amp; Your Legacy</a></li>\n<li><a href=\"http://www.cbn.com/giving/700club/stockgifts.aspx\" target=\"_blank\">Donate Stock</a></li>\n<li><a href=\"http://www.cbn.com/partners/matchinggifts.aspx\" target=\"_blank\">Employer Matching Gifts</a></li>\n</ul>", "level": 0}], [{"value": "<h2>More Resources</h2>", "level": 8}, {"value": "<ul class=\"links\">\n<li><a href=\"http://shop.cbn.com\" target=\"_blank\">Shop CBN</a></li>\n<li><a href=\"http://bible.cbn.com\" target=\"_blank\">Bible</a></li>\n<li><a href=\"http://my.cbn.com\" target=\"_blank\">myCBN</a></li>\n<li><a href=\"/cbn-apps\">Apps</a></li>\n</ul>", "level": 0}], [{"value": "<h2>Today's Scripture</h2>", "level": 8}, {"value": "<p><i><a href=\"http://bible.cbn.com/#!/reading-plan/1/259\" target=\"_blank\">2 Corinthians 9:7</a></i></p>", "level": 0}, {"value": "<p id=\"verse-text\"><i><a href=\"http://bible.cbn.com/#!/reading-plan/1/259\" target=\"_blank\">You must each decide in your heart how much to give. And don't give reluctantly or in response to pressure. \"For God loves a person who gives cheerfully.\"</a></i></p>", "level": 0}], [{"value": "<h2>Today's Devotion</h2>", "level": 8}, {"value": "<a href=\"/devotions/its-just-too-much-fun\">It's Just Too Much Fun!</a>", "level": 0}, {"value": "<div class=\"footer-bottom\">\n<div class=\"footer-ad no-print\">\n\n<div id=\"div-gpt-ad-1402671804369-3\"></div>\n</div>\n<div class=\"no-print\" style=\"font-size:18px; margin:10px 0px;\">Call for Prayer: (800) 700-7000</div>\n<div>\n<div class=\"inline-bottom no-print\">\n<div><a href=\"/cbn-donor-privacy-policy\">Donor Privacy Policy</a></div>\n<div><a href=\"http://www1.cbn.com/about/cbn-privacy-policy\">Privacy Notice</a></div>\n<div><a href=\"/terms-of-use\">Terms of Use</a></div>\n<span class=\"linebreak\"></span>\n<div><a href=\"http://www1.cbn.com/cbn-cookies-policy\">CBN Cookie Policy</a></div>\n<div><a href=\"http://www1.cbn.com/cbn-third-party-processor-information\">Third Party Cookies</a></div>\n</div>\n<div class=\"spacer\" style=\"margin-bottom: 11px;\"></div>\n<div class=\"inline-bottom\">\n                        \u00a9 2018 The Christian Broadcasting Network, Inc., A nonprofit 501 (c)(3) Charitable Organization.\n                    </div>\n</div>\n</div>", "level": 0}, {"value": "<div class=\"box-transition\" id=\"mobile-main-menu\">\n<div class=\"box-transition clearfix\" id=\"mobile-main-menu-container\">\n<div class=\"mobile-sub-menu root-menu\">\n<ul class=\"menu\"><li><a href=\"/\">Home</a></li></ul>\n<ul class=\"menu\"><li class=\"first collapsed\"><a href=\"/700club\">700 Club CBN Shows</a><ul class=\"cbnnews-submenu\"><li class=\"first collapsed\"><a href=\"/700club\">The 700 Club</a><ul class=\"cbnnews-submenu\"><li class=\"first \"><a href=\"/700club/episodes\">Watch</a></li>\n<li class=\"\"><a href=\"/700club/guests?order=field_video_date&amp;sort=desc\">Guests</a></li>\n<li class=\"\"><a href=\"/700club/seen-on\">As Seen On The Club</a></li>\n<li class=\"collapsed\"><a href=\"/700club/ShowInfo/about\">Show Info</a><ul class=\"cbnnews-submenu\"><li class=\"first \"><a href=\"/700club/ShowInfo/about\" title=\"\">About The 700 Club</a></li>\n<li class=\"\"><a href=\"/contact/contact-700-club\">Contact Us</a></li>\n<li class=\"\"><a href=\"/contact/contact-700-club?topic=AskPat\">Ask Pat a Question</a></li>\n<li class=\"\"><a href=\"http://my.cbn.com/pg/groups/world/?filter=active&amp;m=nav\" target=\"_blank\">My CBN Discussion</a></li>\n<li class=\"\"><a href=\"/700club/show-info/schedule-by-month\">Schedule</a></li>\n<li class=\"\"><a href=\"/700club/showinfo/where-to-watch\">Where to watch</a></li>\n<li class=\"last \"><a href=\"/about/visit\">Visit CBN</a></li>\n</ul></li>\n<li class=\"\"><a href=\"/contact/contact-700-club?topic=Testimony\">Tell Us Your Story!</a></li>\n<li class=\"last \"><a href=\"http://www.cbn.com/giving\" target=\"_blank\">Join The 700 Club!</a></li>\n</ul></li>\n<li class=\"\"><a href=\"http://event.cbn.com/700clubinteractive/\" target=\"_blank\">700 Club Interactive</a></li>\n<li class=\"last \"><a href=\"http://www1.cbn.com/cbnnews/all-shows\" target=\"_blank\">CBN News Shows</a></li>\n</ul></li>\n<li class=\"\"><a href=\"/cbnnews\">CBN News</a></li>\n<li class=\"collapsed\"><a href=\"/christian-living\">Christian Living</a><ul class=\"cbnnews-submenu\"><li class=\"first \"><a href=\"http://bible.cbn.com\" target=\"_blank\">CBN Bible</a></li>\n<li class=\"collapsed\"><a href=\"/spiritual-life\">Spiritual Life</a><ul class=\"cbnnews-submenu\"><li class=\"first \"><a href=\"/devotions\">Devotions</a></li>\n<li class=\"\"><a href=\"/topic-list\">Topics</a></li>\n<li class=\"collapsed\"><a href=\"/question-list\">Questions</a><ul class=\"cbnnews-submenu\"><li class=\"first last \"><a href=\"/question-list-search\">Questions Search</a></li>\n</ul></li>\n<li class=\"\"><a href=\"/course/general-bible-courses\">Courses</a></li>\n<li class=\"\"><a href=\"/grow\">Grow</a></li>\n<li class=\"\"><a href=\"/stepstopeace\">Know God?</a></li>\n<li class=\"\"><a href=\"/prayer\">Prayer</a></li>\n<li class=\"collapsed\"><a href=\"/content/more-resources-tools\">More Resources</a><ul class=\"cbnnews-submenu\"><li class=\"first \"><a href=\"/spirituallife/bible/apps\">Bible Apps</a></li>\n<li class=\"\"><a href=\"/spiritual-life/church-directory\">Church Finder</a></li>\n<li class=\"\"><a href=\"http://www.cbn.com/special/apologetics/\" target=\"_blank\">Apologetics</a></li>\n<li class=\"\"><a href=\"http://www.cbn.com/special/archaeology/\" target=\"_blank\">Biblical Archeology</a></li>\n<li class=\"\"><a href=\"/blog-overcoming-addictions\">Overcoming Addictions</a></li>\n<li class=\"\"><a href=\"/blog-grin-and-grow-with-kathy\">Grin and Grow with Kathy</a></li>\n<li class=\"last \"><a href=\"/cbn-special-pages\">Special Pages</a></li>\n</ul></li>\n<li class=\"last \"><a href=\"http://bible.cbn.com/\" target=\"_blank\">CBN Bible</a></li>\n</ul></li>\n<li class=\"collapsed\"><a href=\"/family\">Family</a><ul class=\"cbnnews-submenu\"><li class=\"first collapsed\"><a href=\"/marriage\">Marriage</a><ul class=\"cbnnews-submenu\"><li class=\"first last \"><a href=\"/content/marriage-911\">Marriage 911</a></li>\n</ul></li>\n<li class=\"collapsed\"><a href=\"/parenting\">Parenting</a><ul class=\"cbnnews-submenu\"><li class=\"first last \"><a href=\"/content/mommy-and-joyful-three\">Mommy and the Joyful Three</a></li>\n</ul></li>\n<li class=\"collapsed\"><a href=\"/family-advice\" title=\"\">Family Advice</a><ul class=\"cbnnews-submenu\"><li class=\"first last \"><a href=\"/content/family-matters\">Family Matters</a></li>\n</ul></li>\n<li class=\"\"><a href=\"/singles\">Singles</a></li>\n<li class=\"\"><a href=\"/youth\">Youth</a></li>\n<li class=\"last \"><a href=\"http://us-en.superbook.cbn.com/\" target=\"_blank\">Kids</a></li>\n</ul></li>\n<li class=\"collapsed\"><a class=\"section_christian-living\" href=\"/entertainment\">Entertainment</a><ul class=\"cbnnews-submenu\"><li class=\"first \"><a href=\"/hollywood-insight\">Hollywood Insight</a></li>\n<li class=\"collapsed\"><a href=\"/movies\" title=\"\">Movies</a><ul class=\"cbnnews-submenu\"><li class=\"first \"><a href=\"/movie-interviews\" title=\"\">Interviews</a></li>\n<li class=\"\"><a href=\"/movie-news\" title=\"\">News</a></li>\n<li class=\"last \"><a href=\"/movie-reviews\" title=\"\">Reviews</a></li>\n</ul></li>\n<li class=\"collapsed\"><a href=\"/television\">Television</a><ul class=\"cbnnews-submenu\"><li class=\"first \"><a href=\"/television-interviews\" title=\"\">Interviews</a></li>\n<li class=\"last \"><a href=\"/television-reviews\">Reviews</a></li>\n</ul></li>\n<li class=\"collapsed\"><a href=\"/music\">Music</a><ul class=\"cbnnews-submenu\"><li class=\"first \"><a href=\"/music-artists\" title=\"\">Artists</a></li>\n<li class=\"\"><a href=\"/music-interviews\" title=\"\">Interviews</a></li>\n<li class=\"\"><a href=\"/music-news\" title=\"\">News</a></li>\n<li class=\"last \"><a href=\"/music-reviews\">Reviews</a></li>\n</ul></li>\n<li class=\"last collapsed\"><a href=\"/books-0\">Books</a><ul class=\"cbnnews-submenu\"><li class=\"first \"><a href=\"/book-excerpts\" title=\"\">Book Excerpts</a></li>\n<li class=\"\"><a href=\"/author-interviews\">Interviews</a></li>\n<li class=\"\"><a href=\"/book-news\" title=\"\">News</a></li>\n<li class=\"last \"><a href=\"/book-reviews\">Reviews</a></li>\n</ul></li>\n</ul></li>\n<li class=\"collapsed\"><a href=\"/health\">Health</a><ul class=\"cbnnews-submenu\"><li class=\"first \"><a href=\"/health/nutrition\">Nutrition</a></li>\n<li class=\"\"><a href=\"/health/fitness\">Fitness</a></li>\n<li class=\"\"><a href=\"/health/weight-loss\">Weight Loss</a></li>\n<li class=\"collapsed\"><a href=\"/health/emotional-wellness\">Emotional Wellness</a><ul class=\"cbnnews-submenu\"><li class=\"first last \"><a href=\"/blog-overcoming-addictions\">Overcoming Addictions</a></li>\n</ul></li>\n<li class=\"last \"><a href=\"/beauty\">Beauty</a></li>\n</ul></li>\n<li class=\"last collapsed\"><a href=\"/finance\">Finance</a><ul class=\"cbnnews-submenu\"><li class=\"first \"><a href=\"/personal-finance\">Personal Finance</a></li>\n<li class=\"\"><a href=\"/career\">Career</a></li>\n<li class=\"\"><a href=\"/ask-dave-ramsey\">Ask Dave Ramsey</a></li>\n<li class=\"\"><a href=\"/pastoral-compensation\">Pastoral Compensation</a></li>\n<li class=\"last \"><a href=\"https://www.cbn.com/spirituallife/christiancourses/livingbythebook/finances/index.aspx\" target=\"_blank\">Resources &amp; Courses</a></li>\n</ul></li>\n</ul></li>\n<li class=\"collapsed\"><a href=\"/tv\">Watch Video</a><ul class=\"cbnnews-submenu\"><li class=\"first collapsed\"><a href=\"/tv/700club\">Shows</a><ul class=\"cbnnews-submenu\"><li class=\"first \"><a href=\"/tv/700club\">The 700 Club</a></li>\n<li class=\"\"><a href=\"/tv/700club-interactive\" title=\"\">700 Club Interactive</a></li>\n<li class=\"\"><a href=\"/tv/faith-nation\">Faith Nation</a></li>\n<li class=\"\"><a href=\"/tv/newswatch\">NewsWatch</a></li>\n<li class=\"\"><a href=\"/tv/cwn\">Christian World News</a></li>\n<li class=\"\"><a href=\"/tv/jerusalem-dateline\">Jerusalem Dateline</a></li>\n<li class=\"\"><a href=\"/tv/global-lane\">The Global Lane</a></li>\n<li class=\"\"><a href=\"/tv/700club-canada\">The 700 Club Canada</a></li>\n<li class=\"\"><a href=\"/tv/international\">International</a></li>\n<li class=\"\"><a href=\"/tv/cbn-news-showcase\">CBN News Showcase</a></li>\n<li class=\"last \"><a href=\"/tv/studio-5\">Studio 5</a></li>\n</ul></li>\n<li class=\"collapsed\"><a href=\"/tv/features\">Topics</a><ul class=\"cbnnews-submenu\"><li class=\"first \"><a href=\"/tv/entertainment\">Entertainment</a></li>\n<li class=\"\"><a href=\"/tv/family\">Family</a></li>\n<li class=\"\"><a href=\"/tv/finance\">Finance</a></li>\n<li class=\"\"><a href=\"/tv/health\">Health</a></li>\n<li class=\"\"><a href=\"http://www1.cbn.com/cbn-video-search?search_term=testimonies&amp;site=tv&amp;num=16\">Testimonies</a></li>\n<li class=\"\"><a href=\"/videos/Teaching\">Teaching</a></li>\n<li class=\"last \"><a href=\"http://www1.cbn.com/cbn-video-search?search_term=outreachstory&amp;site=tv&amp;num=16\">Impact Stories</a></li>\n</ul></li>\n<li class=\"collapsed\"><a href=\"/tv/cbn-live\">Live Video</a><ul class=\"cbnnews-submenu\"><li class=\"first \"><a href=\"/tv/cbn-live\">CBN Live</a></li>\n<li class=\"\"><a href=\"/tv/cbn-news\">News - CBN News</a></li>\n<li class=\"last \"><a href=\"/tv/cbn-espanol\">CBN Espa\u00c3\u00b1ol</a></li>\n</ul></li>\n<li class=\"last \"><a href=\"http://www.cbn.com/partners/video\" target=\"_blank\">Exclusive Videos</a></li>\n</ul></li>\n<li class=\"\"><a href=\"/radio\">CBN Radio</a></li>\n<li class=\"\"><a href=\"http://www.cbn.com/superbook/index.aspx\" target=\"_blank\">Kids' Superbook</a></li>\n<li class=\"collapsed\"><a href=\"/cbn-partners\" target=\"_blank\">About Our Ministries</a><ul class=\"cbnnews-submenu\"><li class=\"first collapsed\"><a href=\"/cbn-partners/what-we-do\">What we do</a><ul class=\"cbnnews-submenu\"><li class=\"first \"><a href=\"/cbn-partners/medical-outreach-ministry\">Medical Outreach</a></li>\n<li class=\"\"><a href=\"/cbn-partners/childrens-outreach\">Children's Outreach</a></li>\n<li class=\"\"><a href=\"/cbn-partners/clean-water-ministry\">Clean Water</a></li>\n<li class=\"\"><a href=\"/cbn-partners/disaster-relief-ministry\">Disaster Relief</a></li>\n<li class=\"\"><a href=\"/cbn-partners/military-family-support\">Military Support</a></li>\n<li class=\"\"><a href=\"/cbn-partners/human-trafficking\">Human Trafficking</a></li>\n<li class=\"\"><a href=\"/cbn-partners/job-skills\">Job Skills</a></li>\n<li class=\"\"><a href=\"/cbn-partners/life-changing-surgeries\">Surgeries</a></li>\n<li class=\"\"><a href=\"/cbn-partners/orphans-vulnerable-children-ministry\">Orphans</a></li>\n<li class=\"\"><a href=\"/cbn-partners/prayer-ministry\">Prayer</a></li>\n<li class=\"\"><a href=\"/cbn-partners/news-outreach\">News Outreach</a></li>\n<li class=\"\"><a href=\"/cbn-partners/christian-tv-and-video-outreach-ministry\">Christian TV</a></li>\n<li class=\"last \"><a href=\"/cbn-partners/digital-outreach\">Digital Outreach</a></li>\n</ul></li>\n<li class=\"collapsed\"><a href=\"/about/cbn-partners-history\">About us</a><ul class=\"cbnnews-submenu\"><li class=\"first \"><a href=\"/about/cbn-partners-mission-statement\">Mission Statement</a></li>\n<li class=\"\"><a href=\"/about/cbn-partners-statement-of-faith\">Statement of Faith</a></li>\n<li class=\"\"><a href=\"/cbn-staff-board-bios\">CBN Staff &amp; Board Bios</a></li>\n<li class=\"last \"><a href=\"/about/annual-financial-report\">Annual Financial Report</a></li>\n</ul></li>\n<li class=\"\"><a href=\"/partners-stories-testimonies\">Stories &amp; Testimonies</a></li>\n<li class=\"last \"><a href=\"/partners-ways-to-help\">Ways to help</a></li>\n</ul></li>\n<li class=\"last \"><a href=\"http://www.cbn.com/giving/\">Give To CBN</a></li>\n</ul> <ul class=\"menu support-menu\"> <li><a class=\"salvation-link\" href=\"/stepstopeace\">Know Jesus?</a></li> <li><a class=\"spiritual-link\" href=\"/grow\">Grow</a></li> <li><a class=\"prayer-link\" href=\"/prayer\">Prayer</a></li> <li><a class=\"support-link\" href=\"//www.cbn.com/giving\">Support CBN</a></li> <li><a class=\"login-link\" href=\"javascript:loadLogin();\">Sign In</a></li></ul> </div>\n</div>\n</div>", "level": 0}, {"value": "<div id=\"mobile-header\">\n<a class=\"icon-link-4032 menu-toggle-link\" href=\"#\" onclick=\"iconLinkClickHandler(event);\"><span class=\"hidden\">Menu</span></a>\n<a class=\"logo-link\" href=\"/\"><span class=\"hidden\">Christian Broadcasting Network</span></a>\n<a class=\"icon-link-4032 search-link\" href=\"#\" onclick=\"iconLinkClickHandler(event);\"><span class=\"hidden\">Menu</span></a>\n<div class=\"give-btn\" onclick=\"window.open('http://www.cbn.com/giving/?intcmp=gvsl-mobile-header-give');\">Donate</div>\n<!--<div class=\"clearfix\" style=\"clear:both; line-height:0; color:#fff; font-size:13px; text-align:center;\"> <a href=\"/\" class=\"\">The Christian Broadcasting Network</a></div>-->\n</div>", "level": 0}, {"value": "<div id=\"mobile-search\">\n<div class=\"search clearfix\">\n<div class=\"search-menu\">\n<ul class=\"list-menu border-top\">\n<li class=\"first leaf\">Search only:</li>\n<li class=\"leaf\"><a data-value=\"all\" href=\"#\">All</a></li>\n<li class=\"leaf\"><a data-value=\"news\" href=\"#\">News</a></li>\n<li class=\"leaf\"><a data-value=\"tv\" href=\"#\">TV</a></li>\n</ul>\n</div>\n<form action=\"/video-search\" id=\"form-video-search-mobile\">\n<input id=\"form-video-search-input-mobile\" name=\"title\" type=\"text\"/>\n<a class=\"search-submit-button\" href=\"#\"><span>Submit</span></a>\n</form>\n</div>\n</div>", "level": 0}]]