[[{"value": "<h1>\n<a href=\"https://bestplayedmobile.blogspot.com/\">\nBest Played Mobile Game\n</a>\n</h1>", "level": 9}, {"value": "<button aria-label=\"Search\" class=\"search-expand touch-icon-button\">\n<div class=\"search-expand-text\">Search</div>\n<svg class=\"svg-icon-24 touch-icon search-expand-icon\">\n<use xlink:href=\"/responsive/sprite_v1_6.css.svg#ic_search_black_24dp\" xmlns:xlink=\"http://www.w3.org/1999/xlink\"></use>\n</svg>\n</button>", "level": 0}, {"value": "<div class=\"widget BlogSearch\" data-version=\"2\" id=\"BlogSearch1\">\n<h3 class=\"title\">\nSearch This Blog\n</h3>\n<div class=\"widget-content\" role=\"search\">\n<form action=\"https://bestplayedmobile.blogspot.com/search\" target=\"_top\">\n<div class=\"search-input\">\n<input aria-label=\"Search this blog\" autocomplete=\"off\" name=\"q\" placeholder=\"Search this blog\" value=\"\"/>\n</div>\n<label class=\"search-submit-container\">\n<input type=\"submit\"/>\n<svg class=\"svg-icon-24 touch-icon search-icon\">\n<use xlink:href=\"/responsive/sprite_v1_6.css.svg#ic_search_black_24dp\" xmlns:xlink=\"http://www.w3.org/1999/xlink\"></use>\n</svg>\n</label>\n</form>\n</div>\n</div>", "level": 0}], [{"value": "<h3 class=\"title\">\nSearch This Blog\n</h3>", "level": 7}, {"value": "<div class=\"post\">\n\n<div class=\"post-title-container\">\n<a name=\"2536037799369868761\"></a>\n<h3 class=\"post-title entry-title\">\n</h3>\n</div>\n<div class=\"post-header\">\n<div class=\"post-header-line-1\">\n<span class=\"byline post-timestamp\">\non\n<meta content=\"https://bestplayedmobile.blogspot.com/2017/01/best-played-mobile-games-privacy-policy.html\"/>\n<a class=\"timestamp-link\" href=\"https://bestplayedmobile.blogspot.com/2017/01/best-played-mobile-games-privacy-policy.html\" rel=\"bookmark\" title=\"permanent link\">\n<time class=\"published\" datetime=\"2017-01-11T00:07:00-08:00\" title=\"2017-01-11T00:07:00-08:00\">\nJanuary 11, 2017\n</time>\n</a>\n</span>\n</div>\n</div>\n<div class=\"post-share-buttons post-share-buttons-top\">\n<div class=\"byline post-share-buttons goog-inline-block\">\n<div aria-owns=\"sharing-popup-Blog1-byline-2536037799369868761\" class=\"sharing\" data-title=\"\">\n<button aria-controls=\"sharing-popup-Blog1-byline-2536037799369868761\" aria-label=\"Share\" class=\"sharing-button touch-icon-button\" id=\"sharing-button-Blog1-byline-2536037799369868761\" role=\"button\">\n<div class=\"flat-icon-button ripple\">\n<svg class=\"svg-icon-24\">\n<use xlink:href=\"/responsive/sprite_v1_6.css.svg#ic_share_black_24dp\" xmlns:xlink=\"http://www.w3.org/1999/xlink\"></use>\n</svg>\n</div>\n</button>\n<div class=\"share-buttons-container\">\n<ul aria-hidden=\"true\" aria-label=\"Share\" class=\"share-buttons hidden\" id=\"sharing-popup-Blog1-byline-2536037799369868761\" role=\"menu\">\n<li>\n<span aria-label=\"Get link\" class=\"sharing-platform-button sharing-element-link\" data-href=\"https://www.blogger.com/share-post.g?blogID=1247928558927125000&amp;postID=2536037799369868761&amp;target=\" data-url=\"https://bestplayedmobile.blogspot.com/2017/01/best-played-mobile-games-privacy-policy.html\" role=\"menuitem\" tabindex=\"-1\" title=\"Get link\">\n<svg class=\"svg-icon-24 touch-icon sharing-link\">\n<use xlink:href=\"/responsive/sprite_v1_6.css.svg#ic_24_link_dark\" xmlns:xlink=\"http://www.w3.org/1999/xlink\"></use>\n</svg>\n<span class=\"platform-sharing-text\">Get link</span>\n</span>\n</li>\n<li>\n<span aria-label=\"Share to Facebook\" class=\"sharing-platform-button sharing-element-facebook\" data-href=\"https://www.blogger.com/share-post.g?blogID=1247928558927125000&amp;postID=2536037799369868761&amp;target=facebook\" data-url=\"https://bestplayedmobile.blogspot.com/2017/01/best-played-mobile-games-privacy-policy.html\" role=\"menuitem\" tabindex=\"-1\" title=\"Share to Facebook\">\n<svg class=\"svg-icon-24 touch-icon sharing-facebook\">\n<use xlink:href=\"/responsive/sprite_v1_6.css.svg#ic_24_facebook_dark\" xmlns:xlink=\"http://www.w3.org/1999/xlink\"></use>\n</svg>\n<span class=\"platform-sharing-text\">Facebook</span>\n</span>\n</li>\n<li>\n<span aria-label=\"Share to Twitter\" class=\"sharing-platform-button sharing-element-twitter\" data-href=\"https://www.blogger.com/share-post.g?blogID=1247928558927125000&amp;postID=2536037799369868761&amp;target=twitter\" data-url=\"https://bestplayedmobile.blogspot.com/2017/01/best-played-mobile-games-privacy-policy.html\" role=\"menuitem\" tabindex=\"-1\" title=\"Share to Twitter\">\n<svg class=\"svg-icon-24 touch-icon sharing-twitter\">\n<use xlink:href=\"/responsive/sprite_v1_6.css.svg#ic_24_twitter_dark\" xmlns:xlink=\"http://www.w3.org/1999/xlink\"></use>\n</svg>\n<span class=\"platform-sharing-text\">Twitter</span>\n</span>\n</li>\n<li>\n<span aria-label=\"Share to Pinterest\" class=\"sharing-platform-button sharing-element-pinterest\" data-href=\"https://www.blogger.com/share-post.g?blogID=1247928558927125000&amp;postID=2536037799369868761&amp;target=pinterest\" data-url=\"https://bestplayedmobile.blogspot.com/2017/01/best-played-mobile-games-privacy-policy.html\" role=\"menuitem\" tabindex=\"-1\" title=\"Share to Pinterest\">\n<svg class=\"svg-icon-24 touch-icon sharing-pinterest\">\n<use xlink:href=\"/responsive/sprite_v1_6.css.svg#ic_24_pinterest_dark\" xmlns:xlink=\"http://www.w3.org/1999/xlink\"></use>\n</svg>\n<span class=\"platform-sharing-text\">Pinterest</span>\n</span>\n</li>\n<li>\n<span aria-label=\"Share to Google+\" class=\"sharing-platform-button sharing-element-googlePlus\" data-href=\"https://www.blogger.com/share-post.g?blogID=1247928558927125000&amp;postID=2536037799369868761&amp;target=googleplus\" data-url=\"https://bestplayedmobile.blogspot.com/2017/01/best-played-mobile-games-privacy-policy.html\" role=\"menuitem\" tabindex=\"-1\" title=\"Share to Google+\">\n<svg class=\"svg-icon-24 touch-icon sharing-googlePlus\">\n<use xlink:href=\"/responsive/sprite_v1_6.css.svg#ic_24_googlePlus_dark\" xmlns:xlink=\"http://www.w3.org/1999/xlink\"></use>\n</svg>\n<span class=\"platform-sharing-text\">Google+</span>\n</span>\n</li>\n<li>\n<span aria-label=\"Email\" class=\"sharing-platform-button sharing-element-email\" data-href=\"https://www.blogger.com/share-post.g?blogID=1247928558927125000&amp;postID=2536037799369868761&amp;target=email\" data-url=\"https://bestplayedmobile.blogspot.com/2017/01/best-played-mobile-games-privacy-policy.html\" role=\"menuitem\" tabindex=\"-1\" title=\"Email\">\n<svg class=\"svg-icon-24 touch-icon sharing-email\">\n<use xlink:href=\"/responsive/sprite_v1_6.css.svg#ic_24_email_dark\" xmlns:xlink=\"http://www.w3.org/1999/xlink\"></use>\n</svg>\n<span class=\"platform-sharing-text\">Email</span>\n</span>\n</li>\n<li aria-hidden=\"true\" class=\"hidden\">\n<span aria-label=\"Share to other apps\" class=\"sharing-platform-button sharing-element-other\" data-url=\"https://bestplayedmobile.blogspot.com/2017/01/best-played-mobile-games-privacy-policy.html\" role=\"menuitem\" tabindex=\"-1\" title=\"Share to other apps\">\n<svg class=\"svg-icon-24 touch-icon sharing-sharingOther\">\n<use xlink:href=\"/responsive/sprite_v1_6.css.svg#ic_more_horiz_black_24dp\" xmlns:xlink=\"http://www.w3.org/1999/xlink\"></use>\n</svg>\n<span class=\"platform-sharing-text\">Other Apps</span>\n</span>\n</li>\n</ul>\n</div>\n</div>\n</div>\n</div>\n<div class=\"post-body entry-content float-container\" id=\"post-body-2536037799369868761\">\n<div dir=\"ltr\" style=\"text-align: left;\" trbidi=\"on\">\nBest Played Mobile Games - Privacy Policy<div>\n<br/></div>\n<div>\n<div class=\"MsoNormal\" style=\"background: white; line-height: 17.25pt; margin-bottom: .0001pt; margin-bottom: 0in; mso-outline-level: 1;\">\n<span style='color: #3f3f3f; font-family: \"inherit\",\"serif\"; font-size: 14.5pt; mso-bidi-font-family: Helvetica; mso-fareast-font-family: \"Times New Roman\"; mso-font-kerning: 18.0pt;'>Privacy\nPolicy of</span><span style='color: #3f3f3f; font-family: \"inherit\",\"serif\"; font-size: 14.5pt; mso-bidi-font-family: Helvetica; mso-bidi-font-size: 11.0pt; mso-fareast-font-family: \"Times New Roman\"; mso-font-kerning: 18.0pt;'>\u00a0<b>Best Played Mobile Games</b></span><span style='color: #3f3f3f; font-family: \"inherit\",\"serif\"; font-size: 14.5pt; mso-bidi-font-family: Helvetica; mso-fareast-font-family: \"Times New Roman\"; mso-font-kerning: 18.0pt;'><o:p></o:p></span></div>\n<div class=\"MsoNormal\" style=\"background: white; line-height: 14.25pt; margin-bottom: .0001pt; margin-bottom: 0in;\">\n<span style='color: #6b6b6b; font-family: \"inherit\",\"serif\"; font-size: 10.0pt; mso-bidi-font-family: Helvetica; mso-fareast-font-family: \"Times New Roman\";'>In order to receive information about your Personal Data, the\npurposes and the parties the Data is shared with, contact the Owner.<o:p></o:p></span></div>\n<div class=\"MsoNormal\" style=\"background: white; line-height: 15.75pt; margin-bottom: .0001pt; margin-bottom: 0in; mso-outline-level: 2;\">\n<b><span style='color: #3f3f3f; font-family: \"inherit\",\"serif\"; font-size: 13.0pt; mso-bidi-font-family: Helvetica; mso-fareast-font-family: \"Times New Roman\";'>Data Controller and Owner<o:p></o:p></span></b></div>\n<div class=\"MsoNormal\" style=\"background: white; line-height: 15.75pt; margin-bottom: .0001pt; margin-bottom: 0in; mso-outline-level: 2;\">\n<b><span style='color: #3f3f3f; font-family: \"inherit\",\"serif\"; font-size: 13.0pt; mso-bidi-font-family: Helvetica; mso-fareast-font-family: \"Times New Roman\";'>Types of Data collected<o:p></o:p></span></b></div>\n<div class=\"MsoNormal\" style=\"background: white; line-height: 14.25pt; margin-bottom: .0001pt; margin-bottom: 0in;\">\n<span style='color: #6b6b6b; font-family: \"inherit\",\"serif\"; font-size: 10.0pt; mso-bidi-font-family: Helvetica; mso-fareast-font-family: \"Times New Roman\";'>The owner does not provide a list of Personal Data types\ncollected.<o:p></o:p></span></div>\n<div class=\"MsoNormal\" style=\"background: white; line-height: 14.25pt; margin-bottom: .0001pt; margin-bottom: 0in;\">\n<span style='color: #6b6b6b; font-family: \"inherit\",\"serif\"; font-size: 10.0pt; mso-bidi-font-family: Helvetica; mso-fareast-font-family: \"Times New Roman\";'>Other Personal Data collected may be described in other sections\nof this privacy policy or by dedicated explanation text contextually with the\nData collection.<br/>\nThe Personal Data may be freely provided by the User, or collected\nautomatically when using this Application.<br/>\nAny use of Cookies - or of other tracking tools - by this Application or by the\nowners of third party services used by this Application, unless stated\notherwise, serves to identify Users and remember their preferences, for the\nsole purpose of providing the service required by the User.<br/>\nFailure to provide certain Personal Data may make it impossible for this\nApplication to provide its services.<o:p></o:p></span></div>\n<div class=\"MsoNormal\" style=\"background: white; line-height: 14.25pt; margin-bottom: .0001pt; margin-bottom: 0in;\">\n<span style='color: #6b6b6b; font-family: \"inherit\",\"serif\"; font-size: 10.0pt; mso-bidi-font-family: Helvetica; mso-fareast-font-family: \"Times New Roman\";'>Users are responsible for any Personal Data of third parties obtained,\npublished or shared through this Application and confirm that they have the\nthird party's consent to provide the Data to the Owner.<o:p></o:p></span></div>\n<div class=\"MsoNormal\" style=\"background: white; line-height: 15.75pt; margin-bottom: .0001pt; margin-bottom: 0in; mso-outline-level: 2;\">\n<b><span style='color: #3f3f3f; font-family: \"inherit\",\"serif\"; font-size: 13.0pt; mso-bidi-font-family: Helvetica; mso-fareast-font-family: \"Times New Roman\";'>Mode and place of processing the\nData<o:p></o:p></span></b></div>\n<div class=\"MsoNormal\" style=\"background: white; line-height: 14.25pt; margin-bottom: .0001pt; margin-bottom: 0in; mso-outline-level: 3;\">\n<b><span style='color: #3f3f3f; font-family: \"inherit\",\"serif\"; font-size: 10.0pt; mso-bidi-font-family: Helvetica; mso-fareast-font-family: \"Times New Roman\";'>Methods of processing<o:p></o:p></span></b></div>\n<div class=\"MsoNormal\" style=\"background: white; line-height: 14.25pt; margin-bottom: .0001pt; margin-bottom: 0in;\">\n<span style='color: #6b6b6b; font-family: \"inherit\",\"serif\"; font-size: 10.0pt; mso-bidi-font-family: Helvetica; mso-fareast-font-family: \"Times New Roman\";'>The Data Controller processes the Data of Users in a proper\nmanner and shall take appropriate security measures to prevent unauthorized\naccess, disclosure, modification, or unauthorized destruction of the Data.<br/>\nThe Data processing is carried out using computers and/or IT enabled tools,\nfollowing organizational procedures and modes strictly related to the purposes\nindicated. In addition to the Data Controller, in some cases, the Data may be\naccessible to certain types of persons in charge, involved with the operation\nof the site (administration, sales, marketing, legal, system administration) or\nexternal parties (such as third party technical service providers, mail\ncarriers, hosting providers, IT companies, communications agencies) appointed,\nif necessary, as Data Processors by the Owner. The updated list of these\nparties may be requested from the Data Controller at any time.<o:p></o:p></span></div>\n<div class=\"MsoNormal\" style=\"background: white; line-height: 14.25pt; margin-bottom: .0001pt; margin-bottom: 0in; mso-outline-level: 3;\">\n<b><span style='color: #3f3f3f; font-family: \"inherit\",\"serif\"; font-size: 10.0pt; mso-bidi-font-family: Helvetica; mso-fareast-font-family: \"Times New Roman\";'>Place<o:p></o:p></span></b></div>\n<div class=\"MsoNormal\" style=\"background: white; line-height: 14.25pt; margin-bottom: .0001pt; margin-bottom: 0in;\">\n<span style='color: #6b6b6b; font-family: \"inherit\",\"serif\"; font-size: 10.0pt; mso-bidi-font-family: Helvetica; mso-fareast-font-family: \"Times New Roman\";'>The Data is processed at the Data Controller's operating offices\nand in any other places where the parties involved with the processing are\nlocated. For further information, please contact the Data Controller.<o:p></o:p></span></div>\n<div class=\"MsoNormal\" style=\"background: white; line-height: 14.25pt; margin-bottom: .0001pt; margin-bottom: 0in; mso-outline-level: 3;\">\n<b><span style='color: #3f3f3f; font-family: \"inherit\",\"serif\"; font-size: 10.0pt; mso-bidi-font-family: Helvetica; mso-fareast-font-family: \"Times New Roman\";'>Retention time<o:p></o:p></span></b></div>\n<div class=\"MsoNormal\" style=\"background: white; line-height: 14.25pt; margin-bottom: .0001pt; margin-bottom: 0in;\">\n<span style='color: #6b6b6b; font-family: \"inherit\",\"serif\"; font-size: 10.0pt; mso-bidi-font-family: Helvetica; mso-fareast-font-family: \"Times New Roman\";'>The Data is kept for the time necessary to provide the service\nrequested by the User, or stated by the purposes outlined in this document, and\nthe User can always request that the Data Controller suspend or remove the\ndata.<o:p></o:p></span></div>\n<div class=\"MsoNormal\" style=\"background: white; line-height: 15.75pt; margin-bottom: .0001pt; margin-bottom: 0in; mso-outline-level: 2;\">\n<b><span style='color: #3f3f3f; font-family: \"inherit\",\"serif\"; font-size: 13.0pt; mso-bidi-font-family: Helvetica; mso-fareast-font-family: \"Times New Roman\";'>Additional information about Data\ncollection and processing<o:p></o:p></span></b></div>\n<div class=\"MsoNormal\" style=\"background: white; line-height: 14.25pt; margin-bottom: .0001pt; margin-bottom: 0in; mso-outline-level: 3;\">\n<b><span style='color: #3f3f3f; font-family: \"inherit\",\"serif\"; font-size: 10.0pt; mso-bidi-font-family: Helvetica; mso-fareast-font-family: \"Times New Roman\";'>Legal action<o:p></o:p></span></b></div>\n<div class=\"MsoNormal\" style=\"background: white; line-height: 14.25pt; margin-bottom: .0001pt; margin-bottom: 0in;\">\n<span style='color: #6b6b6b; font-family: \"inherit\",\"serif\"; font-size: 10.0pt; mso-bidi-font-family: Helvetica; mso-fareast-font-family: \"Times New Roman\";'>The User's Personal Data may be used for legal purposes by the\nData Controller, in Court or in the stages leading to possible legal action\narising from improper use of this Application or the related services.<br/>\nThe User declares to be aware that the Data Controller may be required to\nreveal personal data upon request of public authorities.<o:p></o:p></span></div>\n<div class=\"MsoNormal\" style=\"background: white; line-height: 14.25pt; margin-bottom: .0001pt; margin-bottom: 0in; mso-outline-level: 3;\">\n<b><span style='color: #3f3f3f; font-family: \"inherit\",\"serif\"; font-size: 10.0pt; mso-bidi-font-family: Helvetica; mso-fareast-font-family: \"Times New Roman\";'>Additional information about\nUser's Personal Data<o:p></o:p></span></b></div>\n<div class=\"MsoNormal\" style=\"background: white; line-height: 14.25pt; margin-bottom: .0001pt; margin-bottom: 0in;\">\n<span style='color: #6b6b6b; font-family: \"inherit\",\"serif\"; font-size: 10.0pt; mso-bidi-font-family: Helvetica; mso-fareast-font-family: \"Times New Roman\";'>In addition to the information contained in this privacy policy,\nthis Application may provide the User with additional and contextual\ninformation concerning particular services or the collection and processing of\nPersonal Data upon request.<o:p></o:p></span></div>\n<div class=\"MsoNormal\" style=\"background: white; line-height: 14.25pt; margin-bottom: .0001pt; margin-bottom: 0in; mso-outline-level: 3;\">\n<b><span style='color: #3f3f3f; font-family: \"inherit\",\"serif\"; font-size: 10.0pt; mso-bidi-font-family: Helvetica; mso-fareast-font-family: \"Times New Roman\";'>System logs and maintenance<o:p></o:p></span></b></div>\n<div class=\"MsoNormal\" style=\"background: white; line-height: 14.25pt; margin-bottom: .0001pt; margin-bottom: 0in;\">\n<span style='color: #6b6b6b; font-family: \"inherit\",\"serif\"; font-size: 10.0pt; mso-bidi-font-family: Helvetica; mso-fareast-font-family: \"Times New Roman\";'>For operation and maintenance purposes, this Application and any\nthird party services may collect files that record interaction with this\nApplication (System logs) or use for this purpose other Personal Data (such as\nIP Address).<o:p></o:p></span></div>\n<div class=\"MsoNormal\" style=\"background: white; line-height: 14.25pt; margin-bottom: .0001pt; margin-bottom: 0in; mso-outline-level: 3;\">\n<b><span style='color: #3f3f3f; font-family: \"inherit\",\"serif\"; font-size: 10.0pt; mso-bidi-font-family: Helvetica; mso-fareast-font-family: \"Times New Roman\";'>Information not contained in this\npolicy<o:p></o:p></span></b></div>\n<div class=\"MsoNormal\" style=\"background: white; line-height: 14.25pt; margin-bottom: .0001pt; margin-bottom: 0in;\">\n<span style='color: #6b6b6b; font-family: \"inherit\",\"serif\"; font-size: 10.0pt; mso-bidi-font-family: Helvetica; mso-fareast-font-family: \"Times New Roman\";'>More details concerning the collection or processing of Personal\nData may be requested from the Data Controller at any time. Please see the\ncontact information at the beginning of this document.<o:p></o:p></span></div>\n<div class=\"MsoNormal\" style=\"background: white; line-height: 14.25pt; margin-bottom: .0001pt; margin-bottom: 0in; mso-outline-level: 3;\">\n<b><span style='color: #3f3f3f; font-family: \"inherit\",\"serif\"; font-size: 10.0pt; mso-bidi-font-family: Helvetica; mso-fareast-font-family: \"Times New Roman\";'>The rights of Users<o:p></o:p></span></b></div>\n<div class=\"MsoNormal\" style=\"background: white; line-height: 14.25pt; margin-bottom: .0001pt; margin-bottom: 0in;\">\n<span style='color: #6b6b6b; font-family: \"inherit\",\"serif\"; font-size: 10.0pt; mso-bidi-font-family: Helvetica; mso-fareast-font-family: \"Times New Roman\";'>Users have the right, at any time, to know whether their\nPersonal Data has been stored and can consult the Data Controller to learn\nabout their contents and origin, to verify their accuracy or to ask for them to\nbe supplemented, cancelled, updated or corrected, or for their transformation\ninto anonymous format or to block any data held in violation of the law, as\nwell as to oppose their treatment for any and all legitimate reasons. Requests\nshould be sent to the Data Controller at the contact information set out above.<o:p></o:p></span></div>\n<div class=\"MsoNormal\" style=\"background: white; line-height: 14.25pt; margin-bottom: .0001pt; margin-bottom: 0in;\">\n<span style='color: #6b6b6b; font-family: \"inherit\",\"serif\"; font-size: 10.0pt; mso-bidi-font-family: Helvetica; mso-fareast-font-family: \"Times New Roman\";'>This Application does not support \u201cDo Not Track\u201d requests.<br/>\nTo determine whether any of the third party services it uses honor the \u201cDo Not\nTrack\u201d requests, please read their privacy policies.<o:p></o:p></span></div>\n<div class=\"MsoNormal\" style=\"background: white; line-height: 14.25pt; margin-bottom: .0001pt; margin-bottom: 0in; mso-outline-level: 3;\">\n<b><span style='color: #3f3f3f; font-family: \"inherit\",\"serif\"; font-size: 10.0pt; mso-bidi-font-family: Helvetica; mso-fareast-font-family: \"Times New Roman\";'>Changes to this privacy policy<o:p></o:p></span></b></div>\n<div class=\"MsoNormal\" style=\"background: white; line-height: 14.25pt; margin-bottom: .0001pt; margin-bottom: 0in;\">\n<span style='color: #6b6b6b; font-family: \"inherit\",\"serif\"; font-size: 10.0pt; mso-bidi-font-family: Helvetica; mso-fareast-font-family: \"Times New Roman\";'>The Data Controller reserves the right to make changes to this\nprivacy policy at any time by giving notice to its Users on this page. It is\nstrongly recommended to check this page often, referring to the date of the\nlast modification listed at the bottom. If a User objects to any of the changes\nto the Policy, the User must cease using this Application and can request that\nthe Data Controller remove the Personal Data. Unless stated otherwise, the\nthen-current privacy policy applies to all Personal Data the Data Controller\nhas about Users.<o:p></o:p></span></div>\n<div class=\"MsoNormal\" style=\"background: white; line-height: 14.25pt; margin-bottom: .0001pt; margin-bottom: 0in; mso-outline-level: 3;\">\n<b><span style='color: #3f3f3f; font-family: \"inherit\",\"serif\"; font-size: 10.0pt; mso-bidi-font-family: Helvetica; mso-fareast-font-family: \"Times New Roman\";'>Information about this privacy policy<o:p></o:p></span></b></div>\n<div class=\"MsoNormal\" style=\"background: white; line-height: 14.25pt; margin-bottom: .0001pt; margin-bottom: 0in;\">\n<span style='color: #6b6b6b; font-family: \"inherit\",\"serif\"; font-size: 10.0pt; mso-bidi-font-family: Helvetica; mso-fareast-font-family: \"Times New Roman\";'>The Data Controller is responsible for this privacy policy,\nprepared starting from the modules provided by Iubenda and hosted on Iubenda's\nservers.<o:p></o:p></span></div>\n<div style=\"border-bottom: dotted #DDDDDD 1.0pt; border: none; margin-left: -7.5pt; margin-right: -7.5pt; mso-border-bottom-alt: dotted #DDDDDD .75pt; mso-element: para-border-div; padding: 0in 0in 9.0pt 0in;\">\n<div class=\"MsoNormal\" style=\"border: none; line-height: 14.25pt; margin-bottom: 7.5pt; mso-border-bottom-alt: dotted #DDDDDD .75pt; mso-outline-level: 3; mso-padding-alt: 0in 0in 9.0pt 0in; padding: 0in;\">\n<b><span style='color: #3f3f3f; font-family: \"inherit\",\"serif\"; font-size: 10.0pt; mso-bidi-font-family: Helvetica; mso-fareast-font-family: \"Times New Roman\";'>Definitions and legal references<o:p></o:p></span></b></div>\n</div>\n<div class=\"MsoNormal\" style=\"background: white; line-height: normal; margin-bottom: .0001pt; margin-bottom: 0in; mso-outline-level: 4;\">\n<b><span style='color: #59636d; font-family: \"inherit\",\"serif\"; font-size: 10.0pt; mso-bidi-font-family: Helvetica; mso-fareast-font-family: \"Times New Roman\";'>Personal Data (or Data)<o:p></o:p></span></b></div>\n<div class=\"MsoNormal\" style=\"background: white; line-height: 14.25pt; margin-bottom: .0001pt; margin-bottom: 0in;\">\n<span style='color: #6b6b6b; font-family: \"inherit\",\"serif\"; font-size: 10.0pt; mso-bidi-font-family: Helvetica; mso-fareast-font-family: \"Times New Roman\";'>Any information regarding a natural person, a legal person, an\ninstitution or an association, which is, or can be, identified, even\nindirectly, by reference to any other information, including a personal\nidentification number.<o:p></o:p></span></div>\n<div class=\"MsoNormal\" style=\"background: white; line-height: normal; margin-bottom: .0001pt; margin-bottom: 0in; mso-outline-level: 4;\">\n<b><span style='color: #59636d; font-family: \"inherit\",\"serif\"; font-size: 10.0pt; mso-bidi-font-family: Helvetica; mso-fareast-font-family: \"Times New Roman\";'>Usage Data<o:p></o:p></span></b></div>\n<div class=\"MsoNormal\" style=\"background: white; line-height: 14.25pt; margin-bottom: .0001pt; margin-bottom: 0in;\">\n<span style='color: #6b6b6b; font-family: \"inherit\",\"serif\"; font-size: 10.0pt; mso-bidi-font-family: Helvetica; mso-fareast-font-family: \"Times New Roman\";'>Information collected automatically from this Application (or third\nparty services employed in this Application), which can include: the IP\naddresses or domain names of the computers utilized by the Users who use this\nApplication, the URI addresses (Uniform Resource Identifier), the time of the\nrequest, the method utilized to submit the request to the server, the size of\nthe file received in response, the numerical code indicating the status of the\nserver's answer (successful outcome, error, etc.), the country of origin, the\nfeatures of the browser and the operating system utilized by the User, the\nvarious time details per visit (e.g., the time spent on each page within the\nApplication) and the details about the path followed within the Application\nwith special reference to the sequence of pages visited, and other parameters\nabout the device operating system and/or the User's IT environment.<o:p></o:p></span></div>\n<div class=\"MsoNormal\" style=\"background: white; line-height: normal; margin-bottom: .0001pt; margin-bottom: 0in; mso-outline-level: 4;\">\n<b><span style='color: #59636d; font-family: \"inherit\",\"serif\"; font-size: 10.0pt; mso-bidi-font-family: Helvetica; mso-fareast-font-family: \"Times New Roman\";'>User<o:p></o:p></span></b></div>\n<div class=\"MsoNormal\" style=\"background: white; line-height: 14.25pt; margin-bottom: .0001pt; margin-bottom: 0in;\">\n<span style='color: #6b6b6b; font-family: \"inherit\",\"serif\"; font-size: 10.0pt; mso-bidi-font-family: Helvetica; mso-fareast-font-family: \"Times New Roman\";'>The individual using this Application, which must coincide with\nor be authorized by the Data Subject, to whom the Personal Data refers.<o:p></o:p></span></div>\n<div class=\"MsoNormal\" style=\"background: white; line-height: normal; margin-bottom: .0001pt; margin-bottom: 0in; mso-outline-level: 4;\">\n<b><span style='color: #59636d; font-family: \"inherit\",\"serif\"; font-size: 10.0pt; mso-bidi-font-family: Helvetica; mso-fareast-font-family: \"Times New Roman\";'>Data Subject<o:p></o:p></span></b></div>\n<div class=\"MsoNormal\" style=\"background: white; line-height: 14.25pt; margin-bottom: .0001pt; margin-bottom: 0in;\">\n<span style='color: #6b6b6b; font-family: \"inherit\",\"serif\"; font-size: 10.0pt; mso-bidi-font-family: Helvetica; mso-fareast-font-family: \"Times New Roman\";'>The legal or natural person to whom the Personal Data refers.<o:p></o:p></span></div>\n<div class=\"MsoNormal\" style=\"background: white; line-height: normal; margin-bottom: .0001pt; margin-bottom: 0in; mso-outline-level: 4;\">\n<b><span style='color: #59636d; font-family: \"inherit\",\"serif\"; font-size: 10.0pt; mso-bidi-font-family: Helvetica; mso-fareast-font-family: \"Times New Roman\";'>Data Processor (or Data\nSupervisor)<o:p></o:p></span></b></div>\n<div class=\"MsoNormal\" style=\"background: white; line-height: 14.25pt; margin-bottom: .0001pt; margin-bottom: 0in;\">\n<span style='color: #6b6b6b; font-family: \"inherit\",\"serif\"; font-size: 10.0pt; mso-bidi-font-family: Helvetica; mso-fareast-font-family: \"Times New Roman\";'>The natural person, legal person, public administration or any\nother body, association or organization authorized by the Data Controller to\nprocess the Personal Data in compliance with this privacy policy.<o:p></o:p></span></div>\n<div class=\"MsoNormal\" style=\"background: white; line-height: normal; margin-bottom: .0001pt; margin-bottom: 0in; mso-outline-level: 4;\">\n<b><span style='color: #59636d; font-family: \"inherit\",\"serif\"; font-size: 10.0pt; mso-bidi-font-family: Helvetica; mso-fareast-font-family: \"Times New Roman\";'>Data Controller (or Owner)<o:p></o:p></span></b></div>\n<div class=\"MsoNormal\" style=\"background: white; line-height: 14.25pt; margin-bottom: .0001pt; margin-bottom: 0in;\">\n<span style='color: #6b6b6b; font-family: \"inherit\",\"serif\"; font-size: 10.0pt; mso-bidi-font-family: Helvetica; mso-fareast-font-family: \"Times New Roman\";'>The natural person, legal person, public administration or any\nother body, association or organization with the right, also jointly with\nanother Data Controller, to make decisions regarding the purposes, and the\nmethods of processing of Personal Data and the means used, including the\nsecurity measures concerning the operation and use of this Application. The\nData Controller, unless otherwise specified, is the Owner of this Application.<o:p></o:p></span></div>\n<div class=\"MsoNormal\" style=\"background: white; line-height: normal; margin-bottom: .0001pt; margin-bottom: 0in; mso-outline-level: 4;\">\n<b><span style='color: #59636d; font-family: \"inherit\",\"serif\"; font-size: 10.0pt; mso-bidi-font-family: Helvetica; mso-fareast-font-family: \"Times New Roman\";'>This Application<o:p></o:p></span></b></div>\n<div class=\"MsoNormal\" style=\"background: white; line-height: 14.25pt; margin-bottom: .0001pt; margin-bottom: 0in;\">\n<span style='color: #6b6b6b; font-family: \"inherit\",\"serif\"; font-size: 10.0pt; mso-bidi-font-family: Helvetica; mso-fareast-font-family: \"Times New Roman\";'>The hardware or software tool by which the Personal Data of the\nUser is collected.<o:p></o:p></span></div>\n<div align=\"center\" class=\"MsoNormal\" style=\"background: white; line-height: normal; margin-bottom: 11.25pt; text-align: center;\">\n<span style='color: #6b6b6b; font-family: \"Helvetica\",\"sans-serif\"; font-size: 12.0pt; mso-bidi-font-family: Helvetica; mso-fareast-font-family: \"Times New Roman\";'>\n<hr align=\"center\" size=\"2\" width=\"100%\"/>\n</span></div>\n<div class=\"MsoNormal\" style=\"background: white; line-height: normal; margin-bottom: .0001pt; margin-bottom: 0in; mso-outline-level: 4;\">\n<b><span style='color: #59636d; font-family: \"inherit\",\"serif\"; font-size: 10.0pt; mso-bidi-font-family: Helvetica; mso-fareast-font-family: \"Times New Roman\";'>Legal information<o:p></o:p></span></b></div>\n<div class=\"MsoNormal\" style=\"background: white; line-height: 14.25pt; margin-bottom: .0001pt; margin-bottom: 0in;\">\n<span style='color: #6b6b6b; font-family: \"inherit\",\"serif\"; font-size: 10.0pt; mso-bidi-font-family: Helvetica; mso-fareast-font-family: \"Times New Roman\";'>Notice to European Users: this privacy statement has been\nprepared in fulfillment of the obligations under Art. 10 of EC Directive n.\n95/46/EC, and under the provisions of Directive 2002/58/EC, as revised by\nDirective 2009/136/EC, on the subject of Cookies.<o:p></o:p></span></div>\n<div class=\"MsoNormal\" style=\"background: white; line-height: 14.25pt;\">\n<span style='color: #6b6b6b; font-family: \"inherit\",\"serif\"; font-size: 10.0pt; mso-bidi-font-family: Helvetica; mso-fareast-font-family: \"Times New Roman\";'>This privacy\npolicy relates solely to this Application.<o:p></o:p></span></div>\n<div class=\"MsoNormal\">\n<br/></div>\n</div>\n</div>\n</div>\n<div class=\"post-footer container\">\n<div class=\"post-footer-line post-footer-line-1\">\n</div>\n<div class=\"post-footer-line post-footer-line-2\">\n</div>\n<div class=\"post-footer-line post-footer-line-3\">\n</div>\n<div class=\"post-share-buttons post-share-buttons-bottom\">\n<div class=\"byline post-share-buttons goog-inline-block\">\n<div aria-owns=\"sharing-popup-Blog1-byline-2536037799369868761\" class=\"sharing\" data-title=\"\">\n<button aria-controls=\"sharing-popup-Blog1-byline-2536037799369868761\" aria-label=\"Share\" class=\"sharing-button touch-icon-button\" id=\"sharing-button-Blog1-byline-2536037799369868761\" role=\"button\">\n<div class=\"flat-icon-button ripple\">\n<svg class=\"svg-icon-24\">\n<use xlink:href=\"/responsive/sprite_v1_6.css.svg#ic_share_black_24dp\" xmlns:xlink=\"http://www.w3.org/1999/xlink\"></use>\n</svg>\n</div>\n</button>\n<div class=\"share-buttons-container\">\n<ul aria-hidden=\"true\" aria-label=\"Share\" class=\"share-buttons hidden\" id=\"sharing-popup-Blog1-byline-2536037799369868761\" role=\"menu\">\n<li>\n<span aria-label=\"Get link\" class=\"sharing-platform-button sharing-element-link\" data-href=\"https://www.blogger.com/share-post.g?blogID=1247928558927125000&amp;postID=2536037799369868761&amp;target=\" data-url=\"https://bestplayedmobile.blogspot.com/2017/01/best-played-mobile-games-privacy-policy.html\" role=\"menuitem\" tabindex=\"-1\" title=\"Get link\">\n<svg class=\"svg-icon-24 touch-icon sharing-link\">\n<use xlink:href=\"/responsive/sprite_v1_6.css.svg#ic_24_link_dark\" xmlns:xlink=\"http://www.w3.org/1999/xlink\"></use>\n</svg>\n<span class=\"platform-sharing-text\">Get link</span>\n</span>\n</li>\n<li>\n<span aria-label=\"Share to Facebook\" class=\"sharing-platform-button sharing-element-facebook\" data-href=\"https://www.blogger.com/share-post.g?blogID=1247928558927125000&amp;postID=2536037799369868761&amp;target=facebook\" data-url=\"https://bestplayedmobile.blogspot.com/2017/01/best-played-mobile-games-privacy-policy.html\" role=\"menuitem\" tabindex=\"-1\" title=\"Share to Facebook\">\n<svg class=\"svg-icon-24 touch-icon sharing-facebook\">\n<use xlink:href=\"/responsive/sprite_v1_6.css.svg#ic_24_facebook_dark\" xmlns:xlink=\"http://www.w3.org/1999/xlink\"></use>\n</svg>\n<span class=\"platform-sharing-text\">Facebook</span>\n</span>\n</li>\n<li>\n<span aria-label=\"Share to Twitter\" class=\"sharing-platform-button sharing-element-twitter\" data-href=\"https://www.blogger.com/share-post.g?blogID=1247928558927125000&amp;postID=2536037799369868761&amp;target=twitter\" data-url=\"https://bestplayedmobile.blogspot.com/2017/01/best-played-mobile-games-privacy-policy.html\" role=\"menuitem\" tabindex=\"-1\" title=\"Share to Twitter\">\n<svg class=\"svg-icon-24 touch-icon sharing-twitter\">\n<use xlink:href=\"/responsive/sprite_v1_6.css.svg#ic_24_twitter_dark\" xmlns:xlink=\"http://www.w3.org/1999/xlink\"></use>\n</svg>\n<span class=\"platform-sharing-text\">Twitter</span>\n</span>\n</li>\n<li>\n<span aria-label=\"Share to Pinterest\" class=\"sharing-platform-button sharing-element-pinterest\" data-href=\"https://www.blogger.com/share-post.g?blogID=1247928558927125000&amp;postID=2536037799369868761&amp;target=pinterest\" data-url=\"https://bestplayedmobile.blogspot.com/2017/01/best-played-mobile-games-privacy-policy.html\" role=\"menuitem\" tabindex=\"-1\" title=\"Share to Pinterest\">\n<svg class=\"svg-icon-24 touch-icon sharing-pinterest\">\n<use xlink:href=\"/responsive/sprite_v1_6.css.svg#ic_24_pinterest_dark\" xmlns:xlink=\"http://www.w3.org/1999/xlink\"></use>\n</svg>\n<span class=\"platform-sharing-text\">Pinterest</span>\n</span>\n</li>\n<li>\n<span aria-label=\"Share to Google+\" class=\"sharing-platform-button sharing-element-googlePlus\" data-href=\"https://www.blogger.com/share-post.g?blogID=1247928558927125000&amp;postID=2536037799369868761&amp;target=googleplus\" data-url=\"https://bestplayedmobile.blogspot.com/2017/01/best-played-mobile-games-privacy-policy.html\" role=\"menuitem\" tabindex=\"-1\" title=\"Share to Google+\">\n<svg class=\"svg-icon-24 touch-icon sharing-googlePlus\">\n<use xlink:href=\"/responsive/sprite_v1_6.css.svg#ic_24_googlePlus_dark\" xmlns:xlink=\"http://www.w3.org/1999/xlink\"></use>\n</svg>\n<span class=\"platform-sharing-text\">Google+</span>\n</span>\n</li>\n<li>\n<span aria-label=\"Email\" class=\"sharing-platform-button sharing-element-email\" data-href=\"https://www.blogger.com/share-post.g?blogID=1247928558927125000&amp;postID=2536037799369868761&amp;target=email\" data-url=\"https://bestplayedmobile.blogspot.com/2017/01/best-played-mobile-games-privacy-policy.html\" role=\"menuitem\" tabindex=\"-1\" title=\"Email\">\n<svg class=\"svg-icon-24 touch-icon sharing-email\">\n<use xlink:href=\"/responsive/sprite_v1_6.css.svg#ic_24_email_dark\" xmlns:xlink=\"http://www.w3.org/1999/xlink\"></use>\n</svg>\n<span class=\"platform-sharing-text\">Email</span>\n</span>\n</li>\n<li aria-hidden=\"true\" class=\"hidden\">\n<span aria-label=\"Share to other apps\" class=\"sharing-platform-button sharing-element-other\" data-url=\"https://bestplayedmobile.blogspot.com/2017/01/best-played-mobile-games-privacy-policy.html\" role=\"menuitem\" tabindex=\"-1\" title=\"Share to other apps\">\n<svg class=\"svg-icon-24 touch-icon sharing-sharingOther\">\n<use xlink:href=\"/responsive/sprite_v1_6.css.svg#ic_more_horiz_black_24dp\" xmlns:xlink=\"http://www.w3.org/1999/xlink\"></use>\n</svg>\n<span class=\"platform-sharing-text\">Other Apps</span>\n</span>\n</li>\n</ul>\n</div>\n</div>\n</div>\n</div>\n</div>\n</div>", "level": 0}], [{"value": "<h3 class=\"post-title entry-title\">\n</h3>", "level": 7}, {"value": "<div class=\"post-header\">\n<div class=\"post-header-line-1\">\n<span class=\"byline post-timestamp\">\non\n<meta content=\"https://bestplayedmobile.blogspot.com/2017/01/best-played-mobile-games-privacy-policy.html\"/>\n<a class=\"timestamp-link\" href=\"https://bestplayedmobile.blogspot.com/2017/01/best-played-mobile-games-privacy-policy.html\" rel=\"bookmark\" title=\"permanent link\">\n<time class=\"published\" datetime=\"2017-01-11T00:07:00-08:00\" title=\"2017-01-11T00:07:00-08:00\">\nJanuary 11, 2017\n</time>\n</a>\n</span>\n</div>\n</div>", "level": 0}, {"value": "<div class=\"post-share-buttons post-share-buttons-top\">\n<div class=\"byline post-share-buttons goog-inline-block\">\n<div aria-owns=\"sharing-popup-Blog1-byline-2536037799369868761\" class=\"sharing\" data-title=\"\">\n<button aria-controls=\"sharing-popup-Blog1-byline-2536037799369868761\" aria-label=\"Share\" class=\"sharing-button touch-icon-button\" id=\"sharing-button-Blog1-byline-2536037799369868761\" role=\"button\">\n<div class=\"flat-icon-button ripple\">\n<svg class=\"svg-icon-24\">\n<use xlink:href=\"/responsive/sprite_v1_6.css.svg#ic_share_black_24dp\" xmlns:xlink=\"http://www.w3.org/1999/xlink\"></use>\n</svg>\n</div>\n</button>\n<div class=\"share-buttons-container\">\n<ul aria-hidden=\"true\" aria-label=\"Share\" class=\"share-buttons hidden\" id=\"sharing-popup-Blog1-byline-2536037799369868761\" role=\"menu\">\n<li>\n<span aria-label=\"Get link\" class=\"sharing-platform-button sharing-element-link\" data-href=\"https://www.blogger.com/share-post.g?blogID=1247928558927125000&amp;postID=2536037799369868761&amp;target=\" data-url=\"https://bestplayedmobile.blogspot.com/2017/01/best-played-mobile-games-privacy-policy.html\" role=\"menuitem\" tabindex=\"-1\" title=\"Get link\">\n<svg class=\"svg-icon-24 touch-icon sharing-link\">\n<use xlink:href=\"/responsive/sprite_v1_6.css.svg#ic_24_link_dark\" xmlns:xlink=\"http://www.w3.org/1999/xlink\"></use>\n</svg>\n<span class=\"platform-sharing-text\">Get link</span>\n</span>\n</li>\n<li>\n<span aria-label=\"Share to Facebook\" class=\"sharing-platform-button sharing-element-facebook\" data-href=\"https://www.blogger.com/share-post.g?blogID=1247928558927125000&amp;postID=2536037799369868761&amp;target=facebook\" data-url=\"https://bestplayedmobile.blogspot.com/2017/01/best-played-mobile-games-privacy-policy.html\" role=\"menuitem\" tabindex=\"-1\" title=\"Share to Facebook\">\n<svg class=\"svg-icon-24 touch-icon sharing-facebook\">\n<use xlink:href=\"/responsive/sprite_v1_6.css.svg#ic_24_facebook_dark\" xmlns:xlink=\"http://www.w3.org/1999/xlink\"></use>\n</svg>\n<span class=\"platform-sharing-text\">Facebook</span>\n</span>\n</li>\n<li>\n<span aria-label=\"Share to Twitter\" class=\"sharing-platform-button sharing-element-twitter\" data-href=\"https://www.blogger.com/share-post.g?blogID=1247928558927125000&amp;postID=2536037799369868761&amp;target=twitter\" data-url=\"https://bestplayedmobile.blogspot.com/2017/01/best-played-mobile-games-privacy-policy.html\" role=\"menuitem\" tabindex=\"-1\" title=\"Share to Twitter\">\n<svg class=\"svg-icon-24 touch-icon sharing-twitter\">\n<use xlink:href=\"/responsive/sprite_v1_6.css.svg#ic_24_twitter_dark\" xmlns:xlink=\"http://www.w3.org/1999/xlink\"></use>\n</svg>\n<span class=\"platform-sharing-text\">Twitter</span>\n</span>\n</li>\n<li>\n<span aria-label=\"Share to Pinterest\" class=\"sharing-platform-button sharing-element-pinterest\" data-href=\"https://www.blogger.com/share-post.g?blogID=1247928558927125000&amp;postID=2536037799369868761&amp;target=pinterest\" data-url=\"https://bestplayedmobile.blogspot.com/2017/01/best-played-mobile-games-privacy-policy.html\" role=\"menuitem\" tabindex=\"-1\" title=\"Share to Pinterest\">\n<svg class=\"svg-icon-24 touch-icon sharing-pinterest\">\n<use xlink:href=\"/responsive/sprite_v1_6.css.svg#ic_24_pinterest_dark\" xmlns:xlink=\"http://www.w3.org/1999/xlink\"></use>\n</svg>\n<span class=\"platform-sharing-text\">Pinterest</span>\n</span>\n</li>\n<li>\n<span aria-label=\"Share to Google+\" class=\"sharing-platform-button sharing-element-googlePlus\" data-href=\"https://www.blogger.com/share-post.g?blogID=1247928558927125000&amp;postID=2536037799369868761&amp;target=googleplus\" data-url=\"https://bestplayedmobile.blogspot.com/2017/01/best-played-mobile-games-privacy-policy.html\" role=\"menuitem\" tabindex=\"-1\" title=\"Share to Google+\">\n<svg class=\"svg-icon-24 touch-icon sharing-googlePlus\">\n<use xlink:href=\"/responsive/sprite_v1_6.css.svg#ic_24_googlePlus_dark\" xmlns:xlink=\"http://www.w3.org/1999/xlink\"></use>\n</svg>\n<span class=\"platform-sharing-text\">Google+</span>\n</span>\n</li>\n<li>\n<span aria-label=\"Email\" class=\"sharing-platform-button sharing-element-email\" data-href=\"https://www.blogger.com/share-post.g?blogID=1247928558927125000&amp;postID=2536037799369868761&amp;target=email\" data-url=\"https://bestplayedmobile.blogspot.com/2017/01/best-played-mobile-games-privacy-policy.html\" role=\"menuitem\" tabindex=\"-1\" title=\"Email\">\n<svg class=\"svg-icon-24 touch-icon sharing-email\">\n<use xlink:href=\"/responsive/sprite_v1_6.css.svg#ic_24_email_dark\" xmlns:xlink=\"http://www.w3.org/1999/xlink\"></use>\n</svg>\n<span class=\"platform-sharing-text\">Email</span>\n</span>\n</li>\n<li aria-hidden=\"true\" class=\"hidden\">\n<span aria-label=\"Share to other apps\" class=\"sharing-platform-button sharing-element-other\" data-url=\"https://bestplayedmobile.blogspot.com/2017/01/best-played-mobile-games-privacy-policy.html\" role=\"menuitem\" tabindex=\"-1\" title=\"Share to other apps\">\n<svg class=\"svg-icon-24 touch-icon sharing-sharingOther\">\n<use xlink:href=\"/responsive/sprite_v1_6.css.svg#ic_more_horiz_black_24dp\" xmlns:xlink=\"http://www.w3.org/1999/xlink\"></use>\n</svg>\n<span class=\"platform-sharing-text\">Other Apps</span>\n</span>\n</li>\n</ul>\n</div>\n</div>\n</div>\n</div>", "level": 0}, {"value": "<div class=\"MsoNormal\" style=\"background: white; line-height: 17.25pt; margin-bottom: .0001pt; margin-bottom: 0in; mso-outline-level: 1;\">\n<span style='color: #3f3f3f; font-family: \"inherit\",\"serif\"; font-size: 14.5pt; mso-bidi-font-family: Helvetica; mso-fareast-font-family: \"Times New Roman\"; mso-font-kerning: 18.0pt;'>Privacy\nPolicy of</span><span style='color: #3f3f3f; font-family: \"inherit\",\"serif\"; font-size: 14.5pt; mso-bidi-font-family: Helvetica; mso-bidi-font-size: 11.0pt; mso-fareast-font-family: \"Times New Roman\"; mso-font-kerning: 18.0pt;'>\u00a0<b>Best Played Mobile Games</b></span><span style='color: #3f3f3f; font-family: \"inherit\",\"serif\"; font-size: 14.5pt; mso-bidi-font-family: Helvetica; mso-fareast-font-family: \"Times New Roman\"; mso-font-kerning: 18.0pt;'><o:p></o:p></span></div>", "level": 0}, {"value": "<div class=\"MsoNormal\" style=\"background: white; line-height: 14.25pt; margin-bottom: .0001pt; margin-bottom: 0in;\">\n<span style='color: #6b6b6b; font-family: \"inherit\",\"serif\"; font-size: 10.0pt; mso-bidi-font-family: Helvetica; mso-fareast-font-family: \"Times New Roman\";'>In order to receive information about your Personal Data, the\npurposes and the parties the Data is shared with, contact the Owner.<o:p></o:p></span></div>", "level": 0}], [{"value": "<div class=\"MsoNormal\" style=\"background: white; line-height: 15.75pt; margin-bottom: .0001pt; margin-bottom: 0in; mso-outline-level: 2;\">\n<b><span style='color: #3f3f3f; font-family: \"inherit\",\"serif\"; font-size: 13.0pt; mso-bidi-font-family: Helvetica; mso-fareast-font-family: \"Times New Roman\";'>Data Controller and Owner<o:p></o:p></span></b></div>", "level": 1}], [{"value": "<div class=\"MsoNormal\" style=\"background: white; line-height: 15.75pt; margin-bottom: .0001pt; margin-bottom: 0in; mso-outline-level: 2;\">\n<b><span style='color: #3f3f3f; font-family: \"inherit\",\"serif\"; font-size: 13.0pt; mso-bidi-font-family: Helvetica; mso-fareast-font-family: \"Times New Roman\";'>Types of Data collected<o:p></o:p></span></b></div>", "level": 1}, {"value": "<div class=\"MsoNormal\" style=\"background: white; line-height: 14.25pt; margin-bottom: .0001pt; margin-bottom: 0in;\">\n<span style='color: #6b6b6b; font-family: \"inherit\",\"serif\"; font-size: 10.0pt; mso-bidi-font-family: Helvetica; mso-fareast-font-family: \"Times New Roman\";'>The owner does not provide a list of Personal Data types\ncollected.<o:p></o:p></span></div>", "level": 0}, {"value": "<div class=\"MsoNormal\" style=\"background: white; line-height: 14.25pt; margin-bottom: .0001pt; margin-bottom: 0in;\">\n<span style='color: #6b6b6b; font-family: \"inherit\",\"serif\"; font-size: 10.0pt; mso-bidi-font-family: Helvetica; mso-fareast-font-family: \"Times New Roman\";'>Other Personal Data collected may be described in other sections\nof this privacy policy or by dedicated explanation text contextually with the\nData collection.<br/>\nThe Personal Data may be freely provided by the User, or collected\nautomatically when using this Application.<br/>\nAny use of Cookies - or of other tracking tools - by this Application or by the\nowners of third party services used by this Application, unless stated\notherwise, serves to identify Users and remember their preferences, for the\nsole purpose of providing the service required by the User.<br/>\nFailure to provide certain Personal Data may make it impossible for this\nApplication to provide its services.<o:p></o:p></span></div>", "level": 0}, {"value": "<div class=\"MsoNormal\" style=\"background: white; line-height: 14.25pt; margin-bottom: .0001pt; margin-bottom: 0in;\">\n<span style='color: #6b6b6b; font-family: \"inherit\",\"serif\"; font-size: 10.0pt; mso-bidi-font-family: Helvetica; mso-fareast-font-family: \"Times New Roman\";'>Users are responsible for any Personal Data of third parties obtained,\npublished or shared through this Application and confirm that they have the\nthird party's consent to provide the Data to the Owner.<o:p></o:p></span></div>", "level": 0}], [{"value": "<div class=\"MsoNormal\" style=\"background: white; line-height: 15.75pt; margin-bottom: .0001pt; margin-bottom: 0in; mso-outline-level: 2;\">\n<b><span style='color: #3f3f3f; font-family: \"inherit\",\"serif\"; font-size: 13.0pt; mso-bidi-font-family: Helvetica; mso-fareast-font-family: \"Times New Roman\";'>Mode and place of processing the\nData<o:p></o:p></span></b></div>", "level": 1}], [{"value": "<div class=\"MsoNormal\" style=\"background: white; line-height: 14.25pt; margin-bottom: .0001pt; margin-bottom: 0in; mso-outline-level: 3;\">\n<b><span style='color: #3f3f3f; font-family: \"inherit\",\"serif\"; font-size: 10.0pt; mso-bidi-font-family: Helvetica; mso-fareast-font-family: \"Times New Roman\";'>Methods of processing<o:p></o:p></span></b></div>", "level": 1}, {"value": "<div class=\"MsoNormal\" style=\"background: white; line-height: 14.25pt; margin-bottom: .0001pt; margin-bottom: 0in;\">\n<span style='color: #6b6b6b; font-family: \"inherit\",\"serif\"; font-size: 10.0pt; mso-bidi-font-family: Helvetica; mso-fareast-font-family: \"Times New Roman\";'>The Data Controller processes the Data of Users in a proper\nmanner and shall take appropriate security measures to prevent unauthorized\naccess, disclosure, modification, or unauthorized destruction of the Data.<br/>\nThe Data processing is carried out using computers and/or IT enabled tools,\nfollowing organizational procedures and modes strictly related to the purposes\nindicated. In addition to the Data Controller, in some cases, the Data may be\naccessible to certain types of persons in charge, involved with the operation\nof the site (administration, sales, marketing, legal, system administration) or\nexternal parties (such as third party technical service providers, mail\ncarriers, hosting providers, IT companies, communications agencies) appointed,\nif necessary, as Data Processors by the Owner. The updated list of these\nparties may be requested from the Data Controller at any time.<o:p></o:p></span></div>", "level": 0}], [{"value": "<div class=\"MsoNormal\" style=\"background: white; line-height: 14.25pt; margin-bottom: .0001pt; margin-bottom: 0in; mso-outline-level: 3;\">\n<b><span style='color: #3f3f3f; font-family: \"inherit\",\"serif\"; font-size: 10.0pt; mso-bidi-font-family: Helvetica; mso-fareast-font-family: \"Times New Roman\";'>Place<o:p></o:p></span></b></div>", "level": 1}, {"value": "<div class=\"MsoNormal\" style=\"background: white; line-height: 14.25pt; margin-bottom: .0001pt; margin-bottom: 0in;\">\n<span style='color: #6b6b6b; font-family: \"inherit\",\"serif\"; font-size: 10.0pt; mso-bidi-font-family: Helvetica; mso-fareast-font-family: \"Times New Roman\";'>The Data is processed at the Data Controller's operating offices\nand in any other places where the parties involved with the processing are\nlocated. For further information, please contact the Data Controller.<o:p></o:p></span></div>", "level": 0}], [{"value": "<div class=\"MsoNormal\" style=\"background: white; line-height: 14.25pt; margin-bottom: .0001pt; margin-bottom: 0in; mso-outline-level: 3;\">\n<b><span style='color: #3f3f3f; font-family: \"inherit\",\"serif\"; font-size: 10.0pt; mso-bidi-font-family: Helvetica; mso-fareast-font-family: \"Times New Roman\";'>Retention time<o:p></o:p></span></b></div>", "level": 1}, {"value": "<div class=\"MsoNormal\" style=\"background: white; line-height: 14.25pt; margin-bottom: .0001pt; margin-bottom: 0in;\">\n<span style='color: #6b6b6b; font-family: \"inherit\",\"serif\"; font-size: 10.0pt; mso-bidi-font-family: Helvetica; mso-fareast-font-family: \"Times New Roman\";'>The Data is kept for the time necessary to provide the service\nrequested by the User, or stated by the purposes outlined in this document, and\nthe User can always request that the Data Controller suspend or remove the\ndata.<o:p></o:p></span></div>", "level": 0}], [{"value": "<div class=\"MsoNormal\" style=\"background: white; line-height: 15.75pt; margin-bottom: .0001pt; margin-bottom: 0in; mso-outline-level: 2;\">\n<b><span style='color: #3f3f3f; font-family: \"inherit\",\"serif\"; font-size: 13.0pt; mso-bidi-font-family: Helvetica; mso-fareast-font-family: \"Times New Roman\";'>Additional information about Data\ncollection and processing<o:p></o:p></span></b></div>", "level": 1}], [{"value": "<div class=\"MsoNormal\" style=\"background: white; line-height: 14.25pt; margin-bottom: .0001pt; margin-bottom: 0in; mso-outline-level: 3;\">\n<b><span style='color: #3f3f3f; font-family: \"inherit\",\"serif\"; font-size: 10.0pt; mso-bidi-font-family: Helvetica; mso-fareast-font-family: \"Times New Roman\";'>Legal action<o:p></o:p></span></b></div>", "level": 1}, {"value": "<div class=\"MsoNormal\" style=\"background: white; line-height: 14.25pt; margin-bottom: .0001pt; margin-bottom: 0in;\">\n<span style='color: #6b6b6b; font-family: \"inherit\",\"serif\"; font-size: 10.0pt; mso-bidi-font-family: Helvetica; mso-fareast-font-family: \"Times New Roman\";'>The User's Personal Data may be used for legal purposes by the\nData Controller, in Court or in the stages leading to possible legal action\narising from improper use of this Application or the related services.<br/>\nThe User declares to be aware that the Data Controller may be required to\nreveal personal data upon request of public authorities.<o:p></o:p></span></div>", "level": 0}], [{"value": "<div class=\"MsoNormal\" style=\"background: white; line-height: 14.25pt; margin-bottom: .0001pt; margin-bottom: 0in; mso-outline-level: 3;\">\n<b><span style='color: #3f3f3f; font-family: \"inherit\",\"serif\"; font-size: 10.0pt; mso-bidi-font-family: Helvetica; mso-fareast-font-family: \"Times New Roman\";'>Additional information about\nUser's Personal Data<o:p></o:p></span></b></div>", "level": 1}, {"value": "<div class=\"MsoNormal\" style=\"background: white; line-height: 14.25pt; margin-bottom: .0001pt; margin-bottom: 0in;\">\n<span style='color: #6b6b6b; font-family: \"inherit\",\"serif\"; font-size: 10.0pt; mso-bidi-font-family: Helvetica; mso-fareast-font-family: \"Times New Roman\";'>In addition to the information contained in this privacy policy,\nthis Application may provide the User with additional and contextual\ninformation concerning particular services or the collection and processing of\nPersonal Data upon request.<o:p></o:p></span></div>", "level": 0}], [{"value": "<div class=\"MsoNormal\" style=\"background: white; line-height: 14.25pt; margin-bottom: .0001pt; margin-bottom: 0in; mso-outline-level: 3;\">\n<b><span style='color: #3f3f3f; font-family: \"inherit\",\"serif\"; font-size: 10.0pt; mso-bidi-font-family: Helvetica; mso-fareast-font-family: \"Times New Roman\";'>System logs and maintenance<o:p></o:p></span></b></div>", "level": 1}, {"value": "<div class=\"MsoNormal\" style=\"background: white; line-height: 14.25pt; margin-bottom: .0001pt; margin-bottom: 0in;\">\n<span style='color: #6b6b6b; font-family: \"inherit\",\"serif\"; font-size: 10.0pt; mso-bidi-font-family: Helvetica; mso-fareast-font-family: \"Times New Roman\";'>For operation and maintenance purposes, this Application and any\nthird party services may collect files that record interaction with this\nApplication (System logs) or use for this purpose other Personal Data (such as\nIP Address).<o:p></o:p></span></div>", "level": 0}], [{"value": "<div class=\"MsoNormal\" style=\"background: white; line-height: 14.25pt; margin-bottom: .0001pt; margin-bottom: 0in; mso-outline-level: 3;\">\n<b><span style='color: #3f3f3f; font-family: \"inherit\",\"serif\"; font-size: 10.0pt; mso-bidi-font-family: Helvetica; mso-fareast-font-family: \"Times New Roman\";'>Information not contained in this\npolicy<o:p></o:p></span></b></div>", "level": 1}, {"value": "<div class=\"MsoNormal\" style=\"background: white; line-height: 14.25pt; margin-bottom: .0001pt; margin-bottom: 0in;\">\n<span style='color: #6b6b6b; font-family: \"inherit\",\"serif\"; font-size: 10.0pt; mso-bidi-font-family: Helvetica; mso-fareast-font-family: \"Times New Roman\";'>More details concerning the collection or processing of Personal\nData may be requested from the Data Controller at any time. Please see the\ncontact information at the beginning of this document.<o:p></o:p></span></div>", "level": 0}], [{"value": "<div class=\"MsoNormal\" style=\"background: white; line-height: 14.25pt; margin-bottom: .0001pt; margin-bottom: 0in; mso-outline-level: 3;\">\n<b><span style='color: #3f3f3f; font-family: \"inherit\",\"serif\"; font-size: 10.0pt; mso-bidi-font-family: Helvetica; mso-fareast-font-family: \"Times New Roman\";'>The rights of Users<o:p></o:p></span></b></div>", "level": 1}, {"value": "<div class=\"MsoNormal\" style=\"background: white; line-height: 14.25pt; margin-bottom: .0001pt; margin-bottom: 0in;\">\n<span style='color: #6b6b6b; font-family: \"inherit\",\"serif\"; font-size: 10.0pt; mso-bidi-font-family: Helvetica; mso-fareast-font-family: \"Times New Roman\";'>Users have the right, at any time, to know whether their\nPersonal Data has been stored and can consult the Data Controller to learn\nabout their contents and origin, to verify their accuracy or to ask for them to\nbe supplemented, cancelled, updated or corrected, or for their transformation\ninto anonymous format or to block any data held in violation of the law, as\nwell as to oppose their treatment for any and all legitimate reasons. Requests\nshould be sent to the Data Controller at the contact information set out above.<o:p></o:p></span></div>", "level": 0}, {"value": "<div class=\"MsoNormal\" style=\"background: white; line-height: 14.25pt; margin-bottom: .0001pt; margin-bottom: 0in;\">\n<span style='color: #6b6b6b; font-family: \"inherit\",\"serif\"; font-size: 10.0pt; mso-bidi-font-family: Helvetica; mso-fareast-font-family: \"Times New Roman\";'>This Application does not support \u201cDo Not Track\u201d requests.<br/>\nTo determine whether any of the third party services it uses honor the \u201cDo Not\nTrack\u201d requests, please read their privacy policies.<o:p></o:p></span></div>", "level": 0}], [{"value": "<div class=\"MsoNormal\" style=\"background: white; line-height: 14.25pt; margin-bottom: .0001pt; margin-bottom: 0in; mso-outline-level: 3;\">\n<b><span style='color: #3f3f3f; font-family: \"inherit\",\"serif\"; font-size: 10.0pt; mso-bidi-font-family: Helvetica; mso-fareast-font-family: \"Times New Roman\";'>Changes to this privacy policy<o:p></o:p></span></b></div>", "level": 1}, {"value": "<div class=\"MsoNormal\" style=\"background: white; line-height: 14.25pt; margin-bottom: .0001pt; margin-bottom: 0in;\">\n<span style='color: #6b6b6b; font-family: \"inherit\",\"serif\"; font-size: 10.0pt; mso-bidi-font-family: Helvetica; mso-fareast-font-family: \"Times New Roman\";'>The Data Controller reserves the right to make changes to this\nprivacy policy at any time by giving notice to its Users on this page. It is\nstrongly recommended to check this page often, referring to the date of the\nlast modification listed at the bottom. If a User objects to any of the changes\nto the Policy, the User must cease using this Application and can request that\nthe Data Controller remove the Personal Data. Unless stated otherwise, the\nthen-current privacy policy applies to all Personal Data the Data Controller\nhas about Users.<o:p></o:p></span></div>", "level": 0}], [{"value": "<div class=\"MsoNormal\" style=\"background: white; line-height: 14.25pt; margin-bottom: .0001pt; margin-bottom: 0in; mso-outline-level: 3;\">\n<b><span style='color: #3f3f3f; font-family: \"inherit\",\"serif\"; font-size: 10.0pt; mso-bidi-font-family: Helvetica; mso-fareast-font-family: \"Times New Roman\";'>Information about this privacy policy<o:p></o:p></span></b></div>", "level": 1}, {"value": "<div class=\"MsoNormal\" style=\"background: white; line-height: 14.25pt; margin-bottom: .0001pt; margin-bottom: 0in;\">\n<span style='color: #6b6b6b; font-family: \"inherit\",\"serif\"; font-size: 10.0pt; mso-bidi-font-family: Helvetica; mso-fareast-font-family: \"Times New Roman\";'>The Data Controller is responsible for this privacy policy,\nprepared starting from the modules provided by Iubenda and hosted on Iubenda's\nservers.<o:p></o:p></span></div>", "level": 0}], [{"value": "<div class=\"MsoNormal\" style=\"border: none; line-height: 14.25pt; margin-bottom: 7.5pt; mso-border-bottom-alt: dotted #DDDDDD .75pt; mso-outline-level: 3; mso-padding-alt: 0in 0in 9.0pt 0in; padding: 0in;\">\n<b><span style='color: #3f3f3f; font-family: \"inherit\",\"serif\"; font-size: 10.0pt; mso-bidi-font-family: Helvetica; mso-fareast-font-family: \"Times New Roman\";'>Definitions and legal references<o:p></o:p></span></b></div>", "level": 1}], [{"value": "<div class=\"MsoNormal\" style=\"background: white; line-height: normal; margin-bottom: .0001pt; margin-bottom: 0in; mso-outline-level: 4;\">\n<b><span style='color: #59636d; font-family: \"inherit\",\"serif\"; font-size: 10.0pt; mso-bidi-font-family: Helvetica; mso-fareast-font-family: \"Times New Roman\";'>Personal Data (or Data)<o:p></o:p></span></b></div>", "level": 1}, {"value": "<div class=\"MsoNormal\" style=\"background: white; line-height: 14.25pt; margin-bottom: .0001pt; margin-bottom: 0in;\">\n<span style='color: #6b6b6b; font-family: \"inherit\",\"serif\"; font-size: 10.0pt; mso-bidi-font-family: Helvetica; mso-fareast-font-family: \"Times New Roman\";'>Any information regarding a natural person, a legal person, an\ninstitution or an association, which is, or can be, identified, even\nindirectly, by reference to any other information, including a personal\nidentification number.<o:p></o:p></span></div>", "level": 0}], [{"value": "<div class=\"MsoNormal\" style=\"background: white; line-height: normal; margin-bottom: .0001pt; margin-bottom: 0in; mso-outline-level: 4;\">\n<b><span style='color: #59636d; font-family: \"inherit\",\"serif\"; font-size: 10.0pt; mso-bidi-font-family: Helvetica; mso-fareast-font-family: \"Times New Roman\";'>Usage Data<o:p></o:p></span></b></div>", "level": 1}, {"value": "<div class=\"MsoNormal\" style=\"background: white; line-height: 14.25pt; margin-bottom: .0001pt; margin-bottom: 0in;\">\n<span style='color: #6b6b6b; font-family: \"inherit\",\"serif\"; font-size: 10.0pt; mso-bidi-font-family: Helvetica; mso-fareast-font-family: \"Times New Roman\";'>Information collected automatically from this Application (or third\nparty services employed in this Application), which can include: the IP\naddresses or domain names of the computers utilized by the Users who use this\nApplication, the URI addresses (Uniform Resource Identifier), the time of the\nrequest, the method utilized to submit the request to the server, the size of\nthe file received in response, the numerical code indicating the status of the\nserver's answer (successful outcome, error, etc.), the country of origin, the\nfeatures of the browser and the operating system utilized by the User, the\nvarious time details per visit (e.g., the time spent on each page within the\nApplication) and the details about the path followed within the Application\nwith special reference to the sequence of pages visited, and other parameters\nabout the device operating system and/or the User's IT environment.<o:p></o:p></span></div>", "level": 0}], [{"value": "<div class=\"MsoNormal\" style=\"background: white; line-height: normal; margin-bottom: .0001pt; margin-bottom: 0in; mso-outline-level: 4;\">\n<b><span style='color: #59636d; font-family: \"inherit\",\"serif\"; font-size: 10.0pt; mso-bidi-font-family: Helvetica; mso-fareast-font-family: \"Times New Roman\";'>User<o:p></o:p></span></b></div>", "level": 1}, {"value": "<div class=\"MsoNormal\" style=\"background: white; line-height: 14.25pt; margin-bottom: .0001pt; margin-bottom: 0in;\">\n<span style='color: #6b6b6b; font-family: \"inherit\",\"serif\"; font-size: 10.0pt; mso-bidi-font-family: Helvetica; mso-fareast-font-family: \"Times New Roman\";'>The individual using this Application, which must coincide with\nor be authorized by the Data Subject, to whom the Personal Data refers.<o:p></o:p></span></div>", "level": 0}], [{"value": "<div class=\"MsoNormal\" style=\"background: white; line-height: normal; margin-bottom: .0001pt; margin-bottom: 0in; mso-outline-level: 4;\">\n<b><span style='color: #59636d; font-family: \"inherit\",\"serif\"; font-size: 10.0pt; mso-bidi-font-family: Helvetica; mso-fareast-font-family: \"Times New Roman\";'>Data Subject<o:p></o:p></span></b></div>", "level": 1}, {"value": "<div class=\"MsoNormal\" style=\"background: white; line-height: 14.25pt; margin-bottom: .0001pt; margin-bottom: 0in;\">\n<span style='color: #6b6b6b; font-family: \"inherit\",\"serif\"; font-size: 10.0pt; mso-bidi-font-family: Helvetica; mso-fareast-font-family: \"Times New Roman\";'>The legal or natural person to whom the Personal Data refers.<o:p></o:p></span></div>", "level": 0}], [{"value": "<div class=\"MsoNormal\" style=\"background: white; line-height: normal; margin-bottom: .0001pt; margin-bottom: 0in; mso-outline-level: 4;\">\n<b><span style='color: #59636d; font-family: \"inherit\",\"serif\"; font-size: 10.0pt; mso-bidi-font-family: Helvetica; mso-fareast-font-family: \"Times New Roman\";'>Data Processor (or Data\nSupervisor)<o:p></o:p></span></b></div>", "level": 1}, {"value": "<div class=\"MsoNormal\" style=\"background: white; line-height: 14.25pt; margin-bottom: .0001pt; margin-bottom: 0in;\">\n<span style='color: #6b6b6b; font-family: \"inherit\",\"serif\"; font-size: 10.0pt; mso-bidi-font-family: Helvetica; mso-fareast-font-family: \"Times New Roman\";'>The natural person, legal person, public administration or any\nother body, association or organization authorized by the Data Controller to\nprocess the Personal Data in compliance with this privacy policy.<o:p></o:p></span></div>", "level": 0}], [{"value": "<div class=\"MsoNormal\" style=\"background: white; line-height: normal; margin-bottom: .0001pt; margin-bottom: 0in; mso-outline-level: 4;\">\n<b><span style='color: #59636d; font-family: \"inherit\",\"serif\"; font-size: 10.0pt; mso-bidi-font-family: Helvetica; mso-fareast-font-family: \"Times New Roman\";'>Data Controller (or Owner)<o:p></o:p></span></b></div>", "level": 1}, {"value": "<div class=\"MsoNormal\" style=\"background: white; line-height: 14.25pt; margin-bottom: .0001pt; margin-bottom: 0in;\">\n<span style='color: #6b6b6b; font-family: \"inherit\",\"serif\"; font-size: 10.0pt; mso-bidi-font-family: Helvetica; mso-fareast-font-family: \"Times New Roman\";'>The natural person, legal person, public administration or any\nother body, association or organization with the right, also jointly with\nanother Data Controller, to make decisions regarding the purposes, and the\nmethods of processing of Personal Data and the means used, including the\nsecurity measures concerning the operation and use of this Application. The\nData Controller, unless otherwise specified, is the Owner of this Application.<o:p></o:p></span></div>", "level": 0}], [{"value": "<div class=\"MsoNormal\" style=\"background: white; line-height: normal; margin-bottom: .0001pt; margin-bottom: 0in; mso-outline-level: 4;\">\n<b><span style='color: #59636d; font-family: \"inherit\",\"serif\"; font-size: 10.0pt; mso-bidi-font-family: Helvetica; mso-fareast-font-family: \"Times New Roman\";'>This Application<o:p></o:p></span></b></div>", "level": 1}, {"value": "<div class=\"MsoNormal\" style=\"background: white; line-height: 14.25pt; margin-bottom: .0001pt; margin-bottom: 0in;\">\n<span style='color: #6b6b6b; font-family: \"inherit\",\"serif\"; font-size: 10.0pt; mso-bidi-font-family: Helvetica; mso-fareast-font-family: \"Times New Roman\";'>The hardware or software tool by which the Personal Data of the\nUser is collected.<o:p></o:p></span></div>", "level": 0}], [{"value": "<div class=\"MsoNormal\" style=\"background: white; line-height: normal; margin-bottom: .0001pt; margin-bottom: 0in; mso-outline-level: 4;\">\n<b><span style='color: #59636d; font-family: \"inherit\",\"serif\"; font-size: 10.0pt; mso-bidi-font-family: Helvetica; mso-fareast-font-family: \"Times New Roman\";'>Legal information<o:p></o:p></span></b></div>", "level": 1}, {"value": "<div class=\"MsoNormal\" style=\"background: white; line-height: 14.25pt; margin-bottom: .0001pt; margin-bottom: 0in;\">\n<span style='color: #6b6b6b; font-family: \"inherit\",\"serif\"; font-size: 10.0pt; mso-bidi-font-family: Helvetica; mso-fareast-font-family: \"Times New Roman\";'>Notice to European Users: this privacy statement has been\nprepared in fulfillment of the obligations under Art. 10 of EC Directive n.\n95/46/EC, and under the provisions of Directive 2002/58/EC, as revised by\nDirective 2009/136/EC, on the subject of Cookies.<o:p></o:p></span></div>", "level": 0}, {"value": "<div class=\"MsoNormal\" style=\"background: white; line-height: 14.25pt;\">\n<span style='color: #6b6b6b; font-family: \"inherit\",\"serif\"; font-size: 10.0pt; mso-bidi-font-family: Helvetica; mso-fareast-font-family: \"Times New Roman\";'>This privacy\npolicy relates solely to this Application.<o:p></o:p></span></div>", "level": 0}, {"value": "<div class=\"post-footer container\">\n<div class=\"post-footer-line post-footer-line-1\">\n</div>\n<div class=\"post-footer-line post-footer-line-2\">\n</div>\n<div class=\"post-footer-line post-footer-line-3\">\n</div>\n<div class=\"post-share-buttons post-share-buttons-bottom\">\n<div class=\"byline post-share-buttons goog-inline-block\">\n<div aria-owns=\"sharing-popup-Blog1-byline-2536037799369868761\" class=\"sharing\" data-title=\"\">\n<button aria-controls=\"sharing-popup-Blog1-byline-2536037799369868761\" aria-label=\"Share\" class=\"sharing-button touch-icon-button\" id=\"sharing-button-Blog1-byline-2536037799369868761\" role=\"button\">\n<div class=\"flat-icon-button ripple\">\n<svg class=\"svg-icon-24\">\n<use xlink:href=\"/responsive/sprite_v1_6.css.svg#ic_share_black_24dp\" xmlns:xlink=\"http://www.w3.org/1999/xlink\"></use>\n</svg>\n</div>\n</button>\n<div class=\"share-buttons-container\">\n<ul aria-hidden=\"true\" aria-label=\"Share\" class=\"share-buttons hidden\" id=\"sharing-popup-Blog1-byline-2536037799369868761\" role=\"menu\">\n<li>\n<span aria-label=\"Get link\" class=\"sharing-platform-button sharing-element-link\" data-href=\"https://www.blogger.com/share-post.g?blogID=1247928558927125000&amp;postID=2536037799369868761&amp;target=\" data-url=\"https://bestplayedmobile.blogspot.com/2017/01/best-played-mobile-games-privacy-policy.html\" role=\"menuitem\" tabindex=\"-1\" title=\"Get link\">\n<svg class=\"svg-icon-24 touch-icon sharing-link\">\n<use xlink:href=\"/responsive/sprite_v1_6.css.svg#ic_24_link_dark\" xmlns:xlink=\"http://www.w3.org/1999/xlink\"></use>\n</svg>\n<span class=\"platform-sharing-text\">Get link</span>\n</span>\n</li>\n<li>\n<span aria-label=\"Share to Facebook\" class=\"sharing-platform-button sharing-element-facebook\" data-href=\"https://www.blogger.com/share-post.g?blogID=1247928558927125000&amp;postID=2536037799369868761&amp;target=facebook\" data-url=\"https://bestplayedmobile.blogspot.com/2017/01/best-played-mobile-games-privacy-policy.html\" role=\"menuitem\" tabindex=\"-1\" title=\"Share to Facebook\">\n<svg class=\"svg-icon-24 touch-icon sharing-facebook\">\n<use xlink:href=\"/responsive/sprite_v1_6.css.svg#ic_24_facebook_dark\" xmlns:xlink=\"http://www.w3.org/1999/xlink\"></use>\n</svg>\n<span class=\"platform-sharing-text\">Facebook</span>\n</span>\n</li>\n<li>\n<span aria-label=\"Share to Twitter\" class=\"sharing-platform-button sharing-element-twitter\" data-href=\"https://www.blogger.com/share-post.g?blogID=1247928558927125000&amp;postID=2536037799369868761&amp;target=twitter\" data-url=\"https://bestplayedmobile.blogspot.com/2017/01/best-played-mobile-games-privacy-policy.html\" role=\"menuitem\" tabindex=\"-1\" title=\"Share to Twitter\">\n<svg class=\"svg-icon-24 touch-icon sharing-twitter\">\n<use xlink:href=\"/responsive/sprite_v1_6.css.svg#ic_24_twitter_dark\" xmlns:xlink=\"http://www.w3.org/1999/xlink\"></use>\n</svg>\n<span class=\"platform-sharing-text\">Twitter</span>\n</span>\n</li>\n<li>\n<span aria-label=\"Share to Pinterest\" class=\"sharing-platform-button sharing-element-pinterest\" data-href=\"https://www.blogger.com/share-post.g?blogID=1247928558927125000&amp;postID=2536037799369868761&amp;target=pinterest\" data-url=\"https://bestplayedmobile.blogspot.com/2017/01/best-played-mobile-games-privacy-policy.html\" role=\"menuitem\" tabindex=\"-1\" title=\"Share to Pinterest\">\n<svg class=\"svg-icon-24 touch-icon sharing-pinterest\">\n<use xlink:href=\"/responsive/sprite_v1_6.css.svg#ic_24_pinterest_dark\" xmlns:xlink=\"http://www.w3.org/1999/xlink\"></use>\n</svg>\n<span class=\"platform-sharing-text\">Pinterest</span>\n</span>\n</li>\n<li>\n<span aria-label=\"Share to Google+\" class=\"sharing-platform-button sharing-element-googlePlus\" data-href=\"https://www.blogger.com/share-post.g?blogID=1247928558927125000&amp;postID=2536037799369868761&amp;target=googleplus\" data-url=\"https://bestplayedmobile.blogspot.com/2017/01/best-played-mobile-games-privacy-policy.html\" role=\"menuitem\" tabindex=\"-1\" title=\"Share to Google+\">\n<svg class=\"svg-icon-24 touch-icon sharing-googlePlus\">\n<use xlink:href=\"/responsive/sprite_v1_6.css.svg#ic_24_googlePlus_dark\" xmlns:xlink=\"http://www.w3.org/1999/xlink\"></use>\n</svg>\n<span class=\"platform-sharing-text\">Google+</span>\n</span>\n</li>\n<li>\n<span aria-label=\"Email\" class=\"sharing-platform-button sharing-element-email\" data-href=\"https://www.blogger.com/share-post.g?blogID=1247928558927125000&amp;postID=2536037799369868761&amp;target=email\" data-url=\"https://bestplayedmobile.blogspot.com/2017/01/best-played-mobile-games-privacy-policy.html\" role=\"menuitem\" tabindex=\"-1\" title=\"Email\">\n<svg class=\"svg-icon-24 touch-icon sharing-email\">\n<use xlink:href=\"/responsive/sprite_v1_6.css.svg#ic_24_email_dark\" xmlns:xlink=\"http://www.w3.org/1999/xlink\"></use>\n</svg>\n<span class=\"platform-sharing-text\">Email</span>\n</span>\n</li>\n<li aria-hidden=\"true\" class=\"hidden\">\n<span aria-label=\"Share to other apps\" class=\"sharing-platform-button sharing-element-other\" data-url=\"https://bestplayedmobile.blogspot.com/2017/01/best-played-mobile-games-privacy-policy.html\" role=\"menuitem\" tabindex=\"-1\" title=\"Share to other apps\">\n<svg class=\"svg-icon-24 touch-icon sharing-sharingOther\">\n<use xlink:href=\"/responsive/sprite_v1_6.css.svg#ic_more_horiz_black_24dp\" xmlns:xlink=\"http://www.w3.org/1999/xlink\"></use>\n</svg>\n<span class=\"platform-sharing-text\">Other Apps</span>\n</span>\n</li>\n</ul>\n</div>\n</div>\n</div>\n</div>\n</div>", "level": 0}], [{"value": "<h3 class=\"title\">Comments</h3>", "level": 7}, {"value": "<div class=\"comment-form\">\n<a name=\"comment-form\"></a>\n<h4 id=\"comment-post-message\">Post a Comment</h4>\n<a href=\"https://www.blogger.com/comment-iframe.g?blogID=1247928558927125000&amp;postID=2536037799369868761&amp;skin=emporio\" id=\"comment-editor-src\"></a>\n<iframe allowtransparency=\"allowtransparency\" class=\"blogger-iframe-colorize blogger-comment-from-post\" frameborder=\"0\" height=\"90px\" id=\"comment-editor\" name=\"comment-editor\" src=\"\" width=\"100%\"></iframe>\n\n\n</div>", "level": 0}], [{"value": "<h4 id=\"comment-post-message\">Post a Comment</h4>", "level": 6}], [{"value": "<h3 class=\"title\">\nPopular Posts\n</h3>", "level": 7}, {"value": "<div class=\"widget-content\">\n<div role=\"feed\">\n<article class=\"post\" role=\"article\">\n<div class=\"item-content\">\n<div class=\"popular-posts-snippet snippet-container r-snippet-container\">\n<div class=\"snippet-item r-snippetized\">\nDisclaimer for funny you\nIf you require any more information or have any questions about our site's disclaimer, please feel free to contact us by email at <a href=\"mailto:arwinmargallo@gmail.com\">contact</a>.<br/><br/>\nDisclaimers for http://www.funnyyou.tk/:\nAll the information on this website is published in good faith and for general information purpose only. http://www.funnyyou.tk/ does not make any warranties about the completeness, reliability and accuracy of this information. Any action you take upon the information you find on this website (http://www.funnyyou.tk/), is strictly at your own risk. http://www.funnyyou.tk/ will not be liable for any losses and/or damages in connection with the use of our website.\n<br/>\n\nFrom our website, you can visit other websites by following hyperlinks to such external sites. While we strive to provide only quality links to useful and ethical websites, we have no control over the content and nature of these sites. These links to other websites do not imply a recommendation for all the content fou\u2026\n</div>\n<a class=\"snippet-fade r-snippet-fade hidden\" href=\"https://bestplayedmobile.blogspot.com/2016/07/disclaimer-for-funny-you-if-you-require.html\"></a>\n</div>\n</div>\n</article>\n</div>\n</div>", "level": 0}, {"value": "<footer class=\"footer section\" id=\"footer\" name=\"Footer\"><div class=\"widget Attribution\" data-version=\"2\" id=\"Attribution1\">\n<div class=\"widget-content\">\n<div class=\"blogger\">\n<a href=\"https://www.blogger.com\" rel=\"nofollow\">\n<svg class=\"svg-icon-24\">\n<use xlink:href=\"/responsive/sprite_v1_6.css.svg#ic_post_blogger_black_24dp\" xmlns:xlink=\"http://www.w3.org/1999/xlink\"></use>\n</svg>\nPowered by Blogger\n</a>\n</div>\n</div>\n</div></footer>", "level": 0}]]