[[{"value": "<h2 class=\"zfr3Q JYVBee\" id=\"h.p_lb2BtswJDuDq\" style=\"text-align: center;\">Privacy Policy</h2>", "level": 8}, {"value": "<p class=\"zfr3Q\" id=\"h.p_YOgM-hRdEIus\" style=\"direction: ltr; text-align: left;\">LEMONBAB Studio (\u00e2\u0080\u009cStudio\u00e2\u0080\u009d or \u00e2\u0080\u009cwe\u00e2\u0080\u009d) respect the privacy of its users (\u00e2\u0080\u009cUser\u00e2\u0080\u009d or \u00e2\u0080\u009cYou\u00e2\u0080\u009d) and are committed to protect the User\u00e2\u0080\u0099s information, be it yours or your child\u00e2\u0080\u0099s. We believe that You have a right to know our practices regarding the information we may collect and use when You use our mobile applications such as interactive e-books, games, and educational experiences (\u00e2\u0080\u009cProducts\u00e2\u0080\u009d as defined in our Terms of Use) and website (the Products and website together, the \u00e2\u0080\u009cService\u00e2\u0080\u009d).</p>", "level": 0}, {"value": "<p class=\"zfr3Q\" id=\"h.p_yeLLa--PEPf7\" style=\"direction: ltr; text-align: left;\">1. Your consent (important, please read carefully!)</p>", "level": 0}, {"value": "<p class=\"zfr3Q\" id=\"h.p_cwqMdZISEPgA\" style=\"direction: ltr; text-align: left;\">By accessing and/or using the Service is defined as site plus apps, You agree to the terms and conditions set forth in this Privacy Policy, including to the possible collection and processing of your Personal Information (as defined below). Please note: if You disagree to any term provided herein, You may not access or use the Service.</p>", "level": 0}, {"value": "<p class=\"zfr3Q\" id=\"h.p_9jEURE-JEPgC\" style=\"direction: ltr; text-align: left;\">2. Which information we may collect on our Users?</p>", "level": 0}, {"value": "<p class=\"zfr3Q\" id=\"h.p_xiUz6Q2eEPgD\" style=\"direction: ltr; text-align: left;\">Personal Information: We does not collect any information from its Users. But some information may nonetheless be collected through third party services used by </p>", "level": 0}, {"value": "<p class=\"zfr3Q\" id=\"h.p_vhTM5t8iEPgE\" style=\"direction: ltr; text-align: left;\">such as advertising networks, push notification services or others (\u00e2\u0080\u009cThird Parties\u00e2\u0080\u009c) and stored on such Third Parties servers.</p>", "level": 0}, {"value": "<p class=\"zfr3Q\" id=\"h.p_bSz4Kv4aEPgF\" style=\"direction: ltr; text-align: left;\">Non Personal Information:</p>", "level": 0}, {"value": "<p class=\"zfr3Q\" id=\"h.p_8pE-ywRaEPgF\" style=\"direction: ltr; text-align: left;\">We allows Third parties to collect non personal information or non-identifiable information (\u00e2\u0080\u009cNon-Personal Information\u00e2\u0080\u009c).</p>", "level": 0}, {"value": "<p class=\"zfr3Q\" id=\"h.p_FviQzjOWEPgG\" style=\"direction: ltr; text-align: left;\">To put it simply, with respect to such Non Personal Information we have no idea what is the identity of the User from which Third Parties have collected the Non-personal Information.</p>", "level": 0}, {"value": "<p class=\"zfr3Q\" id=\"h.p_RSqiGC72EPgH\" style=\"direction: ltr; text-align: left;\">Technical information:</p>", "level": 0}, {"value": "<p class=\"zfr3Q\" id=\"h.p_qprUV_b2EPgI\" style=\"direction: ltr; text-align: left;\">&gt;Type of operation system (e.g. Windows, Linux, etc.)</p>", "level": 0}, {"value": "<p class=\"zfr3Q\" id=\"h.p_3iMJU52aEPgJ\" style=\"direction: ltr; text-align: left;\">&gt;Type of Browser (e.g. Explorer, Firefox, Chrome, Safari, etc.)</p>", "level": 0}, {"value": "<p class=\"zfr3Q\" id=\"h.p_8xte5OefEPgL\" style=\"direction: ltr; text-align: left;\">&gt;Screen resolution (e.g. 800\u00c3\u0097600, 1024\u00c3\u0097768, etc.)</p>", "level": 0}, {"value": "<p class=\"zfr3Q\" id=\"h.p_EX1e2tpLEPgL\" style=\"direction: ltr; text-align: left;\">&gt;Language (e.g. English)</p>", "level": 0}, {"value": "<p class=\"zfr3Q\" id=\"h.p__ivY9OfUEPgN\" style=\"direction: ltr; text-align: left;\">&gt;Android or iOS Vendor (e.g. Galaxy, iPhone, etc.)</p>", "level": 0}, {"value": "<p class=\"zfr3Q\" id=\"h.p_0eXEXRErEPgQ\" style=\"direction: ltr; text-align: left;\">&gt;Flash version</p>", "level": 0}, {"value": "<p class=\"zfr3Q\" id=\"h.p_Cjky10u1EPgW\" style=\"direction: ltr; text-align: left;\">Behavioral information:</p>", "level": 0}, {"value": "<p class=\"zfr3Q\" id=\"h.p_0dq5mev_EPga\" style=\"direction: ltr; text-align: left;\">&gt;User\u00e2\u0080\u0099s interaction with the Service</p>", "level": 0}, {"value": "<p class=\"zfr3Q\" id=\"h.p_zfZ0G_d3EPgd\" style=\"direction: ltr; text-align: left;\">&gt;User\u00e2\u0080\u0099s behavior on the Service</p>", "level": 0}, {"value": "<p class=\"zfr3Q\" id=\"h.p_I-UKp9SZEPge\" style=\"direction: ltr; text-align: left;\">&gt;The amount of pictures user publishes after using the Service.</p>", "level": 0}, {"value": "<p class=\"zfr3Q\" id=\"h.p_3C31EfpTEPgl\" style=\"direction: ltr; text-align: left;\">&gt;Any Similar behavioral information.</p>", "level": 0}, {"value": "<p class=\"zfr3Q\" id=\"h.p_Lw3agYxHEPgl\" style=\"direction: ltr; text-align: left;\">&gt;Geo-location \u00e2\u0080\u0093 only general location may be collected. No street name or city/town name is collected.</p>", "level": 0}, {"value": "<p class=\"zfr3Q\" id=\"h.p_4cTsHfaqEPgm\" style=\"direction: ltr; text-align: left;\">3. How do we collect informaion on our Users?</p>", "level": 0}, {"value": "<p class=\"zfr3Q\" id=\"h.p_nVT9xKrHEPgn\" style=\"direction: ltr; text-align: left;\">Non-personal Information is gathered by third-party services while you access the Service. In other words, analytical third-party services are aware of your usage of the Site and the Service, and may collect the information relating to such usage.</p>", "level": 0}, {"value": "<p class=\"zfr3Q\" id=\"h.p_xi973FAxEPgo\" style=\"direction: ltr; text-align: left;\">4. Direct Marketing &amp; Advertising</p>", "level": 0}, {"value": "<p class=\"zfr3Q\" id=\"h.p_8N_OWkJWEPgo\" style=\"direction: ltr; text-align: left;\">We accept advertisements from third party advertisers. These advertisers are carefully selected to provide information about products and services that we think may be of interest to our Users. Note that if you click on any of these advertisements, these advertisers may use cookies and other web-tracking technologies to collect non-personal and/or personal information about you. We recommend that you review the terms of use and privacy policy for any advertiser with which you are interacting before doing so. Their privacy policy, not ours, will apply to any of those interactions.</p>", "level": 0}, {"value": "<p class=\"zfr3Q\" id=\"h.p_tLW00mmtEPgp\" style=\"direction: ltr; text-align: left;\">Direct Marketing: You hereby agree that we may send you notifications for the purpose of informing you regarding products and services (offered by the Studio and/or by third parties) which may interest you and to send to you advertisements and other marketing material, transmitted to you through the Service using an internal notifications mechanism incorporated in the Service, or incorporated in our Newsletter sent to your email per your request. You may remove your email address from mailing list at any time by clicking the remove option incorporated in the emails sent to you.</p>", "level": 0}, {"value": "<p class=\"zfr3Q\" id=\"h.p_nDDXVqCTa5ID\" style=\"direction: ltr; text-align: left;\">Advertising Providers</p>", "level": 0}, {"value": "<p class=\"zfr3Q\" id=\"h.p_3gwChl_ea3pO\" style=\"direction: ltr; text-align: left;\">We show third party advertisements from ad partners Admob(https://www.google.com/policies/technologies/partner-sites/),  Unity Ads(https://unity3d.com/cn/legal/privacy-policy),AdColony, Vungle(https://vungle.com/privacy/), Chartboost. For the Apps that are directed to children and/or mixed audience but the users did not pass the age gate, we show ads with COPPA settings for the US territory enabled, meaning that the Advertising Providers are obligated to comply with COPPA restrictions as stated herein. Some of the Advertising Providers store or transfer data outside EEA. The data is transferred to countries with a current determination of adequacy, adhering to Binding Corporate Rues, EU-US Privacy Shield or other acceptable manners. Although we encrypt the advertising identifiers, our ad partners are able to collect personally identifiable data such as advertising identifier, IP address, cookies, pixels, location as well as other data.</p>", "level": 0}, {"value": "<p class=\"zfr3Q\" id=\"h.p_L_igKQGdEPgq\" style=\"direction: ltr; text-align: left;\">5. Cookies &amp; Local Storage</p>", "level": 0}, {"value": "<p class=\"zfr3Q\" id=\"h.p_DhhCG3fMEPgt\" style=\"direction: ltr; text-align: left;\">When you access or use the Service, Studio may use industry-wide technologies such as \u00e2\u0080\u009ccookies\u00e2\u0080\u009d and Flash (or similar technologies), which stores certain information on your computer (\u00e2\u0080\u009cLocal Storage\u00e2\u0080\u009d) and which will allow us to enable automatic activation of certain features, and make your Service experience much more convenient and effortless. The cookies used by the Service are created per session, does not include any information about you, other than your session key and are removed as your session ends. It is easy to prohibit the Local Storage. Most browsers will allow you to erase cookies from your computer\u00e2\u0080\u0099s hard drive, block acceptance of cookies, or receive a warning before a cookie is stored. In order to erase or disable the Local Storage option in Flash you should use the settings option of Flash according to the specific instructions provided by the technology provider. However, if you block or erase cookies, or change the settings of Flash, your online experience may be limited.</p>", "level": 0}, {"value": "<p class=\"zfr3Q\" id=\"h.p_NFyipSBpEPgv\" style=\"direction: ltr; text-align: left;\">We also may use certain third-party cookies (e.g. Google Authentication). These are a different kind of cookies, stored on your computer by third parties, rather than by the Studio. This kind of cookie is only read (and not altered by the Service) each time you visit the Service, and also when you visit certain websites or applications that uses similar cookies. Third-party cookies usually store only Non-personal Information, such as the web pages you have visited, the duration of your browsing, etc.</p>", "level": 0}, {"value": "<p class=\"zfr3Q\" id=\"h.p_SMD6RvxPborL\" style=\"direction: ltr; text-align: left;\">6.OPT-OUT </p>", "level": 0}, {"value": "<p class=\"zfr3Q\" id=\"h.p_eHF4dQXybqBr\" style=\"direction: ltr; text-align: left;\">You are always free to opt out from the future collection of your personal information by Lemonbab Studio. in accordance with this Privacy Policy by uninstalling all the Apps from each of your computing devices. </p>", "level": 0}, {"value": "<p class=\"zfr3Q\" id=\"h.p_J8TBj-vScK07\" style=\"direction: ltr; text-align: left;\">Via \u00e2\u0080\u009cDo Not Track Settings\u00e2\u0080\u009d in mobile phone </p>", "level": 0}, {"value": "<p class=\"zfr3Q\" id=\"h.p_um1pJXpYddRY\" style=\"direction: ltr; text-align: left;\">If you choose to opt out via \u00e2\u0080\u009cDo Not Track Settings\u00e2\u0080\u009d in your mobile phone all providers of advertising services are bound to comply with such \u00e2\u0080\u009cDo Not Track\u00e2\u0080\u009d setting, but we cannot provide any guarantees on their behalf. If you choose the opt-out option available via our Apps, we will not share your advertising ID with advertisers for the purposes of IBA. We provide no guarantees regarding the information provided prior to opting out. Some providers may have additional opt-out mechanisms implemented.</p>", "level": 0}, {"value": "<p class=\"zfr3Q\" id=\"h.p_eJxWHbgMdaGI\" style=\"direction: ltr; text-align: left;\">If you turn on \u00e2\u0080\u009cLimit Ad Tracking\u00e2\u0080\u009d on your iOS device or \u00e2\u0080\u009cOpt Out of Interest-Based Ads\u00e2\u0080\u009d on your Android device, you can restore interest-based ads by turning the settings off. When you opt out, you may still see the same number of ads on your mobile device; however, these ads may be less relevant because they won\u00e2\u0080\u0099t be based on your interests. Our advertising partners may continue to serve you ads based on other non-personal information, such as ads related to the content of the application you are using.</p>", "level": 0}, {"value": "<p class=\"zfr3Q\" id=\"h.p_4jtE26ladaGJ\" style=\"direction: ltr; text-align: left;\">Your iOS or Android mobile device may provide a \u00e2\u0080\u009cLimit Ad Tracking\u00e2\u0080\u009d or \u00e2\u0080\u009cOpt Out of Interest-Based Advertising\u00e2\u0080\u009d setting. When you have opted out using this setting on a device, our partners will not use information collected from that device to infer your interests, or to serve ads to that device that are targeted based on your inferred interests.</p>", "level": 0}, {"value": "<p class=\"zfr3Q\" id=\"h.p_3K2857hldaGL\" style=\"direction: ltr; text-align: left;\">You can find the setting for your mobile device by following the directions below, or contact your device provider. The reason for switching from device IDs to Advertising Identifier is that advertisers are able to use this identifier only for advertising and for no other purpose, while users can choose to opt out of tracking via the settings of mobile phone. Advertising Identifier is an anonymous identifier for advertising purposes which enables users to reset their identifier or opt out of interest-based ads. The parties participating in advertising are obligated to follow users\u00e2\u0080\u0099 choice for opting out of tracking according to the app store guidelines.</p>", "level": 0}, {"value": "<p class=\"zfr3Q\" id=\"h.p_DXHRW2PwdlyH\" style=\"direction: ltr; text-align: left;\">IOS DEVICE</p>", "level": 0}, {"value": "<p class=\"zfr3Q\" id=\"h.p_5OfFSBBQdmDF\" style=\"direction: ltr; text-align: left;\">\u00e2\u0080\u00a2   iOS 7 or Higher</p>", "level": 0}, {"value": "<p class=\"zfr3Q\" id=\"h.p_JJV18PwBdmDG\" style=\"direction: ltr; text-align: left;\">Go to your Settings &gt; Select Privacy &gt; Select Advertising &gt; Enable the \u00e2\u0080\u009cLimit Ad Tracking\u00e2\u0080\u009d setting</p>", "level": 0}, {"value": "<p class=\"zfr3Q\" id=\"h.p_JHrvjFlXdmDH\" style=\"direction: ltr; text-align: left;\">\u00e2\u0080\u00a2   iOS 6</p>", "level": 0}, {"value": "<p class=\"zfr3Q\" id=\"h.p_wYVz4fOWdmDI\" style=\"direction: ltr; text-align: left;\">Go to your Settings &gt; Select General &gt; Select About &gt; Select Advertising &gt; Enable the \u00e2\u0080\u009cLimit Ads Tracking\u00e2\u0080\u009d setting</p>", "level": 0}, {"value": "<p class=\"zfr3Q\" id=\"h.p_yQS83woYdmDJ\" style=\"direction: ltr; text-align: left;\">More information about the iOS setting can be found here: https://support.apple.com/en-us/HT202074</p>", "level": 0}, {"value": "<p class=\"zfr3Q\" id=\"h.p_cmvHaIaOdmDJ\" style=\"direction: ltr; text-align: left;\"> ANDROID DEVICE</p>", "level": 0}, {"value": "<p class=\"zfr3Q\" id=\"h.p_hUWX0EGxdmDK\" style=\"direction: ltr; text-align: left;\">For Android devices with OS 2.2 and up and Google Play Services version 4.0 and up:</p>", "level": 0}, {"value": "<p class=\"zfr3Q\" id=\"h.p_lCDXaX-wdmDK\" style=\"direction: ltr; text-align: left;\">Open your Google Settings app &gt; Ads &gt; Enable \u00e2\u0080\u009cOpt Out of Interest-Based Advertising\u00e2\u0080\u009d</p>", "level": 0}, {"value": "<p class=\"zfr3Q\" id=\"h.p_jncMdQtAXSSl\" style=\"direction: ltr; text-align: left;\">7. Security</p>", "level": 0}, {"value": "<p class=\"zfr3Q\" id=\"h.p_1o_CPHyEEPgw\" style=\"direction: ltr; text-align: left;\">We take a great care in maintaining the security of the Service and your information and in preventing unauthorized access to it through industry standard technologies and internal procedures, including through the use of encryption mechanisms. However, we do not guarantee that unauthorized access will never occur.</p>", "level": 0}, {"value": "<p class=\"zfr3Q\" id=\"h.p_65eeqYHsEPg0\" style=\"direction: ltr; text-align: left;\">Third Party Software/Service</p>", "level": 0}, {"value": "<p class=\"zfr3Q\" id=\"h.p_nuthncd_EPg2\" style=\"direction: ltr; text-align: left;\">While using the Service we may be using third party software and/or service, inorder to (a) collect and/or process Non-personal information; (b) provide you with advertisements on different products and services; and (c) communicate with you through an internal messaging mechanism incorporated in the Service. Such software may include without limitation, Google AdMob [which privacypolicy can be found at <a class=\"dhtgD\" href=\"https://www.google.com/url?q=https%3A%2F%2Fl.facebook.com%2Fl.php%3Fu%3Dhttp%253A%252F%252Fwww.admob.com%252Fhome%252Fprivacy%26h%3DATN4XpWEK-OeUYP5NvXeLG34Bs5ZYQobGCUhPgDfOgT0WvRoHlTS5Wa2klyH-41NXXO37E1hBaT6Ppx_r2Prv8cKEZetX2XL5ozsvJqGEY5S3NKLN9NSG6arPp-S2gwu_w%26s%3D1&amp;sa=D&amp;sntz=1&amp;usg=AFQjCNGC_9v_Eeavul9D1dNuzsNF9bGHHg\" target=\"_blank\">http://www.admob.com/home/privacy</a>] and Google Analyticswhich privacy policy can be found at: <a class=\"dhtgD\" href=\"https://www.google.com/url?q=https%3A%2F%2Fl.facebook.com%2Fl.php%3Fu%3Dhttp%253A%252F%252Fwww.google.com%252Fanalytics%252F%26h%3DATOXEuB2vYItvmrDLAqpAxY02AKVaf2824Wl_bMfbn-fNBrhwFI8uAgTLDYs0bW8YAWkD7YskILlFhCbxyLfZRLU0Jm5xSjHNfsYCv9rb1nb_joG_0cLJ4Z12UERpjQb8w%26s%3D1&amp;sa=D&amp;sntz=1&amp;usg=AFQjCNEHcGofK7nV2XH4lVyrhbFpXVNQVA\" target=\"_blank\">http://www.google.com/analytics/</a>.</p>", "level": 0}, {"value": "<p class=\"zfr3Q\" id=\"h.p_KWxLVc2pebdt\" style=\"direction: ltr; text-align: left;\">8.Storing of information and deletion</p>", "level": 0}, {"value": "<p class=\"zfr3Q\" id=\"h.p_Tn1KFLntebjl\" style=\"direction: ltr; text-align: left;\">We store your Information for as long as needed to provide you with our services. We may store Information longer, but only in a way that it cannot be tracked back to you. When Information is no longer needed, we shall delete it using reasonable measures to protect the Information from unauthorized access or use.</p>", "level": 0}, {"value": "<p class=\"zfr3Q\" id=\"h.p_h2c7mrA6ebjl\" style=\"direction: ltr; text-align: left;\">EU Territory We store Personal Information as long as it is needed for the provision of our services. Traffic information is erased or made anonymous when it is no longer needed for the purpose of the transmission or, in the case of payable services, up to the end of the period during which the bill may lawfully be challenged or payment pursued. Location information is stored to the extent and for the duration necessary for the provision of a value-added service. Cookies, direct marketing and provision of value-added services information (including traffic information used for these purposes) is stored as long as the same is necessary for the provision of these activities, or up to the time when a user opts out from such use in accordance with this Privacy Policy. Other information is stored for as long as we consider it to be necessary for the provision of our services. This Section shall not prevent any technical storage or access to information for the sole purpose of carrying out the transmission of a communication or as strictly necessary in order for us to provide the service you requested.</p>", "level": 0}, {"value": "<p class=\"zfr3Q\" id=\"h.p_55vRTBNAebjm\" style=\"direction: ltr; text-align: left;\">As explained in the GDPR statement, we strive to anonymize the data when possible. Our technical logs will be automatically deleted within one (1) month and backup logs within two (2) months. If you decide to exercise your right to erasure we will also inform our Providers to delete all your data.</p>", "level": 0}, {"value": "<p class=\"zfr3Q\" id=\"h.p_6CtSWl9rebjn\" style=\"direction: ltr; text-align: left;\">US Territory We will retain collected information for the period necessary to fulfill the purposes outlined in this Privacy Policy unless a longer retention period is required or permitted by applicable legislation.</p>", "level": 0}, {"value": "<p class=\"zfr3Q\" id=\"h.p_Ms5CL4g4ebjn\" style=\"direction: ltr; text-align: left;\">Storing might be different depending on the territory of collecting the information and the applicable legislation, but we always strive to store the information only as long as it is needed for the purposes of providing, improving or personalizing our services.</p>", "level": 0}, {"value": "<p class=\"zfr3Q\" id=\"h.p_OQkaTUJaebjn\" style=\"direction: ltr; text-align: left;\">Data Log Files Storing We store raw data log files on servers for one month, afterwards the data is deleted.</p>", "level": 0}, {"value": "<p class=\"zfr3Q\" id=\"h.p_xZv8qoxPEPg8\" style=\"direction: ltr; text-align: left;\">9. Changes to the Privacy Policy </p>", "level": 0}, {"value": "<p class=\"zfr3Q\" id=\"h.p_GQzsQcHgEPg-\" style=\"direction: ltr; text-align: left;\">We may update this Privacy Policy to reflect changes in our Information processing practices. Studio reserves the right to change this policy at any time, so please re-visit this page frequently. In case of any material change, we will make reasonable efforts to post a clear notice on the Service. Changes to this Privacy Policy are effective as of the stated \u00e2\u0080\u009cLast Revised\u00e2\u0080\u009d and your continued use of the Service on or the Last Revised date will constitute acceptance of, and agreement to be bound by, those changes.</p>", "level": 0}, {"value": "<p class=\"zfr3Q\" id=\"h.p_sh1D8DaYEPg_\" style=\"direction: ltr; text-align: left;\">10. Contact Us/Get any Questions</p>", "level": 0}, {"value": "<p class=\"zfr3Q\" id=\"h.p_KBHwfJUAEPg_\" style=\"direction: ltr; text-align: left;\">If you have any questions or comments concerning this Privacy Policy, you are most welcomed to send us an email at (<a class=\"dhtgD\" href=\"mailto:lemonbab@hotmail.com\" target=\"_blank\">lemonbab@hotmail.com</a>).</p>", "level": 0}, {"value": "<p class=\"zfr3Q\" id=\"h.p_xTj5wKp-iMf4\" style=\"direction: ltr; text-align: left;\">(Last updated on June 2018)</p>", "level": 0}, {"value": "<footer class=\"BCtCv\" data-create-site-url=\"https://sites.google.com/new/?usp=viewer_footer\" jsaction=\"rcuQ6b:WYd;\" jscontroller=\"BYGbod\"><div class=\"uByue\"><div class=\"yYF4Mc\"><div><div class=\"qmpcfe\">Made with the new Google\u00a0Sites<span class=\"uabEyd\">, an effortless way to create beautiful\u00a0sites.</span></div><div class=\"qIzFn\"><div class=\"tT6kpe\"><button class=\"f8sasc\" jsaction=\"click:ksR11e;\">Create a site</button></div><div class=\"CvWMXb\" jsaction=\"rcuQ6b:npT2md;click:GDd5Hf\" jscontroller=\"Nd7Bx\" role=\"button\" tabindex=\"0\"><span class=\"DLHR6\">Report abuse</span></div></div></div></div></div></footer>", "level": 0}]]