[[{"value": "<h1 class=\"AHFaub\" itemprop=\"name\"><span>\ud83c\udfaeWallpaper for Gamers</span></h1>", "level": 9}, {"value": "<div class=\"jdjqLd\"><div class=\"ZVWMWc\"><div class=\"i4sPve\"><span class=\"T32cc UAO9ie\"><a class=\"hrTbp R8zArc\" href=\"https://play.google.com/store/apps/developer?id=Ririo+Apps\">Ririo Apps</a></span><span class=\"T32cc UAO9ie\"><a class=\"hrTbp R8zArc\" href=\"https://play.google.com/store/apps/category/ENTERTAINMENT\" itemprop=\"genre\">Entertainment</a></span></div><div class=\"i4sPve\"><div class=\"KmO8jd\"><img alt=\"Everyone\" aria-hidden=\"true\" class=\"T75of E1GfKc\" src=\"https://lh3.ggpht.com/fDrMd6BZDQGe1-ND2uyWviZx2O_Tqssk8pvmVEvXdJRvYtMz4c-LFPfB6C5qdAC-mCqFN4Iptr_Fv54e=s14\" srcset=\"https://lh3.ggpht.com/fDrMd6BZDQGe1-ND2uyWviZx2O_Tqssk8pvmVEvXdJRvYtMz4c-LFPfB6C5qdAC-mCqFN4Iptr_Fv54e=s28 2x\"/>Everyone</div></div></div><div class=\"dNLKff\"><c-wiz data-node-index=\"8;0\" data-p='%.@.[\"com.bestgamingzone.wallpaper\",7]\n]\n' jsdata=\"deferred-i10\" jsmodel=\"hc6Ubd\" jsrenderer=\"GxnCG\" jsshadow=\"\"><div class=\"pf5lIe\"><div aria-label=\"Rated 4.7 stars out of five stars\" role=\"img\"><div class=\"vQHuPe bUWb7c\"></div><div class=\"vQHuPe bUWb7c\"></div><div class=\"vQHuPe bUWb7c\"></div><div class=\"vQHuPe bUWb7c\"></div><div class=\"L0jl5e bUWb7c cm4lTe\"><div class=\"vQHuPe bUWb7c D3FNOd\" style=\"width: 70.7803726196289%\"></div></div></div></div><span class=\"AYi5wd TBRnV\"><span aria-label=\"10,777 ratings\" class=\"\">10,777</span><span class=\"O3QoBc qLorRc\"></span></span><c-data id=\"i10\" jsdata=\" V4l1v;_;5\"></c-data></c-wiz></div></div>", "level": 0}, {"value": "<div class=\"rxic6\">Contains Ads</div>", "level": 0}, {"value": "<div class=\"wE7q7b\"><div class=\"i9550b\"><div class=\"KO5dHd\"><c-wiz autoupdate=\"\" data-node-index=\"3;0\" data-p='%.@.[\"com.bestgamingzone.wallpaper\",7]\n,null,false]\n' jsdata=\"deferred-i12\" jsmodel=\"hc6Ubd\" jsrenderer=\"MGKh8\" jsshadow=\"\"><c-wiz autoupdate=\"\" data-node-index=\"0;0\" data-p='%.@.null,[\"com.bestgamingzone.wallpaper\",7]\n,false]\n' jsdata=\"deferred-i13\" jsmodel=\"hc6Ubd\" jsrenderer=\"JuzNtf\" jsshadow=\"\"><c-data id=\"i13\" jsdata=\" v3Bbmc;unsupported;17 v3Bbmc;unsupported;17 v3Bbmc;unsupported;17\"></c-data></c-wiz><c-data id=\"i12\"></c-data></c-wiz></div><div class=\"hfWwZc\"><div class=\"iDoEAf\"><c-wiz autoupdate=\"\" data-node-index=\"7;0\" data-p='%.@.[\"com.bestgamingzone.wallpaper\",7]\n]\n' jsdata=\"deferred-i14\" jsmodel=\"hc6Ubd\" jsrenderer=\"rxFDD\" jsshadow=\"\"><wishlist-add><button aria-label=\"Add to wishlist\" class=\"V2rsl \" data-item-id='%.@.\"com.bestgamingzone.wallpaper\",7]\n' jsaction=\"rcuQ6b:WYd;focus:AHmuwe; blur:O22p3e; mouseup:GfWc1e; touchend:GfWc1e;click:OuTedb;\" jscontroller=\"q8NYMd\" jslog=\"38005; 1:204; track:click; mutable:true\" jsmodel=\"c7dHKc\"><span class=\"VMIf2c r1Rcnb\"></span><span class=\"lmqfOc nSYH7e\">Add to Wishlist</span></button></wishlist-add><c-data id=\"i14\"></c-data></c-wiz></div><div class=\"hwKISe\"><c-wiz autoupdate=\"\" data-node-index=\"0;0\" data-p='%.@.[\"com.bestgamingzone.wallpaper\",7]\n]\n' jsdata=\"deferred-i15\" jsmodel=\"hc6Ubd\" jsrenderer=\"z2mnpe\" jsshadow=\"\"><div><span class=\"oocvOe\"><button aria-label=\"Install\" class=\"LkLjZd ScJHi HPiPcc IfEcue \" data-item-id='%.@.\"com.bestgamingzone.wallpaper\",7]\n' jsaction=\"MH7vAb\" jscontroller=\"kSfS7\" jsdata=\"Ddi83b;CgYKBENBRT0=;18\" jslog=\"38052; 1:223|CBSqARUKEwiJ1PuH8q3eAhVLYpYKHU7WCXA=; track:click,impression\" jsmodel=\"og5Pbf\"><span><span itemprop=\"offers\" itemscope=\"\" itemtype=\"https://schema.org/Offer\"><meta content=\"https://play.google.com/store/apps/details?id=com.bestgamingzone.wallpaper&amp;rdid=com.bestgamingzone.wallpaper&amp;feature=md&amp;offerId\" itemprop=\"url\"/><meta content=\"0\" itemprop=\"price\"/></span></span>Install</button></span></div><c-data id=\"i15\" jsdata=\" sCuaec;_;8 OKeYaf;_;11 pH8t9b;_;6\"></c-data></c-wiz></div></div></div></div>", "level": 0}], [{"value": "<h1 aria-label=\"Description\"></h1>", "level": 9}, {"value": "<span>Fortnite wallpaper , is an app fortnite battle royale 4K wallpapers , we share PUBG Gaming Wallpapers . All the backgrounds are in 4K , we add daily battle underground 4K\u00a0<br/>The list of games : <strong>minecraft , pubg , fortnite , cs go\u00a0 and many gaming wallpapers\u00a0</strong><br/><br/>Features of fortnite skins gaming wallpaper :\u00a0</span>", "level": 0}, {"value": "<p><span>- Daily images for <strong>fortnite wallpapers and backgrounds</strong><br/><br/><strong>\ud83d\udd25 Auto Wallpaper Changer:</strong><br/>- This features changes Mobile\u00a0 Background Automatically. User can choose time frequency to change Wallpapers Automatically.<br/><br/><strong>\ud83d\udd25 Simple, Fast and light:</strong><br/>- We focuses on simplicity of the app, which gives great performance. It is battery efficient.<br/><br/><strong>\u2022 Setting background as Wallpaper:</strong><br/>- You can set wallpaper as home or lock screen in just one click. save some times !<br/><br/><strong>\u2022 Favorites:</strong><br/>- All your favorite backgrounds are placed under one tab.<br/><br/><strong>\u2022 Share &amp; Set As:</strong><br/>- You can easily share ultra hd backgrounds or everyday wallpapers with anyone with just one click. Set wallpapers to your desktop as well with one click.<br/><br/><strong>\u2022 Save:</strong><br/>- You can save any 4K wallpapers you want.<br/><br/><strong>\u2022 Collection:</strong><br/>- It has more than 10000+ Fhd wallpapers and best backgrounds<br/><br/><br/><strong>\u2022Games list:</strong><br/>- We provide enormous amount of battle royale wallpapers and backgrounds sorted across 40+ games which includes:<br/><br/></span></p>", "level": 0}], [{"value": "<p><strong><span>Note:</span></strong></p>", "level": 1}, {"value": "<p><span>Every Picture listed in this application is either found on public website or licensed under creative common or fan art creation . If you find that we forgot to credit you and want to claim credit for a picture or want us to remove it, please don't hesitate to contact us at : <strong>contact@ririoapps.com</strong> to solve the issue .</span></p>", "level": 0}, {"value": "<p><span>For copyright issues please contact us at <strong>copyright@ririoapps.com</strong></span></p>", "level": 0}, {"value": "<div class=\"OsWJFb\" jsaction=\"JIbuQc:KoToPc\" jsname=\"XNVrM\"><div aria-disabled=\"false\" class=\"U26fgb O0WRkf oG5Srb C0oVfc n9lfJ\" jsaction=\"click:cOuCgd; mousedown:UX7yZ; mouseup:lbsD7e; mouseenter:tfO1Yc; mouseleave:JywGue;touchstart:p6p2H; touchmove:FwuNnf; touchend:yfqBxc(preventMouseEvents=true|preventDefault=true); touchcancel:JMtRjd;focus:AHmuwe; blur:O22p3e; contextmenu:mg9Pef;\" jscontroller=\"VXdfxd\" jsshadow=\"\" role=\"button\" tabindex=\"0\"><div class=\"Vwe4Vb MbhUzd\" jsname=\"ksKsZd\"></div><div class=\"ZFr60d CeoRYc\"></div><content class=\"CwaK9\"><span class=\"RveJvd snByac\">Read more</span></content></div></div>", "level": 0}], [{"value": "<h2 class=\"Rm6Gwb\">Reviews</h2>", "level": 8}, {"value": "<a class=\"X1PzMe\" href=\"https://play.google.com/about/comment-posting-policy.html?hl=en-US\" target=\"_blank\"><span class=\"kq6fXc\"></span><span class=\"lSXt5d\">Review Policy</span></a>", "level": 0}, {"value": "<c-wiz data-node-index=\"2;0\" data-p='%.@.[\"com.bestgamingzone.wallpaper\",7]\n]\n' jsdata=\"deferred-i19\" jsmodel=\"hc6Ubd\" jsrenderer=\"JV1xu\" jsshadow=\"\"><div class=\"K9wGie\"><div aria-label=\"Rated 4.7 stars out of five stars\" class=\"BHMmbe\">4.7</div><div class=\"LvvOW\"><div aria-label=\"Rated 4.7 stars out of five stars\" role=\"img\"><div class=\"BGNhFb WF1WQd\"></div><div class=\"BGNhFb WF1WQd\"></div><div class=\"BGNhFb WF1WQd\"></div><div class=\"BGNhFb WF1WQd\"></div><div class=\"NVmCwd WF1WQd cm4lTe\"><div class=\"BGNhFb WF1WQd D3FNOd\" style=\"width: 70.7803726196289%\"></div></div></div></div><span class=\"EymY4b\"><span class=\"O3QoBc hzfjkd\"></span><span aria-label=\"10,777 ratings\" class=\"\">10,777</span> total</span></div><div class=\"VEF2C\"><div class=\"mMF0fd\"><span class=\"Gn2mNd\">5</span><span class=\"L2o20d P41RMc\" style=\"width: 100%\" title=\"9,164\"></span></div><div class=\"mMF0fd\"><span class=\"Gn2mNd\">4</span><span class=\"L2o20d tpbQF\" style=\"width: 9%\" title=\"852\"></span></div><div class=\"mMF0fd\"><span class=\"Gn2mNd\">3</span><span class=\"L2o20d Sthl9e\" style=\"width: 3%\" title=\"339\"></span></div><div class=\"mMF0fd\"><span class=\"Gn2mNd\">2</span><span class=\"L2o20d rhCabb\" style=\"width: 0%\" title=\"69\"></span></div><div class=\"mMF0fd\"><span class=\"Gn2mNd\">1</span><span class=\"L2o20d A3ihhc\" style=\"width: 3%\" title=\"353\"></span></div></div><c-data id=\"i19\" jsdata=\" V4l1v;_;5\"></c-data></c-wiz>", "level": 0}, {"value": "<div class=\"Fx1lse\"><div class=\"EmVfjc qs41qe\" data-active=\"true\" data-loadingmessage=\"Loading...\" jsaction=\"animationend:kWijWc;dyRcpb:dyRcpb\" jscontroller=\"qAKInc\"><div aria-live=\"assertive\" class=\"Cg7hO\" jsname=\"vyyg5\">Loading...</div><div class=\"xu46lf\" jsname=\"Hxlbvc\"><div class=\"ir3uv uWlRce co39ub\"><div class=\"xq3j6 ERcjC\"><div class=\"X6jHbb GOJTSe\"></div></div><div class=\"HBnAAc\"><div class=\"X6jHbb GOJTSe\"></div></div><div class=\"xq3j6 dj3yTd\"><div class=\"X6jHbb GOJTSe\"></div></div></div><div class=\"ir3uv GFoASc Cn087\"><div class=\"xq3j6 ERcjC\"><div class=\"X6jHbb GOJTSe\"></div></div><div class=\"HBnAAc\"><div class=\"X6jHbb GOJTSe\"></div></div><div class=\"xq3j6 dj3yTd\"><div class=\"X6jHbb GOJTSe\"></div></div></div><div class=\"ir3uv WpeOqd hfsr6b\"><div class=\"xq3j6 ERcjC\"><div class=\"X6jHbb GOJTSe\"></div></div><div class=\"HBnAAc\"><div class=\"X6jHbb GOJTSe\"></div></div><div class=\"xq3j6 dj3yTd\"><div class=\"X6jHbb GOJTSe\"></div></div></div><div class=\"ir3uv rHV3jf EjXFBf\"><div class=\"xq3j6 ERcjC\"><div class=\"X6jHbb GOJTSe\"></div></div><div class=\"HBnAAc\"><div class=\"X6jHbb GOJTSe\"></div></div><div class=\"xq3j6 dj3yTd\"><div class=\"X6jHbb GOJTSe\"></div></div></div></div></div></div>", "level": 0}], [{"value": "<h2 class=\"Rm6Gwb\">What's New</h2>", "level": 8}, {"value": "<div class=\"PHBdkd\" data-content-height=\"144\" jsaction=\"rcuQ6b:npT2md\" jscontroller=\"IsfMIf\" jsshadow=\"\"><div class=\"DWPxHb\" itemprop=\"description\" jsname=\"bN97Pc\"><content>General improvements and bug fixes.Thanks to everyone for all your great feedback and suggestions . Keep it coming ! if you find a bug or an issue then tell us about it Email: contact@ririoapps.com</content><div class=\"uwAgLc\" jsname=\"WgKync\"></div></div><div class=\"OsWJFb\" jsaction=\"JIbuQc:KoToPc\" jsname=\"XNVrM\"><div aria-disabled=\"false\" class=\"U26fgb O0WRkf oG5Srb C0oVfc n9lfJ\" jsaction=\"click:cOuCgd; mousedown:UX7yZ; mouseup:lbsD7e; mouseenter:tfO1Yc; mouseleave:JywGue;touchstart:p6p2H; touchmove:FwuNnf; touchend:yfqBxc(preventMouseEvents=true|preventDefault=true); touchcancel:JMtRjd;focus:AHmuwe; blur:O22p3e; contextmenu:mg9Pef;\" jscontroller=\"VXdfxd\" jsshadow=\"\" role=\"button\" tabindex=\"0\"><div class=\"Vwe4Vb MbhUzd\" jsname=\"ksKsZd\"></div><div class=\"ZFr60d CeoRYc\"></div><content class=\"CwaK9\"><span class=\"RveJvd snByac\">Read more</span></content></div></div></div>", "level": 0}], [{"value": "<h2 class=\"Rm6Gwb\">Additional Information</h2>", "level": 8}, {"value": "<div class=\"JHTxhe\"><div class=\"xyOfqd\"><div class=\"hAyfc\"><div class=\"BgcNfc\">Updated</div><span class=\"htlgb\"><div><span class=\"htlgb\">October 15, 2018</span></div></span></div><div class=\"hAyfc\"><div class=\"BgcNfc\">Size</div><span class=\"htlgb\"><div><span class=\"htlgb\">4.6M</span></div></span></div><div class=\"hAyfc\"><div class=\"BgcNfc\">Installs</div><span class=\"htlgb\"><div><span class=\"htlgb\">500,000+</span></div></span></div><div class=\"hAyfc\"><div class=\"BgcNfc\">Current Version</div><span class=\"htlgb\"><div><span class=\"htlgb\">1.2.2.1</span></div></span></div><div class=\"hAyfc\"><div class=\"BgcNfc\">Requires Android</div><span class=\"htlgb\"><div><span class=\"htlgb\">4.1 and up</span></div></span></div><div class=\"hAyfc\"><div class=\"BgcNfc\">Content Rating</div><span class=\"htlgb\"><div><span class=\"htlgb\"><div>Everyone</div><div><a href=\"https://support.google.com/googleplay?p=appgame_ratings\">Learn More</a></div></span></div></span></div><c-wiz data-node-index=\"0;0\" data-p='%.@.[\"com.bestgamingzone.wallpaper\",7]\n]\n' jscontroller=\"VwI7ld\" jsdata=\"deferred-i22\" jsmodel=\"hc6Ubd\" jsrenderer=\"HwUY7e\" jsshadow=\"\"><div class=\"hAyfc\"><div class=\"BgcNfc\">Permissions</div><span class=\"htlgb\"><div><span class=\"htlgb\"><div jsaction=\"click:UMmHgd(Hly47e)\"><a class=\"hrTbp \" jsname=\"Hly47e\">View details</a></div></span></div></span></div><c-data id=\"i22\" jsdata=\" OKeYaf;_;11\"></c-data></c-wiz><div class=\"JHTxhe YjpPef\"><div class=\"hAyfc\"><div class=\"BgcNfc\">Report</div><span class=\"htlgb\"><div><span class=\"htlgb\"><a href=\"https://support.google.com/googleplay/?p=report_content\" target=\"_blank\">Flag as inappropriate</a></span></div></span></div></div><div class=\"hAyfc\"><div class=\"BgcNfc\">Offered By</div><span class=\"htlgb\"><div><span class=\"htlgb\">Ririo Apps</span></div></span></div><div class=\"hAyfc\"><div class=\"BgcNfc\">Developer</div><span class=\"htlgb\"><div><span class=\"htlgb\"><div><a class=\"hrTbp KyaTEc\" href=\"mailto:contact@ririoapps.com\">contact@ririoapps.com</a></div><div><a class=\"hrTbp \" href=\"http://www.ririoapps.com/p/privacy-policy.html\">Privacy Policy</a></div></span></div></span></div></div></div>", "level": 0}, {"value": "<a href=\"https://play.google.com/store/apps/collection/cluster?clp=wgYmCiIKHGNvbS5iZXN0Z2FtaW5nem9uZS53YWxscGFwZXIQARgDGAE%3D:S:ANO1ljJxHJ8\"><h2 class=\"C7Bf8e bs3Xnd\">Similar</h2></a>", "level": 0}], [{"value": "<h2 class=\"C7Bf8e bs3Xnd\">Similar</h2>", "level": 8}, {"value": "<div class=\"g4kCYe\"><a aria-label=\"Check out more content from Similar\" class=\"LkLjZd ScJHi IfEcue nMZKrb id-track-click \" data-uitype=\"290\" href=\"https://play.google.com/store/apps/collection/cluster?clp=wgYmCiIKHGNvbS5iZXN0Z2FtaW5nem9uZS53YWxscGFwZXIQARgDGAE%3D:S:ANO1ljJxHJ8\" jslog=\"37927; 1:290; track:click\">See more</a></div>", "level": 0}, {"value": "<div class=\"IFTL7 XWV5qb\" jsname=\"O2DNWb\"><div class=\"WHE7ib mpg5gc\"><c-wiz data-node-index=\"0;0\" data-p=\"%.@.false]\n\" jsaction=\"aM6rcc:MRWqkd\" jscontroller=\"JpEzfb\" jsdata=\"deferred-i26\" jsmodel=\"hc6Ubd\" jsrenderer=\"PAQZbb\" jsshadow=\"\"><div class=\"uMConb V2Vq5e POHYmb-eyJpod YEDFMc-eyJpod y1APZe-UtC6se\" jslog=\"38003; 1:500|CAIaPwomEiQKHmNvbS5hcHAuZW1vdGVzLmRhbmNlcy5mb3J0bml0ZRABGAMQADITCJH++ofyrd4CFUtilgodTtYJcA==; track:click,impression\"><div class=\"Vpfmgd\"><div class=\"uzcko\"><div class=\"N9c7d eJxoSc\"><span class=\"yNWQ8e K3IMke buPxGf\" style=\"height: 160px;width: 160px\"><img aria-hidden=\"true\" class=\"T75of QNCnCf\" src=\"https://lh3.googleusercontent.com/vu4g97OrS7wVuDntqoLyv4yV5qivM5PDqVPD6sGpvPYCdcoWhD8vsnOmo7JyDVrnQQ=s128\" srcset=\"https://lh3.googleusercontent.com/vu4g97OrS7wVuDntqoLyv4yV5qivM5PDqVPD6sGpvPYCdcoWhD8vsnOmo7JyDVrnQQ=s256 2x\" style=\"max-height: 128px;max-width: 128px;height: 128px\"/></span><span class=\"ZYyTud K3IMke buPxGf\" style=\"height: 160px;width: 160px\"><img aria-hidden=\"true\" class=\"T75of QNCnCf\" src=\"https://lh3.googleusercontent.com/vu4g97OrS7wVuDntqoLyv4yV5qivM5PDqVPD6sGpvPYCdcoWhD8vsnOmo7JyDVrnQQ=s128\" srcset=\"https://lh3.googleusercontent.com/vu4g97OrS7wVuDntqoLyv4yV5qivM5PDqVPD6sGpvPYCdcoWhD8vsnOmo7JyDVrnQQ=s256 2x\" style=\"max-height: 128px;max-width: 128px;height: 128px\"/></span><span class=\"kJ9uy K3IMke buPxGf\" style=\"height: 160px;width: 160px\"><img aria-hidden=\"true\" class=\"T75of QNCnCf\" src=\"https://lh3.googleusercontent.com/vu4g97OrS7wVuDntqoLyv4yV5qivM5PDqVPD6sGpvPYCdcoWhD8vsnOmo7JyDVrnQQ=s128\" srcset=\"https://lh3.googleusercontent.com/vu4g97OrS7wVuDntqoLyv4yV5qivM5PDqVPD6sGpvPYCdcoWhD8vsnOmo7JyDVrnQQ=s256 2x\" style=\"max-height: 128px;max-width: 128px;height: 128px\"/></span><div class=\"wXUyZd\"><a aria-hidden=\"true\" class=\"poRVub\" href=\"/store/apps/details?id=com.app.emotes.dances.fortnite\" tabindex=\"-1\"></a></div></div></div><div class=\"RZEgze\"><div class=\"vU6FJ p63iDd\"><a aria-hidden=\"true\" class=\"JC71ub\" href=\"/store/apps/details?id=com.app.emotes.dances.fortnite\" tabindex=\"-1\"></a><div class=\"k6AFYd\"><div class=\"bQVA0c\"><div class=\"PODJt\"><div class=\"kCSSQe\"><div class=\"b8cIId ReQCgd Q9MA7b\" title=\"Dances from Fortnite (Emotes, Skins, Daily Shop)\"><a href=\"/store/apps/details?id=com.app.emotes.dances.fortnite\"><div class=\"WsMG1c nnK0zc\">Dances from Fortnite (Emotes, Skins, Daily Shop)</div></a><div class=\"cqtbn\"></div></div><div class=\"b8cIId ReQCgd KoLSrc\" title=\"\"><a class=\"mnKHRc\" href=\"https://play.google.com/store/apps/dev?id=7858639576140721092\"><div>GD Games &amp; Apps</div></a><div class=\"cqtbn\"></div></div><div class=\"b8cIId f5NCO\"><a href=\"/store/apps/details?id=com.app.emotes.dances.fortnite\">Unofficial App: Videos of all dances and emotes; Daily Shop, Skins and Cosmetics</a><div class=\"cqtbn xKFUib\"></div></div></div></div></div><div class=\"Z2nl8b\"><div class=\"PODJt\"><div class=\"kCSSQe\"><div class=\"pf5lIe\"><div aria-label=\"Rated 4.5 stars out of five stars\" role=\"img\"><div class=\"vQHuPe bUWb7c\"></div><div class=\"vQHuPe bUWb7c\"></div><div class=\"vQHuPe bUWb7c\"></div><div class=\"vQHuPe bUWb7c\"></div><div class=\"L0jl5e bUWb7c cm4lTe\"><div class=\"vQHuPe bUWb7c D3FNOd\" style=\"width: 53.10502052307129%\"></div></div></div></div></div></div></div></div></div></div></div></div><c-data id=\"i26\" jsdata=\" OhlBSe;7,com.app.emotes.dances.fortnite,;21 QwEV2c;7,com.app.emotes.dances.fortnite,;22\"></c-data></c-wiz></div><div class=\"WHE7ib mpg5gc\"><c-wiz data-node-index=\"0;1\" data-p=\"%.@.false]\n\" jsaction=\"aM6rcc:MRWqkd\" jscontroller=\"JpEzfb\" jsdata=\"deferred-i27\" jsmodel=\"hc6Ubd\" jsrenderer=\"PAQZbb\" jsshadow=\"\"><div class=\"uMConb V2Vq5e POHYmb-eyJpod YEDFMc-eyJpod y1APZe-UtC6se\" jslog=\"38003; 1:500|CAIaPgolEiMKHWNvbS53YWxscGFwZXJzY3JhZnQud2FsbHBhcGVyEAEYAxABMhMIkf76h/Kt3gIVS2KWCh1O1glw; track:click,impression\"><div class=\"Vpfmgd\"><div class=\"uzcko\"><div class=\"N9c7d eJxoSc\"><span class=\"yNWQ8e K3IMke buPxGf\" style=\"height: 160px;width: 160px\"><img aria-hidden=\"true\" class=\"T75of QNCnCf\" src=\"https://lh3.googleusercontent.com/vpQABOusCSr7gmBUu9UTXbCwZy3Simddi_XPWu70fahJ4cv8ZdoOtIdOXMG8Ln-Tnmg=s128\" srcset=\"https://lh3.googleusercontent.com/vpQABOusCSr7gmBUu9UTXbCwZy3Simddi_XPWu70fahJ4cv8ZdoOtIdOXMG8Ln-Tnmg=s256 2x\" style=\"max-height: 128px;max-width: 128px;height: 128px\"/></span><span class=\"ZYyTud K3IMke buPxGf\" style=\"height: 160px;width: 160px\"><img aria-hidden=\"true\" class=\"T75of QNCnCf\" src=\"https://lh3.googleusercontent.com/vpQABOusCSr7gmBUu9UTXbCwZy3Simddi_XPWu70fahJ4cv8ZdoOtIdOXMG8Ln-Tnmg=s128\" srcset=\"https://lh3.googleusercontent.com/vpQABOusCSr7gmBUu9UTXbCwZy3Simddi_XPWu70fahJ4cv8ZdoOtIdOXMG8Ln-Tnmg=s256 2x\" style=\"max-height: 128px;max-width: 128px;height: 128px\"/></span><span class=\"kJ9uy K3IMke buPxGf\" style=\"height: 160px;width: 160px\"><img aria-hidden=\"true\" class=\"T75of QNCnCf\" src=\"https://lh3.googleusercontent.com/vpQABOusCSr7gmBUu9UTXbCwZy3Simddi_XPWu70fahJ4cv8ZdoOtIdOXMG8Ln-Tnmg=s128\" srcset=\"https://lh3.googleusercontent.com/vpQABOusCSr7gmBUu9UTXbCwZy3Simddi_XPWu70fahJ4cv8ZdoOtIdOXMG8Ln-Tnmg=s256 2x\" style=\"max-height: 128px;max-width: 128px;height: 128px\"/></span><div class=\"wXUyZd\"><a aria-hidden=\"true\" class=\"poRVub\" href=\"/store/apps/details?id=com.wallpaperscraft.wallpaper\" tabindex=\"-1\"></a></div></div></div><div class=\"RZEgze\"><div class=\"vU6FJ p63iDd\"><a aria-hidden=\"true\" class=\"JC71ub\" href=\"/store/apps/details?id=com.wallpaperscraft.wallpaper\" tabindex=\"-1\"></a><div class=\"k6AFYd\"><div class=\"bQVA0c\"><div class=\"PODJt\"><div class=\"kCSSQe\"><div class=\"b8cIId ReQCgd Q9MA7b\" title=\"Wallpapers HD, 4K Backgrounds\"><a href=\"/store/apps/details?id=com.wallpaperscraft.wallpaper\"><div class=\"WsMG1c nnK0zc\">Wallpapers HD, 4K Backgrounds</div></a><div class=\"cqtbn\"></div></div><div class=\"b8cIId ReQCgd KoLSrc\" title=\"\"><a class=\"mnKHRc\" href=\"https://play.google.com/store/apps/developer?id=WallpapersCraft+%7C+WallCraft\"><div>WallpapersCraft | WallCraft</div></a><div class=\"cqtbn\"></div></div><div class=\"b8cIId f5NCO\"><a href=\"/store/apps/details?id=com.wallpaperscraft.wallpaper\">We have craft wallpapers and an adaptation for the phone here!</a><div class=\"cqtbn xKFUib\"></div></div></div></div></div><div class=\"Z2nl8b\"><div class=\"PODJt\"><div class=\"kCSSQe\"><div class=\"pf5lIe\"><div aria-label=\"Rated 4.7 stars out of five stars\" role=\"img\"><div class=\"vQHuPe bUWb7c\"></div><div class=\"vQHuPe bUWb7c\"></div><div class=\"vQHuPe bUWb7c\"></div><div class=\"vQHuPe bUWb7c\"></div><div class=\"L0jl5e bUWb7c cm4lTe\"><div class=\"vQHuPe bUWb7c D3FNOd\" style=\"width: 74.21650886535645%\"></div></div></div></div></div></div></div></div></div></div></div></div><c-data id=\"i27\" jsdata=\" OhlBSe;7,com.wallpaperscraft.wallpaper,;23 QwEV2c;7,com.wallpaperscraft.wallpaper,;24\"></c-data></c-wiz></div><div class=\"WHE7ib mpg5gc\"><c-wiz data-node-index=\"0;2\" data-p=\"%.@.false]\n\" jsaction=\"aM6rcc:MRWqkd\" jscontroller=\"JpEzfb\" jsdata=\"deferred-i28\" jsmodel=\"hc6Ubd\" jsrenderer=\"PAQZbb\" jsshadow=\"\"><div class=\"uMConb V2Vq5e POHYmb-eyJpod YEDFMc-eyJpod y1APZe-UtC6se\" jslog=\"38003; 1:500|CAIaRwouEiwKJmhkLnVoZC5zdXBlcmhlcm9lcy53YWxscGFwZXJzLnRvcC5iZXN0EAEYAxACMhMIkf76h/Kt3gIVS2KWCh1O1glw; track:click,impression\"><div class=\"Vpfmgd\"><div class=\"uzcko\"><div class=\"N9c7d eJxoSc\"><span class=\"yNWQ8e K3IMke buPxGf\" style=\"height: 160px;width: 160px\"><img aria-hidden=\"true\" class=\"T75of QNCnCf\" src=\"https://lh3.googleusercontent.com/RjqC3Gmh9Ms02grXA_aROEYI32o4kukcvYuZTayVazlZMMG8YDmIUxRShA1kNd_QcCZB=s128\" srcset=\"https://lh3.googleusercontent.com/RjqC3Gmh9Ms02grXA_aROEYI32o4kukcvYuZTayVazlZMMG8YDmIUxRShA1kNd_QcCZB=s256 2x\" style=\"max-height: 128px;max-width: 128px;height: 128px\"/></span><span class=\"ZYyTud K3IMke buPxGf\" style=\"height: 160px;width: 160px\"><img aria-hidden=\"true\" class=\"T75of QNCnCf\" src=\"https://lh3.googleusercontent.com/RjqC3Gmh9Ms02grXA_aROEYI32o4kukcvYuZTayVazlZMMG8YDmIUxRShA1kNd_QcCZB=s128\" srcset=\"https://lh3.googleusercontent.com/RjqC3Gmh9Ms02grXA_aROEYI32o4kukcvYuZTayVazlZMMG8YDmIUxRShA1kNd_QcCZB=s256 2x\" style=\"max-height: 128px;max-width: 128px;height: 128px\"/></span><span class=\"kJ9uy K3IMke buPxGf\" style=\"height: 160px;width: 160px\"><img aria-hidden=\"true\" class=\"T75of QNCnCf\" src=\"https://lh3.googleusercontent.com/RjqC3Gmh9Ms02grXA_aROEYI32o4kukcvYuZTayVazlZMMG8YDmIUxRShA1kNd_QcCZB=s128\" srcset=\"https://lh3.googleusercontent.com/RjqC3Gmh9Ms02grXA_aROEYI32o4kukcvYuZTayVazlZMMG8YDmIUxRShA1kNd_QcCZB=s256 2x\" style=\"max-height: 128px;max-width: 128px;height: 128px\"/></span><div class=\"wXUyZd\"><a aria-hidden=\"true\" class=\"poRVub\" href=\"/store/apps/details?id=hd.uhd.superheroes.wallpapers.top.best\" tabindex=\"-1\"></a></div></div></div><div class=\"RZEgze\"><div class=\"vU6FJ p63iDd\"><a aria-hidden=\"true\" class=\"JC71ub\" href=\"/store/apps/details?id=hd.uhd.superheroes.wallpapers.top.best\" tabindex=\"-1\"></a><div class=\"k6AFYd\"><div class=\"bQVA0c\"><div class=\"PODJt\"><div class=\"kCSSQe\"><div class=\"b8cIId ReQCgd Q9MA7b\" title=\"Superheroes Wallpapers | 4K Backgrounds\"><a href=\"/store/apps/details?id=hd.uhd.superheroes.wallpapers.top.best\"><div class=\"WsMG1c nnK0zc\">Superheroes Wallpapers | 4K Backgrounds</div></a><div class=\"cqtbn\"></div></div><div class=\"b8cIId ReQCgd KoLSrc\" title=\"\"><a class=\"mnKHRc\" href=\"https://play.google.com/store/apps/developer?id=HD+Productions\"><div>HD Productions</div></a><div class=\"cqtbn\"></div></div><div class=\"b8cIId f5NCO\"><a href=\"/store/apps/details?id=hd.uhd.superheroes.wallpapers.top.best\">Make your smartphone special with SuperHeroes WallPapers - HD/4K Pictures</a><div class=\"cqtbn xKFUib\"></div></div></div></div></div><div class=\"Z2nl8b\"><div class=\"PODJt\"><div class=\"kCSSQe\"><div class=\"pf5lIe\"><div aria-label=\"Rated 4.7 stars out of five stars\" role=\"img\"><div class=\"vQHuPe bUWb7c\"></div><div class=\"vQHuPe bUWb7c\"></div><div class=\"vQHuPe bUWb7c\"></div><div class=\"vQHuPe bUWb7c\"></div><div class=\"L0jl5e bUWb7c cm4lTe\"><div class=\"vQHuPe bUWb7c D3FNOd\" style=\"width: 69.51088905334473%\"></div></div></div></div></div></div></div></div></div></div></div></div><c-data id=\"i28\" jsdata=\" OhlBSe;7,hd.uhd.superheroes.wallpapers.top.best,;25 QwEV2c;7,hd.uhd.superheroes.wallpapers.top.best,;26\"></c-data></c-wiz></div><div class=\"WHE7ib mpg5gc\"><c-wiz data-node-index=\"0;3\" data-p=\"%.@.false]\n\" jsaction=\"aM6rcc:MRWqkd\" jscontroller=\"JpEzfb\" jsdata=\"deferred-i29\" jsmodel=\"hc6Ubd\" jsrenderer=\"PAQZbb\" jsshadow=\"\"><div class=\"uMConb V2Vq5e POHYmb-eyJpod YEDFMc-eyJpod y1APZe-UtC6se\" jslog=\"38003; 1:500|CAIaSgoxEi8KKXVoZC5oZC5iZXN0LnF1YWxpdHkuc3VwZXJoZXJvZXN3YWxscGFwZXJzEAEYAxADMhMIkf76h/Kt3gIVS2KWCh1O1glw; track:click,impression\"><div class=\"Vpfmgd\"><div class=\"uzcko\"><div class=\"N9c7d eJxoSc\"><span class=\"yNWQ8e K3IMke buPxGf\" style=\"height: 160px;width: 160px\"><img aria-hidden=\"true\" class=\"T75of QNCnCf\" src=\"https://lh3.googleusercontent.com/Q-jche_ptDH9g7qzy6z-WFTkepk8sFMUYcfQE8fV0OiE2EtX3TLH-JNqzEsDAPQ0Hw=s128\" srcset=\"https://lh3.googleusercontent.com/Q-jche_ptDH9g7qzy6z-WFTkepk8sFMUYcfQE8fV0OiE2EtX3TLH-JNqzEsDAPQ0Hw=s256 2x\" style=\"max-height: 128px;max-width: 128px;height: 128px\"/></span><span class=\"ZYyTud K3IMke buPxGf\" style=\"height: 160px;width: 160px\"><img aria-hidden=\"true\" class=\"T75of QNCnCf\" src=\"https://lh3.googleusercontent.com/Q-jche_ptDH9g7qzy6z-WFTkepk8sFMUYcfQE8fV0OiE2EtX3TLH-JNqzEsDAPQ0Hw=s128\" srcset=\"https://lh3.googleusercontent.com/Q-jche_ptDH9g7qzy6z-WFTkepk8sFMUYcfQE8fV0OiE2EtX3TLH-JNqzEsDAPQ0Hw=s256 2x\" style=\"max-height: 128px;max-width: 128px;height: 128px\"/></span><span class=\"kJ9uy K3IMke buPxGf\" style=\"height: 160px;width: 160px\"><img aria-hidden=\"true\" class=\"T75of QNCnCf\" src=\"https://lh3.googleusercontent.com/Q-jche_ptDH9g7qzy6z-WFTkepk8sFMUYcfQE8fV0OiE2EtX3TLH-JNqzEsDAPQ0Hw=s128\" srcset=\"https://lh3.googleusercontent.com/Q-jche_ptDH9g7qzy6z-WFTkepk8sFMUYcfQE8fV0OiE2EtX3TLH-JNqzEsDAPQ0Hw=s256 2x\" style=\"max-height: 128px;max-width: 128px;height: 128px\"/></span><div class=\"wXUyZd\"><a aria-hidden=\"true\" class=\"poRVub\" href=\"/store/apps/details?id=uhd.hd.best.quality.superheroeswallpapers\" tabindex=\"-1\"></a></div></div></div><div class=\"RZEgze\"><div class=\"vU6FJ p63iDd\"><a aria-hidden=\"true\" class=\"JC71ub\" href=\"/store/apps/details?id=uhd.hd.best.quality.superheroeswallpapers\" tabindex=\"-1\"></a><div class=\"k6AFYd\"><div class=\"bQVA0c\"><div class=\"PODJt\"><div class=\"kCSSQe\"><div class=\"b8cIId ReQCgd Q9MA7b\" title=\"4K Superheroes Wallpapers - Live Wallpaper Changer\"><a href=\"/store/apps/details?id=uhd.hd.best.quality.superheroeswallpapers\"><div class=\"WsMG1c nnK0zc\">4K Superheroes Wallpapers - Live Wallpaper Changer</div></a><div class=\"cqtbn\"></div></div><div class=\"b8cIId ReQCgd KoLSrc\" title=\"\"><a class=\"mnKHRc\" href=\"https://play.google.com/store/apps/developer?id=HD+Pro+Walls\"><div>HD Pro Walls</div></a><div class=\"cqtbn\"></div></div><div class=\"b8cIId f5NCO\"><a href=\"/store/apps/details?id=uhd.hd.best.quality.superheroeswallpapers\">\ud83c\udf1f Auto Wallpaper Changer &amp; 4K Superheroes Wallpapers | Backgrounds \ud83d\udd25</a><div class=\"cqtbn xKFUib\"></div></div></div></div></div><div class=\"Z2nl8b\"><div class=\"PODJt\"><div class=\"kCSSQe\"><div class=\"pf5lIe\"><div aria-label=\"Rated 4.7 stars out of five stars\" role=\"img\"><div class=\"vQHuPe bUWb7c\"></div><div class=\"vQHuPe bUWb7c\"></div><div class=\"vQHuPe bUWb7c\"></div><div class=\"vQHuPe bUWb7c\"></div><div class=\"L0jl5e bUWb7c cm4lTe\"><div class=\"vQHuPe bUWb7c D3FNOd\" style=\"width: 68.13783645629883%\"></div></div></div></div></div></div></div></div></div></div></div></div><c-data id=\"i29\" jsdata=\" OhlBSe;7,uhd.hd.best.quality.superheroeswallpapers,;27 QwEV2c;7,uhd.hd.best.quality.superheroeswallpapers,;28\"></c-data></c-wiz></div><div class=\"WHE7ib mpg5gc\"><c-wiz data-node-index=\"0;4\" data-p=\"%.@.false]\n\" jsaction=\"aM6rcc:MRWqkd\" jscontroller=\"JpEzfb\" jsdata=\"deferred-i30\" jsmodel=\"hc6Ubd\" jsrenderer=\"PAQZbb\" jsshadow=\"\"><div class=\"uMConb V2Vq5e POHYmb-eyJpod YEDFMc-eyJpod y1APZe-UtC6se\" jslog=\"38003; 1:500|CAIaOwoiEiAKGmNvbS5hcHAuY29tcGFuaW9uLmZvcnRuaXRlEAEYAxAEMhMIkf76h/Kt3gIVS2KWCh1O1glw; track:click,impression\"><div class=\"Vpfmgd\"><div class=\"uzcko\"><div class=\"N9c7d eJxoSc\"><span class=\"yNWQ8e K3IMke buPxGf\" style=\"height: 160px;width: 160px\"><img aria-hidden=\"true\" class=\"T75of QNCnCf\" src=\"https://lh3.googleusercontent.com/rjCnUSH7R-K-H2toowKy7dIifzqEItq8x0P9FPIUKFNmAFoJT-bMPYQXR1YMuq59M_s=s128\" srcset=\"https://lh3.googleusercontent.com/rjCnUSH7R-K-H2toowKy7dIifzqEItq8x0P9FPIUKFNmAFoJT-bMPYQXR1YMuq59M_s=s256 2x\" style=\"max-height: 128px;max-width: 128px;height: 128px\"/></span><span class=\"ZYyTud K3IMke buPxGf\" style=\"height: 160px;width: 160px\"><img aria-hidden=\"true\" class=\"T75of QNCnCf\" src=\"https://lh3.googleusercontent.com/rjCnUSH7R-K-H2toowKy7dIifzqEItq8x0P9FPIUKFNmAFoJT-bMPYQXR1YMuq59M_s=s128\" srcset=\"https://lh3.googleusercontent.com/rjCnUSH7R-K-H2toowKy7dIifzqEItq8x0P9FPIUKFNmAFoJT-bMPYQXR1YMuq59M_s=s256 2x\" style=\"max-height: 128px;max-width: 128px;height: 128px\"/></span><span class=\"kJ9uy K3IMke buPxGf\" style=\"height: 160px;width: 160px\"><img aria-hidden=\"true\" class=\"T75of QNCnCf\" src=\"https://lh3.googleusercontent.com/rjCnUSH7R-K-H2toowKy7dIifzqEItq8x0P9FPIUKFNmAFoJT-bMPYQXR1YMuq59M_s=s128\" srcset=\"https://lh3.googleusercontent.com/rjCnUSH7R-K-H2toowKy7dIifzqEItq8x0P9FPIUKFNmAFoJT-bMPYQXR1YMuq59M_s=s256 2x\" style=\"max-height: 128px;max-width: 128px;height: 128px\"/></span><div class=\"wXUyZd\"><a aria-hidden=\"true\" class=\"poRVub\" href=\"/store/apps/details?id=com.app.companion.fortnite\" tabindex=\"-1\"></a></div></div></div><div class=\"RZEgze\"><div class=\"vU6FJ p63iDd\"><a aria-hidden=\"true\" class=\"JC71ub\" href=\"/store/apps/details?id=com.app.companion.fortnite\" tabindex=\"-1\"></a><div class=\"k6AFYd\"><div class=\"bQVA0c\"><div class=\"PODJt\"><div class=\"kCSSQe\"><div class=\"b8cIId ReQCgd Q9MA7b\" title=\"Companion for Fortnite (Stats, Map, Shop, Weapons)\"><a href=\"/store/apps/details?id=com.app.companion.fortnite\"><div class=\"WsMG1c nnK0zc\">Companion for Fortnite (Stats, Map, Shop, Weapons)</div></a><div class=\"cqtbn\"></div></div><div class=\"b8cIId ReQCgd KoLSrc\" title=\"\"><a class=\"mnKHRc\" href=\"https://play.google.com/store/apps/dev?id=7858639576140721092\"><div>GD Games &amp; Apps</div></a><div class=\"cqtbn\"></div></div><div class=\"b8cIId f5NCO\"><a href=\"/store/apps/details?id=com.app.companion.fortnite\">Unofficial App with Tools &amp; Information for Fortnite and Battle Royale players</a><div class=\"cqtbn xKFUib\"></div></div></div></div></div><div class=\"Z2nl8b\"><div class=\"PODJt\"><div class=\"kCSSQe\"><div class=\"pf5lIe\"><div aria-label=\"Rated 4.6 stars out of five stars\" role=\"img\"><div class=\"vQHuPe bUWb7c\"></div><div class=\"vQHuPe bUWb7c\"></div><div class=\"vQHuPe bUWb7c\"></div><div class=\"vQHuPe bUWb7c\"></div><div class=\"L0jl5e bUWb7c cm4lTe\"><div class=\"vQHuPe bUWb7c D3FNOd\" style=\"width: 57.028913497924805%\"></div></div></div></div></div></div></div></div></div></div></div></div><c-data id=\"i30\" jsdata=\" OhlBSe;7,com.app.companion.fortnite,;29 QwEV2c;7,com.app.companion.fortnite,;30\"></c-data></c-wiz></div></div>", "level": 0}, {"value": "<a href=\"https://play.google.com/store/apps/collection/cluster?clp=igNBChkKEzUwNDI5MDAwODYwMzY0ODIxNDYQCBgDEiIKHGNvbS5iZXN0Z2FtaW5nem9uZS53YWxscGFwZXIQARgDGAE%3D:S:ANO1ljLvKj0\"><h2 class=\"C7Bf8e bs3Xnd\">Ririo Apps</h2></a>", "level": 0}], [{"value": "<h2 class=\"C7Bf8e bs3Xnd\">Ririo Apps</h2>", "level": 8}, {"value": "<div class=\"g4kCYe\"><a aria-label=\"Check out more content from Ririo Apps\" class=\"LkLjZd ScJHi IfEcue nMZKrb GPXbj id-track-click \" data-uitype=\"290\" href=\"https://play.google.com/store/apps/collection/cluster?clp=igNBChkKEzUwNDI5MDAwODYwMzY0ODIxNDYQCBgDEiIKHGNvbS5iZXN0Z2FtaW5nem9uZS53YWxscGFwZXIQARgDGAE%3D:S:ANO1ljLvKj0\" jslog=\"37927; 1:290; track:click\">See more</a></div>", "level": 0}, {"value": "<div class=\"IFTL7 XWV5qb\" jsname=\"O2DNWb\"><div class=\"WHE7ib mpg5gc\"><c-wiz data-node-index=\"0;0\" data-p=\"%.@.false]\n\" jsaction=\"aM6rcc:MRWqkd\" jscontroller=\"JpEzfb\" jsdata=\"deferred-i35\" jsmodel=\"hc6Ubd\" jsrenderer=\"PAQZbb\" jsshadow=\"\"><div class=\"uMConb V2Vq5e POHYmb-eyJpod YEDFMc-eyJpod y1APZe-UtC6se\" jslog=\"38003; 1:500|CAIaMwoaEhgKEmNvbS5yaXJpb2FwcHMuY2FycxABGAMQADITCOCN+4fyrd4CFUtilgodTtYJcA==; track:click,impression\"><div class=\"Vpfmgd\"><div class=\"uzcko\"><div class=\"N9c7d eJxoSc\"><span class=\"yNWQ8e K3IMke buPxGf\" style=\"height: 160px;width: 160px\"><img aria-hidden=\"true\" class=\"T75of QNCnCf\" src=\"https://lh3.googleusercontent.com/Gkzv9e-RyI3U55Lv0CJo7k3YMBX3WGd5BZRx4aAHDipj1OVLCjZn4kqn9ZXVjP0voQE=s128\" srcset=\"https://lh3.googleusercontent.com/Gkzv9e-RyI3U55Lv0CJo7k3YMBX3WGd5BZRx4aAHDipj1OVLCjZn4kqn9ZXVjP0voQE=s256 2x\" style=\"max-height: 128px;max-width: 128px;height: 128px\"/></span><span class=\"ZYyTud K3IMke buPxGf\" style=\"height: 160px;width: 160px\"><img aria-hidden=\"true\" class=\"T75of QNCnCf\" src=\"https://lh3.googleusercontent.com/Gkzv9e-RyI3U55Lv0CJo7k3YMBX3WGd5BZRx4aAHDipj1OVLCjZn4kqn9ZXVjP0voQE=s128\" srcset=\"https://lh3.googleusercontent.com/Gkzv9e-RyI3U55Lv0CJo7k3YMBX3WGd5BZRx4aAHDipj1OVLCjZn4kqn9ZXVjP0voQE=s256 2x\" style=\"max-height: 128px;max-width: 128px;height: 128px\"/></span><span class=\"kJ9uy K3IMke buPxGf\" style=\"height: 160px;width: 160px\"><img aria-hidden=\"true\" class=\"T75of QNCnCf\" src=\"https://lh3.googleusercontent.com/Gkzv9e-RyI3U55Lv0CJo7k3YMBX3WGd5BZRx4aAHDipj1OVLCjZn4kqn9ZXVjP0voQE=s128\" srcset=\"https://lh3.googleusercontent.com/Gkzv9e-RyI3U55Lv0CJo7k3YMBX3WGd5BZRx4aAHDipj1OVLCjZn4kqn9ZXVjP0voQE=s256 2x\" style=\"max-height: 128px;max-width: 128px;height: 128px\"/></span><div class=\"wXUyZd\"><a aria-hidden=\"true\" class=\"poRVub\" href=\"/store/apps/details?id=com.ririoapps.cars\" tabindex=\"-1\"></a></div></div></div><div class=\"RZEgze\"><div class=\"vU6FJ p63iDd\"><a aria-hidden=\"true\" class=\"JC71ub\" href=\"/store/apps/details?id=com.ririoapps.cars\" tabindex=\"-1\"></a><div class=\"k6AFYd\"><div class=\"bQVA0c\"><div class=\"PODJt\"><div class=\"kCSSQe\"><div class=\"b8cIId ReQCgd Q9MA7b\" title=\"\ud83c\udfce\ufe0f Cars wallpapers HD\"><a href=\"/store/apps/details?id=com.ririoapps.cars\"><div class=\"WsMG1c nnK0zc\">\ud83c\udfce\ufe0f Cars wallpapers HD</div></a><div class=\"cqtbn\"></div></div><div class=\"b8cIId ReQCgd KoLSrc\" title=\"\"><a class=\"mnKHRc\" href=\"https://play.google.com/store/apps/developer?id=Ririo+Apps\"><div>Ririo Apps</div></a><div class=\"cqtbn\"></div></div><div class=\"b8cIId f5NCO\"><a href=\"/store/apps/details?id=com.ririoapps.cars\">Best Cars wallpapers , daily images , 4K HD</a><div class=\"cqtbn xKFUib\"></div></div></div></div></div><div class=\"Z2nl8b\"><div class=\"PODJt\"><div class=\"kCSSQe\"><div class=\"pf5lIe\"><div aria-label=\"Rated 4.6 stars out of five stars\" role=\"img\"><div class=\"vQHuPe bUWb7c\"></div><div class=\"vQHuPe bUWb7c\"></div><div class=\"vQHuPe bUWb7c\"></div><div class=\"vQHuPe bUWb7c\"></div><div class=\"L0jl5e bUWb7c cm4lTe\"><div class=\"vQHuPe bUWb7c D3FNOd\" style=\"width: 55.339813232421875%\"></div></div></div></div></div></div></div></div></div></div></div></div><c-data id=\"i35\" jsdata=\" OhlBSe;7,com.ririoapps.cars,;35 QwEV2c;7,com.ririoapps.cars,;36\"></c-data></c-wiz></div><div class=\"WHE7ib mpg5gc\"><c-wiz data-node-index=\"0;1\" data-p=\"%.@.false]\n\" jsaction=\"aM6rcc:MRWqkd\" jscontroller=\"JpEzfb\" jsdata=\"deferred-i36\" jsmodel=\"hc6Ubd\" jsrenderer=\"PAQZbb\" jsshadow=\"\"><div class=\"uMConb V2Vq5e POHYmb-eyJpod YEDFMc-eyJpod y1APZe-UtC6se\" jslog=\"38003; 1:500|CAIaOgohEh8KGWNvbS5yaXJpb2FwcHMuc3VwZXJoZXJvZXMQARgDEAEyEwjgjfuH8q3eAhVLYpYKHU7WCXA=; track:click,impression\"><div class=\"Vpfmgd\"><div class=\"uzcko\"><div class=\"N9c7d eJxoSc\"><span class=\"yNWQ8e K3IMke buPxGf\" style=\"height: 160px;width: 160px\"><img aria-hidden=\"true\" class=\"T75of QNCnCf\" src=\"https://lh3.googleusercontent.com/MskR4FJCwApHNu_YNt90bbd5Y6ZUll4wiYmalbPr4Zlxg-zDAqSqNEuOfg64eR0tZZI=s128\" srcset=\"https://lh3.googleusercontent.com/MskR4FJCwApHNu_YNt90bbd5Y6ZUll4wiYmalbPr4Zlxg-zDAqSqNEuOfg64eR0tZZI=s256 2x\" style=\"max-height: 128px;max-width: 128px;height: 128px\"/></span><span class=\"ZYyTud K3IMke buPxGf\" style=\"height: 160px;width: 160px\"><img aria-hidden=\"true\" class=\"T75of QNCnCf\" src=\"https://lh3.googleusercontent.com/MskR4FJCwApHNu_YNt90bbd5Y6ZUll4wiYmalbPr4Zlxg-zDAqSqNEuOfg64eR0tZZI=s128\" srcset=\"https://lh3.googleusercontent.com/MskR4FJCwApHNu_YNt90bbd5Y6ZUll4wiYmalbPr4Zlxg-zDAqSqNEuOfg64eR0tZZI=s256 2x\" style=\"max-height: 128px;max-width: 128px;height: 128px\"/></span><span class=\"kJ9uy K3IMke buPxGf\" style=\"height: 160px;width: 160px\"><img aria-hidden=\"true\" class=\"T75of QNCnCf\" src=\"https://lh3.googleusercontent.com/MskR4FJCwApHNu_YNt90bbd5Y6ZUll4wiYmalbPr4Zlxg-zDAqSqNEuOfg64eR0tZZI=s128\" srcset=\"https://lh3.googleusercontent.com/MskR4FJCwApHNu_YNt90bbd5Y6ZUll4wiYmalbPr4Zlxg-zDAqSqNEuOfg64eR0tZZI=s256 2x\" style=\"max-height: 128px;max-width: 128px;height: 128px\"/></span><div class=\"wXUyZd\"><a aria-hidden=\"true\" class=\"poRVub\" href=\"/store/apps/details?id=com.ririoapps.superheroes\" tabindex=\"-1\"></a></div></div></div><div class=\"RZEgze\"><div class=\"vU6FJ p63iDd\"><a aria-hidden=\"true\" class=\"JC71ub\" href=\"/store/apps/details?id=com.ririoapps.superheroes\" tabindex=\"-1\"></a><div class=\"k6AFYd\"><div class=\"bQVA0c\"><div class=\"PODJt\"><div class=\"kCSSQe\"><div class=\"b8cIId ReQCgd Q9MA7b\" title=\"\u26a1 Superheroes wallpapers 4K - Live backgrounds\"><a href=\"/store/apps/details?id=com.ririoapps.superheroes\"><div class=\"WsMG1c nnK0zc\">\u26a1 Superheroes wallpapers 4K - Live backgrounds</div></a><div class=\"cqtbn\"></div></div><div class=\"b8cIId ReQCgd KoLSrc\" title=\"\"><a class=\"mnKHRc\" href=\"https://play.google.com/store/apps/developer?id=Ririo+Apps\"><div>Ririo Apps</div></a><div class=\"cqtbn\"></div></div><div class=\"b8cIId f5NCO\"><a href=\"/store/apps/details?id=com.ririoapps.superheroes\">We add new images every single day !</a><div class=\"cqtbn xKFUib\"></div></div></div></div></div><div class=\"Z2nl8b\"><div class=\"PODJt\"><div class=\"kCSSQe\"><div class=\"pf5lIe\"><div aria-label=\"Rated 4.6 stars out of five stars\" role=\"img\"><div class=\"vQHuPe bUWb7c\"></div><div class=\"vQHuPe bUWb7c\"></div><div class=\"vQHuPe bUWb7c\"></div><div class=\"vQHuPe bUWb7c\"></div><div class=\"L0jl5e bUWb7c cm4lTe\"><div class=\"vQHuPe bUWb7c D3FNOd\" style=\"width: 55.20362854003906%\"></div></div></div></div></div></div></div></div></div></div></div></div><c-data id=\"i36\" jsdata=\" OhlBSe;7,com.ririoapps.superheroes,;37 QwEV2c;7,com.ririoapps.superheroes,;38\"></c-data></c-wiz></div><div class=\"WHE7ib mpg5gc\"><c-wiz data-node-index=\"0;2\" data-p=\"%.@.false]\n\" jsaction=\"aM6rcc:MRWqkd\" jscontroller=\"JpEzfb\" jsdata=\"deferred-i37\" jsmodel=\"hc6Ubd\" jsrenderer=\"PAQZbb\" jsshadow=\"\"><div class=\"uMConb V2Vq5e POHYmb-eyJpod YEDFMc-eyJpod y1APZe-UtC6se\" jslog=\"38003; 1:500|CAIaNwoeEhwKFmNvbS5yaXJpb2FwcHMuZm9vdGJhbGwQARgDEAIyEwjgjfuH8q3eAhVLYpYKHU7WCXA=; track:click,impression\"><div class=\"Vpfmgd\"><div class=\"uzcko\"><div class=\"N9c7d eJxoSc\"><span class=\"yNWQ8e K3IMke buPxGf\" style=\"height: 160px;width: 160px\"><img aria-hidden=\"true\" class=\"T75of QNCnCf\" src=\"https://lh3.googleusercontent.com/KNaE_iLqrXgcoLbnZyxOVJEZ_bRDY5_jLc3XJLO1DU10YkLLocwIjJxDgTlfaoPDo-g=s128\" srcset=\"https://lh3.googleusercontent.com/KNaE_iLqrXgcoLbnZyxOVJEZ_bRDY5_jLc3XJLO1DU10YkLLocwIjJxDgTlfaoPDo-g=s256 2x\" style=\"max-height: 128px;max-width: 128px;height: 128px\"/></span><span class=\"ZYyTud K3IMke buPxGf\" style=\"height: 160px;width: 160px\"><img aria-hidden=\"true\" class=\"T75of QNCnCf\" src=\"https://lh3.googleusercontent.com/KNaE_iLqrXgcoLbnZyxOVJEZ_bRDY5_jLc3XJLO1DU10YkLLocwIjJxDgTlfaoPDo-g=s128\" srcset=\"https://lh3.googleusercontent.com/KNaE_iLqrXgcoLbnZyxOVJEZ_bRDY5_jLc3XJLO1DU10YkLLocwIjJxDgTlfaoPDo-g=s256 2x\" style=\"max-height: 128px;max-width: 128px;height: 128px\"/></span><span class=\"kJ9uy K3IMke buPxGf\" style=\"height: 160px;width: 160px\"><img aria-hidden=\"true\" class=\"T75of QNCnCf\" src=\"https://lh3.googleusercontent.com/KNaE_iLqrXgcoLbnZyxOVJEZ_bRDY5_jLc3XJLO1DU10YkLLocwIjJxDgTlfaoPDo-g=s128\" srcset=\"https://lh3.googleusercontent.com/KNaE_iLqrXgcoLbnZyxOVJEZ_bRDY5_jLc3XJLO1DU10YkLLocwIjJxDgTlfaoPDo-g=s256 2x\" style=\"max-height: 128px;max-width: 128px;height: 128px\"/></span><div class=\"wXUyZd\"><a aria-hidden=\"true\" class=\"poRVub\" href=\"/store/apps/details?id=com.ririoapps.football\" tabindex=\"-1\"></a></div></div></div><div class=\"RZEgze\"><div class=\"vU6FJ p63iDd\"><a aria-hidden=\"true\" class=\"JC71ub\" href=\"/store/apps/details?id=com.ririoapps.football\" tabindex=\"-1\"></a><div class=\"k6AFYd\"><div class=\"bQVA0c\"><div class=\"PODJt\"><div class=\"kCSSQe\"><div class=\"b8cIId ReQCgd Q9MA7b\" title=\"\u26bd Football wallpapers 4K\"><a href=\"/store/apps/details?id=com.ririoapps.football\"><div class=\"WsMG1c nnK0zc\">\u26bd Football wallpapers 4K</div></a><div class=\"cqtbn\"></div></div><div class=\"b8cIId ReQCgd KoLSrc\" title=\"\"><a class=\"mnKHRc\" href=\"https://play.google.com/store/apps/developer?id=Ririo+Apps\"><div>Ririo Apps</div></a><div class=\"cqtbn\"></div></div><div class=\"b8cIId f5NCO\"><a href=\"/store/apps/details?id=com.ririoapps.football\">Daily football wallpapers , we are the best , enjoy .</a><div class=\"cqtbn xKFUib\"></div></div></div></div></div><div class=\"Z2nl8b\"><div class=\"PODJt\"><div class=\"kCSSQe\"><div class=\"pf5lIe\"><div aria-label=\"Rated 4.8 stars out of five stars\" role=\"img\"><div class=\"vQHuPe bUWb7c\"></div><div class=\"vQHuPe bUWb7c\"></div><div class=\"vQHuPe bUWb7c\"></div><div class=\"vQHuPe bUWb7c\"></div><div class=\"L0jl5e bUWb7c cm4lTe\"><div class=\"vQHuPe bUWb7c D3FNOd\" style=\"width: 79.86578941345215%\"></div></div></div></div></div></div></div></div></div></div></div></div><c-data id=\"i37\" jsdata=\" OhlBSe;7,com.ririoapps.football,;39 QwEV2c;7,com.ririoapps.football,;40\"></c-data></c-wiz></div></div>", "level": 0}, {"value": "<div class=\"y089Ob\" id=\"ZCHFDb\"><c-wiz data-node-index=\"0;0\" data-p=\"%.@.true]\n\" jsaction=\"DzyM5d:EHCGpf\" jscontroller=\"ozuUvf\" jsdata=\"deferred-i38\" jsmodel=\"hc6Ubd\" jsrenderer=\"c4OaZ\" jsshadow=\"\"><div class=\"TAviAb\"><div class=\"vUI6Ye\" style=\"display: none\"></div><div class=\"sIIDsc IQ1z0d\"><div class=\"RRKTjb\"><span class=\"BDUOnf\">\u00a92018 Google</span><a class=\"XjE2Pb fx1akb\" href=\"https://play.google.com/intl/en-US_us/about/play-terms.html\" target=\"_blank\">Site Terms of Service</a><a class=\"XjE2Pb fx1akb\" href=\"http://www.google.com/intl/en-US_us/policies/privacy/\" target=\"_blank\">Privacy</a><a class=\"XjE2Pb fx1akb\" href=\"http://developer.android.com/index.html\" target=\"_blank\">Developers</a><a class=\"XjE2Pb fx1akb\" href=\"https://play.google.com/artists\" target=\"_blank\">Artists</a><a class=\"XjE2Pb fx1akb\" href=\"https://support.google.com/googleplay/?p=about_play\" target=\"_blank\">About Google</a><span class=\"XjE2Pb\">|</span><span class=\"XjE2Pb\">Location: United States</span><span class=\"XjE2Pb\">Language: English (United States)</span><div jsname=\"Gvbqzc\"><span>By purchasing this item, you are transacting with Google Payments and agreeing to the Google Payments <a href=\"https://payments.google.com/termsOfService?hl=en_US\" target=\"_blank\">Terms of Service</a> and <a href=\"https://payments.google.com/legaldocument?family=0.privacynotice&amp;hl=en_US\" target=\"_blank\">Privacy Notice</a>.</span></div></div></div></div><c-data id=\"i38\" jsdata=\" Qv8W4;_;3\"></c-data></c-wiz></div>", "level": 0}]]