[[{"value": "<h1 class=\"ico\" onclick=\"{location.href='http://m.pcstore.com.tw';}\">PChome</h1>", "level": 9}, {"value": "<div class=\"ui-btn-left\" data-type=\"horizontal\"><div class=\"ui-block-a\"><a class=\"ui-btn ui-btn-icon-notext ui-icon-carat-l ui-nodisc-icon ui-btn-inline\" onclick=\"history.go(-1);\" style=\"background-color:#FF9700; color:#FFF;\">\u00e4\u00b8\u008a\u00e4\u00b8\u0080\u00e9\u00a0\u0081</a></div><div class=\"ui-block-b\"><a class=\"ui-btn ui-btn-icon-notext ui-nodisc-icon ui-btn-inline menu orgbar_1\" onclick=\"pl();\">\u00e7\u009b\u00ae\u00e9\u008c\u0084</a></div></div>", "level": 0}, {"value": "<div class=\"menu-right\"><div class=\"ChatSearch\" data-role=\"none\" onclick=\"{location.href='http://m.pcstore.com.tw/search.php?type=1';}\"></div><style type=\"text/css\">\n\t\t\t\t.menu-right {\n\t\t\t\t\tposition: absolute; \n\t\t\t\t\tright: 10px; \n\t\t\t\t\ttop: 8px; \n\t\t\t\t\tz-index: 1;\n\t\t\t\t}.menu-right .chatBtn, .menu-right .ChatSearch {\n\t\t\t    width: 31px;\n\t\t\t    height: 30px;\n\t\t\t    cursor: pointer;\n\t\t\t    float: left;\n\t\t\t\t}.chatBtn {\n\t\t\t    background: url(http://mimg.pcstore.com.tw/images/m_chat.svg);\n\t\t\t    background-repeat: no-repeat;\n\t\t\t    -webkit-background-size: 65px;\n\t\t\t    background-size: 65px;\n\t\t\t    background-position: 0px 0px;\n\t\t\t    position: relative;\n\t\t\t\t}.ChatNoti-bubble { \n\t\t\t\t\tdisplay: none;\n\t\t\t    height: 20px;\n\t\t\t    width: 20px;\n\t\t\t    background: #ff004e;\n\t\t\t    background-image: none;\n\t\t\t    position: absolute;\n\t\t\t    right: 20px;\n\t\t\t    top: -5px;\n\t\t\t    color: #ffffff;\n\t\t\t    text-align: center;\n\t\t\t    font-size: 11px;\n\t\t\t    line-height: 20px;\n\t\t\t    -webkit-border-radius: 50%;\n\t\t\t    -moz-border-radius: 50%;\n\t\t\t    border-radius: 50%;\n\t\t\t    font-weight: normal;\n\t\t\t\t}.ChatSearch {\n\t\t\t    background: url(http://mimg.pcstore.com.tw/images/m_chat.svg) no-repeat;\n\t\t\t    -webkit-background-size: 65px;\n\t\t\t    background-size: 65px;\n\t\t\t    background-position: -34px 0px;\n\t\t\t    position: relative;\n\t\t\t    padding: 4px 6px;\n\t\t\t\t}</style></div>", "level": 0}, {"value": "<table border=\"0\" cellpadding=\"0\" cellspacing=\"0\" width=\"100%\"><tbody><tr><td align=\"center\" valign=\"top\"><!--service\u00e6\u00a8\u0099\u00e7\u00b1\u00a4\u00e9\u0096\u008b\u00e5\u00a7\u008b--><br/><!--service\u00e6\u00a8\u0099\u00e7\u00b1\u00a4\u00e7\u00b5\u0090\u00e6\u009d\u009f--><table bgcolor=\"#bababa\" border=\"0\" cellpadding=\"1\" cellspacing=\"0\" width=\"100%\"><tbody><tr><td><table border=\"0\" cellpadding=\"4\" cellspacing=\"0\" width=\"100%\"><tbody><tr><td bgcolor=\"#f3f3f3\"><table border=\"2\" bordercolor=\"#ffffff\" cellpadding=\"0\" cellspacing=\"0\" width=\"100%\"><tbody><tr><td><table border=\"0\" cellpadding=\"0\" cellspacing=\"0\" width=\"100%\"><tbody><tr><td align=\"left\" bgcolor=\"#f9f9f9\" height=\"36\" style=\"font-size: 18px;\"><strong>\u00e3\u0080\u0080\u00e9\u009a\u00b1\u00e7\u00a7\u0081\u00e6\u00ac\u008a\u00e8\u0081\u00b2\u00e6\u0098\u008e</strong></td></tr><tr><td bgcolor=\"#ffffff\" height=\"8\"></td></tr><tr><td align=\"center\" bgcolor=\"#ffffff\"><table border=\"0\" cellpadding=\"0\" cellspacing=\"0\" width=\"94%\"><tbody><tr><td align=\"left\" class=\"t1623\">\u00e9\u0097\u009c\u00e6\u0096\u00bc\u00e5\u0080\u008b\u00e4\u00ba\u00ba\u00e8\u00b3\u0087\u00e6\u0096\u0099\u00e4\u00bf\u009d\u00e8\u00ad\u00b7\u00ef\u00bc\u008c\u00e8\u00ab\u008b\u00e5\u008f\u0083\u00e9\u0096\u00b1\u00e4\u00bb\u00a5\u00e4\u00b8\u008bPChome\u00e5\u0095\u0086\u00e5\u00ba\u0097\u00e8\u00a1\u0097\u00e7\u009a\u0084\u00e9\u009a\u00b1\u00e7\u00a7\u0081\u00e6\u00ac\u008a\u00e8\u0081\u00b2\u00e6\u0098\u008e\u00ef\u00bc\u009a<br/><br/>PChome \u00e5\u0095\u0086\u00e5\u00ba\u0097\u00e8\u00a1\u0097\u00e6\u0098\u00af\u00e7\u0094\u00b1\u00e3\u0080\u008c\u00e5\u0095\u0086\u00e5\u00ba\u0097\u00e8\u00a1\u0097\u00e5\u00b8\u0082\u00e9\u009b\u0086\u00e5\u009c\u008b\u00e9\u009a\u009b\u00e8\u00b3\u0087\u00e8\u00a8\u008a\u00e8\u0082\u00a1\u00e4\u00bb\u00bd\u00e6\u009c\u0089\u00e9\u0099\u0090\u00e5\u0085\u00ac\u00e5\u008f\u00b8\u00e3\u0080\u008d\u00e6\u0089\u0080\u00e7\u00b6\u0093\u00e7\u0087\u009f\u00ef\u00bc\u009b\u00e7\u0082\u00ba\u00e4\u00ba\u0086\u00e6\u0094\u00af\u00e6\u008c\u0081\u00e5\u0080\u008b\u00e4\u00ba\u00ba\u00e8\u00b3\u0087\u00e6\u0096\u0099\u00e4\u00bf\u009d\u00e8\u00ad\u00b7\u00ef\u00bc\u008c\u00e7\u00b6\u00ad\u00e8\u00ad\u00b7\u00e5\u0080\u008b\u00e4\u00ba\u00ba\u00e9\u009a\u00b1\u00e7\u00a7\u0081\u00e6\u00ac\u008a\u00ef\u00bc\u008cPChome \u00e5\u0095\u0086\u00e5\u00ba\u0097\u00e8\u00a1\u0097\u00e8\u00ac\u00b9\u00e4\u00bb\u00a5\u00e4\u00b8\u008b\u00e5\u0088\u0097\u00e8\u0081\u00b2\u00e6\u0098\u008e\u00ef\u00bc\u008c\u00e5\u0090\u0091\u00e6\u0082\u00a8\u00e8\u00aa\u00aa\u00e6\u0098\u008ePChome \u00e5\u0095\u0086\u00e5\u00ba\u0097\u00e8\u00a1\u0097\u00e8\u0092\u0090\u00e9\u009b\u0086\u00e5\u0080\u008b\u00e4\u00ba\u00ba\u00e8\u00b3\u0087\u00e6\u0096\u0099\u00e4\u00b9\u008b\u00e7\u009b\u00ae\u00e7\u009a\u0084\u00e3\u0080\u0081\u00e9\u00a1\u009e\u00e5\u0088\u00a5\u00e3\u0080\u0081\u00e5\u0088\u00a9\u00e7\u0094\u00a8\u00e7\u00af\u0084\u00e5\u009c\u008d\u00e5\u008f\u008a\u00e6\u0096\u00b9\u00e5\u00bc\u008f\u00e3\u0080\u0081\u00e4\u00bb\u00a5\u00e5\u008f\u008a\u00e6\u0082\u00a8\u00e6\u0089\u0080\u00e5\u00be\u0097\u00e8\u00a1\u008c\u00e4\u00bd\u00bf\u00e4\u00b9\u008b\u00e6\u00ac\u008a\u00e5\u0088\u00a9\u00e7\u00ad\u0089\u00e4\u00ba\u008b\u00e9\u00a0\u0085\u00ef\u00bc\u009b\u00e5\u00a6\u0082\u00e6\u009e\u009c\u00e6\u0082\u00a8\u00e5\u00b0\u008d\u00e6\u0096\u00bc\u00e5\u0095\u0086\u00e5\u00ba\u0097\u00e8\u00a1\u0097\u00e7\u009a\u0084\u00e9\u009a\u00b1\u00e7\u00a7\u0081\u00e6\u00ac\u008a\u00e8\u0081\u00b2\u00e6\u0098\u008e\u00e3\u0080\u0081\u00e4\u00bb\u00a5\u00e4\u00b8\u008b\u00e7\u009b\u00b8\u00e9\u0097\u009c\u00e5\u0091\u008a\u00e7\u009f\u00a5\u00e4\u00ba\u008b\u00e9\u00a0\u0085\u00e3\u0080\u0081\u00e6\u0088\u0096\u00e8\u0088\u0087\u00e5\u0080\u008b\u00e4\u00ba\u00ba\u00e8\u00b3\u0087\u00e6\u0096\u0099\u00e4\u00bf\u009d\u00e8\u00ad\u00b7\u00e6\u009c\u0089\u00e9\u0097\u009c\u00e4\u00b9\u008b\u00e7\u009b\u00b8\u00e9\u0097\u009c\u00e4\u00ba\u008b\u00e9\u00a0\u0085\u00e6\u009c\u0089\u00e4\u00bb\u00bb\u00e4\u00bd\u0095\u00e7\u0096\u0091\u00e5\u0095\u008f\u00ef\u00bc\u008c\u00e5\u008f\u00af\u00e4\u00bb\u00a5\u00e5\u0092\u008cPChome \u00e5\u0095\u0086\u00e5\u00ba\u0097\u00e8\u00a1\u0097\u00e5\u00ae\u00a2\u00e6\u009c\u008d\u00e4\u00b8\u00ad\u00e5\u00bf\u0083\u00e8\u0081\u00af\u00e7\u00b5\u00a1\u00ef\u00bc\u008cPChome \u00e5\u0095\u0086\u00e5\u00ba\u0097\u00e8\u00a1\u0097\u00e5\u00b0\u0087\u00e5\u0084\u0098\u00e5\u00bf\u00ab\u00e5\u009b\u009e\u00e8\u00a6\u0086\u00e8\u00aa\u00aa\u00e6\u0098\u008e\u00e3\u0080\u0082\u00e8\u008b\u00a5\u00e6\u0082\u00a8\u00e9\u00bb\u009e\u00e9\u0081\u00b8\u00e3\u0080\u0090\u00e5\u0090\u008c\u00e6\u0084\u008f\u00e3\u0080\u0091\u00e9\u0081\u00b8\u00e9\u00a0\u0085\u00e3\u0080\u0081\u00e6\u0088\u0096\u00e7\u00b9\u00bc\u00e7\u00ba\u008c\u00e4\u00bd\u00bf\u00e7\u0094\u00a8PChome \u00e5\u0095\u0086\u00e5\u00ba\u0097\u00e8\u00a1\u0097\u00e6\u0089\u0080\u00e6\u008f\u0090\u00e4\u00be\u009b\u00e4\u00b9\u008b\u00e6\u009c\u008d\u00e5\u008b\u0099\u00ef\u00bc\u008c\u00e5\u00b0\u00b1\u00e8\u00a6\u0096\u00e7\u0082\u00ba\u00e6\u0082\u00a8\u00e5\u00b7\u00b2\u00e7\u00b6\u0093\u00e9\u0096\u00b1\u00e8\u00ae\u0080\u00e5\u00ae\u008c\u00e7\u0095\u00a2\u00e4\u00b8\u0094\u00e6\u009a\u00b8\u00e8\u00a7\u00a3\u00e3\u0080\u0081\u00e4\u00b8\u00a6\u00e5\u0090\u008c\u00e6\u0084\u008f\u00e5\u0095\u0086\u00e5\u00ba\u0097\u00e8\u00a1\u0097\u00e9\u009a\u00b1\u00e7\u00a7\u0081\u00e6\u00ac\u008a\u00e8\u0081\u00b2\u00e6\u0098\u008e\u00e7\u009a\u0084\u00e6\u0089\u0080\u00e6\u009c\u0089\u00e5\u0085\u00a7\u00e5\u00ae\u00b9\u00e3\u0080\u0082<br/><br/>\u00e2\u0096\u00a0\u00e9\u0081\u00a9\u00e7\u0094\u00a8\u00e7\u00af\u0084\u00e5\u009c\u008d<br/>\u00e5\u0095\u0086\u00e5\u00ba\u0097\u00e8\u00a1\u0097\u00e9\u009a\u00b1\u00e7\u00a7\u0081\u00e6\u00ac\u008a\u00e8\u0081\u00b2\u00e6\u0098\u008e\u00e5\u008f\u008a\u00e5\u0085\u00b6\u00e6\u0089\u0080\u00e5\u008c\u0085\u00e5\u0090\u00ab\u00e4\u00b9\u008b\u00e5\u0091\u008a\u00e7\u009f\u00a5\u00e4\u00ba\u008b\u00e9\u00a0\u0085\u00ef\u00bc\u008c\u00e5\u0083\u0085\u00e9\u0081\u00a9\u00e7\u0094\u00a8\u00e6\u0096\u00bcPChome \u00e5\u0095\u0086\u00e5\u00ba\u0097\u00e8\u00a1\u0097\u00e6\u0089\u0080\u00e6\u0093\u0081\u00e6\u009c\u0089\u00e5\u008f\u008a\u00e7\u00b6\u0093\u00e7\u0087\u009f\u00e7\u009a\u0084\u00e7\u00b6\u00b2\u00e7\u00ab\u0099\u00e5\u008f\u008a\u00e6\u009c\u00ac\u00e9\u009a\u00b1\u00e7\u00a7\u0081\u00e6\u00ac\u008a\u00e8\u0081\u00b2\u00e6\u0098\u008e\u00e6\u0089\u0080\u00e8\u00bc\u0089\u00e4\u00b9\u008b\u00e5\u0085\u00b1\u00e5\u0090\u008c\u00e8\u00a1\u008c\u00e9\u008a\u00b7\u00e8\u00a1\u008c\u00e7\u0082\u00ba\u00e3\u0080\u0082PChome \u00e5\u0095\u0086\u00e5\u00ba\u0097\u00e8\u00a1\u0097\u00e7\u00b6\u00b2\u00e7\u00ab\u0099\u00e5\u0085\u00a7\u00e5\u008f\u00af\u00e8\u0083\u00bd\u00e5\u008c\u0085\u00e5\u0090\u00ab\u00e8\u00a8\u00b1\u00e5\u00a4\u009a\u00e9\u0080\u00a3\u00e7\u00b5\u0090\u00e3\u0080\u0081\u00e6\u0088\u0096\u00e5\u0085\u00b6\u00e4\u00bb\u0096\u00e5\u0090\u0088\u00e4\u00bd\u009c\u00e5\u00a4\u00a5\u00e4\u00bc\u00b4\u00e5\u008f\u008a\u00e5\u0080\u008b\u00e5\u0088\u00a5\u00e9\u0096\u008b\u00e5\u00ba\u0097\u00e5\u0095\u0086\u00e5\u00ae\u00b6\u00e6\u0089\u0080\u00e6\u008f\u0090\u00e4\u00be\u009b\u00e7\u009a\u0084\u00e5\u0095\u0086\u00e5\u0093\u0081\u00e6\u0088\u0096\u00e6\u009c\u008d\u00e5\u008b\u0099\u00ef\u00bc\u008c\u00e9\u0097\u009c\u00e6\u0096\u00bc\u00e8\u00a9\u00b2\u00e7\u00ad\u0089\u00e9\u0080\u00a3\u00e7\u00b5\u0090\u00e7\u00b6\u00b2\u00e7\u00ab\u0099\u00e3\u0080\u0081\u00e5\u0090\u0088\u00e4\u00bd\u009c\u00e5\u00a4\u00a5\u00e4\u00bc\u00b4\u00e7\u00b6\u00b2\u00e7\u00ab\u0099\u00e6\u0088\u0096\u00e5\u0080\u008b\u00e5\u0088\u00a5\u00e9\u0096\u008b\u00e5\u00ba\u0097\u00e5\u0095\u0086\u00e5\u00ae\u00b6\u00e4\u00b9\u008b\u00e7\u00b6\u00b2\u00e8\u00b7\u00af\u00e5\u0095\u0086\u00e5\u00ba\u0097\u00e7\u009a\u0084\u00e9\u009a\u00b1\u00e7\u00a7\u0081\u00e6\u00ac\u008a\u00e8\u0081\u00b2\u00e6\u0098\u008e\u00e5\u008f\u008a\u00e8\u0088\u0087\u00e5\u0080\u008b\u00e4\u00ba\u00ba\u00e8\u00b3\u0087\u00e6\u0096\u0099\u00e4\u00bf\u009d\u00e8\u00ad\u00b7\u00e6\u009c\u0089\u00e9\u0097\u009c\u00e4\u00b9\u008b\u00e5\u0091\u008a\u00e7\u009f\u00a5\u00e4\u00ba\u008b\u00e9\u00a0\u0085\u00ef\u00bc\u008c\u00e8\u00ab\u008b\u00e5\u008f\u0083\u00e9\u0096\u00b1\u00e5\u0090\u0084\u00e8\u00a9\u00b2\u00e9\u0080\u00a3\u00e7\u00b5\u0090\u00e7\u00b6\u00b2\u00e7\u00ab\u0099\u00e3\u0080\u0081\u00e5\u0090\u0088\u00e4\u00bd\u009c\u00e5\u00a4\u00a5\u00e4\u00bc\u00b4\u00e7\u00b6\u00b2\u00e7\u00ab\u0099\u00e6\u0088\u0096\u00e5\u0080\u008b\u00e5\u0088\u00a5\u00e9\u0096\u008b\u00e5\u00ba\u0097\u00e5\u0095\u0086\u00e5\u00ae\u00b6\u00e4\u00b9\u008b\u00e7\u00b6\u00b2\u00e8\u00b7\u00af\u00e5\u0095\u0086\u00e5\u00ba\u0097\u00e3\u0080\u0082 <br/><br/>\u00e2\u0096\u00a0\u00e5\u0080\u008b\u00e4\u00ba\u00ba\u00e8\u00b3\u0087\u00e6\u0096\u0099\u00e8\u0092\u0090\u00e9\u009b\u0086\u00e4\u00b9\u008b\u00e7\u009b\u00ae\u00e7\u009a\u0084\u00e8\u0088\u0087\u00e9\u00a1\u009e\u00e5\u0088\u00a5<br/>PChome \u00e5\u0095\u0086\u00e5\u00ba\u0097\u00e8\u00a1\u0097\u00e7\u0082\u00ba\u00e4\u00ba\u0086\u00e8\u00a1\u008c\u00e9\u008a\u00b7(\u00e5\u008c\u0085\u00e5\u0090\u00ab\u00e9\u0097\u009c\u00e4\u00bf\u0082\u00e4\u00bc\u0081\u00e6\u00a5\u00ad\u00e5\u0085\u00b1\u00e5\u0090\u008c\u00e8\u00a1\u008c\u00e9\u008a\u00b7\u00e6\u00a5\u00ad\u00e5\u008b\u0099)\u00e3\u0080\u0081\u00e5\u00ae\u00a2\u00e6\u0088\u00b6\u00e7\u00ae\u00a1\u00e7\u0090\u0086\u00e8\u0088\u0087\u00e6\u009c\u008d\u00e5\u008b\u0099\u00e3\u0080\u0081\u00e6\u008f\u0090\u00e4\u00be\u009b\u00e7\u00b6\u00b2\u00e8\u00b7\u00af\u00e8\u00b3\u00bc\u00e7\u0089\u00a9\u00e5\u008f\u008a\u00e5\u0085\u00b6\u00e4\u00bb\u0096\u00e9\u009b\u00bb\u00e5\u00ad\u0090\u00e5\u0095\u0086\u00e5\u008b\u0099\u00e6\u009c\u008d\u00e5\u008b\u0099\u00e3\u0080\u0081\u00e8\u00b3\u0087\u00e9\u0080\u009a\u00e8\u00a8\u008a\u00e6\u009c\u008d\u00e5\u008b\u0099\u00e3\u0080\u0081\u00e8\u00b3\u0087\u00e9\u0080\u009a\u00e8\u00a8\u008a\u00e8\u0088\u0087\u00e8\u00b3\u0087\u00e6\u0096\u0099\u00e5\u00ba\u00ab\u00e7\u00ae\u00a1\u00e7\u0090\u0086\u00e6\u009c\u008d\u00e5\u008b\u0099\u00e3\u0080\u0081\u00e8\u00b3\u0087\u00e9\u0080\u009a\u00e5\u00ae\u0089\u00e5\u0085\u00a8\u00e8\u0088\u0087\u00e7\u00ae\u00a1\u00e7\u0090\u0086\u00e3\u0080\u0081\u00e8\u00aa\u00bf\u00e6\u009f\u00a5\u00e7\u00b5\u00b1\u00e8\u00a8\u0088\u00e8\u0088\u0087\u00e5\u0088\u0086\u00e6\u009e\u0090\u00e3\u0080\u0081\u00e5\u00b1\u00a5\u00e8\u00a1\u008c\u00e6\u00b3\u0095\u00e5\u00ae\u009a\u00e6\u0088\u0096\u00e5\u0090\u0088\u00e7\u00b4\u0084\u00e7\u00be\u00a9\u00e5\u008b\u0099\u00e3\u0080\u0081\u00e4\u00bf\u009d\u00e8\u00ad\u00b7\u00e7\u0095\u00b6\u00e4\u00ba\u008b\u00e4\u00ba\u00ba\u00e5\u008f\u008a\u00e7\u009b\u00b8\u00e9\u0097\u009c\u00e5\u0088\u00a9\u00e5\u00ae\u00b3\u00e9\u0097\u009c\u00e4\u00bf\u0082\u00e4\u00ba\u00ba\u00e4\u00b9\u008b\u00e6\u00ac\u008a\u00e7\u009b\u008a\u00e3\u0080\u0081\u00e5\u0094\u00ae\u00e5\u00be\u008c\u00e6\u009c\u008d\u00e5\u008b\u0099\u00e3\u0080\u0081\u00e8\u00be\u00a6\u00e7\u0090\u0086\u00e8\u00b4\u0088\u00e7\u008d\u008e\u00e6\u00b4\u00bb\u00e5\u008b\u0095\u00ef\u00bc\u0088\u00e5\u008c\u0085\u00e5\u0090\u00ab\u00e7\u00a2\u00ba\u00e8\u00aa\u008d\u00e5\u00be\u0097\u00e7\u008d\u008e\u00e8\u0080\u0085\u00e8\u00ba\u00ab\u00e4\u00bb\u00bd\u00e3\u0080\u0081\u00e6\u008f\u0090\u00e4\u00be\u009b\u00e8\u00b4\u0088\u00e5\u0093\u0081\u00e5\u008f\u008a\u00e4\u00be\u009d\u00e6\u00b3\u0095\u00e9\u0096\u008b\u00e7\u00ab\u008b\u00e6\u0089\u00a3\u00e7\u00b9\u00b3\u00e6\u0086\u0091\u00e5\u0096\u00ae\u00e7\u00ad\u0089\u00ef\u00bc\u0089\u00e4\u00bb\u00a5\u00e5\u008f\u008a\u00e7\u00b6\u0093\u00e7\u0087\u009f\u00e5\u0090\u0088\u00e6\u0096\u00bc\u00e7\u0087\u009f\u00e6\u00a5\u00ad\u00e7\u0099\u00bb\u00e8\u00a8\u0098\u00e9\u00a0\u0085\u00e7\u009b\u00ae\u00e6\u0088\u0096\u00e7\u00b5\u0084\u00e7\u00b9\u0094\u00e7\u00ab\u00a0\u00e7\u00a8\u008b\u00e6\u0089\u0080\u00e5\u00ae\u009a\u00e4\u00b9\u008b\u00e6\u00a5\u00ad\u00e5\u008b\u0099\u00e7\u00ad\u0089\u00e7\u009b\u00ae\u00e7\u009a\u0084\u00ef\u00bc\u008c\u00e4\u00be\u009d\u00e7\u0085\u00a7\u00e5\u0090\u0084\u00e8\u00a9\u00b2\u00e6\u009c\u008d\u00e5\u008b\u0099\u00e4\u00b9\u008b\u00e6\u0080\u00a7\u00e8\u00b3\u00aa\u00ef\u00bc\u008c\u00e5\u008f\u00af\u00e8\u0083\u00bd\u00e8\u0092\u0090\u00e9\u009b\u0086\u00e6\u0082\u00a8\u00e6\u0089\u0080\u00e7\u0094\u00b3\u00e8\u00ab\u008b\u00e6\u0088\u0096\u00e4\u00bd\u00bf\u00e7\u0094\u00a8PChome\u00e5\u0095\u0086\u00e5\u00ba\u0097\u00e8\u00a1\u0097\u00e4\u00b9\u008b\u00e6\u009c\u008d\u00e5\u008b\u0099\u00e9\u0081\u008e\u00e7\u00a8\u008b\u00e4\u00b8\u00ad\u00e6\u0089\u0080\u00e7\u0095\u0099\u00e5\u00ad\u0098\u00e7\u009a\u0084\u00e5\u00a7\u0093\u00e5\u0090\u008d\u00e3\u0080\u0081\u00e9\u0080\u00a3\u00e7\u00b5\u00a1\u00e6\u0096\u00b9\u00e5\u00bc\u008f(\u00e5\u008c\u0085\u00e6\u008b\u00ac\u00e4\u00bd\u0086\u00e4\u00b8\u008d\u00e9\u0099\u0090\u00e6\u0096\u00bc\u00e9\u009b\u00bb\u00e8\u00a9\u00b1\u00e3\u0080\u0081E-MAIL\u00e5\u008f\u008a\u00e5\u009c\u00b0\u00e5\u009d\u0080\u00e7\u00ad\u0089)\u00e3\u0080\u0081\u00e6\u009c\u008d\u00e5\u008b\u0099\u00e5\u0096\u00ae\u00e4\u00bd\u008d\u00e3\u0080\u0081\u00e8\u0081\u00b7\u00e7\u00a8\u00b1\u00e3\u0080\u0081\u00e7\u0082\u00ba\u00e5\u00ae\u008c\u00e6\u0088\u0090\u00e6\u0094\u00b6\u00e6\u00ac\u00be\u00e6\u0088\u0096\u00e4\u00bb\u0098\u00e6\u00ac\u00be\u00e6\u0089\u0080\u00e9\u009c\u0080\u00e4\u00b9\u008b\u00e8\u00b3\u0087\u00e6\u0096\u0099\u00e3\u0080\u0081\u00e4\u00ba\u00a4\u00e6\u0098\u0093\u00e7\u009b\u00b8\u00e5\u00b0\u008d\u00e4\u00ba\u00ba\u00e3\u0080\u0081\u00ef\u00bc\u00a9\u00ef\u00bc\u00b0\u00e4\u00bd\u008d\u00e5\u009d\u0080\u00e3\u0080\u0081\u00e5\u008f\u008a\u00e5\u0085\u00b6\u00e4\u00bb\u0096\u00e5\u00be\u0097\u00e4\u00bb\u00a5\u00e7\u009b\u00b4\u00e6\u008e\u00a5\u00e6\u0088\u0096\u00e9\u0096\u0093\u00e6\u008e\u00a5\u00e8\u00ad\u0098\u00e5\u0088\u00a5\u00e4\u00bd\u00bf\u00e7\u0094\u00a8\u00e8\u0080\u0085\u00e8\u00ba\u00ab\u00e5\u0088\u0086\u00e4\u00b9\u008b\u00e5\u0080\u008b\u00e4\u00ba\u00ba\u00e8\u00b3\u0087\u00e6\u0096\u0099\u00e3\u0080\u0082\u00e6\u00ad\u00a4\u00e5\u00a4\u0096\u00ef\u00bc\u008c\u00e7\u0082\u00ba\u00e6\u008f\u0090\u00e5\u008d\u0087\u00e6\u009c\u008d\u00e5\u008b\u0099\u00e5\u0093\u0081\u00e8\u00b3\u00aa\u00ef\u00bc\u008cPChome \u00e5\u0095\u0086\u00e5\u00ba\u0097\u00e8\u00a1\u0097\u00e6\u009c\u0083\u00e4\u00be\u009d\u00e7\u0085\u00a7\u00e6\u0089\u0080\u00e6\u008f\u0090\u00e4\u00be\u009b\u00e6\u009c\u008d\u00e5\u008b\u0099\u00e4\u00b9\u008b\u00e6\u0080\u00a7\u00e8\u00b3\u00aa\u00ef\u00bc\u008c\u00e8\u00a8\u0098\u00e9\u008c\u0084\u00e4\u00bd\u00bf\u00e7\u0094\u00a8\u00e8\u0080\u0085\u00e7\u009a\u0084IP\u00e4\u00bd\u008d\u00e5\u009d\u0080\u00e3\u0080\u0081\u00e4\u00bb\u00a5\u00e5\u008f\u008a\u00e5\u009c\u00a8PChome \u00e5\u0095\u0086\u00e5\u00ba\u0097\u00e8\u00a1\u0097\u00e7\u009b\u00b8\u00e9\u0097\u009c\u00e7\u00b6\u00b2\u00e7\u00ab\u0099\u00e5\u0085\u00a7\u00e7\u009a\u0084\u00e7\u0080\u008f\u00e8\u00a6\u00bd\u00e6\u00b4\u00bb\u00e5\u008b\u0095(\u00e4\u00be\u008b\u00e5\u00a6\u0082\u00ef\u00bc\u008c\u00e4\u00bd\u00bf\u00e7\u0094\u00a8\u00e8\u0080\u0085\u00e6\u0089\u0080\u00e4\u00bd\u00bf\u00e7\u0094\u00a8\u00e7\u009a\u0084\u00e8\u00bb\u009f\u00e7\u00a1\u00ac\u00e9\u00ab\u0094\u00e3\u0080\u0081\u00e6\u0089\u0080\u00e9\u00bb\u009e\u00e9\u0081\u00b8\u00e7\u009a\u0084\u00e7\u00b6\u00b2\u00e9\u00a0\u0081)\u00e7\u00ad\u0089\u00e8\u00b3\u0087\u00e6\u0096\u0099\u00ef\u00bc\u008c\u00e4\u00bd\u0086\u00e6\u0098\u00af\u00e9\u0080\u0099\u00e4\u00ba\u009b\u00e8\u00b3\u0087\u00e6\u0096\u0099\u00e5\u0083\u0085\u00e4\u00be\u009b\u00e4\u00bd\u009c\u00e6\u00b5\u0081\u00e9\u0087\u008f\u00e5\u0088\u0086\u00e6\u009e\u0090\u00e5\u0092\u008c\u00e7\u00b6\u00b2\u00e8\u00b7\u00af\u00e8\u00a1\u008c\u00e7\u0082\u00ba\u00e8\u00aa\u00bf\u00e6\u009f\u00a5\u00ef\u00bc\u008c\u00e4\u00bb\u00a5\u00e4\u00be\u00bf\u00e6\u0096\u00bc\u00e6\u0094\u00b9\u00e5\u0096\u0084PChome \u00e5\u0095\u0086\u00e5\u00ba\u0097\u00e8\u00a1\u0097\u00e7\u009b\u00b8\u00e9\u0097\u009c\u00e7\u00b6\u00b2\u00e7\u00ab\u0099\u00e7\u009a\u0084\u00e6\u009c\u008d\u00e5\u008b\u0099\u00e5\u0093\u0081\u00e8\u00b3\u00aa\u00ef\u00bc\u008c\u00e9\u0080\u0099\u00e4\u00ba\u009b\u00e8\u00b3\u0087\u00e6\u0096\u0099\u00e4\u00b9\u009f\u00e5\u008f\u00aa\u00e6\u0098\u00af\u00e7\u00b8\u00bd\u00e9\u0087\u008f\u00e4\u00b8\u008a\u00e7\u009a\u0084\u00e5\u0088\u0086\u00e6\u009e\u0090\u00ef\u00bc\u008c\u00e4\u00b8\u008d\u00e6\u009c\u0083\u00e5\u0092\u008c\u00e7\u0089\u00b9\u00e5\u00ae\u009a\u00e5\u0080\u008b\u00e4\u00ba\u00ba\u00e7\u009b\u00b8\u00e9\u0080\u00a3\u00e7\u00b9\u00ab\u00e3\u0080\u0082<br/><br/>\u00e2\u0096\u00a0\u00e5\u0080\u008b\u00e4\u00ba\u00ba\u00e8\u00b3\u0087\u00e6\u0096\u0099\u00e7\u009a\u0084\u00e5\u0088\u00a9\u00e7\u0094\u00a8<br/>\u00ef\u00bc\u00881\u00ef\u00bc\u0089\u00e6\u009c\u009f\u00e9\u0096\u0093\u00ef\u00bc\u009a\u00e5\u0080\u008b\u00e4\u00ba\u00ba\u00e8\u00b3\u0087\u00e6\u0096\u0099\u00e8\u0092\u0090\u00e9\u009b\u0086\u00e4\u00b9\u008b\u00e7\u0089\u00b9\u00e5\u00ae\u009a\u00e7\u009b\u00ae\u00e7\u009a\u0084\u00e5\u00ad\u0098\u00e7\u00ba\u008c\u00e6\u009c\u009f\u00e9\u0096\u0093\u00e3\u0080\u0081\u00e4\u00be\u009d\u00e4\u00b8\u00ad\u00e8\u008f\u00af\u00e6\u00b0\u0091\u00e5\u009c\u008b\u00e6\u00b3\u0095\u00e4\u00bb\u00a4\u00e8\u00a6\u008f\u00e5\u00ae\u009a\u00e6\u0088\u0096\u00e5\u00a5\u0091\u00e7\u00b4\u0084\u00e7\u00b4\u0084\u00e5\u00ae\u009a\u00e4\u00b9\u008b\u00e4\u00bf\u009d\u00e5\u00ad\u0098\u00e6\u009c\u009f\u00e9\u0099\u0090\u00e5\u008f\u008a\u00e6\u009c\u00ac\u00e5\u0085\u00ac\u00e5\u008f\u00b8\u00e5\u009b\u00a0\u00e5\u009f\u00b7\u00e8\u00a1\u008c\u00e6\u00a5\u00ad\u00e5\u008b\u0099\u00e6\u0089\u0080\u00e5\u00bf\u0085\u00e9\u00a0\u0088\u00e4\u00b9\u008b\u00e4\u00bf\u009d\u00e5\u00ad\u0098\u00e6\u009c\u009f\u00e9\u0096\u0093\u00e3\u0080\u0082<br/>\n\u00ef\u00bc\u00882\u00ef\u00bc\u0089\u00e5\u009c\u00b0\u00e5\u008d\u0080\u00ef\u00bc\u009a\u00e6\u009c\u00ac\u00e5\u009c\u008b\u00e3\u0080\u0081\u00e6\u009c\u00ac\u00e5\u0085\u00ac\u00e5\u008f\u00b8\u00e6\u00b5\u00b7\u00e5\u00a4\u0096\u00e9\u0097\u009c\u00e4\u00bf\u0082\u00e4\u00bc\u0081\u00e6\u00a5\u00ad\u00e6\u0089\u0080\u00e5\u009c\u00a8\u00e5\u009c\u00b0\u00e3\u0080\u0081\u00e6\u009c\u00aa\u00e5\u008f\u0097\u00e7\u009b\u00ae\u00e7\u009a\u0084\u00e4\u00ba\u008b\u00e6\u00a5\u00ad\u00e4\u00b8\u00bb\u00e7\u00ae\u00a1\u00e6\u00a9\u009f\u00e9\u0097\u009c\u00e9\u0099\u0090\u00e5\u0088\u00b6\u00e4\u00b9\u008b\u00e5\u009c\u008b\u00e9\u009a\u009b\u00e5\u0082\u00b3\u00e8\u00bc\u00b8\u00e5\u0080\u008b\u00e4\u00ba\u00ba\u00e8\u00b3\u0087\u00e6\u0096\u0099\u00e4\u00b9\u008b\u00e6\u008e\u00a5\u00e6\u0094\u00b6\u00e8\u0080\u0085\u00e6\u0089\u0080\u00e5\u009c\u00a8\u00e5\u009c\u00b0\u00e3\u0080\u0081\u00e6\u009c\u00ac\u00e5\u0085\u00ac\u00e5\u008f\u00b8\u00e6\u00a5\u00ad\u00e5\u008b\u0099\u00e5\u00a7\u0094\u00e5\u00a4\u0096\u00e6\u00a9\u009f\u00e6\u00a7\u008b\u00e6\u0089\u0080\u00e5\u009c\u00a8\u00e5\u009c\u00b0\u00e3\u0080\u0081\u00e8\u0088\u0087\u00e6\u009c\u00ac\u00e5\u0085\u00ac\u00e5\u008f\u00b8\u00e6\u009c\u0089\u00e6\u00a5\u00ad\u00e5\u008b\u0099\u00e5\u00be\u0080\u00e4\u00be\u0086\u00e4\u00b9\u008b\u00e6\u00a9\u009f\u00e6\u00a7\u008b\u00e6\u0089\u0080\u00e5\u009c\u00a8\u00e5\u009c\u00b0\u00e3\u0080\u0082<br/>\n\u00ef\u00bc\u00883\u00ef\u00bc\u0089\u00e5\u00b0\u008d\u00e8\u00b1\u00a1\u00ef\u00bc\u009a\u00e6\u009c\u00ac\u00e5\u0085\u00ac\u00e5\u008f\u00b8\u00e3\u0080\u0081\u00e6\u009c\u00ac\u00e5\u0085\u00ac\u00e5\u008f\u00b8\u00e9\u0097\u009c\u00e4\u00bf\u0082\u00e4\u00bc\u0081\u00e6\u00a5\u00ad\u00ef\u00bc\u0088\u00e5\u008c\u0085\u00e6\u008b\u00ac\u00e5\u00a2\u0083\u00e5\u0085\u00a7\u00e5\u008f\u008a\u00e5\u00a2\u0083\u00e5\u00a4\u0096\u00ef\u00bc\u0089\u00e3\u0080\u0081\u00e6\u00a5\u00ad\u00e5\u008b\u0099\u00e5\u00a7\u0094\u00e5\u00a4\u0096\u00e6\u00a9\u009f\u00e6\u00a7\u008b\u00e3\u0080\u0081\u00e6\u009c\u00ac\u00e5\u0085\u00ac\u00e5\u008f\u00b8\u00e5\u0090\u0088\u00e4\u00bd\u009c\u00e4\u00b9\u008b\u00e5\u0096\u00ae\u00e4\u00bd\u008d\u00e3\u0080\u0081\u00e5\u0085\u00b6\u00e4\u00bb\u0096\u00e8\u0088\u0087\u00e6\u009c\u00ac\u00e5\u0085\u00ac\u00e5\u008f\u00b8\u00e6\u009c\u0089\u00e6\u00a5\u00ad\u00e5\u008b\u0099\u00e5\u00be\u0080\u00e4\u00be\u0086\u00e4\u00b9\u008b\u00e6\u00a9\u009f\u00e6\u00a7\u008b\u00e3\u0080\u0082<br/>\n\u00ef\u00bc\u00884\u00ef\u00bc\u0089\u00e6\u0096\u00b9\u00e5\u00bc\u008f\u00ef\u00bc\u009a\u00e4\u00bb\u00a5\u00e8\u0087\u00aa\u00e5\u008b\u0095\u00e5\u008c\u0096\u00e6\u00a9\u009f\u00e5\u0099\u00a8\u00e6\u0088\u0096\u00e5\u0085\u00b6\u00e4\u00bb\u0096\u00e9\u009d\u009e\u00e8\u0087\u00aa\u00e5\u008b\u0095\u00e5\u008c\u0096\u00e4\u00b9\u008b\u00e5\u0088\u00a9\u00e7\u0094\u00a8\u00e6\u0096\u00b9\u00e5\u00bc\u008f\u00e3\u0080\u0082<br/>\nPChome \u00e5\u0095\u0086\u00e5\u00ba\u0097\u00e8\u00a1\u0097\u00e6\u0089\u0080\u00e8\u0092\u0090\u00e9\u009b\u0086\u00e7\u009a\u0084\u00e8\u00b6\u00b3\u00e4\u00bb\u00a5\u00e8\u00ad\u0098\u00e5\u0088\u00a5\u00e4\u00bd\u00bf\u00e7\u0094\u00a8\u00e8\u0080\u0085\u00e8\u00ba\u00ab\u00e5\u0088\u0086\u00e7\u009a\u0084\u00e5\u0080\u008b\u00e4\u00ba\u00ba\u00e8\u00b3\u0087\u00e6\u0096\u0099\u00ef\u00bc\u008c\u00e9\u0083\u00bd\u00e5\u0083\u0085\u00e4\u00be\u009bPChome \u00e5\u0095\u0086\u00e5\u00ba\u0097\u00e8\u00a1\u0097\u00e5\u008f\u008a\u00e5\u0089\u008d\u00e8\u00bf\u00b0\u00ef\u00bc\u00883\u00ef\u00bc\u0089\u00e6\u0089\u0080\u00e8\u00bc\u0089\u00e4\u00b9\u008b\u00e5\u00b0\u008d\u00e8\u00b1\u00a1\u00e4\u00be\u009d\u00e7\u0085\u00a7\u00e8\u0092\u0090\u00e9\u009b\u0086\u00e4\u00b9\u008b\u00e7\u009b\u00ae\u00e7\u009a\u0084\u00e9\u0080\u00b2\u00e8\u00a1\u008c\u00e8\u0099\u0095\u00e7\u0090\u0086\u00e5\u0092\u008c\u00e5\u0088\u00a9\u00e7\u0094\u00a8\u00ef\u00bc\u008c\u00e9\u0099\u00a4\u00e9\u009d\u009e\u00e4\u00ba\u008b\u00e5\u0085\u0088\u00e8\u00aa\u00aa\u00e6\u0098\u008e\u00e3\u0080\u0081\u00e6\u0088\u0096\u00e7\u0082\u00ba\u00e5\u00ae\u008c\u00e6\u0088\u0090\u00e6\u008f\u0090\u00e4\u00be\u009b\u00e6\u009c\u008d\u00e5\u008b\u0099\u00e6\u0088\u0096\u00e5\u00b1\u00a5\u00e8\u00a1\u008c\u00e5\u0090\u0088\u00e7\u00b4\u0084\u00e7\u00be\u00a9\u00e5\u008b\u0099\u00e4\u00b9\u008b\u00e5\u00bf\u0085\u00e8\u00a6\u0081\u00e3\u0080\u0081\u00e6\u0088\u0096\u00e4\u00be\u009d\u00e7\u0085\u00a7\u00e7\u009b\u00b8\u00e9\u0097\u009c\u00e6\u00b3\u0095\u00e4\u00bb\u00a4\u00e8\u00a6\u008f\u00e5\u00ae\u009a\u00e6\u0088\u0096\u00e6\u009c\u0089\u00e6\u00ac\u008a\u00e4\u00b8\u00bb\u00e7\u00ae\u00a1\u00e6\u00a9\u009f\u00e9\u0097\u009c\u00e4\u00b9\u008b\u00e5\u0091\u00bd\u00e4\u00bb\u00a4\u00e6\u0088\u0096\u00e8\u00a6\u0081\u00e6\u00b1\u0082\u00ef\u00bc\u008c\u00e5\u0090\u00a6\u00e5\u0089\u0087PChome \u00e5\u0095\u0086\u00e5\u00ba\u0097\u00e8\u00a1\u0097\u00e4\u00b8\u008d\u00e6\u009c\u0083\u00e5\u00b0\u0087\u00e8\u00b6\u00b3\u00e4\u00bb\u00a5\u00e8\u00ad\u0098\u00e5\u0088\u00a5\u00e4\u00bd\u00bf\u00e7\u0094\u00a8\u00e8\u0080\u0085\u00e8\u00ba\u00ab\u00e5\u0088\u0086\u00e7\u009a\u0084\u00e5\u0080\u008b\u00e4\u00ba\u00ba\u00e8\u00b3\u0087\u00e6\u0096\u0099\u00e6\u008f\u0090\u00e4\u00be\u009b\u00e7\u00b5\u00a6\u00e7\u00ac\u00ac\u00e4\u00b8\u0089\u00e4\u00ba\u00ba\u00ef\u00bc\u0088\u00e5\u008c\u0085\u00e6\u008b\u00ac\u00e5\u00a2\u0083\u00e5\u0085\u00a7\u00e5\u008f\u008a\u00e5\u00a2\u0083\u00e5\u00a4\u0096\u00ef\u00bc\u0089\u00e3\u0080\u0081\u00e6\u0088\u0096\u00e7\u00a7\u00bb\u00e4\u00bd\u009c\u00e8\u0092\u0090\u00e9\u009b\u0086\u00e7\u009b\u00ae\u00e7\u009a\u0084\u00e4\u00bb\u00a5\u00e5\u00a4\u0096\u00e4\u00b9\u008b\u00e4\u00bd\u00bf\u00e7\u0094\u00a8\u00e3\u0080\u0082 \u00e5\u009c\u00a8\u00e5\u0090\u0088\u00e7\u00b4\u0084\u00e6\u009c\u0089\u00e6\u0095\u0088\u00e6\u009c\u009f\u00e9\u0096\u0093\u00e5\u0085\u00a7\u00ef\u00bc\u008c\u00e4\u00bb\u00a5\u00e5\u008f\u008a\u00e6\u00b3\u0095\u00e4\u00bb\u00a4\u00e6\u0089\u0080\u00e5\u00ae\u009a\u00e6\u0087\u0089\u00e4\u00bf\u009d\u00e5\u00ad\u0098\u00e4\u00b9\u008b\u00e6\u009c\u009f\u00e9\u0096\u0093\u00e5\u0085\u00a7\u00ef\u00bc\u008cPChome \u00e5\u0095\u0086\u00e5\u00ba\u0097\u00e8\u00a1\u0097\u00e6\u009c\u0083\u00e6\u008c\u0081\u00e7\u00ba\u008c\u00e4\u00bf\u009d\u00e7\u00ae\u00a1\u00e3\u0080\u0081\u00e8\u0099\u0095\u00e7\u0090\u0086\u00e5\u008f\u008a\u00e5\u0088\u00a9\u00e7\u0094\u00a8\u00e7\u009b\u00b8\u00e9\u0097\u009c\u00e8\u00b3\u0087\u00e6\u0096\u0099\u00e3\u0080\u0082<br/>\n\u00e5\u009b\u00a0\u00e5\u0085\u00b1\u00e5\u0090\u008c\u00e8\u00a1\u008c\u00e9\u008a\u00b7\u00e4\u00b9\u008b\u00e7\u009b\u00ae\u00e7\u009a\u0084\u00ef\u00bc\u008c\u00e6\u0082\u00a8\u00e5\u0090\u008c\u00e6\u0084\u008fPChome\u00e5\u0095\u0086\u00e5\u00ba\u0097\u00e8\u00a1\u0097\u00e5\u00be\u0097\u00e5\u00b0\u0087\u00e6\u0082\u00a8\u00e6\u0089\u0080\u00e7\u0094\u00b3\u00e8\u00ab\u008b\u00e6\u0088\u0096\u00e4\u00bd\u00bf\u00e7\u0094\u00a8PChome\u00e5\u0095\u0086\u00e5\u00ba\u0097\u00e8\u00a1\u0097\u00e4\u00b9\u008b\u00e6\u009c\u008d\u00e5\u008b\u0099\u00e9\u0081\u008e\u00e7\u00a8\u008b\u00e4\u00b8\u00ad\u00e6\u0089\u0080\u00e7\u0095\u0099\u00e5\u00ad\u0098\u00e7\u009a\u0084\u00e9\u009b\u00bb\u00e5\u00ad\u0090\u00e9\u0083\u00b5\u00e4\u00bb\u00b6\u00e4\u00bf\u00a1\u00e7\u00ae\u00b1\u00e3\u0080\u0081\u00e6\u0089\u008b\u00e6\u00a9\u009f\u00e8\u0099\u009f\u00e7\u00a2\u00bc\u00e6\u0088\u0096\u00e5\u009c\u00b0\u00e5\u009d\u0080\u00e5\u008f\u008a\u00e4\u00ba\u00a4\u00e6\u0098\u0093\u00e7\u009b\u00b8\u00e5\u00b0\u008d\u00e4\u00ba\u00ba\u00e8\u00b3\u0087\u00e6\u0096\u0099\u00e6\u008f\u0090\u00e4\u00be\u009b\u00e4\u00ba\u0088PChome\u00e5\u0095\u0086\u00e5\u00ba\u0097\u00e8\u00a1\u0097\u00e4\u00b9\u008b\u00e9\u0097\u009c\u00e4\u00bf\u0082\u00e4\u00bc\u0081\u00e6\u00a5\u00ad\u00e9\u0080\u00b2\u00e8\u00a1\u008c\u00e8\u0092\u0090\u00e9\u009b\u0086\u00e3\u0080\u0081\u00e8\u0099\u0095\u00e7\u0090\u0086\u00e3\u0080\u0081\u00e5\u0088\u00a9\u00e7\u0094\u00a8\u00e4\u00b8\u00a6\u00e9\u0080\u00b2\u00e8\u00a1\u008c\u00e8\u00a1\u008c\u00e9\u008a\u00b7\u00e4\u00b9\u008b\u00e4\u00bd\u00bf\u00e7\u0094\u00a8\u00e3\u0080\u0082PChome\u00e5\u0095\u0086\u00e5\u00ba\u0097\u00e8\u00a1\u0097\u00e4\u00b9\u008b\u00e9\u0097\u009c\u00e4\u00bf\u0082\u00e4\u00bc\u0081\u00e6\u00a5\u00ad\u00e7\u0082\u00ba\u00e8\u00a1\u008c\u00e9\u008a\u00b7\u00e6\u0088\u0096\u00e6\u008f\u0090\u00e4\u00be\u009b\u00e6\u009c\u008d\u00e5\u008b\u0099\u00e4\u00b9\u008b\u00e7\u009b\u00ae\u00e7\u009a\u0084\u00ef\u00bc\u008c\u00e5\u008f\u00af\u00e8\u0083\u00bd\u00e6\u009c\u0083\u00e8\u00a6\u0081\u00e6\u00b1\u0082\u00e6\u0082\u00a8\u00e5\u008f\u00a6\u00e8\u00a1\u008c\u00e6\u008f\u0090\u00e4\u00be\u009b\u00e5\u0080\u008b\u00e4\u00ba\u00ba\u00e8\u00b3\u0087\u00e6\u0096\u0099\u00e6\u0088\u0096\u00e8\u00a8\u00bb\u00e5\u0086\u008a\u00e7\u0082\u00ba\u00e6\u009c\u0083\u00e5\u0093\u00a1\u00ef\u00bc\u008c\u00e6\u0082\u00a8\u00e5\u008f\u00af\u00e4\u00bb\u00a5\u00e8\u0087\u00aa\u00e8\u00a1\u008c\u00e9\u0081\u00b8\u00e6\u0093\u0087\u00e6\u0098\u00af\u00e5\u0090\u00a6\u00e5\u0090\u008c\u00e6\u0084\u008f\u00e6\u008f\u0090\u00e4\u00be\u009b\u00e6\u0088\u0096\u00e7\u0094\u00b3\u00e8\u00ab\u008b\u00e8\u00a8\u00bb\u00e5\u0086\u008a\u00e3\u0080\u0082\n<br/><br/>\u00e2\u0096\u00a0\u00e8\u00b3\u0087\u00e6\u0096\u0099\u00e5\u00ae\u0089\u00e5\u0085\u00a8<br/>PChome \u00e5\u0095\u0086\u00e5\u00ba\u0097\u00e8\u00a1\u0097\u00e5\u00b0\u0087\u00e4\u00bb\u00a5\u00e5\u0090\u0088\u00e6\u0096\u00bc\u00e7\u0094\u00a2\u00e6\u00a5\u00ad\u00e6\u00a8\u0099\u00e6\u00ba\u0096\u00e4\u00b9\u008b\u00e5\u0090\u0088\u00e7\u0090\u0086\u00e6\u008a\u0080\u00e8\u00a1\u0093\u00e5\u008f\u008a\u00e7\u00a8\u008b\u00e5\u00ba\u008f\u00ef\u00bc\u008c\u00e7\u00b6\u00ad\u00e8\u00ad\u00b7\u00e5\u0080\u008b\u00e4\u00ba\u00ba\u00e8\u00b3\u0087\u00e6\u0096\u0099\u00e4\u00b9\u008b\u00e5\u00ae\u0089\u00e5\u0085\u00a8\u00e3\u0080\u0082<br/><br/>\u00e2\u0096\u00a0\u00e8\u00b3\u0087\u00e6\u0096\u0099\u00e7\u0095\u00b6\u00e4\u00ba\u008b\u00e4\u00ba\u00ba\u00e4\u00b9\u008b\u00e6\u00ac\u008a\u00e5\u0088\u00a9<br/>\u00e8\u00b3\u0087\u00e6\u0096\u0099\u00e7\u0095\u00b6\u00e4\u00ba\u008b\u00e4\u00ba\u00ba\u00e5\u008f\u00af\u00e4\u00bb\u00a5\u00e5\u0090\u0091PChome \u00e5\u0095\u0086\u00e5\u00ba\u0097\u00e8\u00a1\u0097\u00e8\u00ab\u008b\u00e6\u00b1\u0082\u00e6\u009f\u00a5\u00e8\u00a9\u00a2\u00e3\u0080\u0081\u00e9\u0096\u00b1\u00e8\u00a6\u00bd\u00e6\u009c\u00ac\u00e4\u00ba\u00ba\u00e6\u0096\u00bcPChome \u00e5\u0095\u0086\u00e5\u00ba\u0097\u00e8\u00a1\u0097\u00e5\u0085\u00a7\u00e4\u00b9\u008b\u00e5\u0080\u008b\u00e4\u00ba\u00ba\u00e8\u00b3\u0087\u00e6\u0096\u0099\u00e6\u0088\u0096\u00e8\u00a6\u0081\u00e6\u00b1\u0082\u00e7\u00b5\u00a6\u00e4\u00ba\u0088\u00e8\u00a4\u0087\u00e6\u009c\u00ac\u00ef\u00bc\u008c\u00e4\u00bd\u0086PChome \u00e5\u0095\u0086\u00e5\u00ba\u0097\u00e8\u00a1\u0097\u00e5\u00be\u0097\u00e9\u0085\u008c\u00e6\u0094\u00b6\u00e5\u00bf\u0085\u00e8\u00a6\u0081\u00e6\u0088\u0090\u00e6\u009c\u00ac\u00e5\u0092\u008c\u00e8\u00b2\u00bb\u00e7\u0094\u00a8\u00e3\u0080\u0082\u00e8\u008b\u00a5\u00e6\u0082\u00a8\u00e7\u009a\u0084\u00e5\u0080\u008b\u00e4\u00ba\u00ba\u00e8\u00b3\u0087\u00e6\u0096\u0099\u00e6\u009c\u0089\u00e8\u00ae\u008a\u00e6\u009b\u00b4\u00e3\u0080\u0081\u00e6\u0088\u0096\u00e7\u0099\u00bc\u00e7\u008f\u00be\u00e6\u0082\u00a8\u00e7\u009a\u0084\u00e5\u0080\u008b\u00e4\u00ba\u00ba\u00e8\u00b3\u0087\u00e6\u0096\u0099\u00e4\u00b8\u008d\u00e6\u00ad\u00a3\u00e7\u00a2\u00ba\u00ef\u00bc\u008c\u00e5\u008f\u00af\u00e4\u00bb\u00a5\u00e5\u0090\u0091PChome \u00e5\u0095\u0086\u00e5\u00ba\u0097\u00e8\u00a1\u0097\u00e8\u00a6\u0081\u00e6\u00b1\u0082\u00e4\u00bf\u00ae\u00e6\u0094\u00b9\u00e6\u0088\u0096\u00e6\u009b\u00b4\u00e6\u00ad\u00a3\u00e3\u0080\u0082\u00e7\u0095\u00b6\u00e8\u0092\u0090\u00e9\u009b\u0086\u00e5\u0080\u008b\u00e4\u00ba\u00ba\u00e8\u00b3\u0087\u00e6\u0096\u0099\u00e4\u00b9\u008b\u00e7\u009b\u00ae\u00e7\u009a\u0084\u00e6\u00b6\u0088\u00e5\u00a4\u00b1\u00e6\u0088\u0096\u00e6\u009c\u009f\u00e9\u0099\u0090\u00e5\u00b1\u0086\u00e6\u00bb\u00bf\u00e6\u0099\u0082\u00ef\u00bc\u008c\u00e6\u0082\u00a8\u00e5\u008f\u00af\u00e5\u0090\u0091PChome \u00e5\u0095\u0086\u00e5\u00ba\u0097\u00e8\u00a1\u0097\u00e8\u00a6\u0081\u00e6\u00b1\u0082\u00e5\u0088\u00aa\u00e9\u0099\u00a4\u00e3\u0080\u0081\u00e5\u0081\u009c\u00e6\u00ad\u00a2\u00e8\u0099\u0095\u00e7\u0090\u0086\u00e6\u0088\u0096\u00e5\u0088\u00a9\u00e7\u0094\u00a8\u00e5\u0080\u008b\u00e4\u00ba\u00ba\u00e8\u00b3\u0087\u00e6\u0096\u0099\u00e3\u0080\u0082\u00e4\u00bd\u0086\u00e5\u009b\u00a0PChome \u00e5\u0095\u0086\u00e5\u00ba\u0097\u00e8\u00a1\u0097\u00e5\u009f\u00b7\u00e8\u00a1\u008c\u00e8\u0081\u00b7\u00e5\u008b\u0099\u00e6\u0088\u0096\u00e6\u00a5\u00ad\u00e5\u008b\u0099\u00e6\u0089\u0080\u00e5\u00bf\u0085\u00e9\u00a0\u0088\u00e8\u0080\u0085\u00ef\u00bc\u008c\u00e4\u00b8\u008d\u00e5\u009c\u00a8\u00e6\u00ad\u00a4\u00e9\u0099\u0090\u00e3\u0080\u0082<br/><br/>\u00e2\u0096\u00a0Cookie<br/>\u00e7\u0082\u00ba\u00e4\u00ba\u0086\u00e4\u00be\u00bf\u00e5\u0088\u00a9\u00e4\u00bd\u00bf\u00e7\u0094\u00a8\u00e8\u0080\u0085\u00ef\u00bc\u008cPChome \u00e5\u0095\u0086\u00e5\u00ba\u0097\u00e8\u00a1\u0097\u00e7\u00b6\u00b2\u00e7\u00ab\u0099\u00e5\u008f\u00af\u00e8\u0083\u00bd\u00e4\u00bd\u00bf\u00e7\u0094\u00a8cookie\u00e6\u008a\u0080\u00e8\u00a1\u0093\u00ef\u00bc\u008c\u00e4\u00bb\u00a5\u00e4\u00be\u00bf\u00e6\u0096\u00bc\u00e6\u008f\u0090\u00e4\u00be\u009b\u00e6\u009b\u00b4\u00e9\u0081\u00a9\u00e5\u0090\u0088\u00e4\u00bd\u00bf\u00e7\u0094\u00a8\u00e8\u0080\u0085\u00e5\u0080\u008b\u00e4\u00ba\u00ba\u00e9\u009c\u0080\u00e8\u00a6\u0081\u00e7\u009a\u0084\u00e6\u009c\u008d\u00e5\u008b\u0099\u00ef\u00bc\u009bcookie\u00e6\u0098\u00af\u00e7\u00b6\u00b2\u00e7\u00ab\u0099\u00e4\u00bc\u00ba\u00e6\u009c\u008d\u00e5\u0099\u00a8\u00e7\u0094\u00a8\u00e4\u00be\u0086\u00e5\u0092\u008c\u00e4\u00bd\u00bf\u00e7\u0094\u00a8\u00e8\u0080\u0085\u00e7\u0080\u008f\u00e8\u00a6\u00bd\u00e5\u0099\u00a8\u00e9\u0080\u00b2\u00e8\u00a1\u008c\u00e6\u00ba\u009d\u00e9\u0080\u009a\u00e7\u009a\u0084\u00e4\u00b8\u0080\u00e7\u00a8\u00ae\u00e6\u008a\u0080\u00e8\u00a1\u0093\u00ef\u00bc\u008c\u00e5\u00ae\u0083\u00e5\u008f\u00af\u00e8\u0083\u00bd\u00e5\u009c\u00a8\u00e4\u00bd\u00bf\u00e7\u0094\u00a8\u00e8\u0080\u0085\u00e7\u009a\u0084\u00e9\u009b\u00bb\u00e8\u0085\u00a6\u00e4\u00b8\u00ad\u00e5\u0084\u00b2\u00e5\u00ad\u0098\u00e6\u009f\u0090\u00e4\u00ba\u009b\u00e8\u00b3\u0087\u00e8\u00a8\u008a\u00ef\u00bc\u008cPChome \u00e5\u0095\u0086\u00e5\u00ba\u0097\u00e8\u00a1\u0097\u00e7\u00b6\u00b2\u00e7\u00ab\u0099\u00e4\u00b9\u009f\u00e6\u009c\u0083\u00e8\u00ae\u0080\u00e5\u008f\u0096\u00e5\u0084\u00b2\u00e5\u00ad\u0098\u00e5\u009c\u00a8\u00e4\u00bd\u00bf\u00e7\u0094\u00a8\u00e8\u0080\u0085\u00e9\u009b\u00bb\u00e8\u0085\u00a6\u00e4\u00b8\u00ad\u00e7\u009a\u0084cookie\u00e8\u00b3\u0087\u00e6\u0096\u0099\u00e3\u0080\u0082\u00e4\u00bd\u00bf\u00e7\u0094\u00a8\u00e8\u0080\u0085\u00e5\u008f\u00af\u00e4\u00bb\u00a5\u00e7\u00b6\u0093\u00e7\u0094\u00b1\u00e7\u0080\u008f\u00e8\u00a6\u00bd\u00e5\u0099\u00a8\u00e7\u009a\u0084\u00e8\u00a8\u00ad\u00e5\u00ae\u009a\u00ef\u00bc\u008c\u00e5\u008f\u0096\u00e6\u00b6\u0088\u00e3\u0080\u0081\u00e6\u0088\u0096\u00e9\u0099\u0090\u00e5\u0088\u00b6\u00e6\u00ad\u00a4\u00e9\u00a0\u0085\u00e5\u008a\u009f\u00e8\u0083\u00bd\u00ef\u00bc\u008c\u00e4\u00bd\u0086\u00e5\u008f\u00af\u00e8\u0083\u00bd\u00e5\u009b\u00a0\u00e6\u00ad\u00a4\u00e7\u0084\u00a1\u00e6\u00b3\u0095\u00e4\u00bd\u00bf\u00e7\u0094\u00a8\u00e9\u0083\u00a8\u00e4\u00bb\u00bd\u00e7\u00b6\u00b2\u00e7\u00ab\u0099\u00e5\u008a\u009f\u00e8\u0083\u00bd\u00e3\u0080\u0082\u00e8\u008b\u00a5\u00e6\u0082\u00a8\u00e6\u0083\u00b3\u00e7\u009f\u00a5\u00e9\u0081\u0093\u00e5\u00a6\u0082\u00e4\u00bd\u0095\u00e5\u008f\u0096\u00e6\u00b6\u0088\u00e3\u0080\u0081\u00e6\u0088\u0096\u00e9\u0099\u0090\u00e5\u0088\u00b6\u00e6\u00ad\u00a4\u00e9\u00a0\u0085\u00e5\u008a\u009f\u00e8\u0083\u00bd\u00ef\u00bc\u008c\u00e8\u00ab\u008b\u00e8\u0088\u0087PChome \u00e5\u0095\u0086\u00e5\u00ba\u0097\u00e8\u00a1\u0097\u00e5\u00ae\u00a2\u00e6\u009c\u008d\u00e4\u00b8\u00ad\u00e5\u00bf\u0083\u00e8\u0081\u00af\u00e7\u00b5\u00a1\u00e3\u0080\u0082<br/><br/>\u00e2\u0096\u00a0\u00e5\u00bd\u00b1\u00e9\u009f\u00bf<br/>\u00e4\u00be\u009d\u00e7\u0085\u00a7\u00e5\u0090\u0084\u00e8\u00a9\u00b2\u00e6\u009c\u008d\u00e5\u008b\u0099\u00e4\u00b9\u008b\u00e6\u0080\u00a7\u00e8\u00b3\u00aa\u00ef\u00bc\u008c\u00e7\u0082\u00ba\u00e4\u00bd\u00bf\u00e7\u009b\u00b8\u00e9\u0097\u009c\u00e6\u009c\u008d\u00e5\u008b\u0099\u00e5\u00be\u0097\u00e4\u00bb\u00a5\u00e9\u00a0\u0086\u00e5\u0088\u00a9\u00e6\u008f\u0090\u00e4\u00be\u009b\u00e3\u0080\u0081\u00e6\u0088\u0096\u00e4\u00bd\u00bf\u00e7\u009b\u00b8\u00e9\u0097\u009c\u00e4\u00ba\u00a4\u00e6\u0098\u0093\u00e5\u00be\u0097\u00e4\u00bb\u00a5\u00e9\u00a0\u0086\u00e5\u0088\u00a9\u00e5\u00ae\u008c\u00e6\u0088\u0090\u00e6\u0088\u0096\u00e5\u00b1\u00a5\u00e8\u00a1\u008c\u00e5\u00ae\u008c\u00e7\u0095\u00a2\u00ef\u00bc\u008c\u00e8\u008b\u00a5\u00e6\u0082\u00a8\u00e4\u00b8\u008d\u00e9\u00a1\u0098\u00e6\u0084\u008f\u00e6\u008f\u0090\u00e4\u00be\u009b\u00e5\u0090\u0084\u00e8\u00a9\u00b2\u00e6\u009c\u008d\u00e5\u008b\u0099\u00e6\u0088\u0096\u00e4\u00ba\u00a4\u00e6\u0098\u0093\u00e6\u0089\u0080\u00e8\u00a6\u0081\u00e6\u00b1\u0082\u00e7\u009a\u0084\u00e7\u009b\u00b8\u00e9\u0097\u009c\u00e5\u0080\u008b\u00e4\u00ba\u00ba\u00e8\u00b3\u0087\u00e6\u0096\u0099\u00e4\u00ba\u0088PChome \u00e5\u0095\u0086\u00e5\u00ba\u0097\u00e8\u00a1\u0097\u00ef\u00bc\u008c\u00e4\u00b8\u00a6\u00e5\u0090\u008c\u00e6\u0084\u008fPChome \u00e5\u0095\u0086\u00e5\u00ba\u0097\u00e8\u00a1\u0097\u00e5\u00b0\u00b1\u00e8\u00a9\u00b2\u00e7\u00ad\u0089\u00e5\u0080\u008b\u00e4\u00ba\u00ba\u00e8\u00b3\u0087\u00e6\u0096\u0099\u00e4\u00be\u009d\u00e6\u00b3\u0095\u00e4\u00bb\u00a4\u00e8\u00a6\u008f\u00e5\u00ae\u009a\u00e3\u0080\u0081\u00e4\u00bb\u00a5\u00e5\u008f\u008a\u00e6\u009c\u00ac\u00e9\u009a\u00b1\u00e7\u00a7\u0081\u00e6\u00ac\u008a\u00e8\u0081\u00b2\u00e6\u0098\u008e\u00e5\u008f\u008a\u00e5\u0085\u00b6\u00e7\u009b\u00b8\u00e9\u0097\u009c\u00e5\u0091\u008a\u00e7\u009f\u00a5\u00e5\u0085\u00a7\u00e5\u00ae\u00b9\u00e7\u0082\u00ba\u00e7\u009b\u00b8\u00e9\u0097\u009c\u00e4\u00b9\u008b\u00e5\u0080\u008b\u00e4\u00ba\u00ba\u00e8\u00b3\u0087\u00e6\u0096\u0099\u00e8\u0092\u0090\u00e9\u009b\u0086\u00e3\u0080\u0081\u00e8\u0099\u0095\u00e7\u0090\u0086\u00e3\u0080\u0081\u00e5\u0088\u00a9\u00e7\u0094\u00a8\u00e5\u008f\u008a\u00e5\u009c\u008b\u00e9\u009a\u009b\u00e5\u0082\u00b3\u00e8\u00bc\u00b8\u00ef\u00bc\u008cPChome \u00e5\u0095\u0086\u00e5\u00ba\u0097\u00e8\u00a1\u0097\u00e5\u00b0\u0087\u00e5\u00b0\u008a\u00e9\u0087\u008d\u00e6\u0082\u00a8\u00e7\u009a\u0084\u00e6\u00b1\u00ba\u00e5\u00ae\u009a\u00ef\u00bc\u008c\u00e4\u00bd\u0086\u00e4\u00be\u009d\u00e7\u0085\u00a7\u00e5\u0090\u0084\u00e8\u00a9\u00b2\u00e6\u009c\u008d\u00e5\u008b\u0099\u00e4\u00b9\u008b\u00e6\u0080\u00a7\u00e8\u00b3\u00aa\u00e6\u0088\u0096\u00e6\u00a2\u009d\u00e4\u00bb\u00b6\u00ef\u00bc\u008c\u00e6\u0082\u00a8\u00e5\u008f\u00af\u00e8\u0083\u00bd\u00e5\u009b\u00a0\u00e6\u00ad\u00a4\u00e7\u0084\u00a1\u00e6\u00b3\u0095\u00e4\u00bd\u00bf\u00e7\u0094\u00a8\u00e8\u00a9\u00b2\u00e7\u00ad\u0089\u00e6\u009c\u008d\u00e5\u008b\u0099\u00e6\u0088\u0096\u00e5\u00ae\u008c\u00e6\u0088\u0090\u00e7\u009b\u00b8\u00e9\u0097\u009c\u00e4\u00ba\u00a4\u00e6\u0098\u0093\u00ef\u00bc\u008cPChome \u00e5\u0095\u0086\u00e5\u00ba\u0097\u00e8\u00a1\u0097\u00e4\u00b8\u00a6\u00e4\u00bf\u009d\u00e7\u0095\u0099\u00e6\u0098\u00af\u00e5\u0090\u00a6\u00e5\u0090\u008c\u00e6\u0084\u008f\u00e6\u008f\u0090\u00e4\u00be\u009b\u00e8\u00a9\u00b2\u00e7\u00ad\u0089\u00e7\u009b\u00b8\u00e9\u0097\u009c\u00e6\u009c\u008d\u00e5\u008b\u0099\u00e6\u0088\u0096\u00e5\u00ae\u008c\u00e6\u0088\u0090\u00e7\u009b\u00b8\u00e9\u0097\u009c\u00e4\u00ba\u00a4\u00e6\u0098\u0093\u00e4\u00b9\u008b\u00e6\u00ac\u008a\u00e5\u0088\u00a9\u00e3\u0080\u0082<br/><br/>\u00e2\u0096\u00a0\u00e4\u00bf\u00ae\u00e8\u00a8\u0082\u00e4\u00b9\u008b\u00e6\u00ac\u008a\u00e5\u0088\u00a9<br/>PChome \u00e5\u0095\u0086\u00e5\u00ba\u0097\u00e8\u00a1\u0097\u00e6\u009c\u0089\u00e6\u00ac\u008a\u00e9\u009a\u00a8\u00e6\u0099\u0082\u00e4\u00bf\u00ae\u00e8\u00a8\u0082\u00e6\u009c\u00ac\u00e9\u009a\u00b1\u00e7\u00a7\u0081\u00e6\u00ac\u008a\u00e8\u0081\u00b2\u00e6\u0098\u008e\u00e5\u008f\u008a\u00e7\u009b\u00b8\u00e9\u0097\u009c\u00e5\u0091\u008a\u00e7\u009f\u00a5\u00e4\u00ba\u008b\u00e9\u00a0\u0085\u00ef\u00bc\u008c\u00e4\u00b8\u00a6\u00e5\u00be\u0097\u00e6\u0096\u00bc\u00e4\u00bf\u00ae\u00e8\u00a8\u0082\u00e5\u00be\u008c\u00e5\u0085\u00ac\u00e4\u00bd\u0088\u00e5\u009c\u00a8PChome \u00e5\u0095\u0086\u00e5\u00ba\u0097\u00e8\u00a1\u0097\u00e7\u00b6\u00b2\u00e7\u00ab\u0099\u00e4\u00b8\u008a\u00e4\u00b9\u008b\u00e9\u0081\u00a9\u00e7\u0095\u00b6\u00e4\u00bd\u008d\u00e7\u00bd\u00ae\u00ef\u00bc\u008c\u00e4\u00b8\u008d\u00e5\u008f\u00a6\u00e8\u00a1\u008c\u00e5\u0080\u008b\u00e5\u0088\u00a5\u00e9\u0080\u009a\u00e7\u009f\u00a5\u00ef\u00bc\u008c\u00e6\u0082\u00a8\u00e5\u008f\u00af\u00e4\u00bb\u00a5\u00e9\u009a\u00a8\u00e6\u0099\u0082\u00e5\u009c\u00a8PChome \u00e5\u0095\u0086\u00e5\u00ba\u0097\u00e8\u00a1\u0097\u00e7\u00b6\u00b2\u00e7\u00ab\u0099\u00e4\u00b8\u008a\u00e8\u00a9\u00b3\u00e9\u0096\u00b1\u00e4\u00bf\u00ae\u00e8\u00a8\u0082\u00e5\u00be\u008c\u00e7\u009a\u0084\u00e9\u009a\u00b1\u00e7\u00a7\u0081\u00e6\u00ac\u008a\u00e8\u0081\u00b2\u00e6\u0098\u008e\u00e5\u008f\u008a\u00e7\u009b\u00b8\u00e9\u0097\u009c\u00e5\u0091\u008a\u00e7\u009f\u00a5\u00e4\u00ba\u008b\u00e9\u00a0\u0085\u00e3\u0080\u0082<br/><br/>\u00e2\u0096\u00a0\u00e5\u0095\u0086\u00e5\u00ba\u0097\u00e8\u00a1\u0097\u00e5\u00b8\u0082\u00e9\u009b\u0086\u00e5\u009c\u008b\u00e9\u009a\u009b\u00e8\u00b3\u0087\u00e8\u00a8\u008a\u00e8\u0082\u00a1\u00e4\u00bb\u00bd\u00e6\u009c\u0089\u00e9\u0099\u0090\u00e5\u0085\u00ac\u00e5\u008f\u00b8\u00e7\u0089\u0088\u00e6\u00ac\u008a\u00e6\u0089\u0080\u00e6\u009c\u0089\u00ef\u00bc\u008c\u00e8\u00bd\u0089\u00e8\u00bc\u0089\u00e5\u00bf\u0085\u00e7\u00a9\u00b6\u00e3\u0080\u0082<br/><br/>2017.04.27 Version 1.0\n</td></tr></tbody></table></td></tr><tr><td bgcolor=\"#ffffff\" height=\"10\"></td></tr></tbody></table></td></tr></tbody></table></td></tr></tbody></table></td></tr></tbody></table><br/></td></tr></tbody></table>", "level": 0}, {"value": "<div class=\"btopbg\"><div class=\"compu\" id=\"login\"><a href=\"javascript:void(0);\" onclick=\"login();\" rel=\"external\">\u00e7\u0099\u00bb\u00e5\u0085\u00a5</a>\u00a0\u00a0<a href=\"https://mpaystore.pcstore.com.tw/register.php\" rel=\"external\">\u00e8\u00a8\u00bb\u00e5\u0086\u008a</a></div><div class=\"crt\"><a href=\"http://m.pcstore.com.tw/add_desktop.php\" rel=\"external\">\u00e5\u008a\u00a0\u00e5\u0085\u00a5\u00e6\u00a1\u008c\u00e9\u009d\u00a2</a>\u00a0|\u00a0<a href=\"http://m.pcstore.com.tw/copyright.php\" rel=\"external\">\u00e9\u009a\u00b1\u00e7\u00a7\u0081\u00e6\u00ac\u008a\u00e8\u0081\u00b2\u00e6\u0098\u008e</a>\u00a0\u00a0\u00a0</div><div class=\"clear\"></div></div>", "level": 0}, {"value": "<div data-position=\"fixed\" data-role=\"footer\" data-tap-toggle=\"false\"><div id=\"add_footer1537155540\"></div><div class=\"bar_nav\" data-role=\"navbar\"><ul><li><a data-theme=\"a\" href=\"https://mpaystore.pcstore.com.tw/track.php\" rel=\"external\" style=\"border:0px;\"><div class=\"bt-box\"><span class=\"ico track\"></span>\u00e8\u00bf\u00bd\u00e8\u00b9\u00a4\u00e6\u00b8\u0085\u00e5\u0096\u00ae</div></a></li><li><a data-theme=\"a\" href=\"https://mpaystore.pcstore.com.tw/myacc.php\" rel=\"external\"><div class=\"bt-box\"><span class=\"ico inquire\"></span>\u00e6\u0088\u0091\u00e7\u009a\u0084\u00e5\u00b8\u00b3\u00e6\u0088\u00b6</div></a></li><li><a data-theme=\"a\" href=\"http://m.pcstore.com.tw/cart.php\" rel=\"external\"><div class=\"bt-box\"><span class=\"ico cart\"></span>\u00e8\u00b3\u00bc\u00e7\u0089\u00a9\u00e8\u00bb\u008a<div id=\"buy_cart\"></div></div></a></li></ul></div></div>", "level": 0}]]