[[{"value": "<h1 style=\"margin: 0.0px 0.0px 0.0px 0.0px; line-height: 45.0px; font: 38.0px Helvetica; color: #333333; -webkit-text-stroke: #333333\"><span class=\"s1\"><b>Privacy Policy</b></span></h1>", "level": 9}, {"value": "<p class=\"p2\"><span class=\"s1\">Released on Feb 2, 2017<br/>\n<br/>\nWe, AAStudio, regards your information significant and release this Privacy Statement to inform you what information we collect and how we use it to personalize and continually improve you experience.<br/>\n<br/>\nThis Privacy Statement applies to cmcm.com website and its services which collect data from you and does not apply to the product or service that which does not link to this statement or has its privacy statement respectively.<br/>\n<br/>\n<b>Information We Collect</b><br/>\na. Personal Information. We do not collect Personal Information. \u00e2\u0080\u009cPersonal Information\u00e2\u0080\u009d is information that identifies you or another person, such as your first name and last name, physical addresses, email addresses, telephone, fax, SSN, information stored within your device.<br/>\nb. Non-personal Information. We collect your non-personal information when you visit our website, including your device information, operation system, logs. For example, as many websites, we may use \u00e2\u0080\u009ccookies\u00e2\u0080\u009d to obtain the above information when your web browser accesses aastudio.org. <br/>\nc. Information you provide. We may collect your information when you communicate with us or you give us.<br/>\n<br/>\n<b>How We Use Information</b><br/>\na. Personal Information. We do not store Personal Information and therefore we do not disclose your Personal Information.<br/>\nb. Non-Personal Information. We do not sell, trade, or otherwise transfer to outside parties your information. We do not combine Non-Personal Information with Personal Information (such as combining your name with your unique User Device number).<br/>\nc. Legal Reasons<br/>\nWe will access, use or disclose your information with other organizations or entities for reasons that required by any applicable law, regulation, legal process or enforceable governmental request; detect, prevent, or otherwise fraud, security or technical issues; protect against harm to the rights, property or safety of Cheetah Mobile, our users or the public as required or permitted by law.<br/>\n<br/>\n<b>Security</b><br/>\nAAStudio is very concerned about safeguarding the confidentiality of your information. We do not collect Personal Information, and we employ administrative, physical and electronic measures designed to protect your Non-Personal Information from unauthorized access and use. Please be aware that no security measures that we take to protect your information is absolutely guaranteed to avoid unauthorized access or use of your Non-Personal Information which is impenetrable.</span></p>", "level": 0}, {"value": "<p class=\"p2\"><span class=\"s1\"><b>Sensitive Information</b><br/>\nWe ask that you not send us, and you not disclose, any sensitive Personal Information (e.g., information related to racial or ethnic origin, political opinions, religion or other beliefs, health, sexual orientation, criminal background or membership in past organizations, including trade union memberships) on or through an Application, the Services or the Site or otherwise to us.<br/>\n<br/>\n<b>Children</b><br/>\nWe do not provide service focus on Children. If you are under 18, you may use our website when you are with a parent or guardian.<br/>\n<br/>\n<b>Contact Us</b><br/>\nIf you have any questions or comments about this Policy or our privacy practices, or to report any violations of the Policy or abuse of the Services or the Site, please contact us at <a href=\"mailto:support@cmcm.com\"><span class=\"s2\">info@aastudio.org</span></a>.<br/>\n<br/>\n<b>Changes</b><br/>\nOur Privacy Policy may change which will not reduce your rights under this Privacy Policy from time to time, we will post any privacy policy changes on this page, so please review it periodically. If you do not agree to any modifications to this Policy, your could immediately stop all use of all the Services. Your continued use of the Site following the posting of any modifications to this Policy will constitute your acceptance of the revised Policy. Please note that none of our employees or agents has the authority to vary any of our Policies.</span></p>", "level": 0}]]