[[{"value": "<h2></h2>", "level": 8}, {"value": "<td class=\"sites-layout-searchbox \"><div class=\"sites-header-cell-buffer-wrapper\"><form action=\"/system/app/pages/search\" id=\"sites-searchbox-form\" role=\"search\"><input id=\"sites-searchbox-scope\" name=\"scope\" type=\"hidden\" value=\"search-site\"/><input aria-label=\"Search this site\" id=\"jot-ui-searchInput\" name=\"q\" size=\"20\" type=\"text\" value=\"\"/><div class=\"goog-inline-block\" id=\"sites-searchbox-button-set\"><div class=\"goog-inline-block jfk-button jfk-button-standard\" id=\"sites-searchbox-search-button\" role=\"button\" tabindex=\"0\">Search this site</div></div></form></div></td>", "level": 0}, {"value": "<div class=\"sites-embed\" id=\"COMP_2bd\" role=\"navigation\" xmlns=\"http://www.w3.org/1999/xhtml\"><div class=\"sites-embed-content sites-sidebar-nav\"><ul jotid=\"navList\" role=\"navigation\"><li class=\"nav-first \"><div dir=\"ltr\" style=\"padding-left: 5px;\"><a class=\"sites-navigation-link\" href=\"/home\" jotid=\"wuid:gx:65f844a405fd8b87\">Home</a></div></li><li class=\"\"><div dir=\"ltr\" style=\"padding-left: 5px;\"><a class=\"sites-navigation-link\" href=\"/comedy-quest-privacy-policy\" jotid=\"wuid:gx:7bda032895db3073\">Comedy quest Privacy Policy</a></div></li><li class=\"\"><div dir=\"ltr\" style=\"padding-left: 5px;\"><a class=\"sites-navigation-link\" href=\"/durak\" jotid=\"wuid:gx:32a3398b2c375116\">Durak</a></div></li><li class=\"\"><div class=\"current-bg\" dir=\"ltr\" jotid=\"wuid:gx:7213bc7f9cfa1cf0\" style=\"padding-left: 5px;\">Durak Privacy Policy</div></li><li class=\"\"><div dir=\"ltr\" style=\"padding-left: 5px;\"><a class=\"sites-navigation-link\" href=\"/system/app/pages/sitemap/hierarchy\" jotid=\"wuid:gx:71abfea617d3cf87\">Sitemap</a></div></li></ul></div></div>", "level": 0}, {"value": "<div id=\"sites-canvas\" role=\"main\">\n<div id=\"goog-ws-editor-toolbar-container\"> </div>\n<div id=\"title-crumbs\" style=\"\" xmlns=\"http://www.w3.org/1999/xhtml\">\n</div>\n<h3 align=\"left\" id=\"sites-page-title-header\" style=\"\" xmlns=\"http://www.w3.org/1999/xhtml\">\n<span dir=\"ltr\" id=\"sites-page-title\" style=\"outline: none\" tabindex=\"-1\">Durak Privacy Policy</span>\n</h3>\n<div class=\"sites-canvas-main\" id=\"sites-canvas-main\">\n<div id=\"sites-canvas-main-content\">\n<table cellspacing=\"0\" class=\"sites-layout-name-one-column sites-layout-hbox\" xmlns=\"http://www.w3.org/1999/xhtml\"><tbody><tr><td class=\"sites-layout-tile sites-tile-name-content-1\"><div dir=\"ltr\"><strong>Privacy Policy</strong>\n<p>This privacy statement describes how Just Games LLC collects and uses\n the personal information you provide. It also describes the choices \navailable to you regarding our use of your personal information and how \nyou can access and update this information.</p>\n<p><strong>Location Services</strong></p>\n<p>Some services on this application make use of location-based data. If\n you allow these services, we will collect information about the Wi-fi \nrouters closest to you and the cell IDs of the towers closest to you.</p>\n<p>We use this information to provide the requested location-based \nservice, not to identify you. You will be asked for your permission each\n time a location-based service is requested.</p>\n<ul><li>Detect and assign you city to your Durak profile (not required) in \nthat case this information will be visible to everyone in Durak mobile \napplication.</li></ul>\n<p><strong>Collection and Use</strong></p>\n<p>As is true of most Web sites and mobile devices, we automatically \ngather information about your computer such as your IP address, device \ntype and operating system.</p>\n<p><strong>Social Networks</strong></p>\n<p>We enable you to assign social networks profile to Durak accounts. We\n are you using your social networks profile image(avatar) as your Durak \nprofile avatar image. We cannot control the actions of others with whom \nyou may choose to share your pages and information. Also we cannot \nguarantee that the content you post on our site will not be viewed by \nothers outside your network.</p>\n<p><strong>Sharing Your Information</strong></p>\n<p>We will share your information with third parties only in the ways that are described in this privacy statement.</p>\n<p><strong>We may disclose your personal information</strong></p>\n<ul><li>as required by law, such as to comply with a subpoena, or similar legal process.</li><li>when we believe in good faith that disclosure is necessary to \nprotect our rights, protect your safety or the safety of others, \ninvestigate fraud, or respond to a government request.</li><li>if Just Games LLC is involved in a merger, acquisition, or sale of \nall or a portion of its assets, you will be notified via email and/or a \nprominent notice on our Web site of any change in ownership or uses of \nyour personal information, as well as any choices you may have regarding\n your personal information.</li><li>to any other third party with your prior consent to do so.</li></ul>\n<p><strong>Security</strong></p>\n<p>When we collect personal information directly from you, we follow \ngenerally accepted industry standards to protect the personal \ninformation submitted to us, both during transmission and once we \nreceive it. No method of transmission over the Internet, or method of \nelectronic storage, is 100% secure. Therefore, we cannot guarantee its \nabsolute security. If you have any questions about security on our Web \nsite, you can contact us at <a href=\"mailto:durak@konventex.com\">durak@konventex.com</a></p>\n<p>In order to make a purchase from us, you must use our third party \ncheckout options to finalize and pay for your order. Its privacy \nstatement and security practices will also apply to your information. We\n encourage you to read that privacy statement before providing your \ninformation.</p>\n<p>We will retain your information for as long as your account is active\n or as needed to provide you services. If you wish to cancel your \naccount or request that we no longer use your information to provide you\n services contact us at <a href=\"mailto:durak@konventex.com\">durak@konventex.com</a>.\n We will retain and use your information as necessary to comply with our\n legal obligations, resolve disputes, and enforce our agreements.</p>\n<p><strong>Purchases</strong></p>\n<p>We do not collect any billing, credit cards and other financial \ninformation. All purchases are done via platform holders payments \nsystems like Google Play and Apple Store.</p>\n<p><strong>Tracking and Ads</strong></p>\n<p>We or a third party contracted by us may use technologies such as \ncookies, Web beacons, or scripts to gather information about how you and\n others interact with our mobile application. For example, we will know \nhow many users access a specific areas or features within our mobile \napplication and which actions or ads they clicked on. We use this \naggregated information to understand and optimize how our site is used, \nimprove our marketing efforts, and provide content and features that are\n of interest to you.</p>\n<p><strong>Other Information</strong></p>\n<p>Our App offers publicly accessible chats. You should be aware that \nany information you provide in these areas may be read, collected, and \nused by others who access them. To request removal of your personal \ninformation from our blog or community forum, contact us at <a href=\"mailto:durak@konventex.com\">durak@konventex.com</a>.\n In some cases, we may not be able to remove your personal information, \nin which case we will let you know if we are unable to do so.</p>\n<p><strong>Correcting and Updating Your Personal Information</strong></p>\n<p>To review and update your personal information to ensure it is accurate, contact us at <a href=\"mailto:durak@konventex.com\">durak@konventex.com</a>.</p>\n<p><strong>Notification of Privacy Statement Changes</strong></p>\n<p>We may update this privacy statement to reflect changes to our \ninformation practices. If we make any material changes we will notify \nyou by email (sent to the e-mail address specified in your account) or \nby means of a notice on this Site prior to the change becoming \neffective. We encourage you to periodically review this page for the \nlatest information on our privacy practices.</p>\n<p><strong>Contact</strong></p>\n<p>You can contact us about this privacy statement by writing email us at the address below: <a href=\"mailto:durak@konventex.com\">durak@konventex.com</a></p></div></td></tr></tbody></table>\n</div>\n</div>\n<div id=\"sites-canvas-bottom-panel\">\n<div id=\"sites-attachments-container\">\n</div>\n</div>\n</div>", "level": 0}], [{"value": "<h3 align=\"left\" id=\"sites-page-title-header\" style=\"\" xmlns=\"http://www.w3.org/1999/xhtml\">\n<span dir=\"ltr\" id=\"sites-page-title\" style=\"outline: none\" tabindex=\"-1\">Durak Privacy Policy</span>\n</h3>", "level": 7}, {"value": "<strong>Privacy Policy</strong>", "level": 0}, {"value": "<p>This privacy statement describes how Just Games LLC collects and uses\n the personal information you provide. It also describes the choices \navailable to you regarding our use of your personal information and how \nyou can access and update this information.</p>", "level": 0}], [{"value": "<p><strong>Location Services</strong></p>", "level": 1}, {"value": "<p>Some services on this application make use of location-based data. If\n you allow these services, we will collect information about the Wi-fi \nrouters closest to you and the cell IDs of the towers closest to you.</p>", "level": 0}, {"value": "<p>We use this information to provide the requested location-based \nservice, not to identify you. You will be asked for your permission each\n time a location-based service is requested.</p>", "level": 0}, {"value": "<ul><li>Detect and assign you city to your Durak profile (not required) in \nthat case this information will be visible to everyone in Durak mobile \napplication.</li></ul>", "level": 0}], [{"value": "<p><strong>Collection and Use</strong></p>", "level": 1}, {"value": "<p>As is true of most Web sites and mobile devices, we automatically \ngather information about your computer such as your IP address, device \ntype and operating system.</p>", "level": 0}], [{"value": "<p><strong>Social Networks</strong></p>", "level": 1}, {"value": "<p>We enable you to assign social networks profile to Durak accounts. We\n are you using your social networks profile image(avatar) as your Durak \nprofile avatar image. We cannot control the actions of others with whom \nyou may choose to share your pages and information. Also we cannot \nguarantee that the content you post on our site will not be viewed by \nothers outside your network.</p>", "level": 0}], [{"value": "<p><strong>Sharing Your Information</strong></p>", "level": 1}, {"value": "<p>We will share your information with third parties only in the ways that are described in this privacy statement.</p>", "level": 0}], [{"value": "<p><strong>We may disclose your personal information</strong></p>", "level": 1}, {"value": "<ul><li>as required by law, such as to comply with a subpoena, or similar legal process.</li><li>when we believe in good faith that disclosure is necessary to \nprotect our rights, protect your safety or the safety of others, \ninvestigate fraud, or respond to a government request.</li><li>if Just Games LLC is involved in a merger, acquisition, or sale of \nall or a portion of its assets, you will be notified via email and/or a \nprominent notice on our Web site of any change in ownership or uses of \nyour personal information, as well as any choices you may have regarding\n your personal information.</li><li>to any other third party with your prior consent to do so.</li></ul>", "level": 0}], [{"value": "<p><strong>Security</strong></p>", "level": 1}, {"value": "<p>When we collect personal information directly from you, we follow \ngenerally accepted industry standards to protect the personal \ninformation submitted to us, both during transmission and once we \nreceive it. No method of transmission over the Internet, or method of \nelectronic storage, is 100% secure. Therefore, we cannot guarantee its \nabsolute security. If you have any questions about security on our Web \nsite, you can contact us at <a href=\"mailto:durak@konventex.com\">durak@konventex.com</a></p>", "level": 0}, {"value": "<p>In order to make a purchase from us, you must use our third party \ncheckout options to finalize and pay for your order. Its privacy \nstatement and security practices will also apply to your information. We\n encourage you to read that privacy statement before providing your \ninformation.</p>", "level": 0}, {"value": "<p>We will retain your information for as long as your account is active\n or as needed to provide you services. If you wish to cancel your \naccount or request that we no longer use your information to provide you\n services contact us at <a href=\"mailto:durak@konventex.com\">durak@konventex.com</a>.\n We will retain and use your information as necessary to comply with our\n legal obligations, resolve disputes, and enforce our agreements.</p>", "level": 0}], [{"value": "<p><strong>Purchases</strong></p>", "level": 1}, {"value": "<p>We do not collect any billing, credit cards and other financial \ninformation. All purchases are done via platform holders payments \nsystems like Google Play and Apple Store.</p>", "level": 0}], [{"value": "<p><strong>Tracking and Ads</strong></p>", "level": 1}, {"value": "<p>We or a third party contracted by us may use technologies such as \ncookies, Web beacons, or scripts to gather information about how you and\n others interact with our mobile application. For example, we will know \nhow many users access a specific areas or features within our mobile \napplication and which actions or ads they clicked on. We use this \naggregated information to understand and optimize how our site is used, \nimprove our marketing efforts, and provide content and features that are\n of interest to you.</p>", "level": 0}], [{"value": "<p><strong>Other Information</strong></p>", "level": 1}, {"value": "<p>Our App offers publicly accessible chats. You should be aware that \nany information you provide in these areas may be read, collected, and \nused by others who access them. To request removal of your personal \ninformation from our blog or community forum, contact us at <a href=\"mailto:durak@konventex.com\">durak@konventex.com</a>.\n In some cases, we may not be able to remove your personal information, \nin which case we will let you know if we are unable to do so.</p>", "level": 0}], [{"value": "<p><strong>Correcting and Updating Your Personal Information</strong></p>", "level": 1}, {"value": "<p>To review and update your personal information to ensure it is accurate, contact us at <a href=\"mailto:durak@konventex.com\">durak@konventex.com</a>.</p>", "level": 0}], [{"value": "<p><strong>Notification of Privacy Statement Changes</strong></p>", "level": 1}, {"value": "<p>We may update this privacy statement to reflect changes to our \ninformation practices. If we make any material changes we will notify \nyou by email (sent to the e-mail address specified in your account) or \nby means of a notice on this Site prior to the change becoming \neffective. We encourage you to periodically review this page for the \nlatest information on our privacy practices.</p>", "level": 0}], [{"value": "<p><strong>Contact</strong></p>", "level": 1}, {"value": "<p>You can contact us about this privacy statement by writing email us at the address below: <a href=\"mailto:durak@konventex.com\">durak@konventex.com</a></p>", "level": 0}, {"value": "<div id=\"sites-chrome-adminfooter-container\">\n<div class=\"sites-adminfooter\" role=\"navigation\" xmlns=\"http://www.w3.org/1999/xhtml\"><p><a class=\"sites-system-link\" href=\"https://accounts.google.com/ServiceLogin?continue=http://sites.google.com/site/justgamesweb/durak-privacy-policy&amp;service=jotspot\">Sign in</a><span aria-hidden=\"true\">|</span><a class=\"sites-system-link\" href=\"http://sites.google.com/site/justgamesweb/system/app/pages/reportAbuse\" target=\"_blank\">Report Abuse</a><span aria-hidden=\"true\">|</span><a class=\"sites-system-link\" href=\"javascript:;\" onclick=\"window.open(webspace.printUrl)\">Print Page</a><span aria-hidden=\"true\">|</span><span class=\"sites-system-link\">Powered By</span> <b class=\"powered-by\"><a href=\"http://sites.google.com/site\">Google Sites</a></b></p></div>\n</div>", "level": 0}]]