[[{"value": "<h1>Privacy Policy</h1>", "level": 9}, {"value": "<p>This privacy policy discloses the privacy practices for unidocs.com or applications created and being serviced by Unidocs Inc. This privacy policy applies solely to information collected by this web site and applications. It will notify you of the following:</p>", "level": 0}, {"value": "<p>1. What personally identifiable information is collected from you through the web site or applications, how it is used and with whom it may be shared.<br/>\n      2. What choices are available to you regarding the use of your data.<br/>\n      3. The security procedures in place to protect the misuse of your information.<br/>\n      4. How you can correct any inaccuracies in the information.</p>", "level": 0}], [{"value": "<h2>Information Collection, Use, and Sharing</h2>", "level": 8}, {"value": "<p>We are the sole owners of the information collected on this site. We only have access to/collect information that you voluntarily give us via email or other direct contact from you. We will not sell or rent this information to anyone.</p>", "level": 0}, {"value": "<p>We will use your information to respond to you, regarding the reason you contacted us. We will not share your information with any third party outside of our organization, other than as necessary to fulfill your request, e.g. to ship an order.</p>", "level": 0}, {"value": "<p>Unless you ask us not to, we may contact you via email in the future to tell you about specials, new products or services, or changes to this privacy policy.</p>", "level": 0}], [{"value": "<h2>Your Access to and Control Over Information</h2>", "level": 8}, {"value": "<p>You may opt out of any future contacts from us at any time. You can do the following at any time by contacting us via the email address or phone number given on our website:</p>", "level": 0}, {"value": "<p> \u00e2\u0080\u00a2 See what data we have about you, if any.</p>", "level": 0}, {"value": "<p> \u00e2\u0080\u00a2 Change/correct any data we have about you.</p>", "level": 0}, {"value": "<p> \u00e2\u0080\u00a2 Have us delete any data we have about you.</p>", "level": 0}, {"value": "<p> \u00e2\u0080\u00a2 Express any concern you have about our use of your data.</p>", "level": 0}], [{"value": "<h2>Security</h2>", "level": 8}, {"value": "<p>We take precautions to protect your information. When you submit sensitive information via the website, your information is protected both online and offline.</p>", "level": 0}, {"value": "<p>Wherever we collect sensitive information (such as credit card data), that information is encrypted and transmitted to us in a secure way. You can verify this by looking for a closed lock icon at the bottom of your web browser, or looking for \"https\" at the beginning of the address of the web page.</p>", "level": 0}, {"value": "<p>While we use encryption to protect sensitive information transmitted online, we also protect your information offline. Only employees who need the information to perform a specific job (for example, billing or customer service) are granted access to personally identifiable information. The computers/servers in which we store personally identifiable information are kept in a secure environment.</p>", "level": 0}], [{"value": "<h2>Updates</h2>", "level": 8}, {"value": "<p>Our Privacy Policy may change from time to time and all updates will be posted on this page.</p>", "level": 0}, {"value": "<p>If you feel that we are not abiding by this privacy policy, you should contact us immediately via email at help(at)unidocs.com.</p>", "level": 0}]]