[[{"value": "<h2>Privacy Policy</h2>", "level": 8}, {"value": "<p>Grigorev Grigoriy (Vorgoron) provides this Privacy Policy ( \"Privacy Policy\") to help you understand how we collect, use and disclose information. We may update this Privacy Policy from time to time, so please check back with us periodically.\n\"Personal Information\" includes information that alone or when in combination with other information may be used to readily identify, contact, or locate you or a specific individual.</p>", "level": 0}, {"value": "<p>This page is used to inform website visitors regarding my policies with the\n  collection, use, and disclosure of Personal Information if anyone decided to use my\n  Service.</p>", "level": 0}, {"value": "<p>If you choose to use my Service, then you agree to the collection and use of\n  information in relation to this policy. The Personal Information that I collect are\n  used for providing and improving the Service.I will not use or share your information\n  with anyone except as described in this Privacy Policy.</p>", "level": 0}], [{"value": "<p><strong>Information Collection and Use</strong></p>", "level": 1}, {"value": "<p>For a better experience, while using our Service, I may require you to provide us\n  with certain personally identifiable information. The information that I request is retained on your\n  device and is not collected by me in any way.</p>", "level": 0}, {"value": "<p>The app does use third party services that may collect information used to identify\n  you.</p>", "level": 0}], [{"value": "<p><strong>Log Data</strong></p>", "level": 1}, {"value": "<p>I want to inform you that whenever you use my Service, in a case of an error in the\n  app I collect data and information (through third party products) on your phone called\n  Log Data. This Log Data may include information such as your device Internet Protocol\n  (\u201cIP\u201d) address, device name, operating system version, the configuration of\n  the app when utilizing my Service, the time and date of your use of the Service, and\n  other statistics.</p>", "level": 0}], [{"value": "<p><strong>Cookies</strong></p>", "level": 1}, {"value": "<p>Cookies are files with small amount of data that is commonly used an anonymous\n  unique identifier. These are sent to your browser from the website that you visit and\n  are stored on your device internal memory.</p>", "level": 0}, {"value": "<p>This Service does not use these \u201ccookies\u201d explicitly. However, the app\n  may use third party code and libraries that use \u201ccookies\u201d to collection\n  information and to improve their services. You have the option to either accept or\n  refuse these cookies and know when a cookie is being sent to your device. If you choose\n  to refuse our cookies, you may not be able to use some portions of this Service.</p>", "level": 0}], [{"value": "<p><strong>Service Providers</strong></p>", "level": 1}, {"value": "<p>I may employ third-party companies and individuals due to the following reasons:</p>", "level": 0}, {"value": "<ul>\n<li>To facilitate our Service;</li>\n<li>To provide the Service on our behalf;</li>\n<li>To perform Service-related services; or</li>\n<li>To assist us in analyzing how our Service is used.</li>\n</ul>", "level": 0}, {"value": "<p>I want to inform users of this Service that these third parties have access to your\n  Personal Information. The reason is to perform the tasks assigned to them on our\n  behalf. However, they are obligated not to disclose or use the information for any\n  other purpose.</p>", "level": 0}], [{"value": "<p><strong>Security</strong></p>", "level": 1}, {"value": "<p>I value your trust in providing us your Personal Information, thus we are striving\n  to use commercially acceptable means of protecting it. But remember that no method of\n  transmission over the internet, or method of electronic storage is 100% secure and\n  reliable, and I cannot guarantee its absolute security.</p>", "level": 0}], [{"value": "<p><strong>Links to Other Sites</strong></p>", "level": 1}, {"value": "<p>This Service may contain links to other sites. If you click on a third-party link,\n  you will be directed to that site. Note that these external sites are not operated by\n  me. Therefore, I strongly advise you to review the Privacy Policy of these websites. I\n  have no control over and assume no responsibility for the content, privacy policies, or\n  practices of any third-party sites or services.</p>", "level": 0}], [{"value": "<p><strong>Children\u2019s Privacy</strong></p>", "level": 1}, {"value": "<p>These Services do not address anyone under the age of 13. I do not knowingly collect\n  personally identifiable information from children under 13. In the case I discover that\n  a child under 13 has provided me with personal information, I immediately delete this\n  from our servers. If you are a parent or guardian and you are aware that your child has\n  provided us with personal information, please contact me so that I will be able to do\n  necessary actions.</p>", "level": 0}], [{"value": "<p><strong>Changes to This Privacy Policy</strong></p>", "level": 1}, {"value": "<p>I may update our Privacy Policy from time to time. Thus, you are advised to review\n  this page periodically for any changes. I will notify you of any changes by posting the\n  new Privacy Policy on this page. These changes are effective immediately after they are\n  posted on this page.</p>", "level": 0}], [{"value": "<p><strong>Contact Us</strong></p>", "level": 1}, {"value": "<p>If you have any questions, comments, or concerns about this Privacy Policy, please email us at developer@udmspell.ru</p>", "level": 0}, {"value": "<p>Updated: March, 1st, 2017</p>", "level": 0}]]