[[{"value": "<p>\n<strong>SPESHO TERMS AND CONDITIONS FOR THE DRIVER</strong>\n</p>", "level": 1}, {"value": "<p>\n    Definitions\n</p>", "level": 0}, {"value": "<p>\n    \"Addendum\" means an addendum or supplemental information to this Agreement\n    setting forth additional Territory-specific terms, as made available and as\n    updated by SPESHO from time to time.\n</p>", "level": 0}, {"value": "<p>\n    \"Spesho (U) Ltd Data\" means all data related to the access and use of the\n    SPESHO Services hereunder, including all data related to Users (including\n    User Information), all data related to the provision of Transportation\n    Services via the SPESHO (U) Ltd Services and the Driver App, and the Driver\n    ID.\n</p>", "level": 0}, {"value": "<p>\n    \"Spesho (U) Ltd Device\" means any device owned or controlled by Spesho (U)\n    Ltd that is provided to you for your use of the Driver App to provide\n    Transportation Services.\n</p>", "level": 0}, {"value": "<p>\n    \"Device\" means a Spesho (U) Ltd Device or Your Device, as the case may be.\n</p>", "level": 0}, {"value": "<p>\n    \"Driver App\" means the mobile application provided by Spesho (U) Ltd that\n    enables transportation providers to access the Spesho (U) Ltd Services for\n    the purpose of seeking, receiving and fulfilling on-demand requests for\n    transportation services by Users, as may be updated or modified from time\n    to time.\n</p>", "level": 0}, {"value": "<p>\n    \"Driver ID\" means the identification and password key assigned by Spesho\n    (U) Ltd to you that enables you to use and access the Driver App.\n</p>", "level": 0}, {"value": "<p>\n    \"Payment \" has the meaning set forth in Section 5.\n</p>", "level": 0}, {"value": "<p>\n    \"Service Fee\" has the meaning set forth in Section 5.3.\n</p>", "level": 0}, {"value": "<p>\n    \"Territory\" means the city or metro areas in the Uganda in which you are\n    enabled by the Driver App to receive requests for Transportation Services.\n</p>", "level": 0}, {"value": "<p>\n    \"Transportation Services\" means your provision of passenger transportation\n    services to Users via the Spesho (U) Ltd Services in the Territory using\n    the Vehicle.\n</p>", "level": 0}, {"value": "<p>\n    \"Spesho (U) Ltd Services\" mean Spesho (U) Ltd's on demand lead generation\n    and related services licensed by Spesho (U) Ltd to Spesho (U) Ltd that\n    enable transportation providers to seek, receive and fulfill on-demand\n    requests for transportation services by Users seeking transportation\n    services; such Spesho (U) Ltd Services include access to the Driver App and\n    Spesho (U) Ltd's software, websites, payment services as described in\n    Section 5 below, and related support services systems, as may be updated or\n    modified from time to time.\n</p>", "level": 0}, {"value": "<p>\n    \"User\" means an end user authorized by Spesho (U) Ltd to use the Spesho (U)\n    Ltd mobile application for the purpose of obtaining Transportation Services\n    offered by Spesho (U) Ltd's transportation provider customers.\n</p>", "level": 0}, {"value": "<p>\n    \"User Information\" means information about a User made available to you in\n    connection with such User's request for and use of Transportation Services,\n    which may include the User's name, pick-up location, contact information\n    and photos.\n</p>", "level": 0}, {"value": "<p>\n    \"Vehicle\" means your vehicle that:\n</p>", "level": 0}, {"value": "<p>\n    meets the then current Spesho (U) Ltd requirements for a vehicle on the\n    Spesho (U) Ltd Services; and\n</p>", "level": 0}, {"value": "<p>\n    Spesho (U) Ltd authorizes for your use for the purpose of providing\n    Transportation Services.\n</p>", "level": 0}, {"value": "<p>\n    \"Your Device\" means a mobile device owned or controlled by you:\n</p>", "level": 0}, {"value": "<p>\n    that meets the then current Spesho (U) Ltd specifications for mobile\n    devices as set forth at\t<a href='\"https://www.speshotaxi.co.ug\"'>https://www.speshotaxi.co.ug</a>\n    devices and\n</p>", "level": 0}, {"value": "<p>\n    On which the Driver App has been installed as authorized by Spesho (U) Ltd\n    solely for the purpose of providing Transportation Services. Use of the\n    Spesho (U) Ltd Services.\n</p>", "level": 0}], [{"value": "<p>\n<strong><em>CONTRACTUAL RELATIONSHIP</em></strong>\n</p>", "level": 1}, {"value": "<p>\n    These Terms of Use (\"<em>Terms</em>\") govern the access or use by you, an\n    individual, from within Uganda of applications, websites, content,\n    products, and services (the \"<em>Services</em>\") made available by Spesho\n    Uganda Limited.\n</p>", "level": 0}, {"value": "<p>\n<strong>\n        YOU ARE ADVISED TO CAREFULLY STUDY THESE TERMS BEFORE ACCESSING OR\n        USING THE SERVICES\n    </strong>\n    .\n</p>", "level": 0}, {"value": "<p>\n    Be advised that your access and use of the Services constitutes your\n    agreement to be bound by these Terms, which establishes a contractual\n    relationship between you and Spesho (U) Limited. If you do not agree to\n    these Terms, you may not access or use the Services.\n</p>", "level": 0}, {"value": "<p>\n    These Terms expressly supersede prior agreements or arrangements with you.\n    Spesho Uganda Limited may immediately terminate these Terms or any Services\n    with respect to you, or generally cease offering or deny access to the\n    Services or any portion thereof, at any time for any reason.\n</p>", "level": 0}, {"value": "<p>\n    Supplemental terms may apply to certain Services, such as policies for a\n    particular event, activity or promotion, and such supplemental terms will\n    be disclosed to you in connection with the applicable Services.\n    Supplemental terms are in addition to, and shall be deemed a part of, the\n    Terms for the purposes of the applicable Services. Supplemental terms shall\n    prevail over these Terms in the event of a conflict with respect to the\n    applicable Services.\n</p>", "level": 0}, {"value": "<p>\n    Spesho Uganda Limited may amend the Terms related to the Services from time\n    to time. Amendments will be effective upon Spesho Uganda Limited's posting\n    of such updated Terms at this location or the amended policies or\n    supplemental terms on the applicable Service. Your continued access or use\n    of the Services after such posting constitutes your consent to be bound by\n    the Terms, as amended.\n</p>", "level": 0}, {"value": "<p>\n    Our collection and use of personal information in connection with the\n    Services is as provided in Spesho Uganda Limited's Privacy Policy located\n    at\n    <a href='\"http://www.speshotaxi.co.ug/legal/driver\"'>\n        https://www.speshotaxi.co.ug/legal\n    </a>\n    . Spesho Uganda Limited may provide to a claims processor or an insurer any\n    necessary information (including your contact information) if there is a\n    complaint, dispute or conflict, which may include an accident, involving\n    you and a Third Party Provider (including a transportation network Spesho\n    (U) Ltd driver) and such information or data is necessary to resolve the\n    complaint, dispute or conflict.\n</p>", "level": 0}], [{"value": "<p>\n<strong><em>DRIVERS</em></strong>\n</p>", "level": 1}, {"value": "<p>\n    You acknowledge and agree that at all times, you shall:\n</p>", "level": 0}, {"value": "<p>\n    hold and maintain\n</p>", "level": 0}, {"value": "<p>\n    a valid driver's license with the appropriate level of certification to\n    operate your Vehicle, and\n</p>", "level": 0}, {"value": "<p>\n    all licenses, permits, approvals and authority applicable to you that are\n    necessary to provide passenger transportation services to third parties in\n    the Territory;\n</p>", "level": 0}, {"value": "<p>\n    possess the appropriate and current level of training, expertise and\n    experience to provide Transportation Services in a professional manner with\n    due skill, care and diligence; and\n</p>", "level": 0}, {"value": "<p>\n    Maintain high standards of professionalism, service and courtesy. You\n    acknowledge and agree that you may be subject to certain background and\n    driving record checks from time to time in order to qualify to provide, and\n    remain eligible to provide, Transportation Services. You acknowledge and\n    agree that Spesho (U) Ltd reserves the right, at any time in Spesho (U)\n    Ltd's sole discretion, to deactivate or otherwise restrict you from\n    accessing or using the Driver App or the Spesho (U) Ltd Services if you\n    fail to meet the requirements set forth in this Agreement.\n</p>", "level": 0}], [{"value": "<p>\n<strong></strong>\n<br/>\n</p>", "level": 1}], [{"value": "<p>\n<strong></strong>\n<br/>\n</p>", "level": 1}], [{"value": "<p>\n<strong></strong>\n<br/>\n</p>", "level": 1}], [{"value": "<p>\n<strong>DOCUMENTATION</strong>\n</p>", "level": 1}, {"value": "<p>\n    To ensure your compliance with all requirements above, you must provide\n    Spesho (U) Ltd with copies of National Identification Cards, copies of all\n    such licenses, permits, approvals, authority, registrations and\n    certifications prior to your provision of any Transportation Services.\n    Spesho (U) Ltd shall, upon request, be entitled to review such national\n    Identification cards licenses, permits, approvals, authority, registrations\n    and certifications from time to time, and your failure to provide or\n    maintain any of the foregoing shall constitute a material breach of this\n    Agreement. Spesho (U) Ltd reserves the right to independently verify your\n    documentation from time to time in any way Spesho (U) Ltd deems appropriate\n    in its reasonable discretion.\n</p>", "level": 0}], [{"value": "<p>\n<strong><em>DRIVERS ACCOUNT</em></strong>\n</p>", "level": 1}, {"value": "<p>\n    Spesho (U) Ltd will issue you a Driver ID to enable you to access and use\n    the Driver App on a Device in accordance with this Agreement. Spesho (U)\n    Ltd reserves the right to deactivate your Driver ID if you have not\n    fulfilled a request for Transportation Services using the Driver App at\n    least once a month.\n</p>", "level": 0}, {"value": "<p>\n    You agree that you will maintain your Driver ID in confidence and not share\n    your Driver ID with any third party. You will immediately notify Spesho (U)\n    Ltd of any actual or suspected breach or improper use or disclosure of your\n    Driver ID or the Driver App.\n</p>", "level": 0}], [{"value": "<p>\n<strong><em>INDPENDENT CONTRACTOR</em></strong>\n</p>", "level": 1}, {"value": "<p>\n    Except as otherwise expressly provided herein with respect to Spesho (U)\n    Ltd acting as the limited payment collection agent solely for the purpose\n    of collecting payment from Users on your behalf, the relationship between\n    the parties under this Agreement is solely that of independent contracting\n    parties.\n</p>", "level": 0}, {"value": "<p>\n    You acknowledge and agree that Spesho (U) Ltd's provision to you of the\n    Driver App and the Spesho (U) Ltd Services creates a direct business\n    relationship between Spesho (U) Ltd and you. Spesho (U) Ltd does not, and\n    shall not be deemed to, direct or control you generally or in your\n    performance under this Agreement specifically, including in connection with\n    your provision of Transportation Services, your acts or omissions, or your\n    operation and maintenance of your Vehicle.\n</p>", "level": 0}, {"value": "<p>\n    You retain the sole right to determine when, where, and for how long you\n    will utilize the Driver App or the Spesho (U) Ltd Services. You retain the\n    option, via the Driver App, to attempt to accept or to decline or ignore a\n    User's request for Transportation Services via the Spesho (U) Ltd Services,\n    or to cancel an accepted request for Transportation Services via the Driver\n    App, subject to Spesho (U) Ltd's then current cancellation policies. With\n    the exception of any signage required by local law or permit/license\n    requirements, Spesho (U) Ltd shall have no right to require you to:\n</p>", "level": 0}, {"value": "<p>\n    Display Spesho (U) Ltd's or any of its Affiliates' names, logos or colors\n    on your Vehicle(s); or\n</p>", "level": 0}, {"value": "<p>\n    Wear a uniform or any other clothing displaying Spesho (U) Ltd's or any of\n    its Affiliates' names, logos or colors.\n</p>", "level": 0}, {"value": "<p>\n    You acknowledge and agree that you have complete discretion to provide\n    services or otherwise engage in other business or employment activities.\n    For the sake of clarity, you understand that you retain the complete right\n    to;\n</p>", "level": 0}, {"value": "<p>\n    use other software application services in addition to the Spesho (U) Ltd\n    Services; and\n</p>", "level": 0}, {"value": "<p>\n    engage in any other occupation or business.\n</p>", "level": 0}, {"value": "<p>\n    Spesho (U) Ltd retains the right to deactivate or otherwise restrict you\n    from accessing or using the Driver App or the Spesho (U) Ltd Services in\n    the event of a violation or alleged violation of this Agreement, your\n    disparagement of Spesho (U) Ltd or any of its Affiliates, your act or\n    omission that causes harm to Spesho (U) Ltd's or its Affiliates' brand,\n    reputation or business as determined by Spesho (U) Ltd in its sole\n    discretion.\n</p>", "level": 0}], [{"value": "<p>\n<strong><em>TRANSPORTATION SERVICES</em></strong>\n</p>", "level": 1}, {"value": "<p>\n    When the Driver App is active, User requests for Transportation Services\n    may appear to you via the Driver App if you are available and in the\n    vicinity of the User. If you accept a User's request for Transportation\n    Services, the Spesho (U) Ltd Services will provide you with certain User\n    Information via the Driver App, including the User's first name and pickup\n    location. In order to enhance User satisfaction with the Spesho (U) Ltd\n    mobile application and your Transportation Services, it is recommended that\n    you wait at least ten (10) minutes for a User to show up at the requested\n    pick up location. You will obtain the destination from the User, either in\n    person upon pickup or from the Driver App if the User elects to enter such\n    destination via SPESHO's mobile application. You acknowledge and agree that\n    once you have accepted a User's request for Transportation Services, Spesho\n    (U) Ltd's mobile application may provide certain information about you to\n    the User, including your first name, contact information, photo and\n    location, and your Vehicle's make and license plate number. You shall not\n    contact any Users or use any User's personal data for any reason other than\n    for the purposes of fulfilling Transportation Services. As between Spesho\n    (U) Ltd and you, you acknowledge and agree that:\n</p>", "level": 0}, {"value": "<p>\n    You shall be solely responsible for determining the most effective,\n    efficient and safe manner to perform each instance of Transportation\n    Services; and\n</p>", "level": 0}, {"value": "<p>\n    except for the Spesho (U) Ltd Services or any Spesho (U) Ltd Devices (if\n    applicable), you shall provide all necessary equipment, tools and other\n    materials, at your own expense, necessary to perform Transportation\n    Services.\n</p>", "level": 0}, {"value": "<p>\n    You acknowledge and agree that your provision of Transportation Services to\n    Users creates a direct business relationship between you and the User.\n    Spesho (U) Ltd is not responsible or liable for the actions or inactions of\n    a User in relation to you, your activities or your Vehicle. You shall have\n    the sole responsibility for any obligations or liabilities to Users or\n    third parties that arise from your provision of Transportation Services.\n</p>", "level": 0}, {"value": "<p>\n    You acknowledge and agree that you are solely responsible for taking such\n    precautions as may be reasonable and proper (including maintaining adequate\n    insurance that meets the requirements of all applicable laws) regarding any\n    acts or omissions of a User or third party. You acknowledge and agree that\n    Spesho (U) Ltd may release your contact and/or insurance information to a\n    User upon such User's reasonable request.\n</p>", "level": 0}, {"value": "<p>\n    You acknowledge and agree that, unless specifically consented to by a User,\n    you may not transport or allow inside your Vehicle individuals other than a\n    User and any individuals authorized by such User, during the performance of\n    Transportation Services for such User. You acknowledge and agree that all\n    Users should be transported directly to their specified destination, as\n    directed by the applicable User, without unauthorized interruption or\n    unauthorized stops.\n</p>", "level": 0}], [{"value": "<p>\n<strong><em>LOCATION BASED SERVICES</em></strong>\n</p>", "level": 1}, {"value": "<p>\n    You acknowledge and agree that your geo location information must be\n    provided to the Spesho (U) Ltd Services via a Device in order to provide\n    Transportation Services.\n</p>", "level": 0}, {"value": "<p>\n    You acknowledge and agree that:\n</p>", "level": 0}, {"value": "<p>\n    your geo location information may be obtained by the Spesho (U) Ltd\n    Services while the Driver App is running; and\n</p>", "level": 0}, {"value": "<p>\n    the approximate location of your Vehicle will be displayed to the User\n    before and during the provision of Transportation Services to such User. In\n    addition, Spesho (U) Ltd and its Affiliates may monitor, track and share\n    with third parties Driver's geo location information obtained by the Driver\n    App and Device for safety and security purposes.\n</p>", "level": 0}], [{"value": "<p>\n<strong><em>RATING THE SERVICE OFFERED</em></strong>\n</p>", "level": 1}, {"value": "<p>\n    You acknowledge and agree that:\n</p>", "level": 0}, {"value": "<p>\n    after receiving Transportation Services, a User will be prompted by Spesho\n    (U) Ltd's mobile application to provide a rating of you and such\n    Transportation Services and, optionally, to provide comments or feedback\n    about you and such Transportation Services; and\n</p>", "level": 0}, {"value": "<p>\n    You acknowledge that Spesho (U) Ltd desires that Users have access to high\n    quality services via Spesho (U) Ltd's mobile application. In order to\n    continue to receive access to the Driver App and the Spesho (U) Ltd\n    Services, you must maintain an average rating by Users that exceeds the\n    minimum average acceptable rating established by Spesho (U) Ltd for your\n    Territory, as may be updated from time to time by Spesho (U) Ltd in its\n    sole discretion (\"Minimum Average Rating\").\n</p>", "level": 0}, {"value": "<p>\n    Your average rating is intended to reflect Users' satisfaction with your\n    Transportation Services rather than your compliance with any of Spesho (U)\n    Ltd's policies or recommendations.\n</p>", "level": 0}, {"value": "<p>\n    In the event your average rating falls below the Minimum Average Rating,\n    Spesho (U) Ltd will notify you and may provide you, in Spesho (U) Ltd's\n    discretion, a limited period of time to raise your average rating above the\n    Minimum Average Rating. If you do not increase your average rating above\n    the Minimum Average Rating within the time period allowed (if any), Spesho\n    (U) Ltd reserves the right to deactivate your access to the Driver App and\n    the Spesho (U) Ltd Services. Additionally, you acknowledge that your\n    repeated failure to accept User requests for Transportation Services while\n    you are logged in to the\n</p>", "level": 0}, {"value": "<p>\n    Driver App creates a negative experience for Users of Spesho (U) Ltd's\n    mobile application. If you do not wish to accept User requests for\n    Transportation Services for a period of time, you agree that you will log\n    off of the Driver App.\n</p>", "level": 0}, {"value": "<p>\n    Spesho (U) Ltd and its Affiliates reserve the right to use, share and\n    display your and User ratings and comments in any manner in connection with\n    the business of Spesho (U) Ltd and its Affiliates without attribution to\n    you or your approval. You acknowledge and agree that Spesho (U) Ltd and its\n    Affiliates are distributors (without any obligation to verify) and not\n    publishers of your and User ratings and comments, provided that Spesho (U)\n    Ltd and its Affiliates reserve the right to edit or remove comments in the\n    event that such comments include obscenities or other objectionable\n    content, include an individual's name or other personal information, or\n    violate any privacy laws, other applicable laws or Spesho (U) Ltd's or its\n    Affiliates' content policies.\n</p>", "level": 0}, {"value": "<p>\n<strong><em>DEVICES</em></strong>\n    .\n</p>", "level": 0}, {"value": "<p>\n    The driver is advised to use their own Device in providing Transportation\n    Services:\n</p>", "level": 0}, {"value": "<p>\n    you are responsible for the acquisition, cost and maintenance of Your\n    Devices as well as any necessary wireless data plan; and\n</p>", "level": 0}, {"value": "<p>\n    Spesho (U) Ltd shall make available the Driver App for installation on Your\n    Device.\n</p>", "level": 0}, {"value": "<p>\n    If you elect to use any Spesho (U) Ltd Devices, Spesho (U) Ltd will supply\n    you upon request with Spesho (U) Ltd Devices and provide the necessary\n    wireless data plan for such Devices, provided that Spesho (U) Ltd will\n    require reimbursement from you within three months for the cost associated\n    with purchasing the Devise and for the costs associated with the wireless\n    data, Spesho (U) Ltd will make monthly deductions of the same. You agree\n    that the said Devise only seizes being the property of Spesho (U) Ltd upon\n    the drivers full reimbursement of the costs associated with purchasing the\n    Device\n</p>", "level": 0}, {"value": "<p>\n    SPESHO (U) LIMITED SHALL NOT BE RESPONSIBLE OR LIABLE FOR ANY FEES, COSTS,\n    OR OVERAGE CHARGES ASSOCIATED WITH ANY DATA PLAN.\n</p>", "level": 0}], [{"value": "<p>\n<strong><em>VEHICLE</em></strong>\n</p>", "level": 1}, {"value": "<p>\n    Vehicle Requirements\n</p>", "level": 0}, {"value": "<p>\n    You acknowledge and agree that your Vehicle shall at all times be:\n</p>", "level": 0}, {"value": "<p>\n    Properly registered and licensed to operate as a passenger transportation\n    vehicle in the Uganda;\n</p>", "level": 0}, {"value": "<p>\n    Owned or leased by you, or otherwise in your lawful possession;\n</p>", "level": 0}, {"value": "<p>\n    Suitable for performing the passenger transportation services contemplated\n    by this Agreement; and\n</p>", "level": 0}, {"value": "<p>\n    Maintained in good operating condition, consistent with industry safety and\n    maintenance standards for a Vehicle of its kind and any additional\n    standards or requirements in the applicable Territory, and in a clean and\n    sanitary condition.\n</p>", "level": 0}], [{"value": "<p>\n<strong><em>PAYMENT TERMS</em></strong>\n</p>", "level": 1}, {"value": "<p>\n<em>Fare Calculation and Driver's Payment</em>\n    .\n</p>", "level": 0}, {"value": "<p>\n    The driver is entitled to charge a fare for each instance of completed\n    Transportation Services provided to a User that are obtained via the Spesho\n    (U) Ltd Services (\"Fare\"), where such Fare is calculated based upon a base\n    fare amount plus distance (as determined by Spesho (U) Ltd using location\n    based services enabled through the Device) and/or time amounts, for the\n    applicable Territory (\"Fare Calculation\"). You acknowledge and agree that\n    the Fare provided under the Fare Calculation is the only payment you will\n    receive in connection with the provision of Transportation Services, and\n    that neither the Fare nor the Fare Calculation includes any gratuity. You\n    are also entitled to charge User for any Tolls, taxes or fees incurred\n    during the provision of Transportation Services, if applicable.\n</p>", "level": 0}, {"value": "<p>\n    You:\n</p>", "level": 0}, {"value": "<p>\n    appoint Spesho (U) Ltd as your limited payment collection agent solely for\n    the purpose of accepting the Fare, applicable Tolls and, depending on the\n    region and/or if requested by you, applicable taxes and fees from the User\n    on your behalf via the payment processing functionality facilitated by the\n    Spesho (U) Ltd Services; and\n</p>", "level": 0}, {"value": "<p>\n    agree that payment made by User to Spesho (U) Ltd (or to an Affiliate of\n    Spesho (U) Ltd acting as an agent of Spesho (U) Ltd) shall be considered\n    the same as payment made directly by User to you. In addition, the parties\n    acknowledge and agree that as between you and Spesho (U) Ltd, the Fare is a\n    recommended amount, and the primary purpose of the pre-arranged Fare is to\n    act as the default amount\n</p>", "level": 0}, {"value": "<p>\n    .\n</p>", "level": 0}, {"value": "<p>\n<strong><em>Changes to Fare Calculation</em></strong>\n    .\n</p>", "level": 0}, {"value": "<p>\n    Spesho (U) Ltd reserves the right to change the Fare Calculation at any\n    time in Spesho (U) Ltd's discretion based upon local market factors, and\n    Spesho (U) Ltd will provide you with notice in the event of changes to the\n    base fare, per mile, and/or per minute amounts that would result in a\n    change in the recommended Fare. Continued use of the Spesho (U) Ltd\n    Services after any such change in the Fare Calculation shall constitute\n    your consent to such change.\n</p>", "level": 0}, {"value": "<p>\n<strong><em>Fare Adjustment</em>. </strong>\n</p>", "level": 0}, {"value": "<p>\n    Spesho (U) Ltd reserves the right to: (i) adjust the Fare for a particular\n    instance of Transportation Services (e.g., you took an inefficient route,\n    you failed to properly end a particular instance of Transportation Services\n    in the Driver App, technical error in the Spesho (U) Ltd Services, etc.);\n    or (ii) cancel the Fare for a particular instance of Transportation\n    Services (e.g., User is charged for Transportation Services that were not\n    provided, in the event of a User complaint, fraud, etc.). Spesho (U) Ltd's\n    decision to reduce or cancel the Fare in any such manner shall be exercised\n    in a reasonable manner.\n</p>", "level": 0}, {"value": "<p>\n<strong><em>Service Fee.</em></strong>\n</p>", "level": 0}, {"value": "<p>\n    In consideration of Spesho (U) Ltd's provision of the Driver App and the\n    Spesho (U) Ltd Services for your use and benefit hereunder, you agree to\n    pay Spesho (U) Ltd a service fee on a per Transportation Services\n    transaction basis calculated at <strong>25 </strong>% percentage of the\n    Fare determined by the Fare Calculation, as provided to you via email or\n    otherwise made available electronically by Spesho (U) Ltd from time to time\n    for the applicable Territory (\"Service Fee\"). In the event regulations\n    applicable to your Territory require taxes to be calculated on the Fare,\n    Spesho (U) Ltd shall calculate the Service Fee based on the Fare net of\n    such taxes. Spesho (U) Ltd reserves the right to change the Service Fee at\n    any time in Spesho (U) Ltd's discretion based upon local market factors,\n    and Spesho (U) Ltd will provide you with notice in the event of such\n    change. Continued use of the Spesho (U) Ltd Services after any such change\n    in the Service Fee calculation shall constitute your consent to such\n    change.\n</p>", "level": 0}, {"value": "<p>\n<strong><em>Mode of payment.</em></strong>\n</p>", "level": 0}, {"value": "<p>\n    Payment may be made by mobile money, credit/Debit card, cash or other\n    preferred payment method designated in your Account.\n</p>", "level": 0}], [{"value": "<p>\n<strong></strong>\n<br/>\n</p>", "level": 1}, {"value": "<p>\n<strong><em>Cancellation Charges. </em></strong>\n</p>", "level": 0}, {"value": "<p>\n    You acknowledge and agree that Users may elect to cancel requests for\n    Transportation Services that have been accepted by you via the Driver App\n    at any time prior to your arrival. In the event that a User cancels an\n    accepted request for Transportation Services, Spesho (U) Ltd may charge the\n    User a cancellation fee on your behalf. If charged, this cancellation fee\n    shall be deemed the Fare for the cancelled Transportation Services for the\n    purpose of remittance to you hereunder (\"Cancellation Fee\").\n</p>", "level": 0}, {"value": "<p>\n<strong><em>Receipts.</em></strong>\n</p>", "level": 0}, {"value": "<p>\n    As part of the Spesho (U) Ltd Services, Spesho (U) Ltd provides you a\n    system for the delivery of Receipts to Users for Transportation Services\n    rendered. Upon your completion of Transportation Services for a User,\n    Company prepares an applicable receipt and issues such receipt to the User\n    via email on your behalf. Such receipts are also provided to you via email\n    or the online portal available to you through the Spesho (U) Ltd Services.\n    Receipts include the breakdown of amounts charged to the User for\n    Transportation Services and may include specific information about you,\n    including your name, contact information and photo, as well as a map of the\n    route you took.\n</p>", "level": 0}, {"value": "<p>\n    Any corrections to a User's receipt for Transportation Services must be\n    submitted to Spesho (U) Ltd in writing within three (3) business days after\n    the completion of such Transportation Services. Absent such a notice,\n    Spesho (U) Ltd shall not be liable for any mistakes in or corrections to\n    the receipt or for recalculation or disbursement of the Fare.\n</p>", "level": 0}, {"value": "<p>\n<strong><em>No Additional Amounts.</em></strong>\n</p>", "level": 0}, {"value": "<p>\n    You acknowledge and agree that, for the mutual benefit of the parties,\n    through advertising and marketing, Spesho (U) Ltd and its Affiliates may\n    seek to attract new Users to Spesho (U) Ltd and to increase existing Users'\n    use of Spesho (U) Ltd's mobile application. You acknowledge and agree such\n    advertising or marketing does not entitle you to any additional monetary\n    amounts beyond the amounts expressly set forth in this Agreement.\n</p>", "level": 0}], [{"value": "<p>\n<strong><em></em></strong>\n<br/>\n</p>", "level": 1}, {"value": "<p>\n<strong><em>Taxes.</em></strong>\n</p>", "level": 0}, {"value": "<p>\n    You acknowledge and agree that you are required to:\n</p>", "level": 0}, {"value": "<p>\n    Complete all tax registration obligations and calculate and remit all tax\n    liabilities related to your provision of Transportation Services as\n    required by applicable law; and\n</p>", "level": 0}, {"value": "<p>\n    Provide Spesho (U) Ltd with all relevant tax information. You further\n    acknowledge and agree that you are responsible for taxes on your own income\n    arising from the performance of Transportation Services. Notwithstanding\n    anything to the contrary in this Agreement, Spesho (U) Ltd may in its\n    reasonable discretion based on applicable tax and regulatory\n    considerations, collect and remit taxes resulting from your provision of\n    Transportation Services and/or provide any of the relevant tax information\n    you have provided pursuant to the foregoing requirements in this Section\n    directly to the applicable governmental tax authorities on your behalf or\n    otherwise.\n</p>", "level": 0}], [{"value": "<p>\n<strong><em>PROPRIETARY RIGHTS; LICENSE</em></strong>\n</p>", "level": 1}, {"value": "<p>\n<strong><em>6.1 License Grant.</em></strong>\n</p>", "level": 0}, {"value": "<p>\n    Subject to the terms and conditions of this Agreement, Spesho (U) Ltd\n    hereby grants you a non-exclusive, non-transferable, non-sub licensable,\n    non-assignable license, during the term of this Agreement, to use the\n    Spesho (U) Ltd Services (including the Driver App on a Device) solely for\n    the purpose of providing Transportation Services to Users and tracking\n    resulting Fares and\n</p>", "level": 0}, {"value": "<p>\n    Fees. All rights not expressly granted to you are reserved by Spesho (U)\n    Ltd, its Affiliates and their respective licensors.\n</p>", "level": 0}], [{"value": "<p>\n<strong><em>CONFIDENTIALITY</em></strong>\n</p>", "level": 1}, {"value": "<p>\n    Each party acknowledges and agrees that in the performance of this\n    Agreement it may have access to or may be exposed to, directly or\n    indirectly, confidential information of the other party (\"Confidential\n    Information\"). Confidential Information includes Spesho (U) Ltd Data,\n    Driver IDs, User Information, and the transaction volume, marketing and\n    business plans, business, financial, technical, operational and such other\n    non- public information of each party (whether disclosed in writing or\n    verbally) that such party designates as being proprietary or confidential\n    or of which the other party should reasonably know that it should be\n    treated as confidential.\n</p>", "level": 0}, {"value": "<p>\n    Each party acknowledges and agrees that: (a) all Confidential Information\n    shall remain the exclusive property of the disclosing party; (b) it shall\n    not use Confidential Information of the other party for any purpose except\n    in furtherance of this Agreement; (c) it shall not disclose\n</p>", "level": 0}, {"value": "<p>\n    Confidential Information of the other party to any third party, except to\n    its employees, officers, contractors, agents and service providers\n    (\"Permitted Persons\") as necessary to perform under this Agreement,\n    provided Permitted Persons are bound in writing to obligations of\n    confidentiality and non-use of Confidential Information no less protective\n    than the terms hereof; and (d) it shall return or destroy all Confidential\n    Information of the disclosing party, upon the termination of this Agreement\n    or at the request of the other party (subject to applicable law and, with\n    respect to Spesho (U) Ltd, its internal record-keeping requirements).\n</p>", "level": 0}, {"value": "<p>\n    Notwithstanding the foregoing, Confidential Information shall not include\n    any information to the extent it:\n</p>", "level": 0}, {"value": "<p>\n    Is or becomes part of the public domain through no act or omission on the\n    part of the receiving party;\n</p>", "level": 0}, {"value": "<p>\n    Was possessed by the receiving party prior to the date of this Agreement\n    without an obligation of confidentiality;\n</p>", "level": 0}, {"value": "<p>\n    Is disclosed to the receiving party by a third party having no obligation\n    of confidentiality with respect thereto; or (d) is required to be disclosed\n    pursuant to law, court order, subpoena or governmental authority, provided\n    the receiving party notifies the disclosing party thereof and provides the\n    disclosing party a reasonable opportunity to contest or limit such required\n    disclosure.\n</p>", "level": 0}], [{"value": "<p>\n<strong><em></em></strong>\n<br/>\n</p>", "level": 1}], [{"value": "<p>\n<strong><em>REPRESENTATIONS AND WARRANTIES; DISCLAIMERS</em></strong>\n</p>", "level": 1}, {"value": "<p>\n    By You.\n</p>", "level": 0}, {"value": "<p>\n    You hereby represent and warrant that: (a) you have full power and\n    authority to enter into this Agreement and perform your obligations\n    hereunder; (b) you have not entered into, and during the term will not\n    enter into, any agreement that would prevent you from complying with this\n    Agreement; and (c) you will comply with all applicable laws in your\n    performance of this Agreement, including holding and complying with all\n    permits, licenses, registrations and other governmental authorizations\n    necessary to provide\n</p>", "level": 0}, {"value": "<p>\n    Transportation Services using the Vehicles pursuant to this Agreement, and\n</p>", "level": 0}, {"value": "<p>\n    Passenger transportation services to third parties in the Territory\n    generally.\n</p>", "level": 0}], [{"value": "<p>\n<strong><em></em></strong>\n<br/>\n</p>", "level": 1}], [{"value": "<p>\n<strong><em></em></strong>\n<br/>\n</p>", "level": 1}, {"value": "<p>\n<strong><em>DISCLAIMER OF WARRANTIES</em></strong>\n    .\n</p>", "level": 0}, {"value": "<p>\n    SPESHO (U) LTD ANDITS AFFILIATESPROVIDE, AND YOU ACCEPT,THE SPESHO (U)\n    LTDSERVICES,DRIVER APP AND THE SPESHO (U) LTD DEVICES ON AN \"AS IS\" AND \"AS\n    AVAILABLE\"BASIS.SPESHO (U) LTD AND ITS AFFILIATES DO NOT REPRESENT,WARRANT\n    OR GUARANTEE THAT YOUR ACCESS TO OR USE OF THE SPESHO (U) LTD SERVICES,\n    DRIVER APP OR THE SPESHO (U) LTD DEVICES: (A)WILL BE UNINTERRUPTED OR ERROR\n    FREE; OR (B) WILL RESULT IN ANY REQUESTS FOR TRANSPORTATION SERVICES.SPESHO\n    (U) LTD AND ITS AFFILIATES FUNCTION AS AN ON \u00ef\u00bf\u00bdDEMAND LEAD GENERATION AND\n    RELATED SERVICE ONLY AND MAKE NO REPRESENTATIONS,WARRANTIES OR GUARANTEES\n    AS TO THE ACTIONS OR IN ACTIONS OF THE USERS WHO MAY REQUEST OR RECEIVE\n    TRANSPORTATION SERVICES FROM YOU,AND SPESHO (U) LTD AND ITS AFFILIATES DO\n    NOT SCREEN OR OTHERWISE EVALUATE USERS.BY USING THE SPESHO (U) LTD SERVICES\n    AND DRIVER APP,YOU ACKNOWLEDGE AND AGREE THAT YOU MAY BE INTRODUCED TO A\n    THIRD PARTY THAT MAY POSEHARM OR RISK TO YOU OR OTHER THIRD PARTIES.YOU ARE\n    ADVISED TO TAKE REASONABLE PRECAUTIONS WITH RESPECT TO INTERACTIONS WITH\n    THIRD PARTIES ENCOUNTERED IN CONNECTION WITH THE USE OF THE SPESHO (U) LTD\n    SERVICES OR DRIVERAPP.NOTWITHSTANDING SPESHO (U) LTD'S APPOINTMENT AS THE\n    LIMITED PAYMENTCOLLECTION AGENT OF YOU FOR THE PURPOSEOF ACCEPTING PAYMENT\n    FROM USERS ON YOUR BEHALF AS SETFORTH IN ABOVE,SPESHO (U) LTD AND ITS\n    AFFILIATES EXPRESSLY DISCLAIM ALL LIABILITY FOR ANY ACT OR OMISSION OF YOU,\n    ANY USER OR OTHER THIRD PARTY.\n</p>", "level": 0}, {"value": "<p>\n<strong><em>Limits of Liability</em></strong>\n    .\n</p>", "level": 0}, {"value": "<p>\n    SPESHO (U) LTD AND ITS AFFILIATES SHALL NOT BE LIABLE UNDER OR RELATED TO\n    THIS AGREEMENT FOR ANY OF THE FOLLOWING, WHETHER BASED ON CONTRACT, TORT OR\n    ANY OTHER LEGAL THEORY, EVEN IF A PARTY HAS BEEN ADVISED OF THE POSSIBILITY\n    OF SUCH DAMAGES:\n</p>", "level": 0}, {"value": "<p>\n    ANY INCIDENTAL, PUNITIVE, SPECIAL, EXEMPLARY, CONSEQUENTIAL, OR OTHER\n    INDIRECT DAMAGES OF ANY TYPE OR KIND; OR\n</p>", "level": 0}, {"value": "<p>\n    (YOUR OR ANY THIRD PARTY'S PROPERTY DAMAGE, OR LOSS OR INACCURACY OF DATA,\n    OR LOSS OF BUSINESS, REVENUE, PROFITS, USE OR OTHER ECONOMIC ADVANTAGE.\n    EXCEPT FOR SPESHO (U) LTD'S OBLIGATIONS TO PAY AMOUNTS DUE TO YOU PURSUANT\n    TO SECTION 5.0 ABOVE, BUT SUBJECT TO ANY LIMITATIONS OR OTHER PROVISIONS\n    CONTAINED IN THIS AGREEMENT WHICH ARE APPLICABLE THERETO, IN NO EVENT SHALL\n    THE LIABILITY OF SPESHO (U) LTD OR ITS AFFILIATES UNDER THIS AGREEMENT\n    EXCEED THE AMOUNT OF SERVICE FEES ACTUALLY PAID TO OR DUE TO SPESHO (U) LTD\n    HEREUNDER IN THE SIX (6) MONTH PERIOD IMMEDIATELY PRECEDING THE EVENT\n    GIVING RISE TO SUCH CLAIM.\n</p>", "level": 0}], [{"value": "<p>\n<strong><em>TERM AND TERMINATION</em></strong>\n</p>", "level": 1}, {"value": "<p>\n<strong><em>Term.</em></strong>\n</p>", "level": 0}, {"value": "<p>\n    This Agreement shall commence on the date accepted by you and shall\n    continue until terminated as set forth herein.\n</p>", "level": 0}, {"value": "<p>\n    Termination.\n</p>", "level": 0}, {"value": "<p>\n    Either party may terminate this Agreement:\n</p>", "level": 0}, {"value": "<p>\n    Without cause at any time upon seven (7) days prior written notice to the\n    other party;\n</p>", "level": 0}, {"value": "<p>\n    Immediately, without notice, for the other party's material breach of this\n    Agreement; or\n</p>", "level": 0}, {"value": "<p>\n    Immediately, without notice, in the event of the insolvency or bankruptcy\n    of the other party, or upon the other party's filing or submission of\n    request for suspension of payment (or similar action or event) against the\n    terminating party. In addition, Spesho (U) Ltd may terminate this Agreement\n    or deactivate your Driver ID immediately, without notice, with respect to\n    you in the event you no longer qualify, under applicable law or the\n    standards and policies of Spesho (U) Ltd and its Affiliates, to provide\n    Transportation Services or to operate the Vehicle, or as otherwise set\n    forth in this Agreement.\n</p>", "level": 0}, {"value": "<p>\n<strong><em>Effect of Termination</em>.</strong>\n</p>", "level": 0}, {"value": "<p>\n    Upon termination of the Agreement, you shall:\n</p>", "level": 0}, {"value": "<p>\n    Promptly return to Spesho (U) Ltd all Spesho (U) Ltd Devices; and\n</p>", "level": 0}, {"value": "<p>\n    Immediately delete and fully remove the Driver App from any of Your\n    Devices. Outstanding payment obligations and Sections 3, 5, 6, 8 shall\n    survive the termination of this Agreement.\n</p>", "level": 0}], [{"value": "<p>\n<strong><em>MISCELLANEOUS TERMS</em></strong>\n</p>", "level": 1}, {"value": "<p>\n<strong><em>Modification. </em></strong>\n</p>", "level": 0}, {"value": "<p>\n    In the event Spesho (U) Ltd modifies the terms and conditions of this\n    Agreement at any time, such modifications shall be binding on you only upon\n    your acceptance of the modified Agreement. Spesho (U) Ltd reserves the\n    right to modify any information referenced at hyperlinks from this\n    Agreement from time to time. You hereby acknowledge and agree that, by\n    using the Spesho (U) Ltd Services, or downloading, installing or using the\n    Driver App, you are bound by any future amendments and additions to\n    information referenced at hyperlinks herein, or documents incorporated\n    herein, including with respect to Fare Calculations. Continued use of the\n    Spesho (U) Ltd Services or Driver App after any such changes shall\n    constitute your consent to such changes. Unless changes are made to the\n    arbitration provisions herein, you acknowledge and agree that modification\n    of this Agreement does not create a renewed opportunity to opt out of\n    arbitration.\n</p>", "level": 0}], [{"value": "<p>\n<strong><em></em></strong>\n<br/>\n</p>", "level": 1}, {"value": "<p>\n<strong><em>Severability.</em></strong>\n</p>", "level": 0}, {"value": "<p>\n    If any provision of this Agreement is or becomes invalid or non-binding,\n    the parties shall remain bound by all other provisions hereof. In that\n    event, the parties shall replace the invalid or non-binding provision with\n    provisions that are valid and binding and that have, to the greatest extent\n    possible, a similar effect as the invalid or non-binding provision, given\n    the contents and purpose of this Agreement.\n</p>", "level": 0}, {"value": "<p>\n<strong><em>Assignment.</em></strong>\n</p>", "level": 0}, {"value": "<p>\n    Neither party shall assign or transfer this Agreement or any of its rights\n    or\n</p>", "level": 0}, {"value": "<p>\n    obligations hereunder, in whole or in part, without the prior written\n    consent of the other party; provided that Spesho (U) Ltd may assign or\n    transfer this Agreement or any or all of its rights or obligations under\n    this Agreement from time to time without consent:\n</p>", "level": 0}, {"value": "<p>\n    To an Affiliate; or\n</p>", "level": 0}, {"value": "<p>\n    To an acquirer of all or substantially all of Spesho (U) Ltd's business,\n    equity or assets.\n</p>", "level": 0}], [{"value": "<p>\n<strong><em></em></strong>\n<br/>\n</p>", "level": 1}, {"value": "<p>\n<strong><em>Entire Agreement.</em></strong>\n</p>", "level": 0}, {"value": "<p>\n    This Agreement, including all Supplemental Terms, constitutes the entire\n    agreement and understanding of the parties with respect to its subject\n    matter and replaces and supersedes all prior or contemporaneous agreements\n    or undertakings regarding such subject matter. In this Agreement, the words\n    \"including\" and \"include\" mean \"including, but not limited to.\" The\n    recitals form a part of this Agreement.\n</p>", "level": 0}, {"value": "<p>\n<strong><em>Indemnity.</em></strong>\n</p>", "level": 0}, {"value": "<p>\n    You agree to indemnify and hold Spesho Uganda Limited and its officers,\n    directors, employees and agents harmless from any and all claims, demands,\n    losses, liabilities, and expenses (including attorneys' fees) arising out\n    of or in connection with: (i) your use of the Services or services or goods\n    obtained through your use of the Services; (ii) your breach or violation of\n    any of these Terms; (iii) Spesho Uganda Limited's use of your User Content;\n    or (iv) your violation of the rights of any third party, including Third\n    Party Providers.\n</p>", "level": 0}, {"value": "<p>\n<strong><em>CLAIMS OF COPYRIGHT INFRINGEMENT.</em></strong>\n</p>", "level": 0}, {"value": "<p>\n    Claims of copyright infringement should be sent to Spesho Uganda Limited's\n    designated agent. Please visit Spesho Uganda Limited's web page at\n    <a href='\"https://www.speshotaxi.co.ug/legal\"'>\n        https://www.speshotaxi.co.ug/legal\n    </a>\n    for the designated address and additional information.\n</p>", "level": 0}, {"value": "<p>\n<strong>NOTICE.</strong>\n</p>", "level": 0}, {"value": "<p>\n    Spesho Uganda Limited may give notice by means of a general notice on the\n    Services, electronic mail to your email address in your Account, or by\n    written communication sent to your address as set forth in your Account.\n    You may give notice to Spesho Uganda Limited by written communication to\n    Spesho Uganda Limited's address at P.O. Box 11525, Plot 23 Luthuli Avenue,\n    Kampala, Uganda.\n</p>", "level": 0}], [{"value": "<p>\n<strong><em>GOVERNING LAW AND ARBITRATION</em></strong>\n</p>", "level": 1}, {"value": "<p>\n    Any disputes, actions, claims or causes of action arising out of or in\n    connection with this Agreement or the Spesho (U) Ltd Services that are not\n    subject to the arbitration clause contained below shall be subject to the\n    exclusive jurisdiction of the Ugandan law and Courts of Law. The failure of\n    Spesho (U) Ltd to enforce any right or provision in this Agreement shall\n    not constitute a waiver of such right or provision unless acknowledged and\n    agreed to by Spesho (U) Ltd in writing.\n</p>", "level": 0}], [{"value": "<p>\n<strong><em>Arbitration Provision</em></strong>\n</p>", "level": 1}, {"value": "<p>\n    Important Note Regarding this Arbitration Provision:\n</p>", "level": 0}, {"value": "<p>\n    Except as provided below, arbitration does not limit or affect the legal\n    claims you may bring against the Spesho (U) Ltd. Agreeing to arbitration\n    only affects where any such claims may be brought and how they will be\n    resolved.\n</p>", "level": 0}, {"value": "<p>\n    Arbitration is a process of private dispute resolution that does not\n    involve the civil courts, a civil judge, or a jury. Instead, the parties'\n    dispute is decided by a private arbitrator selected by the parties using\n    the process set forth herein. Other arbitration rules and procedures are\n    also set forth herein.\n</p>", "level": 0}, {"value": "<p>\n    Unless the law requires otherwise, as determined by the Arbitrator based\n    upon the circumstances presented, you will be required to split the cost of\n    any arbitration with the Spesho (U) Ltd.\n</p>", "level": 0}, {"value": "<p>\n    Arbitration, with the exception of proceedings that must be exhausted under\n    applicable law before pursuing a claim in a court of law or in any forum\n    other than arbitration.\n</p>", "level": 0}, {"value": "<p>\n<strong><em>GENERAL.</em></strong>\n</p>", "level": 0}, {"value": "<p>\n    You may not assign or transfer these Terms in whole or in part without\n    Spesho Uganda Limited's prior written approval. You give your approval to\n    Spesho Uganda Limited for it to assign or transfer these Terms in whole or\n    in part, including to: (i) a subsidiary or affiliate; (ii) an acquirer of\n    Spesho Uganda Limited's equity, business or assets; or (iii) a successor by\n    merger. No joint venture, partnership, employment or agency relationship\n    exists between you, Spesho Uganda Limited or any Third Party Provider as a\n    result of the contract between you and Spesho Uganda Limited or use of the\n    Services.\n</p>", "level": 0}, {"value": "<p>\n    If any provision of these Terms is held to be illegal, invalid or\n    unenforceable, in whole or in part, under any law, such provision or part\n    thereof shall to that extent be deemed not to form part of these Terms but\n    the legality, validity and enforceability of the other provisions in these\n    Terms shall not be affected. In that event, the parties shall replace the\n    illegal, invalid or unenforceable provision or part thereof with a\n    provision or part thereof that is legal, valid and enforceable and that\n    has, to the greatest extent possible, a similar effect as the illegal,\n    invalid or unenforceable provision or part thereof, given the contents and\n    purpose of these Terms. These Terms constitute the entire agreement and\n    understanding of the parties with respect to its subject matter and\n    replaces and supersedes all prior or contemporaneous agreements or\n    undertakings regarding such subject matter. In these Terms, the words\n    \"including\" and \"include\" mean \"including, but not limited to.\"\n</p>", "level": 0}, {"value": "<div style=\"margin-top:15%\"><center>-----------------------------------------------------------------</center></div>", "level": 0}, {"value": "<p>\n<strong>SPESHO UGANDA LIMITED <hr/> </strong>\n    is a private limited liability company established in the Uganda that\n    enable an authorized transportation provider to seek, receive and fulfill\n    requests for transportation services from an authorized user of Spesho\n    applications.\n</p>", "level": 0}], [{"value": "<p>\n<strong></strong>\n<br/>\n</p>", "level": 1}], [{"value": "<p>\n<strong>SPESHO TERMS AND CONDITIONS FOR THE USER</strong>\n</p>", "level": 1}, {"value": "<p>\n    Definitions\n</p>", "level": 0}, {"value": "<p>\n    \"Addendum\" means an addendum or supplemental information to this Agreement\n    setting forth additional Territory-specific terms, as made available and as\n    updated by SPESHO from time to time.\n</p>", "level": 0}, {"value": "<p>\n    \"App\" means the mobile application provided by Spesho (U) Ltd that enables\n    (Third parties) transportation providers to access the Spesho (U) Ltd\n    Services for the purpose of seeking, receiving and fulfilling on-demand\n    requests for transportation services by Users, as may be updated or\n    modified from time to time.\n</p>", "level": 0}, {"value": "<p>\n    \"Users Account\" means the identification and password key assigned by\n    Spesho (U) Ltd to you that enables you to use and access the Driver App.\n</p>", "level": 0}, {"value": "<p>\n    \"Payment\" has the meaning set forth in Section 10.\n</p>", "level": 0}, {"value": "<p>\n    \"Service\" has the meaning set forth in Section 2.\n</p>", "level": 0}, {"value": "<p>\n    \"Transportation Services\" means your provision of passenger transportation\n    services to Users via the Spesho (U) Ltd Services in the Territory using\n    the Vehicle.\n</p>", "level": 0}, {"value": "<p>\n    \"Third Party Provider\" means a driver that provides you with passenger\n    transportation services to via the Spesho (U) Ltd Services in the Territory\n    using the Vehicle.\n</p>", "level": 0}, {"value": "<p>\n    \"Spesho (U) Ltd Services\" mean Spesho (U) Ltd's on demand lead generation\n    and related services licensed by Spesho (U) Ltd to Spesho (U) Ltd that\n    enable transportation providers to seek, receive and fulfill on-demand\n    requests for transportation services by Users seeking transportation\n    services; such Spesho (U) Ltd Services include access to the Driver App and\n    Spesho (U) Ltd's software, websites, payment services as described below,\n    and related support services systems, as may be updated or modified from\n    time to time.\n</p>", "level": 0}, {"value": "<p>\n    \"User\" means an end user authorized by Spesho (U) Ltd to use the Spesho (U)\n    Ltd mobile application for the purpose of obtaining Transportation Services\n    offered by Spesho (U) Ltd's transportation provider customers.\n</p>", "level": 0}, {"value": "<p>\n    \"User Information\" means information about a User made available to you in\n    connection with such User's request for and use of Transportation Services,\n    which may include the User's name, pick-up location, contact information\n    and photos.\n</p>", "level": 0}, {"value": "<p>\n    \"Vehicle\" means your vehicle that:\n</p>", "level": 0}, {"value": "<p>\n    meets the then current Spesho (U) Ltd requirements for a vehicle on the\n    Spesho (U) Ltd Services; and\n</p>", "level": 0}, {"value": "<p>\n    Spesho (U) Ltd authorizes for your use for the purpose of providing\n    Transportation Services.\n</p>", "level": 0}, {"value": "<p>\n    \"Your Device\" means a mobile device owned or controlled by you:\n</p>", "level": 0}], [{"value": "<p>\n<strong></strong>\n<br/>\n</p>", "level": 1}, {"value": "<p>\n<strong> Contractual Relationship</strong>\n</p>", "level": 0}, {"value": "<p>\n    These Terms of Use (\"<em>Terms</em>\") govern the access or use by you, an\n    individual, from within Uganda of applications, websites, content,\n    products, and services (the \"<em>Services</em>\") made available by Spesho\n    Uganda Limited.\n</p>", "level": 0}, {"value": "<p>\n<strong>\n        PLEASE READ THESE TERMS CAREFULLY BEFORE ACCESSING OR USING THE\n        SERVICES\n    </strong>\n    .\n</p>", "level": 0}, {"value": "<p>\n    Your access and use of the Services constitutes your agreement to be bound\n    by these Terms, which establishes a contractual relationship between you\n    and Spesho (U) Limited. If you do not agree to these Terms, you may not\n    access or use the Services.\n</p>", "level": 0}, {"value": "<p>\n    These Terms expressly supersede prior agreements or arrangements with you.\n    Spesho Uganda Limited may immediately terminate these Terms or any Services\n    with respect to you, or generally cease offering or deny access to the\n    Services or any portion thereof, at any time for any reason.\n</p>", "level": 0}, {"value": "<p>\n    Supplemental terms may apply to certain Services, such as policies for a\n    particular event, activity or promotion, and such supplemental terms will\n    be disclosed to you in connection with the applicable Services.\n    Supplemental terms are in addition to, and shall be deemed a part of, the\n    Terms for the purposes of the applicable Services. Supplemental terms shall\n    prevail over these Terms in the event of a conflict with respect to the\n    applicable Services.\n</p>", "level": 0}, {"value": "<p>\n    Spesho Uganda Limited may amend the Terms related to the Services from time\n    to time. Amendments will be effective upon Spesho Uganda Limited's posting\n    of such updated Terms at this location or the amended policies or\n    supplemental terms on the applicable Service. Your continued access or use\n    of the Services after such posting constitutes your consent to be bound by\n    the Terms, as amended.\n</p>", "level": 0}, {"value": "<p>\n    Our collection and use of personal information in connection with the\n    Services is as provided in Spesho Uganda Limited's Privacy Policy located\n    at\n    <a href=\"http://www.speshotaxi.co.ug/legal\">\n        http://www.speshotaxi.co.ug/legal\n    </a>\n    . Spesho Uganda Limited may provide to a claims processor or an insurer any\n    necessary information (including your contact information) if there is a\n    complaint, dispute or conflict, which may include an accident, involving\n    you and a Third Party Provider (including a transportation network company\n    driver) and such information or data is necessary to resolve the complaint,\n    dispute or conflict.\n</p>", "level": 0}, {"value": "<p>\n<strong> The Services</strong>\n</p>", "level": 0}, {"value": "<p>\n    The Services constitute a technology platform that enables users of Spesho\n    Uganda Limited's mobile applications or websites provided as part of the\n    Services (each, an \"<em>Application</em>\") to arrange and schedule\n    transportation and/or logistics services with independent third party\n    providers of such services, including independent third party\n    transportation providers and independent third party logistics providers\n    under agreement with Spesho Uganda Limited or certain of Spesho Uganda\n    Limited's affiliates (\"<em>Third Party Providers</em>\"). Unless otherwise\n    agreed by Spesho Uganda Limited in a separate written agreement with you,\n    the Services are made available solely for your personal, noncommercial\n    use. YOU ACKNOWLEDGE THAT SPESHO UGANDA LIMITED DOES NOT PROVIDE\n    TRANSPORTATION OR LOGISTICS SERVICES OR FUNCTION AS A TRANSPORTATION\n    CARRIER AND THAT ALL SUCH TRANSPORTATION OR LOGISTICS SERVICES ARE PROVIDED\n    BY INDEPENDENT THIRD PARTY CONTRACTORS WHO ARE NOT EMPLOYED BY SPESHO\n    UGANDA LIMITED OR ANY OF ITS AFFILIATES.\n</p>", "level": 0}, {"value": "<p>\n<strong>License.</strong>\n</p>", "level": 0}, {"value": "<p>\n    Subject to your compliance with these Terms, Spesho Uganda Limited grants\n    you a limited, non-exclusive, non-sub licensable, revocable,\n    non-transferrable license to:\n</p>", "level": 0}, {"value": "<p>\n    access and use the Applications on your personal device solely in\n    connection with your use of the Services; and\n</p>", "level": 0}, {"value": "<p>\n    access and use any content, information and related materials that may be\n    made available through the Services, in each case solely for your personal,\n    noncommercial use. Any rights not expressly granted herein are reserved by\n    Spesho Uganda Limited and Spesho Uganda Limited's licensors.\n</p>", "level": 0}, {"value": "<p>\n<strong>Restrictions.</strong>\n</p>", "level": 0}, {"value": "<p>\n    You may not:\n</p>", "level": 0}, {"value": "<p>\n    remove any copyright, trademark or other proprietary notices from any\n    portion of the Services;\n</p>", "level": 0}, {"value": "<p>\n    reproduce, modify, prepare derivative works based upon, distribute,\n    license, lease, sell, resell, transfer, publicly display, publicly perform,\n    transmit, stream, broadcast or otherwise exploit the Services except as\n    expressly permitted by Spesho Uganda Limited;\n</p>", "level": 0}, {"value": "<p>\n    decompile, reverse engineer or disassemble the Services except as may be\n    permitted by applicable law;\n</p>", "level": 0}, {"value": "<p>\n    link to, mirror or frame any portion of the Services;\n</p>", "level": 0}, {"value": "<p>\n    cause or launch any programs or scripts for the purpose of scraping,\n    indexing, surveying, or otherwise data mining any portion of the Services\n    or unduly burdening or hindering the operation and/or functionality of any\n    aspect of the Services; or (vi) attempt to gain unauthorized access to or\n    impair any aspect of the Services or its related systems or networks.\n</p>", "level": 0}, {"value": "<p>\n<strong>Provision of the Services.</strong>\n</p>", "level": 0}, {"value": "<p>\n    You acknowledge that portions of the Services may be made available under\n    Spesho Uganda Limited's various brands or request options associated with\n    transportation or logistics. You also acknowledge that the Services may be\n    made available under such brands or request options by or in connection\n    with:\n</p>", "level": 0}, {"value": "<p>\n    certain of Spesho Uganda Limited's subsidiaries and affiliates; or\n</p>", "level": 0}, {"value": "<p>\n    independent Third Party Providers, including transportation network company\n    drivers, transportation charter permit holders or holders of similar\n    transportation permits, authorizations or licenses.\n</p>", "level": 0}, {"value": "<p>\n<strong>Third Party Services and Content.</strong>\n</p>", "level": 0}, {"value": "<p>\n    The Services may be made available or accessed in connection with third\n    party services and content (including advertising) that Spesho Uganda\n    Limited does not control. You acknowledge that different terms of use and\n    privacy policies may apply to your use of such third party services and\n    content. Spesho Uganda Limited does not endorse such third party services\n    and content and in no event shall Spesho Uganda Limited be responsible or\n    liable for any products or services of such third party providers.\n    Additionally, Apple Inc., Google, Inc., Microsoft Corporation or BlackBerry\n    Limited and/or their applicable international subsidiaries and affiliates\n    will be third-party beneficiaries to this contract if you access the\n    Services using Applications developed for Apple iOS, Android, Microsoft\n    Windows, or Blackberry-powered mobile devices, respectively. These third\n    party beneficiaries are not parties to this contract and are not\n    responsible for the provision or support of the Services in any manner.\n    Your access to the Services using these devices is subject to terms set\n    forth in the applicable third party beneficiary's terms of service.\n</p>", "level": 0}, {"value": "<p>\n<strong>Ownership.</strong>\n</p>", "level": 0}, {"value": "<p>\n    The Services and all rights therein are and shall remain Spesho Uganda\n    Limited's property or the property of Spesho Uganda Limited's licensors.\n    Neither these Terms nor your use of the Services convey or grant to you any\n    rights: (i) in or related to the Services except for the limited license\n    granted above; or (ii) to use or reference in any manner Spesho Uganda\n    Limited's company names, logos, product and service names, trademarks or\n    services marks or those of Spesho Uganda Limited's licensors.\n</p>", "level": 0}, {"value": "<p>\n<strong> Your Use of the Services</strong>\n</p>", "level": 0}, {"value": "<p>\n<strong>8.1 User Accounts.</strong>\n</p>", "level": 0}, {"value": "<p>\n    In order to use most aspects of the Services, you must register for and\n    maintain an active personal user Services account (\"<em>Account</em>\"). You\n    must be at least 18 years of age, or the age of legal majority in your\n    jurisdiction (if different from 18), to obtain an Account. Account\n    registration requires you to submit to Spesho Uganda Limited certain\n    personal information, such as your name, address, mobile phone number and\n    age, as well as at least one valid payment method (either a credit card or\n    accepted payment partner). You agree to maintain accurate, complete, and\n    up-to-date information in your Account. Your failure to maintain accurate,\n    complete, and up-to-date Account information, including having an invalid\n    or expired payment method on file, may result in your inability to access\n    and use the Services or Spesho Uganda Limited's termination of these Terms\n    with you. You are responsible for all activity that occurs under your\n    Account, and you agree to maintain the security and secrecy of your Account\n    username and password at all times. Unless otherwise permitted by Spesho\n    Uganda Limited in writing, you may only possess one Account.\n</p>", "level": 0}, {"value": "<p>\n<strong>8.2 User Requirements and Conduct.</strong>\n</p>", "level": 0}, {"value": "<p>\n    The Service is not available for use by persons under the age of 18. You\n    may not authorize third parties to use your Account, and you may not allow\n    persons under the age of 18 to receive transportation or logistics services\n    from Third Party Providers unless they are accompanied by an Adult. You may\n    not assign or otherwise transfer your Account to any other person or\n    entity. You agree to comply with all applicable laws when using the\n    Services, and you may only use the Services for lawful purposes (    <em>e.g.</em>, no transport of unlawful or hazardous materials). You will\n    not, in your use of the Services, cause nuisance, annoyance, inconvenience,\n    or property damage, whether to the Third Party Provider or any other party.\n    In certain instances you may be asked to provide proof of identity to\n    access or use the Services, and you agree that you may be denied access to\n    or use of the Services if you refuse to provide proof of identity.\n</p>", "level": 0}, {"value": "<p>\n<strong>8.3 Text Messaging.</strong>\n</p>", "level": 0}, {"value": "<p>\n    By creating an Account, you agree that the Services may send you\n    informational text (SMS) messages as part of the normal business operation\n    of your use of the Services. You may opt-out of receiving text (SMS)\n    messages from Spesho Uganda Limited at any time by sending an email to    <a href=\"mailto:ops@speshotaxi.com.ug\">ops@speshotaxi.com.ug</a> indicating\n    that you no longer wish to receive such messages, along with the phone\n    number of the mobile device receiving the messages. You acknowledge that\n    opting out of receiving text (SMS) messages may impact your use of the\n    Services.\n</p>", "level": 0}, {"value": "<p>\n<strong>8.4 User Provided Content.</strong>\n</p>", "level": 0}, {"value": "<p>\n    Spesho Uganda Limited may, in Spesho Uganda Limited's sole discretion,\n    permit you from time to time to submit, upload, publish or otherwise make\n    available to Spesho Uganda Limited through the Services textual, audio,\n    and/or visual content and information, including commentary and feedback\n    related to the Services, initiation of support requests, and submission of\n    entries for competitions and promotions (\"<em>User Content</em>\"). Any User\n    Content provided by you remains your property. However, by providing User\n    Content to Spesho Uganda Limited, you grant Spesho Uganda Limited a\n    worldwide, perpetual, irrevocable, transferrable, royalty-free license,\n    with the right to sublicense, to use, copy, modify, create derivative works\n    of, distribute, publicly display, publicly perform, and otherwise exploit\n    in any manner such User Content in all formats and distribution channels\n    now known or hereafter devised (including in connection with the Services\n    and Spesho Uganda Limited's business and on third-party sites and\n    services), without further notice to or consent from you, and without the\n    requirement of payment to you or any other person or entity.\n</p>", "level": 0}, {"value": "<p>\n    You represent and warrant that: (i) you either are the sole and exclusive\n    owner of all User Content or you have all rights, licenses, consents and\n    releases necessary to grant Spesho Uganda Limited the license to the User\n    Content as set forth above; and (ii) neither the User Content nor your\n    submission, uploading, publishing or otherwise making available of such\n    User Content nor Spesho Uganda Limited's use of the User Content as\n    permitted herein will infringe, misappropriate or violate a third party's\n    intellectual property or proprietary rights, or rights of publicity or\n    privacy, or result in the violation of any applicable law or regulation.\n</p>", "level": 0}, {"value": "<p>\n    You agree to not provide User Content that is defamatory, libelous,\n    hateful, violent, obscene, pornographic, unlawful, or otherwise offensive,\n    as determined by Spesho Uganda Limited in its sole discretion, whether or\n    not such material may be protected by law. Spesho Uganda Limited may, but\n    shall not be obligated to, review, monitor, or remove User Content, at\n    Spesho Uganda Limited's sole discretion and at any time and for any reason,\n    without notice to you.\n</p>", "level": 0}, {"value": "<p>\n<strong>Network Access and Devices.</strong>\n</p>", "level": 0}, {"value": "<p>\n    You are responsible for obtaining the data network access necessary to use\n    the Services. Your mobile network's data and messaging rates and fees may\n    apply if you access or use the Services from a wireless-enabled device and\n    you shall be responsible for such rates and fees. You are responsible for\n    acquiring and updating compatible hardware or devices necessary to access\n    and use the Services and Applications and any updates thereto. Spesho\n    Uganda Limited does not guarantee that the Services, or any portion\n    thereof, will function on any particular hardware or devices. In addition,\n    the Services may be subject to malfunctions and delays inherent in the use\n    of the Internet and electronic communications.\n</p>", "level": 0}, {"value": "<p>\n<strong> Payment</strong>\n</p>", "level": 0}, {"value": "<p>\n    You understand that use of the Services may result in charges to you for\n    the services or goods you receive from a Third Party Provider (\"    <em>Charges</em> \"). After you have received services or goods obtained\n    through your use of the Service, Spesho Uganda Limited will facilitate your\n    payment of the applicable Charges on behalf of the Third Party Provider as\n    such Third Party Provider's limited payment collection agent. Payment of\n    the Charges in such manner shall be considered the same as payment made\n    directly by you to the Third Party Provider. Charges will be inclusive of\n    applicable taxes where required by law. Charges paid by you are final and\n    non-refundable, unless otherwise determined by Spesho Uganda Limited. You\n    retain the right to request lower Charges from a Third Party Provider for\n    services or goods received by you from such Third Party Provider at the\n    time you receive such services or goods. Spesho Uganda Limited will respond\n    accordingly to any request from a Third Party Provider to modify the\n    Charges for a particular service or good.\n</p>", "level": 0}, {"value": "<p>\n    All Charges are due immediately and payment will be facilitated by Spesho\n    Uganda Limited using the preferred payment method (whether credit card or\n    mobile money) designated in your Account, after which Spesho Uganda Limited\n    will send you a receipt by email. If your primary Account payment method is\n    determined to be expired, invalid or otherwise not able to be charged, you\n    agree that Spesho Uganda Limited may, as the Third Party Provider's limited\n    payment collection agent, use a secondary payment method in your Account,\n    if available. Third Party Provider's are also entitled to charge You (User)\n    for any Tolls, taxes or fees incurred during the provision of\n    Transportation Services, if applicable.\n</p>", "level": 0}, {"value": "<p>\n    As between you and Spesho Uganda Limited, Spesho Uganda Limited reserves\n    the right to establish, remove and/or revise Charges for any or all\n    services or goods obtained through the use of the Services at any time in\n    Spesho Uganda Limited's sole discretion. Further, you acknowledge and agree\n    that Charges applicable in certain geographical areas may increase\n    substantially during times of high demand. Spesho Uganda Limited will use\n    reasonable efforts to inform you of Charges that may apply, provided that\n    you will be responsible for Charges incurred under your Account regardless\n    of your awareness of such Charges or the amounts thereof. Spesho Uganda\n    Limited may from time to time provide certain users with promotional offers\n    and discounts that may result in different amounts charged for the same or\n    similar services or goods obtained through the use of the Services, and you\n    agree that such promotional offers and discounts, unless also made\n    available to you, shall have no bearing on your use of the Services or the\n    Charges applied to you. You may elect to cancel your request for services\n    or goods from a Third Party Provider at any time prior to such Third Party\n    Provider's arrival, in which case you may be charged a cancellation fee.\n</p>", "level": 0}, {"value": "<p>\n    This payment structure is intended to fully compensate the Third Party\n    Provider for the services or goods provided. Except with respect to taxicab\n    transportation services requested through the Application, Spesho Uganda\n    Limited does not designate any portion of your payment as a tip or gratuity\n    to the Third Party Provider. Any representation by Spesho Uganda Limited\n    (on Spesho Uganda Limited's website, in the Application, or in Spesho\n    Uganda Limited's marketing materials) to the effect that tipping is\n    \"voluntary,\" \"not required,\" and/or \"included\" in the payments you make for\n    services or goods provided is not intended to suggest that Spesho Uganda\n    Limited provides any additional amounts, beyond those described above, to\n    the Third Party Provider. You understand and agree that, while you are free\n    to provide additional payment as a gratuity to any Third Party Provider who\n    provides you with services or goods obtained through the Service, you are\n    under no obligation to do so. Gratuities are voluntary. After you have\n    received services or goods obtained through the Service, you will have the\n    opportunity to rate your experience and leave additional feedback about\n    your Third Party Provider.\n</p>", "level": 0}, {"value": "<p>\n<strong><em>Repair or Cleaning Fees.</em></strong>\n</p>", "level": 0}, {"value": "<p>\n    You shall be responsible for the cost of repair for damage to, or necessary\n    cleaning of, the Third Party Provider vehicles and property resulting from\n    use of the Services under your Account in excess of normal \"wear and tear\"\n    damages and necessary cleaning (\"<em>Repair or Cleaning</em>\"). In the\n    event that a Third Party Provider reports the need for Repair or Cleaning,\n    and such Repair or Cleaning request is verified by Spesho Uganda Limited in\n    Spesho Uganda Limited's reasonable discretion, Spesho Uganda Limited\n    reserves the right to facilitate payment for the reasonable cost of such\n    Repair or Cleaning on behalf of the Third Party Provider using your payment\n    method designated in your Account. Such amounts will be transferred by\n    Spesho Uganda Limited to the applicable Third Party Provider and are\n    non-refundable.\n</p>", "level": 0}, {"value": "<p>\n<strong> <em>DISCLAIMERS; LIMITATION OF LIABILITY; INDEMNITY</em>.</strong>\n</p>", "level": 0}, {"value": "<p>\n<strong>DISCLAIMER.</strong>\n</p>", "level": 0}, {"value": "<p>\n    THE SERVICES ARE PROVIDED \"AS IS\" AND \"AS AVAILABLE.\" SPESHO UGANDA LIMITED\n    DISCLAIMS ALL REPRESENTATIONS AND WARRANTIES, EXPRESS, IMPLIED OR\n    STATUTORY, NOT EXPRESSLY SET OUT IN THESE TERMS, INCLUDING THE IMPLIED\n    WARRANTIES OF MERCHANTABILITY, FITNESS FOR A PARTICULAR PURPOSE AND\n    NON-INFRINGEMENT. IN ADDITION, SPESHO UGANDA LIMITED MAKES NO\n    REPRESENTATION, WARRANTY, OR GUARANTEE REGARDING THE RELIABILITY,\n    TIMELINESS, QUALITY, SUITABILITY OR AVAILABILITY OF THE SERVICES OR ANY\n    SERVICES OR GOODS REQUESTED THROUGH THE USE OF THE SERVICES, OR THAT THE\n    SERVICES WILL BE UNINTERRUPTED OR ERROR-FREE. SPESHO UGANDA LIMITED DOES\n    NOT GUARANTEE THE QUALITY, SUITABILITY, SAFETY OR ABILITY OF THIRD PARTY\n    PROVIDERS. YOU AGREE THAT THE ENTIRE RISK ARISING OUT OF YOUR USE OF THE\n    SERVICES, AND ANY SERVICE OR GOOD REQUESTED IN CONNECTION THEREWITH,\n    REMAINS SOLELY WITH YOU, TO THE MAXIMUM EXTENT PERMITTED UNDER APPLICABLE\n    LAW.\n</p>", "level": 0}, {"value": "<p>\n<strong>LIMITATION OF LIABILITY.</strong>\n</p>", "level": 0}, {"value": "<p>\n    SPESHO UGANDA LIMITED SHALL NOT BE LIABLE FOR INDIRECT, INCIDENTAL,\n    SPECIAL, EXEMPLARY, PUNITIVE OR CONSEQUENTIAL DAMAGES, INCLUDING LOST\n    PROFITS, LOST DATA, PERSONAL INJURY OR PROPERTY DAMAGE RELATED TO, IN\n    CONNECTION WITH, OR OTHERWISE RESULTING FROM ANY USE OF THE SERVICES, EVEN\n    IF SPESHO UGANDA LIMITED HAS BEEN ADVISED OF THE POSSIBILITY OF SUCH\n    DAMAGES. SPESHO UGANDA LIMITED SHALL NOT BE LIABLE FOR ANY DAMAGES,\n    LIABILITY OR LOSSES ARISING OUT OF: (i) YOUR USE OF OR RELIANCE ON THE\n    SERVICES OR YOUR INABILITY TO ACCESS OR USE THE SERVICES; OR (ii) ANY\n    TRANSACTION OR RELATIONSHIP BETWEEN YOU AND ANY THIRD PARTY PROVIDER, EVEN\n    IF SPESHO UGANDA LIMITED HAS BEEN ADVISED OF THE POSSIBILITY OF SUCH\n    DAMAGES. SPESHO UGANDA LIMITED SHALL NOT BE LIABLE FOR DELAY OR FAILURE IN\n    PERFORMANCE RESULTING FROM CAUSES BEYOND SPESHO UGANDA LIMITED'S REASONABLE\n    CONTROL. YOU ACKNOWLEDGE THAT THIRD PARTY TRANSPORTATION PROVIDERS\n    PROVIDING TRANSPORTATION SERVICES REQUESTED THROUGH SOME REQUEST BRANDS MAY\n    OFFER RIDESHARING OR PEER-TO-PEER TRANSPORTATION SERVICES AND MAY NOT BE\n    PROFESSIONALLY LICENSED OR PERMITTED. IN NO EVENT SHALL SPESHO UGANDA\n    LIMITED'S TOTAL LIABILITY TO YOU IN CONNECTION WITH THE SERVICES FOR ALL\n    DAMAGES, LOSSES AND CAUSES OF ACTION EXCEED FIVE HUNDRED THOUSAND SHILLINGS\n    (UGX 500,000).\n</p>", "level": 0}, {"value": "<p>\n    SPESHO UGANDA LIMITED'S SERVICES MAY BE USED BY YOU TO REQUEST AND SCHEDULE\n    TRANSPORTATION, GOODS OR LOGISTICS SERVICES WITH THIRD PARTY PROVIDERS, BUT\n    YOU AGREE THAT SPESHO UGANDA LIMITED HAS NO RESPONSIBILITY OR LIABILITY TO\n    YOU RELATED TO ANY TRANSPORTATION, GOODS OR LOGISTICS SERVICES PROVIDED TO\n    YOU BY THIRD PARTY PROVIDERS OTHER THAN AS EXPRESSLY SET FORTH IN THESE\n    TERMS.\n</p>", "level": 0}, {"value": "<p>\n    THE LIMITATIONS AND DISCLAIMER IN THIS SECTION 5 DO NOT PURPORT TO LIMIT\n    LIABILITY OR ALTER YOUR RIGHTS AS A CONSUMER THAT CANNOT BE EXCLUDED UNDER\n    APPLICABLE LAW.\n</p>", "level": 0}, {"value": "<p>\n<strong><em> INDEMNITY</em>.</strong>\n</p>", "level": 0}, {"value": "<p>\n    You agree to indemnify and hold Spesho Uganda Limited and its officers,\n    directors, employees and agents harmless from any and all claims, demands,\n    losses, liabilities, and expenses (including attorneys' fees) arising out\n    of or in connection with: (i) your use of the Services or services or goods\n    obtained through your use of the Services; (ii) your breach or violation of\n    any of these Terms; (iii) Spesho Uganda Limited's use of your User Content;\n    or (iv) your violation of the rights of any third party, including Third\n    Party Providers.<strong><em> </em></strong>\n</p>", "level": 0}, {"value": "<p>\n<strong><em> MISCELLANEOUS TERMS</em></strong>\n</p>", "level": 0}, {"value": "<p>\n<strong><em> MODIFICATION. </em></strong>\n</p>", "level": 0}, {"value": "<p>\n    In the event Spesho (U) Ltd modifies the terms and conditions of this\n    Agreement at any time, such modifications shall be binding on you only upon\n    your acceptance of the modified Agreement. Spesho (U) Ltd reserves the\n    right to modify any information referenced at hyperlinks from this\n    Agreement from time to time. You hereby acknowledge and agree that, by\n    using the Spesho (U) Ltd Services, or downloading, installing or using the\n    Driver App, you are bound by any future amendments and additions to\n    information referenced at hyperlinks herein, or documents incorporated\n    herein, including with respect to Fare Calculations. Continued use of the\n    Spesho (U) Ltd Services or Driver App after any such changes shall\n    constitute your consent to such changes. Unless changes are made to the\n    arbitration provisions herein, you acknowledge and agree that modification\n    of this Agreement does not create a renewed opportunity to opt out of\n    arbitration.\n</p>", "level": 0}], [{"value": "<p>\n<strong><em></em></strong>\n<br/>\n</p>", "level": 1}, {"value": "<p>\n<strong><em> SEVERABILITY.</em></strong>\n</p>", "level": 0}, {"value": "<p>\n    If any provision of this Agreement is or becomes invalid or non-binding,\n    the parties shall remain bound by all other provisions hereof. In that\n    event, the parties shall replace the invalid or non-binding provision with\n    provisions that are valid and binding and that have, to the greatest extent\n    possible, a similar effect as the invalid or non-binding provision, given\n    the contents and purpose of this Agreement.\n</p>", "level": 0}, {"value": "<p>\n<strong> ASSIGNMENT.</strong>\n</p>", "level": 0}, {"value": "<p>\n    Neither party shall assign or transfer this Agreement or any of its rights\n    or\n</p>", "level": 0}, {"value": "<p>\n    obligations hereunder, in whole or in part, without the prior written\n    consent of the other party; provided that Spesho (U) Ltd may assign or\n    transfer this Agreement or any or all of its rights or obligations under\n    this Agreement from time to time without consent:\n</p>", "level": 0}, {"value": "<p>\n    to an Affiliate; or\n</p>", "level": 0}, {"value": "<p>\n    to an acquirer of all or substantially all of Spesho (U) Ltd's business,\n    equity or assets.\n</p>", "level": 0}], [{"value": "<p>\n<strong><em></em></strong>\n<br/>\n</p>", "level": 1}, {"value": "<p>\n<strong><em> ENTIRE AGREEMENT.</em></strong>\n</p>", "level": 0}, {"value": "<p>\n    This Agreement, including all Supplemental Terms, constitutes the entire\n    agreement and understanding of the parties with respect to its subject\n    matter and replaces and supersedes all prior or contemporaneous agreements\n    or undertakings regarding such subject matter. In this Agreement, the words\n    \"including\" and \"include\" mean \"including, but not limited to.\" The\n    recitals form a part of this Agreement.\n</p>", "level": 0}], [{"value": "<p>\n<strong><em></em></strong>\n<br/>\n</p>", "level": 1}, {"value": "<p>\n<strong><em> GOVERNING LAW AND ARBITRATION</em></strong>\n</p>", "level": 0}, {"value": "<p>\n    Any disputes, actions, claims or causes of action arising out of or in\n    connection with this Agreement or the Spesho (U) Ltd Services that are not\n    subject to the arbitration clause contained below shall be subject to the\n    exclusive jurisdiction of the Ugandan law and Courts of Law.\n</p>", "level": 0}, {"value": "<p>\n    The failure of Spesho (U) Ltd to enforce any right or provision in this\n    Agreement shall not constitute a waiver of such right or provision unless\n    acknowledged and agreed to by Spesho (U) Ltd in writing.\n</p>", "level": 0}], [{"value": "<p>\n<strong>Arbitration Provision</strong>\n</p>", "level": 1}, {"value": "<p>\n    Important Note Regarding this Arbitration Provision:\n</p>", "level": 0}, {"value": "<p>\n    Except as provided below, arbitration does not limit or affect the legal\n    claims you may bring against the Spesho (U) Ltd. Agreeing to arbitration\n    only affects where any such claims may be brought and how they will be\n    resolved.\n</p>", "level": 0}, {"value": "<p>\n    Arbitration is a process of private dispute resolution that does not\n    involve the civil courts, a civil judge, or a jury. Instead, the parties'\n    dispute is decided by a private arbitrator selected by the parties using\n    the process set forth herein. Other arbitration rules and procedures are\n    also set forth herein.\n</p>", "level": 0}, {"value": "<p>\n    Unless the law requires otherwise, as determined by the Arbitrator based\n    upon the circumstances presented, you will be required to split the cost of\n    any arbitration with the Spesho (U) Ltd.\n</p>", "level": 0}, {"value": "<p>\n    Arbitration, with the exception of proceedings that must be exhausted under\n    applicable law before pursuing a claim in a court of law or in any forum\n    other than arbitration\n</p>", "level": 0}, {"value": "<p>\n<strong> CLAIMS OF COPYRIGHT INFRINGEMENT.</strong>\n</p>", "level": 0}, {"value": "<p>\n    Claims of copyright infringement should be sent to Spesho Uganda Limited's\n    designated agent. Please visit Spesho Uganda Limited's web page at\n    <a href=\"http://www.speshotaxi.co.ug/legal\">\n        https://www.speshotaxi.co.ug/legal\n    </a>\n    for the designated address and additional information.\n</p>", "level": 0}, {"value": "<p>\n<strong>Notice.</strong>\n</p>", "level": 0}, {"value": "<p>\n    Spesho Uganda Limited may give notice by means of a general notice on the\n    Services, electronic mail to your email address in your Account, or by\n    written communication sent to your address as set forth in your Account.\n    You may give notice to Spesho Uganda Limited by written communication to\n    Spesho Uganda Limited's address at P.O. Box 11525, Plot 23 Luthuli Avenue,\n    Kampala, Uganda.\n</p>", "level": 0}, {"value": "<p>\n<strong>General.</strong>\n</p>", "level": 0}, {"value": "<p>\n    You may not assign or transfer these Terms in whole or in part without\n    Spesho Uganda Limited's prior written approval. You give your approval to\n    Spesho Uganda Limited for it to assign or transfer these Terms in whole or\n    in part, including to: (i) a subsidiary or affiliate; (ii) an acquirer of\n    Spesho Uganda Limited's equity, business or assets; or (iii) a successor by\n    merger. No joint venture, partnership, employment or agency relationship\n    exists between you, Spesho Uganda Limited or any Third Party Provider as a\n    result of the contract between you and Spesho Uganda Limited or use of the\n    Services.\n</p>", "level": 0}, {"value": "<p>\n    If any provision of these Terms is held to be illegal, invalid or\n    unenforceable, in whole or in part, under any law, such provision or part\n    thereof shall to that extent be deemed not to form part of these Terms but\n    the legality, validity and enforceability of the other provisions in these\n    Terms shall not be affected. In that event, the parties shall replace the\n    illegal, invalid or unenforceable provision or part thereof with a\n    provision or part thereof that is legal, valid and enforceable and that\n    has, to the greatest extent possible, a similar effect as the illegal,\n    invalid or unenforceable provision or part thereof, given the contents and\n    purpose of these Terms. These Terms constitute the entire agreement and\n    understanding of the parties with respect to its subject matter and\n    replaces and supersedes all prior or contemporaneous agreements or\n    undertakings regarding such subject matter. In these Terms, the words\n    \"including\" and \"include\" mean \"including, but not limited to.\"\n</p>", "level": 0}]]