[[{"value": "<h1><strong>Privacy Policy of the BigL Radio Player application</strong></h1>", "level": 9}, {"value": "<p>This Application collects some Personal Data from its Users.</p>", "level": 0}], [{"value": "<h2><strong>Data Controller and Owner</strong></h2>", "level": 8}], [{"value": "<h2><strong>Types of Data collected</strong></h2>", "level": 8}, {"value": "<p>Among the types of Personal Data that this Application collects, by itself or through third parties, there are: Geographic position, Cookie and Usage Data. Other Personal Data collected may be described in other sections of this privacy policy or by dedicated explanation text contextually with the Data collection. The Personal Data may be freely provided by the User, or collected automatically when using this Application. Any use of Cookies - or of other tracking tools - by this Application or by the owners of third party services used by this Application, unless stated otherwise, serves to identify Users and remember their preferences, for the sole purpose of providing the service required by the User. Failure to provide certain Personal Data may make it impossible for this Application to provide its services. The User assumes responsibility for the Personal Data of third parties published or shared through this Application and declares to have the right to communicate or broadcast them, thus relieving the Data Controller of all responsibility.</p>", "level": 0}], [{"value": "<h2><strong>Mode and place of processing the Data</strong></h2>", "level": 8}], [{"value": "<h3><strong>Methods of processing</strong></h3>", "level": 7}, {"value": "<p>The Data Controller processes the Data of Users in a proper manner and shall take appropriate security measures to prevent unauthorized access, disclosure, modification, or unauthorized destruction of the Data. The Data processing is carried out using computers and/or IT enabled tools, following organizational procedures and modes strictly related to the purposes indicated. In addition to the Data Controller, in some cases, the Data may be accessible to certain types of persons in charge, involved with the operation of the site (administration, sales, marketing, legal, system administration) or external parties (such as third party technical service providers, mail carriers, hosting providers, IT companies, communications agencies) appointed, if necessary, as Data Processors by the Owner. The updated list of these parties may be requested from the Data Controller at any time.</p>", "level": 0}], [{"value": "<h3><strong>Place</strong></h3>", "level": 7}, {"value": "<p>The Data is processed at the Data Controller's operating offices and in any other places where the parties involved with the processing are located. For further information, please contact the Data Controller.</p>", "level": 0}], [{"value": "<h3><strong>Retention time</strong></h3>", "level": 7}, {"value": "<p>The Data is kept for the time necessary to provide the service requested by the User, or stated by the purposes outlined in this document, and the User can always request that the Data Controller suspend or remove the data.</p>", "level": 0}], [{"value": "<h2><strong>The use of the collected Data</strong></h2>", "level": 8}, {"value": "<p>The Data concerning the User is collected to allow the Application to provide its services, as well as for the following purposes: Access to third party services' accounts, Location-based interactions, Content commenting and Interaction with external social networks and platforms. The Personal Data used for each purpose is outlined in the specific sections of this document.</p>", "level": 0}], [{"value": "<h2><strong>Facebook permissions asked by this Application</strong></h2>", "level": 8}, {"value": "<p>This Application may ask some Facebook permissions allowing it to perform actions with the User's Facebook account and to retrieve information, including Personal Data, from it. For more information about the following permissions, refer to the Facebook permissions documentation and to the Facebook privacy policy. The permissions asked are the following:</p>", "level": 0}], [{"value": "<h3><strong>Basic information</strong></h3>", "level": 7}, {"value": "<p>By default, this includes certain User\u2019s Data such as id, name, picture, gender, and their locale. Certain connections of the User, such as the Friends, are also available. If the user has made more of their data public, more information will be available.</p>", "level": 0}], [{"value": "<h3><strong>Checkins</strong></h3>", "level": 7}, {"value": "<p>Provides read access to the authorized user's check-ins</p>", "level": 0}], [{"value": "<h3><strong>Email</strong></h3>", "level": 7}, {"value": "<p>Provides access to the user's primary email address</p>", "level": 0}], [{"value": "<h3><strong>Likes</strong></h3>", "level": 7}, {"value": "<p>Provides access to the list of all of the pages the user has liked.</p>", "level": 0}], [{"value": "<h3><strong>Photos</strong></h3>", "level": 7}, {"value": "<p>Provides access to the photos the user has uploaded, and photos the user has been tagged in.</p>", "level": 0}], [{"value": "<h3><strong>Publish App Activity</strong></h3>", "level": 7}, {"value": "<p>Allows the app to publish to the Open Graph using Built-in Actions, Achievements, Scores, or Custom Actions. The app can also publish other activity which is detailed in the Facebook's Publishing Permissions document.</p>", "level": 0}], [{"value": "<h2><strong>Detailed information on the processing of Personal Data</strong></h2>", "level": 8}, {"value": "<p>Personal Data is collected for the following purposes and using the following services:</p>", "level": 0}], [{"value": "<h3><strong>Access to third party services' accounts</strong></h3>", "level": 7}, {"value": "<p>These services allow this Application to access Data from your account on a third party service and perform actions with it. These services are not activated automatically, but require explicit authorization by the User.<br/>\n<strong>Access to the Facebook account (This Application)</strong><br/>\nThis service allows this Application to connect with the User's account on the Facebook social network, provided by Facebook Inc. Permissions asked: Checkins, Email, Likes, Photos and Publish App Activity. Place of processing : USA \u2013 Privacy Policy</p>", "level": 0}], [{"value": "<h3><strong>Content commenting</strong></h3>", "level": 7}, {"value": "<p>Content commenting services allow Users to make and publish their comments on the contents of this Application. Depending on the settings chosen by the Owner, Users may also leave anonymous comments. If there is an email address among the Personal Data provided by the User, it may be used to send notifications of comments on the same content. Users are responsible for the content of their own comments. If a content commenting service provided by third parties is installed, it may still collect web traffic data for the pages where the comment service is installed, even when users do not use the content commenting service.<br/>\n<strong>Facebook Comments (Facebook)</strong><br/>\nFacebook Comments is a content commenting service provided by Facebook Inc. enabling the User to leave comments and share them on the Facebook platform. Personal Data collected: Cookie and Usage Data. Place of processing : USA \u2013 Privacy Policy</p>", "level": 0}], [{"value": "<h3><strong>Interaction with external social networks and platforms</strong></h3>", "level": 7}, {"value": "<p>These services allow interaction with social networks or other external platforms directly from the pages of this Application. The interaction and information obtained by this Application are always subject to the User\u2019s privacy settings for each social network. If a service enabling interaction with social networks is installed it may still collect traffic data for the pages where the service is installed, even when Users do not use it.<br/>\n<strong>Facebook Like button and social widgets (Facebook)</strong><br/>\nThe Facebook Like button and social widgets are services allowing interaction with the Facebook social network provided by Facebook Inc. Personal Data collected: Cookie and Usage Data. Place of processing : USA \u2013 Privacy Policy</p>", "level": 0}], [{"value": "<h3><strong>Location-based interactions</strong></h3>", "level": 7}, {"value": "<p><strong>Geolocation (This Application)\u00a0</strong><br/>\nThis Application may collect, use, and share User location Data in order to provide location-based services. Most browsers and devices provide tools to opt out from this feature by default. If explicit authorization has been provided, the User\u2019s location data may be tracked by this Application. Personal Data collected: Geographic position.</p>", "level": 0}], [{"value": "<h2><strong>Additional information about Data collection and processing</strong></h2>", "level": 8}], [{"value": "<h3><strong>Legal Action</strong></h3>", "level": 7}, {"value": "<p>The User's Personal Data may be used for legal purposes by the Data Controller, in Court or in the stages leading to possible legal action arising from improper use of this Application or the related services.<br/>\nThe User is aware of the fact that the Data Controller may be required to reveal personal data upon request of public authorities.</p>", "level": 0}], [{"value": "<h3><strong>Additional information about User's Personal Data</strong></h3>", "level": 7}, {"value": "<p>In addition to the information contained in this privacy policy, this Application may provide the User with additional and contextual information concerning particular services or the collection and processing of Personal Data upon request.</p>", "level": 0}], [{"value": "<h3><strong>System Logs and Maintenance</strong></h3>", "level": 7}, {"value": "<p>For operation and maintenance purposes, this Application and any third party services may collect files that record interaction with this Application (System Logs) or use for this purpose other Personal Data (such as IP Address).</p>", "level": 0}], [{"value": "<h3><strong>Information not contained in this policy</strong></h3>", "level": 7}, {"value": "<p>More details concerning the collection or processing of Personal Data may be requested from the Data Controller at any time. Please see the contact information at the beginning of this document.</p>", "level": 0}], [{"value": "<h3><strong>The rights of Users</strong></h3>", "level": 7}, {"value": "<p>Users have the right, at any time, to know whether their Personal Data has been stored and can consult the Data Controller to learn about their contents and origin, to verify their accuracy or to ask for them to be supplemented, cancelled, updated or corrected, or for their transformation into anonymous format or to block any data held in violation of the law, as well as to oppose their treatment for any and all legitimate reasons. Requests should be sent to the Data Controller at the contact information set out above.<br/>\nThis Application does not support \u201cDo Not Track\u201d requests.<br/>\nTo determine whether any of the third party services it uses honor the \u201cDo Not Track\u201d requests, please read their privacy policies.</p>", "level": 0}], [{"value": "<h3><strong>Changes to this privacy policy</strong></h3>", "level": 7}, {"value": "<p>The Data Controller reserves the right to make changes to this privacy policy at any time by giving notice to its Users on this page. It is strongly recommended to check this page often, referring to the date of the last modification listed at the bottom. If a User objects to any of the changes to the Policy, the User must cease using this Application and can request that the Data Controller erase the Personal Data. Unless stated otherwise, the then-current privacy policy applies to all Personal Data the Data Controller has about Users.</p>", "level": 0}], [{"value": "<h2><strong>Definitions and legal references</strong></h2>", "level": 8}], [{"value": "<h3><strong>Personal Data (or Data)</strong></h3>", "level": 7}, {"value": "<p>Any information regarding a natural person, a legal person, an institution or an association, which is, or can be, identified, even indirectly, by reference to any other information, including a personal identification number.</p>", "level": 0}], [{"value": "<h3><strong>Usage Data</strong></h3>", "level": 7}, {"value": "<p>Information collected automatically from this Application (or third party services employed in this Application ), which can include: the IP addresses or domain names of the computers utilized by the Users who use this Application, the URI addresses (Uniform Resource Identifier), the time of the request, the method utilized to submit the request to the server, the size of the file received in response, the numerical code indicating the status of the server's answer (successful outcome, error, etc.), the country of origin, the features of the browser and the operating system utilized by the User, the various time details per visit (e.g., the time spent on each page within the Application) and the details about the path followed within the Application with special reference to the sequence of pages visited, and other parameters about the device operating system and/or the User's IT environment.</p>", "level": 0}], [{"value": "<h3><strong>User</strong></h3>", "level": 7}, {"value": "<p>The individual using this Application, which must coincide with or be authorized by the Data Subject, to whom the Personal Data refer.</p>", "level": 0}], [{"value": "<h3><strong>Data Subject</strong></h3>", "level": 7}, {"value": "<p>The legal or natural person to whom the Personal Data refers to.</p>", "level": 0}], [{"value": "<h3><strong>Data Processor (or Data Supervisor)</strong></h3>", "level": 7}, {"value": "<p>The natural person, legal person, public administration or any other body, association or organization authorized by the Data Controller to process the Personal Data in compliance with this privacy policy.</p>", "level": 0}], [{"value": "<h3><strong>Data Controller (or Owner)</strong></h3>", "level": 7}, {"value": "<p>The natural person, legal person, public administration or any other body, association or organization with the right, also jointly with another Data Controller, to make decisions regarding the purposes, and the methods of processing of Personal Data and the means used, including the security measures concerning the operation and use of this Application. The Data Controller, unless otherwise specified, is the Owner of this Application.</p>", "level": 0}], [{"value": "<h3><strong>This Application</strong></h3>", "level": 7}, {"value": "<p>The hardware or software tool by which the Personal Data of the User is collected.</p>", "level": 0}], [{"value": "<h3><strong>Cookie</strong></h3>", "level": 7}, {"value": "<p>Small piece of data stored in the User's device.</p>", "level": 0}], [{"value": "<h3><strong>Legal information</strong></h3>", "level": 7}, {"value": "<p>Notice to European Users: this privacy statement has been prepared in fulfillment of the obligations under Art. 10 of EC Directive n. 95/46/EC, and under the provisions of Directive 2002/58/EC, as revised by Directive 2009/136/EC, on the subject of Cookies. This privacy policy relates solely to this Application.</p>", "level": 0}, {"value": "<p><em><strong>Latest update: June 11, 2014.</strong></em></p>", "level": 0}]]