[[{"value": "<h1>\n            Legal Terms and Conditions for users of the Weddingwire.co.uk website\n        </h1>", "level": 9}], [{"value": "<h3 class=\"mt40\"><a name=\"1\"></a>1. LEGAL INFORMATION</h3>", "level": 7}, {"value": "<ul>\n<li class=\"strong\">Wedding Planner, S.L.U.</li>\n<li class=\"strong\">Owner of the Weddingwire.co.uk website</li>\n<li>Edificio Testa - Avenida Alcalde Barnils, 64-68, 4\u00c2\u00aa planta</li>\n<li>08174 Sant Cugat del Vall\u00c3\u00a8s (Barcelona), Espa\u00c3\u00b1a</li>\n<li>Telephone: (+34) 93 551 95 83</li>\n<li>Email: <a class=\"lEmp\" href=\"mailto:info@weddingwire.co.uk\">info[at]weddingwire.co.uk</a></li>\n<li>Tax number: B-65189599</li>\n<li>Filed at the Barcelona Business Register in volume 41597, folio 87, sheet B-390234.</li>\n<li>Filing date: 15/12/2009</li>\n</ul>", "level": 0}], [{"value": "<h3><a name=\"2\"></a>2. LEGAL TERMS AND CONDITIONS AND INFORMATION FOR USERS OF THE WEDDINGWIRE.CO.UK WEBSITE</h3>", "level": 7}], [{"value": "<h4><a name=\"21\"></a>2.1. <span>Introduction</span></h4>", "level": 6}, {"value": "<p>Wedding Planner, S.L. (Unipersonal) (hereinafter, \u00e2\u0080\u009cWeddingwire.co.uk\u00e2\u0080\u009d) makes the Weddingwire.co.uk website (hereinafter, the \"<strong>Website</strong>\") available to Internet users.</p>", "level": 0}, {"value": "<p>Accessing and using the Website automatically makes the person doing this a User. Therefore, Users are considered to be both the natural persons using the Website in their capacity as consumers as well as the legal persons using it within the framework of their professional activity in relation to the services that Weddingwire.co.uk provides to the wedding industry professionals.</p>", "level": 0}, {"value": "<p>Accessing and using the Website implies that the Users fully accept, without reservation, the content of these Legal Terms and Conditions, the Personal Data Protection Policy and, where applicable, the Specific Terms and Conditions which may supplement, replace or amend them in any way whatsoever in relation to the Website services and content. Users can access, print, download and save the Legal Terms and Conditions at any time. These Legal Terms and Conditions shall be permanent accessible on the Website through a link to \u00e2\u0080\u009cLegal Terms and Conditions\u00e2\u0080\u009d.</p>", "level": 0}, {"value": "<p>Weddingwire.co.uk reserves the possibility of amending, without prior notice, the content of these Legal Terms and Conditions, so its recommendation to Users is to thoroughly read the texts included therein before accessing and using any Website service.</p>", "level": 0}, {"value": "<p>Likewise, Weddingwire.co.uk reserves the possibility of amending, without prior notice, this Website's design, presentation and/or settings as well as some or all of its services and functions and it can delete or add some of them.</p>", "level": 0}, {"value": "<p>In any case, Weddingwire.co.uk reserves the right, at any time and without prior notice, to refuse Website access to Users who fail to comply with these Legal Terms and Conditions or with any of the applicable Specific Terms and Conditions or who, based on Weddingwire.co.uk's unilateral criterion, do not use the Website appropriately.</p>", "level": 0}], [{"value": "<h4><a name=\"22\"></a>2.2. <span>Purpose</span></h4>", "level": 6}, {"value": "<p>These Legal Terms and Conditions regulate the access to and use of the Website, whose purpose is to be a point of reference for couples wishing to organize their wedding and for wedding service providers.</p>", "level": 0}, {"value": "<p>In that sense, Weddingwire.co.uk puts couples and providers into contact through its Website, making interaction tools available to both of them, giving providers a target audience interested in their products and services, and providing couples with products and services related to organizing and holding weddings.</p>", "level": 0}, {"value": "<p>Weddingwire.co.uk shall only provide other users with the data and/or information supplied by the User when such data and/or information do not breach the legal provisions or these Legal Terms and Conditions.</p>", "level": 0}, {"value": "<p>Weddingwire.co.uk can delete from its Website, without prior notice, the content which contravenes the legislation in force or which breaches or may breach third-party rights as well as the content which may be considered to be inappropriate or inadequate or which does not meet the minimum desired quality standards.</p>", "level": 0}, {"value": "<p>Users acknowledge that it is technically impossible to achieve 100% Website availability. Nevertheless, Weddingwire.co.uk shall endeavor to maintain the Website available as constant as possible. Brief anomalies or temporary suspension of the Website services may take place, especially for maintenance, security or capability reasons or for reasons beyond Weddingwire.co.uk's control (e.g., anomalies in the public communication networks, power outages, etc.).</p>", "level": 0}, {"value": "<p>Weddingwire.co.uk can unilaterally, without prior notice, unsubscribe Users who have been repeatedly addressed by complaints to which Weddingwire.co.uk has accessed.</p>", "level": 0}], [{"value": "<h4><a name=\"23\"></a>2.3. <span>Website User obligations</span></h4>", "level": 6}, {"value": "<p>Users undertake to make diligent use of the Website and of the services accessible on it, fully subject to the law, to the good practices and to these Legal Terms and Conditions and, where applicable, to the pertinent Specific Terms and Conditions, while duly respecting the other users. Pursuant to paragraph four of section\u00c2\u00a02.2 above, Weddingwire.co.uk reserves the right to withdraw any content which, based on its criterion, does not comply with the minimum quality requirements.</p>", "level": 0}, {"value": "<p>Users who access the Website in their capacity as industry professionals and provide the professional services through it expressly state that they shall rigorously comply with all the regulations and requirements of any type which directly or indirectly affect their activity or their professional performance and they expressly hold Weddingwire.co.uk harmless from any liability arising from failing to comply with any of their obligations. In that sense, Weddingwire.co.uk can carry out the pertinent investigations and request the documentation considered to be appropriate with the aim of ensuring compliance with such obligations. Weddingwire.co.uk reserves the right to not allow the presence on its Website of Users who do not provide the relevant documentation that was requested or who manifestly and deliberately conceal it or fail to comply with the applicable regulations.</p>", "level": 0}, {"value": "<p>In general, the service provision does not require Users to previously subscribe or register. Nevertheless, some of the Weddingwire.co.uk services require Users (companies or individuals) to previously complete the corresponding registration form, selecting the username and password that the Users undertake to maintain and use with due diligence.</p>", "level": 0}, {"value": "<p>Passwords are personal and non-transferable, and they cannot be assigned, not even temporarily, to third parties. In that sense, Users must adopt the necessary measures to safeguard the passwords chosen by them, ensuring that third parties do not use them. Consequently, Users are the only parties responsible for the use made of their password, and Weddingwire.co.uk is held completely harmless. In the event that Users know or suspect that their password is being used by third parties, they must notify Weddingwire.co.uk as soon as possible.</p>", "level": 0}, {"value": "<p>All the information provided by Users through any of the mechanisms enabled to obtain the services provided by Weddingwire.co.uk must be truthful and accurate. For such purposes, Users guarantee the authenticity of all the data that they provide as a result of completing the forms or answering the requests made by Weddingwire.co.uk and which are necessary for subscription to the services.</p>", "level": 0}, {"value": "<p>Likewise, Users shall be responsible for maintaining all the information provided to Weddingwire.co.uk permanently updated so that it always conforms to the Users' actual situation. In any case, Users shall be the only parties responsible for providing false or inaccurate statements or false or inaccurate information or for harming Weddingwire.co.uk or third parties as a result of this.</p>", "level": 0}, {"value": "<p>Users undertake to respect the applicable laws and the third-party rights when using the Website content and services. Likewise, the reproduction, distribution, transmission, adaptation or modification, through any means and in any way, of the Website content (texts, designs, graphics, information, databases, sound and/or image files, logos, etc.) and other Website features are forbidden, unless there is prior authorization from their legitimate owners or when the law allows this.</p>", "level": 0}, {"value": "<p>In particular, Users are forbidden to: use offensive or slanderous content, regardless of whether that content affects other users or other persons or companies; use pornographic content or content which breaches the laws protecting minors or offends or harms other users or third parties (especially through spam); use legally protected content (e.g., legislation protecting intellectual property, trademarks, patents, utility models or aesthetic models) without having the right to do this, or advertise, offer or distribute legally protected goods or services; and carry out or foster actions contravening free competition, including those aimed at progressively capturing clients (such as chain, snowball or pyramid systems). Likewise, Users are forbidden to promote goods and services which lead to their own benefit or that of others related to them.</p>", "level": 0}, {"value": "<p>Users are forbidden to carry out, among other actions, the following:</p>", "level": 0}, {"value": "<ul class=\"list-bullet mt10 mb20\">\n<li class=\"mt5\">Use mechanisms, software or scripts in relation to the Website use.</li>\n<li class=\"mt5\">Block, overwrite, modify or copy, unless this is necessary for properly using the Website services. For example, it is not necessary to copy using web robots or crawlers for properly using the Website services, so this is expressly forbidden.</li>\n<li class=\"mt5\">Publicly disseminate and reproduce the content of the Website or of other users, without prior authorization.</li>\n<li class=\"mt5\">Carry out any actions which may jeopardize the functionality of the Weddingwire.co.uk infrastructure, especially to overload it.</li>\n<li class=\"mt5\">Use any of the materials or information contained in the Website for unlawful purposes and/or purposes expressly forbidden in these Legal Terms and Conditions and, where applicable, in the Specific Terms and Conditions which are enabled and/or contravene the rights and interests of Weddingwire.co.uk, its members and/or third parties. Users must be liable vis-\u00c3\u00a0-vis the injured parties if they contravene or breach such obligations in any way whatsoever (even if they insert or spread computer viruses), harm, disable, overload, deteriorate or prevent the normal use of the materials and information contained in the Website, the computer systems or the documents, files and all types of content stored on any computer equipment of Weddingwire.co.uk (hacking), its members or any users.</li>\n<li class=\"mt5\">Add comments or content which have nothing to do with the Website's purposes and aims.</li>\n<li class=\"mt5\">Add contact data to fields other than those used for such purpose in the forms. Weddingwire.co.uk reserves the right to edit any content which contravenes this obligation.</li>\n</ul>", "level": 0}, {"value": "<p>Users are aware and voluntarily accept that they use the Website and the services provided through it, in any case, under their sole responsibility.</p>", "level": 0}, {"value": "<p>Users shall be liable for the damages of any type caused to Weddingwire.co.uk or third parties as a result of failing to comply with any of the obligations to which they are subject by virtue of these Legal Terms and Conditions or the law in relation to the service use.</p>", "level": 0}, {"value": "<p>Weddingwire.co.uk shall not intermediate in conflicts among the Users or between the Users and third parties which may interfere in its proper service provision and reserves the right to unsubscribe them from the Website or cancel their existing contracts, where applicable, until any disputes or disagreements are fully resolved.</p>", "level": 0}], [{"value": "<h4><a name=\"24\"></a>2.4. <span>Obligations when adding content to the Website</span></h4>", "level": 6}, {"value": "<p>By adding information, texts, audio, video and/or images to the Website (hereinafter, the \"<strong>Content</strong>\"), Users state that they are the legitimate owners of the intellectual and industrial property rights over that Content for the reproduction, distribution and public communication through any means and in any format, throughout the world during the term of their legal protection.</p>", "level": 0}, {"value": "<p>In that sense, Users state that they have sufficient rights to add Content to the Website and expressly hold Weddingwire.co.uk harmless against any claims that it may receive as a result. Users are the only parties responsible for obtaining any type of authorization, permission or license in the event that this is necessary for making and publishing any Content, including all the necessary authorizations and/or permissions in relation to the image rights.</p>", "level": 0}, {"value": "<p>When Users add Content to the Website, they expressly authorize Weddingwire.co.uk so that it can use and disseminate that Content in any of the websites or social media networks in which Weddingwire.co.uk appears or manages.</p>", "level": 0}, {"value": "<p>Any Content added by Users shall form part of the composite work which is the Website addressed by the intellectual property rights, whose sole owner is Weddingwire.co.uk. In that sense, Users who contribute any type of Content expressly state that they freely assign to Weddingwire.co.uk, free of charge, the Content provided and any intellectual property rights over it and, in particular, the reproduction, transformation and public communication rights throughout the world and during the term of their legal protection.</p>", "level": 0}, {"value": "<p>Weddingwire.co.uk does not allow Users to add content which it believes deteriorates the quality of its service. It is forbidden to add content which:</p>", "level": 0}, {"value": "<ul class=\"list-bullet mt10 mb20\">\n<li class=\"mt5\">is allegedly unlawful in accordance with the national, EU or international regulations or based on which activities are carried out that are allegedly unlawful or contravene the principles of good faith.</li>\n<li class=\"mt5\">does not meet the minimum quality parameters to appear on the Website as established by Weddingwire.co.uk.</li>\n<li class=\"mt5\">violates the fundamental rights of people, may seek users' weaknesses, lacks common courtesy on the web, upsets and/or may or seeks to generate negative opinion among Users or third parties.</li>\n<li class=\"mt5\">contravenes the principles of legality, honesty, responsibility, human dignity protection, protection of minors, protection of public order, protection of private life, consumer protection and protection of the intellectual and industrial property rights.</li>\n</ul>", "level": 0}, {"value": "<p>Without prejudice to the foregoing, Weddingwire.co.uk reminds Users that the aforementioned Content shall not be analyzed from a legal standpoint but from a qualitative perspective, and that Weddingwire.co.uk does not have the ability or the power for civil and/or criminal unlawful cases.</p>", "level": 0}, {"value": "<p>Weddingwire.co.uk reserves the power to remove from the Website the Content which it considers to be inappropriate for the Website's features and purposes and for Users. Likewise, it reserves the right to modify and/or adapt other content when necessary, where that modification does not affect the integrity of what has been contributed, with the aim of adapting it to the Website's formal and quality requirements or the formats of that content, in accordance with the provisions of these Legal Terms and Conditions.</p>", "level": 0}, {"value": "<p>Although Weddingwire.co.uk uses means to make sure that the Content complies with the aforementioned prohibitions and that it complies with Weddingwire.co.uk's quality parameters and the rules established herein, it cannot control all the Content that is published, so it cannot be responsible for this.</p>", "level": 0}, {"value": "<p>In the event that Users notice that there is inappropriate Content on the Website, they can contact Weddingwire.co.uk through our User Support Service: <a class=\"lEmp\" href=\"mailto:info@weddingwire.co.uk\">info[at]weddingwire.co.uk</a></p>", "level": 0}, {"value": "<p>Regarding the Content which affects minors, Weddingwire.co.uk states that it wishes to favor good Internet use. Likewise, it also states that it wishes to avoid the practice, the dissemination of illegal messages or images or which may violate or induce to violate human dignity, safety or the values of child and youth protection.</p>", "level": 0}, {"value": "<p>The Website acknowledges, respects and ensures the rights of minors within the framework of child and youth protection at both domestic and international level.</p>", "level": 0}, {"value": "<p>In accordance with the regulations in force, the unlawful interference in the right to protect the honor of minors, their personal and family privacy and their own image is considered to be any use of their image or name in the media which may undermine their honor or reputation or which contravenes their interests, even if there is consent from the minors or their legal representatives.</p>", "level": 0}, {"value": "<p>In that sense, any Users who add any Content to the Website which may breach the rights established in the preceding paragraph shall be immediately removed and their conduct shall be notified to the competent public bodies.</p>", "level": 0}, {"value": "<p>For such purposes, Users are reminded that, in accordance with the regulations in force, if they use minors for exhibitionist or pornographic purposes or scenes, they shall be punished with a prison sentence of 1 to 3 years.</p>", "level": 0}, {"value": "<p>Without prejudice to the foregoing, providing the personal data of minors and, in particular, their image to the Website expressly implies that, without reservation, the Users who provide them:</p>", "level": 0}, {"value": "<ul class=\"list-bullet mt10 mb20\">\n<li class=\"mt5\">Hold the necessary rights to use the data or image of the minors.</li>\n<li class=\"mt5\">Ensure that the stated data do not jeopardize the minors in any way whatsoever or harm any of their rights.</li>\n<li class=\"mt5\">Expressly hold Weddingwire.co.uk harmless against any potential claims arising from this, where the Users assume that they provided the information with the full liabilities arising from such claims.</li>\n</ul>", "level": 0}], [{"value": "<h4><a name=\"25\"></a>2.5. <span>Responsibility and dissemination of User content, data and/or information</span></h4>", "level": 6}, {"value": "<p>Weddingwire.co.uk can use and disseminate the Content that Users provide to the Website and, in particular, it can disseminate this through any of the websites or social media networks in which Weddingwire.co.uk appears or manages, so that Users who provide Content to the Website expressly authorize Weddingwire.co.uk at the time of adding that Content.</p>", "level": 0}, {"value": "<p>For the above, Weddingwire.co.uk can modify or adapt the Content which requires this with the aim of respecting the Website's graphic design or other communication formats used on the Weddingwire.co.uk platform, provided that the modification or adaptation respects the integrity of the content provided. Such user rights or licenses are granted throughout the world, free of charge and during the legal term for protecting User rights.</p>", "level": 0}, {"value": "<p>Weddingwire.co.uk is not obligated to control the use made by the Users of the services it provides and, therefore, it cannot guarantee that Users will use them in accordance with that established in these Legal Terms and Conditions or that they use them diligently and/or prudently although, by using the service and accepting these Legal Terms and Conditions, they undertake to do so.</p>", "level": 0}, {"value": "<p>Likewise, Weddingwire.co.uk is not obligated to verify the Users' identity or the veracity, validity, thoroughness and/or authenticity of the data provided by the Users about themselves; the Users undertake to provide actual information or data to Weddingwire.co.uk and are responsible for their updated situation, as stated by Weddingwire.co.uk in these Legal Terms and Conditions.</p>", "level": 0}, {"value": "<p>Without prejudice to the foregoing, Weddingwire.co.uk reserves the power to partially or fully limit certain Users' access to the services and cancel, suspend, block, edit or delete certain type of Content or cancel the account of the Users who unduly use the Website or if it has effective knowledge that the activity or information stored is unlawful or harms the assets or rights of third parties, using suitable technological instruments for such purpose. In that sense, Weddingwire.co.uk can establish the necessary filters to prevent unlawful or harmful content from being added to the service through the Website or make sure that the Website is only used for the stated purposes.</p>", "level": 0}, {"value": "<p>Users can make suggestions or proposals on how to improve the information, activities and/or services included in and/or enabled on the Website by contacting the Weddingwire.co.uk User Support Service here. Any new features developed based on User suggestions shall be fully owned by Weddingwire.co.uk, and Users shall not have any rights over them.</p>", "level": 0}, {"value": "<p>Weddingwire.co.uk reserves the right to file any type of communication made with Users with the sole purpose of an internal and training analysis, without prejudice to the provisions stated in the Data Protection Policy.</p>", "level": 0}], [{"value": "<h4><a name=\"26\"></a>2.6. <span>Waiver of guarantees and liability</span></h4>", "level": 6}, {"value": "<p>Except in the cases expressly described in the Legal Terms and Conditions and the rest of the regulatory framework for the Website, Weddingwire.co.uk is not liable for the damages of any nature which may be due to a lack of accuracy, thoroughness or update or omissions in the information and services included in the Website or other Content which can be accessed through the Website, and it does not have the duty or commitment to verify or monitor the Website content and information.</p>", "level": 0}, {"value": "<p>Likewise, despite providing the technical means available, Weddingwire.co.uk does not guarantee the availability, continuity or infallibility of the Website's functioning and, consequently, it excludes, as allowed by the legislation in force, any liability for the damages of any nature which may be due to the lack of availability or continuity in the functioning of the Website and of the services enabled therein, and the errors in accessing the various web pages or those which, where applicable, provide such services.</p>", "level": 0}, {"value": "<p>Weddingwire.co.uk is not liable for the Content, data and/or information provided by Users or for the content of the external websites to which it links. In particular, Weddingwire.co.uk does not guarantee that such content is truthful or that it meets a specific purpose or that it serves that purpose.</p>", "level": 0}, {"value": "<p>Likewise, Weddingwire.co.uk is not liable for the opinions provided by Users through the Website, the forums, the communities or other participation or opinion tools.\u00c2\u00a0Without prejudice to the foregoing, Weddingwire.co.uk shall use the means available to moderate as far as possible the opinions provided by Users on the Website so that they do not breach third-party rights.</p>", "level": 0}, {"value": "<p>Finally, Weddingwire.co.uk is not liable for anything in relation to the successful outcome of the potential transactions made between Users.</p>", "level": 0}], [{"value": "<h4><a name=\"27\"></a>2.7. <span>Links to third-party websites</span></h4>", "level": 6}, {"value": "<p>Weddingwire.co.uk includes in its content links to websites belonging to and/or managed by third parties with the aim of providing access to the information available through the Internet.\u00c2\u00a0Such links may or may not be related to those websites.</p>", "level": 0}, {"value": "<p>Weddingwire.co.uk is not liable for the existence of links between the Website Content and the content located outside or any other mentions of content that is external to the Website. Such links or mentions are solely for information purposes and do not imply, in any case, any support, approval, marketing or relationship between Weddingwire.co.uk and the persons or institutions authoring and/or managing such content or the owners of the websites where they can be found.</p>", "level": 0}], [{"value": "<h4><a name=\"28\"></a>2.8. <span>Applicable legislation and jurisdiction</span></h4>", "level": 6}, {"value": "<p>These Legal Terms and Conditions and the Website's other terms and conditions shall be governed by Spanish legislation.</p>", "level": 0}, {"value": "<p>Regarding the issues which may arise or the actions which can be exercised arising from the provision of the services and content of the Website and from the interpretation and implementation of, or compliance or non-compliance with, the provisions herein, Weddingwire.co.uk and the Users expressly waive the venues which may correspond to them and submit to the jurisdiction of the courts and tribunals of Barcelona city.</p>", "level": 0}], [{"value": "<h4><a name=\"29\"></a>2.9. <span>Contact</span></h4>", "level": 6}, {"value": "<p>You can contact Weddingwire.co.uk by writing to the aforementioned email or postal address or calling the aforementioned telephone number.</p>", "level": 0}, {"value": "<p>If you make a phone call, Weddingwire.co.uk hereby informs you that your call may be recorded with the aim of ensuring the service quality and monitoring how the incidents are resolved. As stated in the Data Protection Policy, your data shall be processed in accordance with the legitimate interest of our company, which is expressly acknowledged in the privacy regulations so that Weddingwire.co.uk can properly provide the service and comply with the contractual obligations in relation to the requests made by Users.</p>", "level": 0}], [{"value": "<h3><a name=\"3\"></a>3. LEGAL TERMS AND CONDITIONS FOR THE ONLINE COMMUNITY</h3>", "level": 7}, {"value": "<p>Using the Online Community implies that Users fully accept the Legal Terms and Conditions for the Online Community and the other rules included in the Website's Legal Terms and Conditions.</p>", "level": 0}], [{"value": "<h4><a name=\"31\"></a>3.1. <span>Legal Terms and Conditions for the Online Community and their acceptance</span></h4>", "level": 6}, {"value": "<p>These Legal Terms and Conditions for the Online Community regulate the provision of the Website's online community by Weddingwire.co.uk as well as the conditions in which Users can use the service.</p>", "level": 0}, {"value": "<p>Weddingwire.co.uk makes the Online Community available to Users so that the couples organizing their wedding can share opinions and comments about all the wedding arrangement services. Weddingwire.co.uk shall not allow, in any event, the Online Community in particular and the Website in general to be used as a promotional platform or medium for professionals, especially if the professionals are personally related to any Users and the Users themselves carry out that promotion.</p>", "level": 0}, {"value": "<p>Likewise, it is forbidden to use the Online Community to send mass emails among Users. Weddingwire.co.uk shall provide the technical means available to detect and delete, where applicable, such mass emails.</p>", "level": 0}, {"value": "<p>The Online Community and Website require Users to previously complete the registration form and accept the Website's Legal Terms and Conditions in the version published by Weddingwire.co.uk when the Users access the service.</p>", "level": 0}, {"value": "<p>The Online Community is also subject to all the notices, user regulations and instructions notified to Users by Weddingwire.co.uk.</p>", "level": 0}, {"value": "<p>The Online Community can only be used by the Website Users who are active on it, using it to plan and manage a personal event, and by the wedding industry professionals who have a data sheet on the Website.\u00c2\u00a0Without prejudice to the foregoing, the main purpose is to enable the couple to organize an event and not be used as a promotional platform or medium for wedding industry professionals. Therefore, Weddingwire.co.uk reserves the right to restrict or cancel access to the Online Community among Users who unduly use it.</p>", "level": 0}, {"value": "<p>Weddingwire.co.uk reserves the power to amend, at any time, these Legal Terms and Conditions for the Online Community. They shall also be applicable from the time that they are available to Users through the Website. Weddingwire.co.uk recommends Users to review the Legal Terms and Conditions every time that they use the Online Community since they may be changed.</p>", "level": 0}, {"value": "<p>If Users decide not to accept these Legal Terms and Conditions and/or, where applicable, the future terms and conditions and communications that may be sent by Weddingwire.co.uk, they must abstain from accessing and/or using the Online Community provided.</p>", "level": 0}, {"value": "<p>By participating in the Online Community, Users expressly accept that all the Content they publish will be made known to the other participants in that Community.<br/>All the Content provided by Users to Weddingwire.co.uk by participating in the Online Community shall be added to the Website, with the understanding that it is protected with intellectual or similar property rights. In that sense, Users assign Weddingwire.co.uk, free of charge, the use of all the content provided through their participation and which will be added to the Website, in accordance with the provisions of Clause\u00c2\u00a02.4 above.</p>", "level": 0}], [{"value": "<h4><a name=\"32\"></a>3.2. <span>Purpose and description of the Service</span></h4>", "level": 6}, {"value": "<p>The purpose of these Legal Terms and Conditions is to provide the Online Community through the Website. After registering on the Website and validating the username and password previously allocated to Users, free of charge, they can share, access, answer messages and, in general, have conversations with other service Users to express and/or request opinions or share impressions about the information, activities and/or services included in the Website or which can be accessed from it and similar matters.</p>", "level": 0}], [{"value": "<h4><a name=\"33\"></a>3.3. <span>Access to the Online Community</span></h4>", "level": 6}, {"value": "<p>The service shall be accessed through a username and password or a personal code which are non-transferable chosen by the User. Users assume the consequences for breaking the confidentiality and misusing the passwords and access codes.</p>", "level": 0}, {"value": "<p>People aged over 18 can freely access this Service. Minors are not allowed access.</p>", "level": 0}], [{"value": "<h4><a name=\"34\"></a>3.4. <span>User obligations</span></h4>", "level": 6}, {"value": "<p>Users undertake to use the Online Community in accordance with the law, these Legal Terms and Conditions for the Online Community, the Website's Legal Terms and Conditions, as well as the generally accepted moral and good practices and public order.</p>", "level": 0}, {"value": "<p>Users undertake to abstain from using the service for unlawful purposes or effects or which contravene these Legal Terms and Conditions and the Website's Legal Terms and Conditions, or harm third-party rights and interests or which, in any way whatsoever, may damage, render useless, overload or deteriorate the service or prevent other Users from normal use or enjoyment. In particular, for example, it is forbidden to transfer, disseminate or make available to third parties, through the Online Community, information, messages, graphics, sound and/or image files, photographs, recordings, software and, in general, any type of material, data and content which:</p>", "level": 0}, {"value": "<p>A. In any way whatsoever, may harass, stalk, threaten or abuse other Community members or any third parties outside it.</p>", "level": 0}, {"value": "<p>B. May include obscene or censurable content or content which harms the sensitivity of any third parties accessing it.</p>", "level": 0}, {"value": "<p>C. Disseminate content that may infringe or violate the rights of Users or third parties as defamatory material or whose content breaches any intellectual or industrial property rights.</p>", "level": 0}, {"value": "<p>D. May encourage others to breach these Legal Terms and Conditions, the Website's Legal Terms and Conditions, and any other terms and conditions included in the Website.</p>", "level": 0}, {"value": "<p>E. Are published with the intention of pretending to be members of the Weddingwire.co.uk team or other Users by using similar identification or other methods or devices.</p>", "level": 0}, {"value": "<p>F. May be used for commercial, advertising or unlawful purposes, and for sending spam and distributing unwanted mass messages.</p>", "level": 0}, {"value": "<p>G. Breach the regulations on the secrecy of communications.</p>", "level": 0}, {"value": "<p>H. Are expressly forbidden to be sold, promoted or distributed through Weddingwire.co.uk's Online Community platform, even if the services or products are free of charge. Likewise, it is forbidden for Users to promote their professional activities related directly to them or to close parties.</p>", "level": 0}, {"value": "<p>Weddingwire.co.uk reserves the power to remove from the Website the Content which it considers to be inappropriate for the Website's features and purposes and for Users. Weddingwire.co.uk reminds Users that the aforementioned Content shall not be analyzed from a legal standpoint but from a qualitative perspective, and that Weddingwire.co.uk does not have the ability or the power for civil and/or criminal unlawful cases.</p>", "level": 0}, {"value": "<p>Likewise, Weddingwire.co.uk reserves the right to remove and/or suspend Users from the services if they fail to comply with the provisions of these Legal Terms and Conditions and to delete, remove and/or suspend any messages which include information about the features stated in sections A to H, even if they are not stated therein, without the need for prior or subsequent notice, and can even cancel access to Users authoring them when, in accordance with Weddingwire.co.uk, any of the Online Community's purposes are not complied with.</p>", "level": 0}], [{"value": "<h4><a name=\"35\"></a>3.5. <span>Content added by Users</span></h4>", "level": 6}, {"value": "<p>The messages and Content provided by Users to the Online Community contain solely the opinions and experiences of the senders, and the Users who add them to the Website are solely responsible for their content.</p>", "level": 0}, {"value": "<p>Weddingwire.co.uk's couple community makes available to Users the Dropbox tool, whose Legal Terms and Conditions are hosted on <a href=\"https://www.dropbox.com/privacy#terms\">this</a> link. The Online Community managers will share this file storage system so that the couple can add documents of interest to the Community.</p>", "level": 0}, {"value": "<p>Users undertake to make good use of this tool in accordance with the Legal Terms and Conditions for the Online Community stated in section 3 of the Website's Legal Terms and Conditions.</p>", "level": 0}, {"value": "<p>The Website is not liable for the content of the files added to Dropbox, so Users hold the Website harmless against any liability for damages of any type arising from using this tool or for the Content itself of the shared files.</p>", "level": 0}, {"value": "<p>The Online Community managers reserve the right to remove any Content which contravenes the Legal Terms and Conditions for the Online Community; likewise, they are not liable for the content removed by users from Dropbox or for the faults or malfunctioning of the program.</p>", "level": 0}, {"value": "<p>In the event that it is detected that a user of Weddingwire.co.uk's Online Community unduly uses Dropbox, the Website reserves the right to restrict or cancel Online Community access to that user.</p>", "level": 0}], [{"value": "<h4><a name=\"36\"></a>3.6. <span>Disclaimer of liability</span></h4>", "level": 6}, {"value": "<p>Weddingwire.co.uk is not liable, in any case, for the messages sent by Users, and the latter expressly hold Weddingwire.co.uk harmless against any liability for damages of any type arising from the content of the messages as well as any knowledge by third parties of the terms and conditions, features and circumstances of use of the service made by the Users or which may be due to the access and, where applicable, the interception, deletion, modification or manipulation by authorized or unauthorized third parties of the messages that the Users disseminate or make available to third parties through the Online Community, although it undertakes to provide the means available so that Users' participation in the Online Community does not jeopardize or violate third-party rights.</p>", "level": 0}], [{"value": "<h4><a name=\"37\"></a>3.7. <span>Personal data</span></h4>", "level": 6}, {"value": "<p>Weddingwire.co.uk informs Users that it shall process their personal data under the terms set out in the Website's Personal Data Protection Policy which the Users can find in the following link: <a href=\"https://www.weddingwire.co.uk/legal/privacy.php\">https://www.weddingwire.co.uk/legal/privacy.php</a></p>", "level": 0}, {"value": "<p>Likewise, Users expressly accept that the opinions and Content that they provided to the Website can be found and are accessible through the Internet search engines. Without prejudice to the foregoing, there are discussion groups which, because of their confidential and strictly private content in accordance with Weddingwire.co.uk, will not be accessible through those search engines nor will the personal profile of the Users.</p>", "level": 0}, {"value": "<p>Users guarantee the veracity, accuracy, validity and authenticity of the Personal Data that they provide and they undertake to maintain them updated.</p>", "level": 0}], [{"value": "<h4><a name=\"38\"></a>3.8. <span>No licensing</span></h4>", "level": 6}, {"value": "<p>Weddingwire.co.uk authorizes Users to use the software's intellectual and industrial property rights which allow them to execute the features comprising the Service only for using them as established in these Legal Terms and Conditions.</p>", "level": 0}, {"value": "<p>Without prejudice to the foregoing, Weddingwire.co.uk does not grant any other user license or authorization of any type over its intellectual or industrial property rights or over any other properties or rights related to the Online Community or over the Website itself or over the content in the Website's Statement of Intellectual and Industrial Property Rights which users can find in the Legal Terms and Conditions.</p>", "level": 0}], [{"value": "<h4><a name=\"39\"></a>3.9. <span>Applicable legislation\u00c2\u00a0</span></h4>", "level": 6}, {"value": "<p>All these Legal Terms and Conditions shall be governed by Spanish legislation.</p>", "level": 0}], [{"value": "<h4><a name=\"310\"></a>3.10.\t<span>Claims</span></h4>", "level": 6}, {"value": "<p>Weddingwire.co.uk makes Claim Forms available to the Website Users and they can be requested by email by writing to <a class=\"lEmp\" href=\"mailto:info@weddingwire.co.uk\">info[at]weddingwire.co.uk</a>. Once the forms are completed, users must send a copy to the same email address:</p>", "level": 0}], [{"value": "<h3><a name=\"4\"></a>4. INTELLECTUAL AND INDUSTRIAL PROPERTY RIGHTS</h3>", "level": 7}, {"value": "<p>Copyright \u00c2\u00a9 2008 - 2018 WEDDING PLANNER S.L. - All the rights</p>", "level": 0}, {"value": "<p>All the operating rights are reserved.</p>", "level": 0}, {"value": "<p>This Website is governed by Spanish law and is protected by the national and international legislation on intellectual and industrial property.</p>", "level": 0}, {"value": "<p>The texts, designs, images, databases, logos, structure, trademarks and brands, and other features of this site are protected by the international laws and treaties on intellectual and industrial property.</p>", "level": 0}, {"value": "<p>Any reproduction, transfer, adaptation, translation, modification, public communication or any other operating of part or all of the content of this site, made in any way and through whatever means, whether electronic, mechanical or other, are strictly forbidden, unless there is prior written authorization from Weddingwire.co.uk or third-party owners. Any breach of such rights may lead to the corresponding civil or criminal extrajudicial or judicial procedures.</p>", "level": 0}, {"value": "<p>Weddingwire.co.uk does not grant any user license or authorization of any type over its intellectual or industrial property rights or over any other properties or rights related to the Online Community, its services or its content.</p>", "level": 0}, {"value": "<p>Users authorize Weddingwire.co.uk to use, free of charge, their logos, trademarks and Content added to the Website for providing the services arranged. Likewise, Users authorize Weddingwire.co.uk to use, free of charge, such logos, trademarks and Content in all the Website sections and in all the social media networks in which Weddingwire.co.uk has a presence, provided that it always states their origin.</p>", "level": 0}, {"value": "<p>Users expressly state that none of the Content provided to Weddingwire.co.uk breaches in any way whatsoever any industrial or intellectual property rights or any other rights of third parties, expressly holding Weddingwire.co.uk harmless against any claims related thereto filed by any third parties and assuming full liability for such events.</p>", "level": 0}, {"value": "<p>The legitimacy of the intellectual or industrial property rights corresponding to the Content provided by the Users is under their sole liability, and they expressly hold Weddingwire.co.uk harmless against any claims filed by third parties.</p>", "level": 0}, {"value": "<p>To protect any potential intellectual property rights, if any Users or third parties believe that their legitimate rights have been breached as a result of adding certain Content to the Website, they must notify this by writing to: WEDDING PLANNER, S.L. (Weddingwire.co.uk), Avda. Alcalde Barnils, 64-68, 4\u00c2\u00aa, 08174 Sant Cugat del Vall\u00c3\u00a9s (Barcelona, Spain); or sending an email to:  <a class=\"lEmp\" href=\"mailto:info@weddingwire.co.uk\">info[at]weddingwire.co.uk</a>, stating the following:</p>", "level": 0}, {"value": "<ul class=\"list-bullet mt10 mb20\">\n<li class=\"mt5\">The identification data of the data subjects owning the rights which have allegedly been breached. If the claims are filed by third parties that are not the data subjects, their representation must be stated.</li>\n<li class=\"mt5\">The content protected by the intellectual property rights and its location on the website.</li>\n<li class=\"mt5\">Accreditation of the existence, ownership and validity of those intellectual property rights.</li>\n<li class=\"mt5\">Express statement in which the data subject is liable for the veracity of the data and information provided in the notification referred to in this section.</li>\n</ul>", "level": 0}], [{"value": "<h1>Specific terms and conditions of use of the WedShoots app</h1>", "level": 9}, {"value": "<p class=\"mt40\">These specific terms and conditions regulate the access to and use of WedShoots, developed by Wedding Planner, S.L. for its Users, with the aim of enabling them to create wedding photo albums by including the photographs made by the guests.</p>", "level": 0}, {"value": "<p>The terminology used in these specific terms and conditions refer to the following concepts:</p>", "level": 0}, {"value": "<ul class=\"list-bullet mt10 mb20\">\n<li class=\"mt5\">Website: www.weddingwire.co.uk.</li>\n<li class=\"mt5\">App: WedShoots app, developed by Wedding Planner, S.L.</li>\n<li class=\"mt5\">User: User of the app and, consequently, of the Website, whether the couple or the guests.</li>\n<li class=\"mt5\">Couple: Registered user of the Website as the couple.</li>\n<li class=\"mt5\">Wedding: The event through which organization the Couple are Website Users.</li>\n<li class=\"mt5\">Guest: User of the app who has been invited to the Couple's Wedding.</li>\n</ul>", "level": 0}, {"value": "<p>By downloading the App, the User accepts registration on the Website as well as the <a href=\"https://www.weddingwire.co.uk/legal-terms.php\">Website's Legal Terms and Conditions</a> and the specific terms and conditions of the App contained in the former. The App enables its Users to add photographs taken with their mobile devices to the photo album created for such purpose on the Website in the area devoted to the Couple's Wedding.</p>", "level": 0}, {"value": "<p>For such purpose, the Users must download the App in their mobile device and access the private Wedding area by adding the corresponding QR code provided by the Couple.</p>", "level": 0}, {"value": "<p>The App enables the photographs taken by the Guests to be immediately added to the area in the App devoted to the Couple's Wedding and to the photo album of the Couple's Wedding located on the Website with Weddingwire.co.uk's watermark.</p>", "level": 0}, {"value": "<p>The photographs shall be solely owned by the Couple, so the Website shall not use them without their express consent. Likewise, all the photographs deleted by the Couple shall also be deleted from the Website's system, so they shall be inaccessible. Without prejudice to the foregoing, all the photographs shall include Weddingwire.co.uk's watermark.</p>", "level": 0}, {"value": "<p>By using the App, the Guests accept that the photographs taken during the Wedding can be published in the Wedding's photo album located on the Website and in any other means which the App enables, and that all its Legal Terms and Conditions are applicable to the photographs, just like the content added to the Website.</p>", "level": 0}, {"value": "<p>Likewise, the Guests undertake not to take photographs which may harm the image, privacy or honor of the other guests at the Wedding, expressly holding, in any case, the Website harmless against any claims filed by third parties in relation to this.</p>", "level": 0}, {"value": "<p>The use of the App is free of charge, without prejudice to functionalities being added to new App versions for which the stated price must be paid and which will be notified to Users.</p>", "level": 0}], [{"value": "<h1>Specific terms and conditions of use of the Weddingwire.co.uk consultancy service</h1>", "level": 9}, {"value": "<p class=\"mt40\">These specific terms and conditions regulate the access to and use of the Weddingwire.co.uk consultancy service for its Users, providing them with assistance and support when browsing the Website with the aim of optimizing User experience when seeking suppliers based on predetermined general criteria. In any case, the Weddingwire.co.uk consultancy service does not imply providing any event organization service; it simply provides assistance when using the Website search tools.</p>", "level": 0}, {"value": "<p>The terminology used in these specific terms and conditions refer to the following concepts:</p>", "level": 0}, {"value": "<ul class=\"list-bullet mt10 mb20\">\n<li class=\"mt5\">Website: www.weddingwire.co.uk.</li>\n<li class=\"mt5\">Service: Support service on how to use the Website's functionalities with the ultimate purpose of arranging the necessary service providers for the Wedding, provided by a Consultant, carried out by Wedding Planner, S.L.</li>\n<li class=\"mt5\">User: User of the Service and, consequently, of the Website.</li>\n<li class=\"mt5\">Couple: Registered user of the Website in the process of organizing a Wedding.</li>\n<li class=\"mt5\">Wedding: The event through which organization the Couple are Website Users.</li>\n<li class=\"mt5\">Consultant: The Weddingwire.co.uk professional who liaises with the Users.</li>\n</ul>", "level": 0}, {"value": "<p>By using the Service, the Users accept the\u00c2\u00a0<a href=\"https://www.weddingwire.co.uk/legal-terms.php\">Website's Legal Terms and Conditions</a> and these specific terms and conditions contained in the former. The Service provides assistance to Users through chats and/or phone calls with a Weddingwire.co.uk Consultant who will guide and accompany them on how to optimally use the Website in accordance with the purpose stated in the aforementioned definition of \u00e2\u0080\u009cService\u00e2\u0080\u009d.</p>", "level": 0}, {"value": "<p>For such purpose, the Consultant contacts the Users through chats and/or telephone numbers provided by them through any means enabled on the Website, with the aim of providing them support on how to use the Website and, in particular, how to send requests to the providers in which the Couple are interested, in accordance with the guidelines provided by them to the Consultant.</p>", "level": 0}, {"value": "<p>The use of the consultancy service is free of charge.</p>", "level": 0}], [{"value": "<h1>Specific terms and conditions of use of the Premium Service for the Couple</h1>", "level": 9}, {"value": "<p class=\"mt40\">These specific terms and conditions regulate the access to and use of the functionalities of the Premium Service that Wedding Planner, S.L. provides to its Users within the framework of use of the Weddingwire.co.uk Website, and they round out and replace, when necessary, the Website's Legal Terms and Conditions. In the event of a conflict, the specific terms and conditions shall prevail over the Legal Terms and Conditions.</p>", "level": 0}, {"value": "<p>The terminology used in these specific terms and conditions refer to the following concepts:</p>", "level": 0}, {"value": "<ul class=\"list-bullet mt10 mb20\">\n<li class=\"mt5\">Website: www.weddingwire.co.uk.</li>\n<li class=\"mt5\">Weddingwire.co.uk: Wedding Planner, S.L.U, a Spanish company with registered office at Avda. Alcalde Barnils, 64-68, bloque A, 4\u00c2\u00ba, Sant Cugat del Vall\u00c3\u00a9s (Barcelona, Spain) and tax number (CIF) B-65189599.</li>\n<li class=\"mt5\">Premium Services: Additional functionalities to the basic ones which are provided by Weddingwire.co.uk free of charge through the Website to its Users.</li>\n<li class=\"mt5\">User: User of the Service and, consequently, registered on the Website.</li>\n<li class=\"mt5\">Wedding: The event through which organization the Couple are Website Users.</li>\n</ul>", "level": 0}, {"value": "<p>These Specific Terms and Conditions shall be governed by the provisions of Legislative Royal Decree 1/2007 of 16 November, which approves the consolidated text of the General Act on Consumer and User Protection and other supplementary laws, and, for the purpose envisaged in its article 60, the following information is provided before the signing of the Premium Service contract:</p>", "level": 0}], [{"value": "<h4>1. Premium Services: duration, price and payment method:</h4>", "level": 6}, {"value": "<p>Weddingwire.co.uk provides three packages through its Website which contain three types of functionalities:</p>", "level": 0}], [{"value": "<p class=\"mt20\"><strong>Initial Pack</strong></p>", "level": 1}, {"value": "<p>Bespoke wedding Websites</p>", "level": 0}, {"value": "<p>Design adapted for mobile</p>", "level": 0}, {"value": "<p>RSVP\u00e2\u0080\u0099s</p>", "level": 0}, {"value": "<p>WedShoots for your wedding day</p>", "level": 0}, {"value": "<p>Unlimited number of users</p>", "level": 0}], [{"value": "<p><strong>Free</strong></p>", "level": 1}], [{"value": "<p class=\"mt30\"><strong>Premium Design Pack</strong></p>", "level": 1}, {"value": "<p>Initial Pack</p>", "level": 0}, {"value": "<p>Premium Wedding Web Designs</p>", "level": 0}, {"value": "<p>Wedding Website without the WeddingWire.co.uk logo</p>", "level": 0}], [{"value": "<p><strong>\u00c2\u00a329 (includes VAT)</strong></p>", "level": 1}], [{"value": "<p class=\"mt30\"><strong>Premium Design Plus Pack</strong></p>", "level": 1}, {"value": "<p>Premium Design Pack Features</p>", "level": 0}, {"value": "<p>Possibility of downloading the Wedding Website in addition to online access</p>", "level": 0}, {"value": "<p>Custom domain</p>", "level": 0}, {"value": "<p>Valued at \u00c2\u00a389</p>", "level": 0}], [{"value": "<p><strong>Price: \u00c2\u00a369 (includes VAT)</strong></p>", "level": 1}, {"value": "<p class=\"mt30\"><strong>Upgrade price from the Premium Design Pack: \u00c2\u00a349 (includes VAT).</strong></p>", "level": 0}, {"value": "<p>The Premium Service lasts one year and cannot be canceled earlier during that period.</p>", "level": 0}, {"value": "<p>Regarding the customized domain name included in the Great Wedding package, the one-year service shall start from the time that the payment is confirmed, which is also when the possibility of choosing a domain name is activated.</p>", "level": 0}, {"value": "<p>At any time during the one-year period of the Premium Service, an upgrade can be made, in which case the annual period shall start from the time that the upgrade is made.</p>", "level": 0}, {"value": "<p>Before the Premium Service expires, Weddingwire.co.uk shall notify Users of the possibility of renewing the Service and how to do this.</p>", "level": 0}, {"value": "<p>The services shall be paid only by credit card through the Adyen payment gateway. The Premium Services shall be activated once the payment is confirmed.</p>", "level": 0}], [{"value": "<h4>2. The identity of the company providing the service is as follows:</h4>", "level": 6}, {"value": "<p>The provider of the Website's Premium Services is Wedding Planner, S.L.U, a Spanish company with registered office at Avda. Alcalde Barnils, 64-68, bloque A, 4\u00c2\u00ba, Sant Cugat del Vall\u00c3\u00a9s (Barcelona, Spain) and tax number (CIF) B-65189599.</p>", "level": 0}], [{"value": "<h4>3. Right of withdrawal:</h4>", "level": 6}, {"value": "<p>Users shall have 14 calendar days to withdraw from this contract once the Premium Service has been activated. The right of withdrawal must be exercised by sending an email to info@weddingwire.co.uk, where the subject must be \u00e2\u0080\u009cExercise of the right of withdrawal\u00e2\u0080\u009d, together with the Premium Service contract reference number.</p>", "level": 0}, {"value": "<p>That email must include the name and identity number of the signatory to the contract.</p>", "level": 0}, {"value": "<p>The amount paid shall be refunded solely through the means used to make the payment.</p>", "level": 0}, {"value": "<p>Without prejudice to the foregoing, Users are notified that their right of withdrawal shall not be applicable to the Great Wedding package, since it contains customized services, which are expressly excluded from exercising this right in accordance with the applicable regulations in force.</p>", "level": 0}], [{"value": "<h4>4. Any claims must be sent to info@weddingwire.co.uk</h4>", "level": 6}], [{"value": "<h1>Non-discrimination policy</h1>", "level": 9}, {"value": "<p class=\"mt40\">\n            Weddingwire.co.uk wants all the couples and professionals to feel welcome and included in its portals, apps and tools (the Properties).\n            </p>", "level": 0}, {"value": "<p>\n            Therefore, Weddingwire.co.uk forbids all types of discrimination against couples, professionals or employees of Weddingwire.co.uk based on race, color, religion, gender, nationality, origin, disability, marital status, family situation, pregnancy, sexual orientation, gender identity, gender expression, seniority or citizenship, age or any other characteristic protected by the regulations in force. For example, discrimination shall be considered to be the refusal to provide or accept services or any other conduct unduly based on the aforementioned characteristics.\n            </p>", "level": 0}, {"value": "<p>\n            As stated in our Legal Terms and Conditions, that prohibition also applies to the inclusion of discriminatory content, such as opinions and publications in the forum, in any of our Properties.\n            </p>", "level": 0}, {"value": "<p>\n            Weddingwire.co.uk can carry out all the actions which, in its opinion, are necessary to reinforce this policy and can even cancel the accounts held by the users and/or professionals in the Properties who fail to comply with that policy.\n            </p>", "level": 0}, {"value": "<p>\n            In the event of experiencing any type of discrimination from any user or professional of Weddingwire.co.uk, please notify this by sending an email to info[at]weddingwire.co.uk, with the subject being \"Non-discrimination policy\", so that we can adopt the corresponding measures.\n            </p>", "level": 0}, {"value": "<div class=\"pb25\">\n<div class=\"wrapper \">\n<div class=\"footer-list-wrapper-border\"> <p class=\"footer-chevron-title\">All wedding suppliers</p>\n<div class=\"pure-g footer-list\">\n<ul class=\"pure-u-1-5\">\n<li>\n<a class=\"footer-info-title\" href=\"https://www.weddingwire.co.uk/wedding-venues\">Wedding Venues</a>\n</li>\n<li><a href=\"https://www.weddingwire.co.uk/mansion-wedding\">Mansion Wedding</a></li>\n<li><a href=\"https://www.weddingwire.co.uk/hotel-wedding\">Hotel Wedding</a></li>\n<li><a href=\"https://www.weddingwire.co.uk/restaurant-wedding\">Restaurant Wedding</a></li>\n<li><a href=\"https://www.weddingwire.co.uk/castle-wedding\">Castle Wedding</a></li>\n<li><a href=\"https://www.weddingwire.co.uk/unique-wedding-venues\">Unique Wedding Venues</a></li>\n<li><a href=\"https://www.weddingwire.co.uk/wedding-barns\">Wedding Barns</a></li>\n<li><a href=\"https://www.weddingwire.co.uk/town-hall-wedding\">Town Hall Wedding</a></li>\n<li><a href=\"https://www.weddingwire.co.uk/conference-centre\">Conference Centre</a></li>\n</ul>\n<ul class=\"pure-u-2-5\">\n<li>\n<a class=\"footer-info-title\" href=\"https://www.weddingwire.co.uk/wedding-suppliers\">Wedding Suppliers</a>\n</li>\n<ul class=\"pure-g\">\n<li class=\"pure-u-1-2\"><a href=\"https://www.weddingwire.co.uk/wedding-catering\">Wedding Catering</a></li>\n<li class=\"pure-u-1-2\"><a href=\"https://www.weddingwire.co.uk/wedding-invitations\">Wedding Invitations</a></li>\n<li class=\"pure-u-1-2\"><a href=\"https://www.weddingwire.co.uk/wedding-favours\">Wedding Favours</a></li>\n<li class=\"pure-u-1-2\"><a href=\"https://www.weddingwire.co.uk/wedding-photographer\">Wedding Photographer</a></li>\n<li class=\"pure-u-1-2\"><a href=\"https://www.weddingwire.co.uk/wedding-videographers\">Wedding Videographers</a></li>\n<li class=\"pure-u-1-2\"><a href=\"https://www.weddingwire.co.uk/wedding-music\">Wedding Music</a></li>\n<li class=\"pure-u-1-2\"><a href=\"https://www.weddingwire.co.uk/wedding-cars\">Wedding Cars</a></li>\n<li class=\"pure-u-1-2\"><a href=\"https://www.weddingwire.co.uk/bus-hire\">Bus Hire</a></li>\n<li class=\"pure-u-1-2\"><a href=\"https://www.weddingwire.co.uk/marquee-hire\">Marquee Hire</a></li>\n<li class=\"pure-u-1-2\"><a href=\"https://www.weddingwire.co.uk/wedding-entertainment\">Wedding Entertainment</a></li>\n<li class=\"pure-u-1-2\"><a href=\"https://www.weddingwire.co.uk/wedding-florist\">Wedding Florist</a></li>\n<li class=\"pure-u-1-2\"><a href=\"https://www.weddingwire.co.uk/gift-list\">Gift List</a></li>\n<li class=\"pure-u-1-2\"><a href=\"https://www.weddingwire.co.uk/wedding-planner\">Wedding Planner</a></li>\n<li class=\"pure-u-1-2\"><a href=\"https://www.weddingwire.co.uk/honeymoon\">Honeymoon</a></li>\n<li class=\"pure-u-1-2\"><a href=\"https://www.weddingwire.co.uk/wedding-decorations\">Wedding Decorations</a></li>\n<li class=\"pure-u-1-2\"><a href=\"https://www.weddingwire.co.uk/wedding-cakes\">Wedding Cakes</a></li>\n</ul>\n</ul>\n<ul class=\"pure-u-1-5\">\n<li>\n<a class=\"footer-info-title\" href=\"https://www.weddingwire.co.uk/brides\">Brides</a>\n</li>\n<li><a href=\"https://www.weddingwire.co.uk/wedding-dress\">Wedding Dress</a></li>\n<li><a href=\"https://www.weddingwire.co.uk/wedding-accessories\">Wedding Accessories</a></li>\n<li><a href=\"https://www.weddingwire.co.uk/wedding-jewellery\">Wedding Jewellery</a></li>\n<li><a href=\"https://www.weddingwire.co.uk/wedding-hair\">Wedding Hair</a></li>\n<li><a href=\"https://www.weddingwire.co.uk/wedding-make-up\">Wedding Make Up</a></li>\n<li><a href=\"https://www.weddingwire.co.uk/evening-dresses\">Evening Dresses</a></li>\n</ul>\n<ul class=\"pure-u-1-5\">\n<li>\n<a class=\"footer-info-title\" href=\"https://www.weddingwire.co.uk/grooms\">Grooms</a>\n</li>\n<li><a href=\"https://www.weddingwire.co.uk/wedding-suits\">Wedding Suits</a></li>\n<li><a href=\"https://www.weddingwire.co.uk/mens-accessories\">Men's Accessories</a></li>\n<li><a href=\"https://www.weddingwire.co.uk/mens-grooming\">Men's Grooming</a></li>\n</ul>\n</div>\n</div> </div>\n</div>", "level": 0}, {"value": "<div class=\"footer-info\">\n<div class=\"wrapper\">\n<div class=\"pure-g\">\n<div class=\"pure-u-1-4\">\n<div class=\"pure-s\">\n<p class=\"footer-info-title\">Information</p>\n<hr/>\n<ul>\n<li>\n<a href=\"https://www.weddingwire.co.uk/contactar.php\" rel=\"nofollow\">Contact us</a>\n</li>\n<li>\n<a href=\"https://www.weddingwire.co.uk/legal-terms.php\" rel=\"nofollow\">Legal terms</a>\n</li>\n<li>\n<a href=\"https://www.weddingwire.co.uk/legal/privacy.php\" rel=\"nofollow\">Privacy policy</a>\n</li>\n<li>\n<a href=\"https://www.weddingwire.co.uk/emp-Acceso.php\" rel=\"nofollow\">Register your business</a>\n</li>\n<li>\n<a href=\"https://www.weddingwire.co.uk/aboutus/aboutus.php\" rel=\"nofollow\">About us</a>\n</li>\n<li>\n<a href=\"https://www.weddingwire.co.uk/legal/cookies.php\" rel=\"nofollow\">Cookies policy</a>\n</li>\n<li>\n<a href=\"https://www.weddingwire.co.uk/wedding-website\">Wedding Website</a>\n</li>\n</ul>\n</div>\n</div>\n<div class=\"pure-u-1-4\">\n<div class=\"pure-s\">\n<p class=\"footer-info-title\">Download the app</p>\n<hr/>\n<ul>\n<li>\n<a href=\"https://app.appsflyer.com/id606949137?pid=WP-iOS-UK&amp;c=WP-UK-LANDINGS&amp;s=gb\" rel=\"nofollow\">\n<img src=\"https://cdn1.weddingwire.co.uk/assets/img/footer/appstore.png\" srcset=\"https://cdn1.weddingwire.co.uk/assets/img/footer/appstore.png 1x,\n                                              https://cdn1.weddingwire.co.uk/assets/img/footer/appstore@2x.png 2x\"/>\n</a>\n</li>\n<li class=\"mt10\">\n<a href=\"https://app.appsflyer.com/uk.co.weddingspot.launcher?pid=WP-Android-UK&amp;c=WP-UK-LANDINGS\" rel=\"nofollow\">\n<img src=\"https://cdn1.weddingwire.co.uk/assets/img/footer/googleplay.png\" srcset=\"https://cdn1.weddingwire.co.uk/assets/img/footer/googleplay.png 1x,\n                                              https://cdn1.weddingwire.co.uk/assets/img/footer/googleplay@2x.png 2x\"/>\n</a>\n</li>\n</ul>\n</div>\n</div>\n<div class=\"pure-u-1-4\">\n<div class=\"pure-s\">\n<p class=\"footer-info-title\">Follow us on</p>\n<hr/>\n<ul class=\"footer-social\">\n<li><a class=\"icon icon-footer-facebook icon-left\" href=\"https://www.facebook.com/weddingwire.co.uk\" rel=\"nofollow\">Facebook</a></li>\n<li><a class=\"icon icon-footer-instagram icon-left\" href=\"https://www.instagram.com/weddingwirecouk/\" rel=\"nofollow\">Instagram</a></li>\n</ul>\n</div>\n</div>\n</div>\n</div>\n</div>", "level": 0}, {"value": "<div class=\"footer-nav\">\n<div class=\"wrapper\">\n<div class=\"fleft\">\n<div class=\"footer-flags\" id=\"app-show-footer-flags\">\n<i class=\"icon-flag icon-flag-uk icon-left\"></i> United Kingdom                <i class=\"icon icon-arrow-down\"></i>\n<div id=\"app-footer-flags\" style=\"display: none\"></div>\n</div>\n<img class=\"footer-wwgroup\" src=\"https://cdn1.weddingwire.co.uk/assets/img/footer/weddingwire-group.png\" srcset=\"https://cdn1.weddingwire.co.uk/assets/img/footer/weddingwire-group.png 1x,\n                      https://cdn1.weddingwire.co.uk/assets/img/footer/weddingwire-group@2x.png 2x\"/>\n</div>\n<div class=\"overflow\">\n<ul class=\"footer-nav-menu\">\n<li><span class=\"app-footer-links\" data-sec=\"0\">My\u00a0wedding</span></li>\n<li><span class=\"app-footer-links\" data-sec=\"1\">Wedding Venues</span></li>\n<li><span class=\"app-footer-links\" data-sec=\"2\">Wedding Suppliers</span></li>\n<li><span class=\"app-footer-links\" data-sec=\"3\">Brides</span></li>\n<li><span class=\"app-footer-links\" data-sec=\"4\">Grooms</span></li>\n<li><span class=\"app-footer-links\" data-sec=\"5\">Wedding\u00a0Tips</span></li>\n</ul>\n</div>\n</div>\n</div>", "level": 0}]]