[[{"value": "<h1 id=\"logo\" style=\"margin-top: 40px; margin-bottom: 30px;\"> <img alt=\"Audio Trails\" id=\"logotype\" src=\"http://audiotrails.co.uk/wp-content/uploads/2012/07/audiotrails-logo-co-uk_259x891.jpg\"/></h1>", "level": 9}, {"value": "<div class=\"sixteen columns\" id=\"menu\"><div class=\"twelve columns alpha navigation \"><ul class=\"sf-menu light\" id=\"menu-main\"><li class=\"menu-item menu-item-type-post_type menu-item-object-page menu-item-home\" id=\"menu-item-2381\"><a href=\"http://audiotrails.co.uk/\" onclick=\"__gaTracker('send', 'event', 'outbound-menu', 'http://audiotrails.co.uk/', 'What we doOur services');\" title=\"The primary services we offer (also our home page)\"><strong>What we do</strong><span>Our services</span></a></li><li class=\"menu-item menu-item-type-custom menu-item-object-custom menu-item-has-children\" id=\"menu-item-8\"><a href=\"http://www.audiotrails.co.uk/case-studies\" title=\"Select from the dropdown list\"><strong>Case Studies</strong><span>Previous examples</span></a><ul class=\"sub-menu\"><li class=\"menu-item menu-item-type-post_type menu-item-object-page\" id=\"menu-item-1344\"><a href=\"http://audiotrails.co.uk/case-studies/\" onclick=\"__gaTracker('send', 'event', 'outbound-menu', 'http://audiotrails.co.uk/case-studies/', 'Case Studies');\" title=\"Examples of our latest projects\">Case Studies</a></li><li class=\"menu-item menu-item-type-post_type menu-item-object-page\" id=\"menu-item-1177\"><a href=\"http://audiotrails.co.uk/case-studies/apps/\" onclick=\"__gaTracker('send', 'event', 'outbound-menu', 'http://audiotrails.co.uk/case-studies/apps/', 'Published apps');\" title=\"iOS &amp; Android apps\">Published apps</a></li></ul></li><li class=\"menu-item menu-item-type-post_type menu-item-object-page menu-item-has-children\" id=\"menu-item-383\"><a href=\"http://audiotrails.co.uk/news/\" onclick=\"__gaTracker('send', 'event', 'outbound-menu', 'http://audiotrails.co.uk/news/', 'BlogInsider views');\" title=\"Select from the dropdown list\"><strong>Blog</strong><span>Insider views</span></a><ul class=\"sub-menu\"><li class=\"menu-item menu-item-type-post_type menu-item-object-page\" id=\"menu-item-2648\"><a href=\"http://audiotrails.co.uk/news/\" onclick=\"__gaTracker('send', 'event', 'outbound-menu', 'http://audiotrails.co.uk/news/', 'Blog');\" title=\"Insightful industry articles\">Blog</a></li><li class=\"menu-item menu-item-type-post_type menu-item-object-page\" id=\"menu-item-1407\"><a href=\"http://audiotrails.co.uk/newsletter/\" onclick=\"__gaTracker('send', 'event', 'outbound-menu', 'http://audiotrails.co.uk/newsletter/', 'Audio Trails newsletter');\" title=\"Our newsletter back catalogue\">Audio Trails newsletter</a></li></ul></li><li class=\"menu-item menu-item-type-post_type menu-item-object-page\" id=\"menu-item-960\"><a href=\"http://audiotrails.co.uk/contact/who-are-we/\" onclick=\"__gaTracker('send', 'event', 'outbound-menu', 'http://audiotrails.co.uk/contact/who-are-we/', 'Who we areMeet the team');\" title=\"Find out who we are\"><strong>Who we are</strong><span>Meet the team</span></a></li><li class=\"menu-item menu-item-type-custom menu-item-object-custom\" id=\"menu-item-51\"><a href=\"http://www.audiotrails.co.uk/contact\" title=\"Contact us\"><strong>Contact us</strong><span>Get in touch</span></a></li></ul><form action=\"\" id=\"responsive-nav\" method=\"post\"> <select class=\"chzn-select\"><option value=\"\">Navigation</option><option value=\"http://audiotrails.co.uk/\">What we do</option><option value=\"http://audiotrails.co.uk/case-studies/\">Case Studies</option><option value=\"http://audiotrails.co.uk/news/\">Blog</option><option value=\"http://audiotrails.co.uk/contact/who-are-we/\">Who we are</option><option value=\"http://audiotrails.co.uk/contact/\">Contact</option> </select></form></div><div class=\"four columns omega\" id=\"tagline\"><ul class=\"social\"><li><a href=\"https://twitter.com/audiotrails\" target=\"_blank\"><img alt=\"twitter\" src=\"http://audiotrails.co.uk/wp-content/themes/super-skeleton/assets/images/theme/social-icons/twitter_32.png\" title=\"Twitter\"/></a></li><li><a href=\"http://www.youtube.com/user/AudioTrails/videos?flow=grid&amp;view=0\" target=\"_blank\"><img alt=\"youtube\" src=\"http://audiotrails.co.uk/wp-content/themes/super-skeleton/assets/images/theme/social-icons/youtube_32.png\" title=\"You Tube\"/></a></li></ul></div><hr class=\"remove-top\"/></div>", "level": 0}], [{"value": "<h1 class=\"title\"><span>App privacy policy</span></h1>", "level": 9}, {"value": "<p>This privacy policy governs your use of iOS and Android apps developed as part of Audio Trails Ltd \u2018<a href=\"http://audiotrails.co.uk/welcome-native-app-platform/\">Welcome To</a>\u2018 software.</p>", "level": 0}], [{"value": "<h5 id=\"what-information-does-the-application-obtain-and-how-is-it-used\">What permissions\u00c2\u00a0does the Application ask to access\u00c2\u00a0?</h5>", "level": 5}, {"value": "<p>This app asks your permission to use your device\u2019s location to\u00c2\u00a0give\u00c2\u00a0location-based services, such as the ability to locate yourself on the map, identify how far the device is from points of interest listed within the app, and to trigger rich content pages when the device falls within the trigger zone ( a pre-determined\u00c2\u00a0distance) of a point of interest. This data\u00c2\u00a0is not stored or shared.</p>", "level": 0}, {"value": "<p>This app may\u00c2\u00a0also ask your permission to access the camera if using one of the camera-based functions i.e. souvenir photo, SUPERimpose etc. In this instance the app needs to access the camera in order to take a photo and/or view an image in the camera view.</p>", "level": 0}], [{"value": "<h5 id=\"what-information-does-the-application-obtain-and-how-is-it-used\">What information does the Application obtain and how is it used?</h5>", "level": 5}], [{"value": "<h5 id=\"user-provided-information\">User Provided Information</h5>", "level": 5}, {"value": "<p>The Application does not require you to provide any specific information.</p>", "level": 0}], [{"value": "<h5 id=\"automatically-collected-information\">Do third parties see and/or have access to information obtained automatically by the Application?</h5>", "level": 5}, {"value": "<p>Only aggregated, anonymized data is periodically transmitted to external services to help us improve the Application and our service. This includes the data automatically sent to the crash reporting service Crashlytics. For more information about the data collected by this service, please refer to the Crashlytics privacy policy under the following web address:\u00c2\u00a0<a href=\"http://try.crashlytics.com/terms/privacy-policy.pdf\">http://try.crashlytics.com/terms/privacy-policy.pdf</a>\u00c2\u00a0In addition, the Application periodically transmits data to the Answers analytics service. For more information about the data collected by this service, please refer to the Answers privacy policy under the following web address:\u00c2\u00a0<a href=\"https://answers.io/img/privacy.pdf\">https://answers.io/img/privacy.pdf</a></p>", "level": 0}], [{"value": "<h5>\u00c2\u00a0What are my opt-out rights?</h5>", "level": 5}, {"value": "<p>You can stop all collection of information by the Application easily by uninstalling the Application. You may use the standard uninstall processes as may be available as part of your mobile device or via the mobile application marketplace or network.</p>", "level": 0}], [{"value": "<h5 id=\"data-retention-policy-managing-your-information\">Data Retention Policy, Managing Your Information</h5>", "level": 5}, {"value": "<p>We do not retain any User Provided data. We do not retain retain Automatically Collected information. If you would like the information collected by Crashlytics crash reporting service to be deleted, please refer to the Crashlytics privacy policy under the following web address:\u00c2\u00a0<a href=\"http://try.crashlytics.com/terms/privacy-policy.pdf\">http://try.crashlytics.com/terms/privacy-policy.pdf</a>. If you would like the information collected by the Answers analytics service to be deleted, please refer to the Answers privacy policy under the following web address:\u00c2\u00a0<a href=\"https://answers.io/img/privacy.pdf\">https://answers.io/img/privacy.pdf</a></p>", "level": 0}], [{"value": "<h5 id=\"children\">Children</h5>", "level": 5}, {"value": "<p>We do not use the Application to knowingly solicit data from or market to children under the age of 13.</p>", "level": 0}], [{"value": "<h5 id=\"security\">Security</h5>", "level": 5}, {"value": "<p>We are concerned about safeguarding the confidentiality of your information. We limit access to this information to authorised employees and contractors who need to know that information in order to operate, develop or improve our Application. Please be aware that, although we endeavour to provide reasonable security for information we process and maintain, no security system can prevent all potential security breaches. For more information related to the security of the information collected by the Crashlytics crash reporting service, please refer to the Crashlytics privacy policy under the following web address:\u00c2\u00a0<a href=\"http://try.crashlytics.com/terms/privacy-policy.pdf\">http://try.crashlytics.com/terms/privacy-policy.pdf</a>. For more information related to the security of the information collected by the Answers analytics service, please refer to the Answers privacy policy under the following web address:\u00c2\u00a0<a href=\"https://answers.io/img/privacy.pdf\">https://answers.io/img/privacy.pdf</a></p>", "level": 0}], [{"value": "<h5 id=\"changes\">Changes</h5>", "level": 5}, {"value": "<p>This Privacy Policy may be updated from time to time for any reason. We will notify you of any changes to our Privacy Policy by posting the new Privacy Policy here. You are advised to consult this Privacy Policy regularly for any changes, as continued use is deemed approval of all changes.</p>", "level": 0}], [{"value": "<h5 id=\"your-consent\">Your Consent</h5>", "level": 5}, {"value": "<p>By using the Application, you are consenting to us using the collected information as described in this Privacy Policy.</p>", "level": 0}], [{"value": "<h5 id=\"contact-us\">Contact us</h5>", "level": 5}, {"value": "<p>If you have any questions regarding privacy while using the Application, or have questions about our practices, please <a href=\"http://audiotrails.co.uk/contact/\">contact us</a>.</p>", "level": 0}, {"value": "<div class=\"widget widget_searchwidget\" id=\"searchwidget-2\"><form action=\"/index.php\" id=\"searchform\" method=\"get\" role=\"search\"><div> <label class=\"screen-reader-text\" for=\"s\">Search for:</label> <input id=\"s\" name=\"s\" placeholder=\"Type to search...\" type=\"text\"/> <input id=\"searchsubmit\" type=\"submit\" value=\"Search\"/></div></form><hr class=\"partial-bottom\"/></div>", "level": 0}], [{"value": "<h3 class=\"widget-title\">Recent posts</h3>", "level": 7}, {"value": "<ul><li> <a href=\"http://audiotrails.co.uk/minehead-maritime-mile/\">Minehead Maritime Mile</a></li><li> <a href=\"http://audiotrails.co.uk/ayr-through-ages-app/\">Ayr Through The Ages app</a></li><li> <a href=\"http://audiotrails.co.uk/best-walking-apps-2018/\">Best walking apps 2018</a></li><li> <a href=\"http://audiotrails.co.uk/can-someone-beyond-interpretation/\">Can some visitors be beyond interpretation?</a></li><li> <a href=\"http://audiotrails.co.uk/native-web-app/\">Native of web app?</a></li><li> <a href=\"http://audiotrails.co.uk/derby-feste/\">Derby Feste</a></li><li> <a href=\"http://audiotrails.co.uk/beautifully-chaotic-oral-history-interview-amanda-owen/\">Beautifully chaotic oral history interview with Amanda Owen</a></li><li> <a href=\"http://audiotrails.co.uk/ingleborough-archaeological-app/\">Ingleborough Archaeological app</a></li><li> <a href=\"http://audiotrails.co.uk/when-does-graffiti-become-heritage/\">When does graffiti become heritage?</a></li><li> <a href=\"http://audiotrails.co.uk/lead-mining-museum-matlock-audio/\">Lead Mining Museum Matlock \u2013 audio production</a></li></ul>", "level": 0}, {"value": "<div class=\"super-container full-width\" id=\"section-sub-footer\"><div class=\"container\"><div class=\"sixteen columns\"> <span class=\"copyright\"><p>\u00c2\u00a9 Audio Trails 2018</p></span></div></div></div>", "level": 0}, {"value": "<div id=\"cookie-law-info-bar\"><span>This website uses cookies to improve your experience. We'll assume you're ok with this, but you can opt-out if you wish.<a class=\"medium cli-plugin-button cli-plugin-main-button\" href=\"#\" id=\"cookie_action_close_header\">Accept</a> <a class=\"cli-plugin-main-link\" href=\"http://www.audiotrails.co.uk/cookies\" id=\"CONSTANT_OPEN_URL\" target=\"_blank\">Read More</a></span></div>", "level": 0}]]