[[{"value": "<h1>Privacy Policy of \n\t\t\t\t\t\t\t\t\t\t\t\t<strong>NotJustA</strong>\n</h1>", "level": 9}, {"value": "<p>This Application collects some Personal Data from its Users.</p>", "level": 0}, {"value": "<div class=\"one_line_col\">\n<h2 style=\"text-align: center; font-variant:small-caps;\">Policy summary</h2>\n</div>", "level": 0}], [{"value": "<h2 style=\"text-align: center; font-variant:small-caps;\">Policy summary</h2>", "level": 8}], [{"value": "<h2 id=\"purposes_data\">Personal Data collected for the following purposes and using the following services:</h2>", "level": 8}], [{"value": "<h3>Device permissions for Personal Data access</h3>", "level": 7}, {"value": "<li>\n<h3>Device permissions for Personal Data access</h3>\n<p>Personal Data: Approximate location permission (non-continuous), Camera permission, Motion sensors permission, Sensors permission, Social media accounts permission and Storage permission</p>\n</li>", "level": 0}], [{"value": "<h3>Device permissions for Personal Data access</h3>", "level": 7}, {"value": "<p>Personal Data: Approximate location permission (non-continuous), Camera permission, Motion sensors permission, Sensors permission, Social media accounts permission and Storage permission</p>", "level": 0}], [{"value": "<h2 id=\"contact_information\">Contact information</h2>", "level": 8}], [{"value": "<h3>Owner and Data Controller</h3>", "level": 7}, {"value": "<p>AliveLab LTD\n                                                        <br/>International House, 24 Holborn Viaduct, London EC1A 2BN\n                                                    </p>", "level": 0}, {"value": "<p>\n<b>Owner contact email:</b> hello@alivelab.co.uk\n                                                    </p>", "level": 0}], [{"value": "<h2 style=\"text-align: center; font-variant:small-caps;\">Full policy</h2>", "level": 8}], [{"value": "<h2 id=\"owner_of_the_data\">Owner and Data Controller</h2>", "level": 8}, {"value": "<p>AliveLab LTD\n                                \t<br/>International House, 24 Holborn Viaduct, London EC1A 2BN\n                                </p>", "level": 0}, {"value": "<p>\n<b>Owner contact email:</b> hello@alivelab.co.uk\n                                </p>", "level": 0}], [{"value": "<h2 id=\"types_of_data\">Types of Data collected</h2>", "level": 8}, {"value": "<p>\n                                    Among the types of Personal Data that this Application collects, by itself or through third parties, there are: Camera permission, Storage permission, Motion sensors permission, Approximate location permission (non-continuous), Sensors permission and Social media accounts permission. </p>", "level": 0}, {"value": "<p>Complete details on each type of Personal Data collected are provided in the dedicated sections of this privacy policy or by specific explanation texts displayed prior to the Data collection.\n                                    <br/>Personal Data may be freely provided by the User, or, in case of Usage Data, collected automatically when using this Application.\n                                    <br/>Unless specified otherwise, all Data requested by this Application is mandatory and failure to provide this Data may make it impossible for this Application to provide its services. In cases where this Application specifically states that some Data is not mandatory, Users are free not to communicate this Data without consequences to the availability or the functioning of the Service.\n                                    <br/>Users who are uncertain about which Personal Data is mandatory are welcome to contact the Owner.\n                                    <br/>Any use of Cookies \u0096 or of other tracking tools \u0096 by this Application or by the owners of third-party services used by this Application serves the purpose of providing the Service required by the User, in addition to any other purposes described in the present document and in the Cookie Policy, if available.\n                                </p>", "level": 0}, {"value": "<p>Users are responsible for any third-party Personal Data obtained, published or shared through this Application and confirm that they have the third party's consent to provide the Data to the Owner.</p>", "level": 0}], [{"value": "<h2 id=\"place_of_processing\">Mode and place of processing the Data</h2>", "level": 8}], [{"value": "<h3>Methods of processing</h3>", "level": 7}, {"value": "<p>The Owner takes appropriate security measures to prevent unauthorized access, disclosure, modification, or unauthorized destruction of the Data.\n                                    <br/>The Data processing is carried out using computers and/or IT enabled tools, following organizational procedures and modes strictly related to the purposes indicated. In addition to the Owner, in some cases, the Data may be accessible to certain types of persons in charge, involved with the operation of this Application (administration, sales, marketing, legal, system administration) or external parties (such as third-party technical service providers, mail carriers, hosting providers, IT companies, communications agencies) appointed, if necessary, as Data Processors by the Owner. The updated list of these parties may be requested from the Owner at any time.\n                                </p>", "level": 0}], [{"value": "<h3>Legal basis of processing</h3>", "level": 7}, {"value": "<p>The Owner may process Personal Data relating to Users if one of the following applies:</p>", "level": 0}, {"value": "<ul>\n<li>Users have given their consent for one or more specific purposes. Note: Under some legislations the Owner may be allowed to process Personal Data until the User objects to such processing (\u0093opt-out\u0094), without having to rely on consent or any other of the following legal bases. This, however, does not apply, whenever the processing of Personal Data is subject to European data protection law;</li>\n<li>provision of Data is necessary for the performance of an agreement with the User and/or for any pre-contractual obligations thereof;</li>\n<li>processing is necessary for compliance with a legal obligation to which the Owner is subject;</li>\n<li>processing is related to a task that is carried out in the public interest or in the exercise of official authority vested in the Owner;</li>\n<li>processing is necessary for the purposes of the legitimate interests pursued by the Owner or by a third party.</li>\n</ul>", "level": 0}, {"value": "<p>In any case, the Owner will gladly help to clarify the specific legal basis that applies to the processing, and in particular whether the provision of Personal Data is a statutory or contractual requirement, or a requirement necessary to enter into a contract. </p>", "level": 0}], [{"value": "<h3>Place</h3>", "level": 7}, {"value": "<p>The Data is processed at the Owner's operating offices and in any other places where the parties involved in the processing are located.\n                                    <br/>\n<br/> Depending on the User's location, data transfers may involve transferring the User's Data to a country other than their own. To find out more about the place of processing of such transferred Data, Users can check the section containing details about the processing of Personal Data.\n                                </p>", "level": 0}, {"value": "<p>Users are also entitled to learn about the legal basis of Data transfers to a country outside the European Union or to any international organization governed by public international law or set up by two or more countries, such as the UN, and about the security measures taken by the Owner to safeguard their Data.\n                                    <br/>\n<br/> If any such transfer takes place, Users can find out more by checking the relevant sections of this document or inquire with the Owner using the information provided in the contact section.\n                                </p>", "level": 0}], [{"value": "<h3>Retention time</h3>", "level": 7}, {"value": "<p>Personal Data shall be processed and stored for as long as required by the purpose they have been collected for.</p>", "level": 0}, {"value": "<p>Therefore:</p>", "level": 0}, {"value": "<ul>\n<li>Personal Data collected for purposes related to the performance of a contract between the Owner and the User shall be retained until such contract has been fully performed.</li>\n<li>Personal Data collected for the purposes of the Owner\u0092s legitimate interests shall be retained as long as needed to fulfill such purposes. Users may find specific information regarding the legitimate interests pursued by the Owner within the relevant sections of this document or by contacting the Owner.</li>\n</ul>", "level": 0}, {"value": "<p>The Owner may be allowed to retain Personal Data for a longer period whenever the User has given consent to such processing, as long as such consent is not withdrawn. Furthermore, the Owner may be obliged to retain Personal Data for a longer period whenever required to do so for the performance of a legal obligation or upon order of an authority.\n                                    <br/>\n<br/> Once the retention period expires, Personal Data shall be deleted. Therefore, the right to access, the right to erasure, the right to rectification and the right to data portability cannot be enforced after expiration of the retention period.\n                                </p>", "level": 0}], [{"value": "<h2 id=\"use_collected_data\">The purposes of processing</h2>", "level": 8}, {"value": "<p>\n                                    The Data concerning the User is collected to allow the Owner to provide its Services, as well as for the following purposes: Device permissions for Personal Data access. </p>", "level": 0}, {"value": "<p>Users can find further detailed information about such purposes of processing and about the specific Personal Data used for each purpose in the respective sections of this document.\n                                </p>", "level": 0}], [{"value": "<h2 id=\"mobile_permissions\">Device permissions for Personal Data access</h2>", "level": 8}, {"value": "<p>Depending on the User's specific device, this Application may request certain permissions that allow it to access the User's device Data as described below.\n                                </p>", "level": 0}, {"value": "<p>By default, these permissions must be granted by the User before the respective information can be accessed. Once the permission has been given, it can be revoked by the User at any time. In order to revoke these permissions, Users may refer to the device settings or contact the Owner for support at the contact details provided in the present document.\n                                    <br/>The exact procedure for controlling app permissions may be dependent on the User's device and software.\n                                </p>", "level": 0}, {"value": "<p>Please note that the revoking of such permissions might impact the proper functioning of this Application.</p>", "level": 0}, {"value": "<p>If User grants any of the permissions listed below, the respective Personal Data may be processed (i.e accessed to, modified or removed) by this Application.</p>", "level": 0}], [{"value": "<h3>Approximate location permission (non-continuous)</h3>", "level": 7}, {"value": "<p>Used for accessing the User's approximate device location. This Application may collect, use, and share User location Data in order to provide location-based services.\n                                    <br/> The geographic location of the User is determined in a manner that isn't continuous. This means that it is impossible for this Application to derive the approximate position of the User on a continuous basis.\n                                </p>", "level": 0}], [{"value": "<h3>Camera permission</h3>", "level": 7}, {"value": "<p>Used for accessing the camera or capturing images and video from the device.</p>", "level": 0}], [{"value": "<h3>Motion sensors permission</h3>", "level": 7}, {"value": "<p>Used for accessing the User's device motion sensors to measure the User's activity such as step counts, stairs climbed, and movement type (walking, cycling, etc.).</p>", "level": 0}], [{"value": "<h3>Sensors permission</h3>", "level": 7}, {"value": "<p>Used for accessing data from sensors that Users may use to measure what is happening inside their body, such as for instance, heart rate.</p>", "level": 0}], [{"value": "<h3>Social media accounts permission</h3>", "level": 7}, {"value": "<p>Used for accessing the User's social media account profiles, such as Facebook and Twitter.</p>", "level": 0}], [{"value": "<h3>Storage permission</h3>", "level": 7}, {"value": "<p>Used for accessing shared external storage, including the reading and adding of any items.</p>", "level": 0}], [{"value": "<h2 id=\"data_processing_detailed_info\">Detailed information on the processing of Personal Data</h2>", "level": 8}, {"value": "<p>Personal Data is collected for the following purposes and using the following services:</p>", "level": 0}], [{"value": "<h3 class=\"expand-click w_icon_24 policyicon_purpose_4663409\">Device permissions for Personal Data access</h3>", "level": 7}, {"value": "<p>This Application requests certain permissions from Users that allow it to access the User's device Data as described below.</p>", "level": 0}], [{"value": "<h4>Device permissions for Personal Data access (this Application)</h4>", "level": 6}, {"value": "<div class=\"wrap\">\n<p>This Application requests certain permissions from Users that allow it to access the User's device Data as summarized here and described within this document.</p>\n</div>", "level": 0}, {"value": "<p> Personal Data collected: Approximate location permission (non-continuous), Camera permission, Motion sensors permission, Sensors permission, Social media accounts permission and Storage permission. </p>", "level": 0}], [{"value": "<h2>The rights of Users</h2>", "level": 8}, {"value": "<p>Users may exercise certain rights regarding their Data processed by the Owner.</p>", "level": 0}, {"value": "<p>In particular, Users have the right to do the following:</p>", "level": 0}, {"value": "<ul>\n<li>\n<b>Withdraw their consent at any time.</b> Users have the right to withdraw consent where they have previously given their consent to the processing of their Personal Data.\n                                    </li>\n<li>\n<b>Object to processing of their Data.</b> Users have the right to object to the processing of their Data if the processing is carried out on a legal basis other than consent. Further details are provided in the dedicated section below.\n                                    </li>\n<li>\n<b>Access their Data.</b> Users have the right to learn if Data is being processed by the Owner, obtain disclosure regarding certain aspects of the processing and obtain a copy of the Data undergoing processing.\n                                    </li>\n<li>\n<b>Verify and seek rectification.</b> Users have the right to verify the accuracy of their Data and ask for it to be updated or corrected.\n                                    </li>\n<li>\n<b>Restrict the processing of their Data.</b> Users have the right, under certain circumstances, to restrict the processing of their Data. In this case, the Owner will not process their Data for any purpose other than storing it.\n                                    </li>\n<li>\n<b>Have their Personal Data deleted or otherwise removed.</b> Users have the right, under certain circumstances, to obtain the erasure of their Data from the Owner.\n                                    </li>\n<li>\n<b>Receive their Data and have it transferred to another controller.</b> Users have the right to receive their Data in a structured, commonly used and machine readable format and, if technically feasible, to have it transmitted to another controller without any hindrance. This provision is applicable provided that the Data is processed by automated means and that the processing is based on the User's consent, on a contract which the User is part of or on pre-contractual obligations thereof.\n                                    </li>\n<li>\n<b>Lodge a complaint.</b> Users have the right to bring a claim before their competent data protection authority.\n                                    </li>\n</ul>", "level": 0}], [{"value": "<h3>Details about the right to object to processing</h3>", "level": 7}, {"value": "<p>Where Personal Data is processed for a public interest, in the exercise of an official authority vested in the Owner or for the purposes of the legitimate interests pursued by the Owner, Users may object to such processing by providing a ground related to their particular situation to justify the objection.</p>", "level": 0}, {"value": "<p>Users must know that, however, should their Personal Data be processed for direct marketing purposes, they can object to that processing at any time without providing any justification. To learn, whether the Owner is processing Personal Data for direct marketing purposes, Users may refer to the relevant sections of this document. </p>", "level": 0}], [{"value": "<h3>How to exercise these rights</h3>", "level": 7}, {"value": "<p>Any requests to exercise User rights can be directed to the Owner through the contact details provided in this document. These requests can be exercised free of charge and will be addressed by the Owner as early as possible and always within one month.</p>", "level": 0}], [{"value": "<h2 id=\"further_data_processing_info\">Additional information about Data collection and processing</h2>", "level": 8}], [{"value": "<h3>Legal action</h3>", "level": 7}, {"value": "<p>\n                                    The User's Personal Data may be used for legal purposes by the Owner in Court or in the stages leading to possible legal action arising from improper use of this Application or the related Services.\n                                    <br/>The User declares to be aware that the Owner may be required to reveal personal data upon request of public authorities.\n                                </p>", "level": 0}], [{"value": "<h3>Additional information about User's Personal Data</h3>", "level": 7}, {"value": "<p>\n                                    In addition to the information contained in this privacy policy, this Application may provide the User with additional and contextual information concerning particular Services or the collection and processing of Personal Data upon request. </p>", "level": 0}], [{"value": "<h3>System logs and maintenance</h3>", "level": 7}, {"value": "<p>\n                                    For operation and maintenance purposes, this Application and any third-party services may collect files that record interaction with this Application (System logs) use other Personal Data (such as the IP Address) for this purpose. </p>", "level": 0}], [{"value": "<h3>Information not contained in this policy</h3>", "level": 7}, {"value": "<p>\n                                    More details concerning the collection or processing of Personal Data may be requested from the Owner at any time. Please see the contact information at the beginning of this document. </p>", "level": 0}], [{"value": "<h3>How \u0093Do Not Track\u0094 requests are handled</h3>", "level": 7}, {"value": "<p> This Application does not support \u0093Do Not Track\u0094 requests.\n                                    <br/>To determine whether any of the third-party services it uses honor the \u0093Do Not Track\u0094 requests, please read their privacy policies.\n                                </p>", "level": 0}], [{"value": "<h3>Changes to this privacy policy</h3>", "level": 7}, {"value": "<p>\n                                    The Owner reserves the right to make changes to this privacy policy at any time by giving notice to its Users on this page and possibly within this Application and/or - as far as technically and legally feasible - sending a notice to Users via any contact information available to the Owner. It is strongly recommended to check this page often, referring to the date of the last modification listed at the bottom.\n                                    <br/>\n<br/> Should the changes affect processing activities performed on the basis of the User\u0092s consent, the Owner shall collect new consent from the User, where required.\n                                </p>", "level": 0}, {"value": "<div class=\"box_primary box_10 definitions expand\">\n<h3 class=\"expand-click w_icon_24 icon_ribbon\"> Definitions and legal references </h3>\n<div class=\"expand-content\">\n<h4>Personal Data (or Data)</h4>\n<p>Any information that directly, indirectly, or in connection with other information \u0097 including a personal identification number \u0097 allows for the identification or identifiability of a natural person.</p>\n<h4>Usage Data</h4>\n<p>Information collected automatically through this Application (or third-party services employed in this Application), which can include: the IP addresses or domain names of the computers utilized by the Users who use this Application, the URI addresses (Uniform Resource Identifier), the time of the request, the method utilized to submit the request to the server, the size of the file received in response, the numerical code indicating the status of the server's answer (successful outcome, error, etc.), the country of origin, the features of the browser and the operating system utilized by the User, the various time details per visit (e.g., the time spent on each page within the Application) and the details about the path followed within the Application with special reference to the sequence of pages visited, and other parameters about the device operating system and/or the User's IT environment.</p>\n<h4>User</h4>\n<p>The individual using this Application who, unless otherwise specified, coincides with the Data Subject.</p>\n<h4>Data Subject</h4>\n<p>The natural person to whom the Personal Data refers.</p>\n<h4>Data Processor (or Data Supervisor)</h4>\n<p>The natural or legal person, public authority, agency or other body which processes Personal Data on behalf of the Controller, as described in this privacy policy.</p>\n<h4>Data Controller (or Owner)</h4>\n<p>The natural or legal person, public authority, agency or other body which, alone or jointly with others, determines the purposes and means of the processing of Personal Data, including the security measures concerning the operation and use of this Application. The Data Controller, unless otherwise specified, is the Owner of this Application.</p>\n<h4> This Application </h4>\n<p>The means by which the Personal Data of the User is collected and processed.</p>\n<h4>Service</h4>\n<p>The service provided by this Application as described in the relative terms (if available) and on this site/application.</p>\n<h4>European Union (or EU) </h4>\n<p>Unless otherwise specified, all references made within this document to the European Union include all current member states to the European Union and the European Economic Area. </p>\n<hr/>\n<h4>Legal information</h4>\n<p>This privacy statement has been prepared based on provisions of multiple legislations, including Art. 13/14 of Regulation (EU) 2016/679 (General Data Protection Regulation).</p>\n<p>This privacy policy relates solely to this Application, if not stated otherwise within this document.</p>\n</div>\n<!-- /expand-content -->\n</div>", "level": 0}], [{"value": "<h3 class=\"expand-click w_icon_24 icon_ribbon\"> Definitions and legal references </h3>", "level": 7}], [{"value": "<h4>Personal Data (or Data)</h4>", "level": 6}, {"value": "<p>Any information that directly, indirectly, or in connection with other information \u0097 including a personal identification number \u0097 allows for the identification or identifiability of a natural person.</p>", "level": 0}], [{"value": "<h4>Usage Data</h4>", "level": 6}, {"value": "<p>Information collected automatically through this Application (or third-party services employed in this Application), which can include: the IP addresses or domain names of the computers utilized by the Users who use this Application, the URI addresses (Uniform Resource Identifier), the time of the request, the method utilized to submit the request to the server, the size of the file received in response, the numerical code indicating the status of the server's answer (successful outcome, error, etc.), the country of origin, the features of the browser and the operating system utilized by the User, the various time details per visit (e.g., the time spent on each page within the Application) and the details about the path followed within the Application with special reference to the sequence of pages visited, and other parameters about the device operating system and/or the User's IT environment.</p>", "level": 0}], [{"value": "<h4>User</h4>", "level": 6}, {"value": "<p>The individual using this Application who, unless otherwise specified, coincides with the Data Subject.</p>", "level": 0}], [{"value": "<h4>Data Subject</h4>", "level": 6}, {"value": "<p>The natural person to whom the Personal Data refers.</p>", "level": 0}], [{"value": "<h4>Data Processor (or Data Supervisor)</h4>", "level": 6}, {"value": "<p>The natural or legal person, public authority, agency or other body which processes Personal Data on behalf of the Controller, as described in this privacy policy.</p>", "level": 0}], [{"value": "<h4>Data Controller (or Owner)</h4>", "level": 6}, {"value": "<p>The natural or legal person, public authority, agency or other body which, alone or jointly with others, determines the purposes and means of the processing of Personal Data, including the security measures concerning the operation and use of this Application. The Data Controller, unless otherwise specified, is the Owner of this Application.</p>", "level": 0}], [{"value": "<h4> This Application </h4>", "level": 6}, {"value": "<p>The means by which the Personal Data of the User is collected and processed.</p>", "level": 0}], [{"value": "<h4>Service</h4>", "level": 6}, {"value": "<p>The service provided by this Application as described in the relative terms (if available) and on this site/application.</p>", "level": 0}], [{"value": "<h4>European Union (or EU) </h4>", "level": 6}, {"value": "<p>Unless otherwise specified, all references made within this document to the European Union include all current member states to the European Union and the European Economic Area. </p>", "level": 0}], [{"value": "<h4>Legal information</h4>", "level": 6}, {"value": "<p>This privacy statement has been prepared based on provisions of multiple legislations, including Art. 13/14 of Regulation (EU) 2016/679 (General Data Protection Regulation).</p>", "level": 0}, {"value": "<p>This privacy policy relates solely to this Application, if not stated otherwise within this document.</p>", "level": 0}, {"value": "<div class=\"pp_footer\">\n<p> Latest update: May 25, 2018 </p>\n</div>", "level": 0}]]