[[{"value": "<h1 class=\"page-title \">Privacy Policy</h1>", "level": 9}, {"value": "<div id=\"mk-breadcrumbs\"><div class=\"mk-breadcrumbs-inner dark-skin\"><span><span><a href=\"https://www.gastrolondon.co.uk/\">Home</a> \u00bb <span class=\"breadcrumb_last\">Privacy Policy</span></span></span></div></div>", "level": 0}, {"value": "<div class=\"tel-mob\"><p>Call us on <span class=\"rTapNumber315051\">020 7183 7965</span></p></div>", "level": 0}, {"value": "<div class=\"theme-content no-padding\" itemprop=\"mainEntityOfPage\"><h1></h1><h1 style=\"padding-left: 30px;\"><b>LONDON GASTROENTEROLOGY CENTRE \u00e2\u0080\u0093 PRIVACY POLICY</b></h1><h4 style=\"padding-left: 30px;\"><b>Who we are and what we do\u00c2\u00a0</b></h4><p style=\"padding-left: 30px;\">The London Gastroenterology Centre (LGC) represents a series of related businesses. Please see a list of these businesses at the end of this policy.</p><p style=\"padding-left: 30px;\">The LGC respects your privacy and is committed to protecting your personal data. This privacy policy will inform you as to how we look after your personal data and sets out the basis on which any personal data we collect from you, or that you provide to us, will be processed by us. Your visit to our website <a href=\"http://www.gastrolondon.co.uk\">www.gastrolondon.co.uk</a> and to our patient portal <a href=\"http://www.patientbooking.com/lgc\">www.patientbooking.com/lgc</a> which are collectively referred to as the \u00e2\u0080\u009cSite\u00e2\u0080\u009d is subject to the terms set out in this privacy policy. Please read the following carefully to understand our views and practices regarding your personal data and how we will treat it.</p><p style=\"padding-left: 30px;\">The LGC is the data controller and responsible for your personal data (referred to as \u00e2\u0080\u009cwe\u00e2\u0080\u009d, \u00e2\u0080\u009cus\u00e2\u0080\u009d or \u00e2\u0080\u009cour\u00e2\u0080\u009d in this privacy policy).</p><p style=\"padding-left: 30px;\">We have appointed a data protection lead (DPL) who is responsible for overseeing questions in relation to this privacy policy. If you have any questions about the privacy policy, including any request exercise your legal rights, please contact our DPL on our office landline, 020 7183 7965. Please ask to speak to the practice manager who will put you in contact with the DPL.</p><p style=\"padding-left: 30px;\">This policy is updated from time to time. The latest version updated on 22<sup>nd</sup> May 2018 is published on this page of the Site. \u00c2\u00a0All updated versions of the policy will be published on this page of the Site.</p><h4 style=\"padding-left: 30px;\"><b>Information we may collect from you</b></h4><p style=\"padding-left: 30px;\">Personal data, or personal information, means any information about an individual from which that person can be identified. It does not include data where the identity has been removed (anonymous data). When you visit our Site or correspond with us by phone, e-mail or otherwise you may give us information that would be classed as personal data about you and others you are acting on behalf of. We may collect, use, store and transfer different kinds of personal data about you when you do so which we have grouped together follows:</p><ol><li style=\"list-style-type: none;\"><ol><li><b>Identity Data </b>which includes your first name, last name, username or similar identifier, marital status, title, date of birth and gender.</li><li><b>Contact Data </b>which includes your home address, billing address, email address and telephone numbers.</li><li><b>Health Data </b>which includes any information about your health including your medical history and/or current health status including but not limited to data regarding test results, diagnoses and medications.</li><li><b>Financial data </b>which includes your bank account and payment card details</li><li><b>Transaction data </b>includes details about payments to and from you and other details of Products and services you have purchased from us</li><li><b>Technical Data </b>includes internet protocol (IP) address, your login data, browser type and version, time zone setting and location, browser plug-in types and versions, operating system and platform and other technology on the devices you use to access this Site.</li><li><b>Profile data </b>which includes your username and password for any accounts set up to access our products and services, purchases or orders made by you, feedback responses.</li><li><b>Usage Data </b>which includes information about how you use our Site, products and services.</li><li><b>Marketing and Communications data </b>which includes your preferences and receiving marketing from us and our third parties and communication preferences.</li></ol></li></ol><p style=\"padding-left: 30px;\">We also collect,<b> </b>use and share aggregated data such as statistical or demographic data for any purpose. Aggregated data may be derived from your personal data but does not directly or indirectly reveal your identity and so is not personal data in law. For example we may aggregate your usage data to calculate the percentage of users accessing a specific website future. However, if we combine or connect aggregated data with your personal data so that he can directly or indirectly identify you, we treat the combined data as personal data which will be used in accordance with this privacy policy.</p><p style=\"padding-left: 30px;\">Except for data about your health, we do not collect any Special Categories of Personal Data (as defined in GDPR) about you. \u00c2\u00a0This includes details about your race or ethnicity, religious or philosophical beliefs, sex life or sexual orientation (unless as part of your health data), political opinions, or trade union membership. \u00c2\u00a0Nor do we collect any information about criminal convictions and offences.</p><p style=\"padding-left: 30px;\">Where we need to collect personal data by law, or under the terms of a contract we have with you and you fail to provide that data when requested, we may not be able to perform the contract we have or are trying to enter into with you (for example, to provide you with goods or services). In this case, we may have to cancel a product or service you have with us but we will notify you if this is the case at the time.</p><p style=\"padding-left: 30px;\">It is important that the personal data we hold about you is accurate and current. \u00c2\u00a0Please keep us informed if your personal data changes during your relationship with us.</p><h4 style=\"padding-left: 30px;\"><b>Keeping your data secure\u00c2\u00a0</b></h4><p style=\"padding-left: 30px;\">We know that data security is important to you and it is therefore important to us. We have put in place appropriate security measures to prevent your personal data from being accidentally lost, used or accessed in an unauthorised way, altered or disclosed. In addition, we limit access to your personal data to those employees, agents, contractors and other third parties who have a business need to know. They will only process your personal data on our instructions in accordance with this policy and they are subject to a duty of confidentiality.</p><p style=\"padding-left: 30px;\">We have put in place procedures to deal with any suspected personal data breach and will notify you and any applicable regulator of a breach where we are legally required to do so.</p><h4 style=\"padding-left: 30px;\"><b>How we will collect your data\u00c2\u00a0</b></h4><p style=\"padding-left: 30px;\">We use different methods to collect data from and about you including through:</p><p style=\"padding-left: 60px;\"><b>a. Direct interactions. </b>You may give us any of the categories of data identified above by filling in forms on our Site or by corresponding with us by phone, e-mail or otherwise. This includes personal data you provide when you:</p><p style=\"padding-left: 210px;\">\u00e2\u0080\u00a2 register to use our Site;</p><p style=\"padding-left: 210px;\">\u00e2\u0080\u00a2 make a request for our products or services;</p><p style=\"padding-left: 210px;\">\u00e2\u0080\u00a2 request marketing communications to be sent to you;</p><p style=\"padding-left: 210px;\">\u00e2\u0080\u00a2 give us some feedback.</p><p style=\"padding-left: 60px;\"><b>b. Automated technologies or interactions. </b>As you interact with our Site, we may automatically collect Technical Data about your equipment, browsing actions and patterns. We collect this personal data by using cookies, and other similar technologies. We may also receive Technical Data about you if you visit other websites and apps employing our cookies. We may also receive technical data about you if you visit other websites and apps employing our cookies. Please see our cookie policy at <a href=\"https://www.gastrolondon.co.uk\">https://www.gastrolondon.co.uk</a>\u00c2\u00a0for further details.</p><p style=\"padding-left: 60px;\"><b>c. Third parties or publicly available sources. </b>We may receive personal data about you from various third parties and public sources such as analytics providers, advertising networks and/or search information providers based inside or outside the EEA including for example Google.</p><p style=\"padding-left: 60px;\"><b>d. Contact, financial and transaction data (if applicable) </b>from providers of technical payment and delivery services such as SagePay and WorldPay based inside the EU.</p><h4 style=\"padding-left: 30px;\"><b>Why we will use your data\u00c2\u00a0</b></h4><p style=\"padding-left: 30px;\">The lawful bases for processing personal data are set out in Article 6 of the General Data Protection Regulation (GDPR). We may process your personal data on more than one lawful ground depending on the specific purpose for which we are using your data. Please contact us if you need details about the specific legal ground we are relying on to process your personal data where more than one ground has been set out below. At least one of these must apply whenever we process personal data:</p><p style=\"padding-left: 60px;\"><b>a. Consent: </b>\u00e2\u0080\u00afyou have given clear consent for us to process your personal data for a specific purpose.</p><p style=\"padding-left: 60px;\"><b>b. Contract:\u00e2\u0080\u00af</b>the processing is necessary for a contract we have with you (for example, to process and deliver goods or services to you and to manage our relationship with you), or because you have asked us to take specific steps before entering into a contract.</p><p style=\"padding-left: 60px;\"><b>c. Legal obligation</b>:\u00e2\u0080\u00afthe processing is necessary for us to comply with a legal or regulatory obligation (not including contractual obligations).</p><p style=\"padding-left: 60px;\"><b>d. Vital interests</b>:\u00e2\u0080\u00afthe processing is necessary to protect someone\u00e2\u0080\u0099s life.</p><p style=\"padding-left: 60px;\"><b>e. Public task</b>:\u00e2\u0080\u00afthe processing is necessary for us to perform a task in the public interest or for our official functions, and the task or function has a clear basis in law.</p><p style=\"padding-left: 60px;\"><b>f. Legitimate interests</b>:\u00e2\u0080\u00afthe processing is necessary for our legitimate interests (for example to administer and maintain our website) or the legitimate interests of a third party unless there is a good reason to protect your personal data which overrides those legitimate interests. We make sure we consider and balance any potential impact on you (both positive and negative) and your rights before we process your personal data for our legitimate interests. \u00c2\u00a0We do not use your personal data for activities where our interests are overridden by the impact on you (unless we have your consent or are otherwise required or permitted to by law).</p><p style=\"padding-left: 60px;\">We rely on the following interests when processing your personal data:</p><p style=\"padding-left: 60px;\"><b>Consent</b>, particularly in respect of any clinical trials that you agree to take part in; <b>Contract</b>, particularly to process and deliver goods or services to you and to manage our relationship with you; <b>Legal obligation</b> when we process your information to comply with the law or regulatory obligations, <b>Vital interests</b>, in respect of processing to protect someone\u00e2\u0080\u0099s life and <b>Legitimate interests</b>, particularly in relation to administration and maintenance of our websites.</p><p style=\"padding-left: 60px;\">We also need to satisfy specific conditions for using your health data. \u00c2\u00a0We rely upon the following ground in this regard:</p><p style=\"padding-left: 60px;\"><b>g. Healthcare provision</b>: the processing of data concerning your health is necessary for us to provide you with a medical diagnosis and/or healthcare treatment.</p><p style=\"padding-left: 30px;\">Click <a href=\"https://ico.org.uk/for-organisations/guide-to-the-general-data-protection-regulation-gdpr/lawful-basis-for-processing/\">here</a> to find out more on the Information Commissioner\u00e2\u0080\u0099s Office website about the types of lawful basis that we will rely on to process your personal data.</p><p style=\"padding-left: 30px;\">Generally we do not rely on consent as a legal basis for processing your personal data other than as described below. However, where we do ask for your consent (for example in processing data relating to your health) we will do so in order to comply with the principle that any processing must be <b>lawful, fair and transparent. </b>Please see our terms and conditions for more information on this.<b>\u00c2\u00a0</b></p><h4 style=\"padding-left: 30px;\"><b>Disclosing your personal data</b></h4><p style=\"padding-left: 30px;\">We may have to share your personal data with the parties below in order to provide our services to you. We require all third parties to respect the security of your personal data and to treat it in accordance with the law, and when they are processing personal data on our behalf we do not allow our third-party service providers to use your personal data for their own purposes and only permit them to process your personal data for specified purposes and in accordance with our instructions. Examples of our third parties include:</p><ol><li style=\"list-style-type: none;\"><ol><li>Sub-contractors for the performance of any contract we enter into with them or you;</li><li>Service providers acting as processors who provide IT and system administration services.</li></ol></li></ol><h4 style=\"padding-left: 30px;\"><b>Cookies</b></h4><p style=\"padding-left: 30px;\">Consider whether you want a digital log of your visit to our Site to be recorded in your browser. If you don\u00e2\u0080\u0099t want a record to be kept, you can choose to delete your browser history afterwards or view our pages in incognito mode / private browsing, which won\u00e2\u0080\u0099t store your browser history, cookies, or search history after you\u00e2\u0080\u0099ve closed your browsers. However, you are not invisible. Using incognito mode / private browsing does not hide your browser history from your internet service provider, us or your employer (if you are using a company device).</p><p style=\"padding-left: 30px;\">You can set your browser to refuse all or some browser cookies, or to alert you when websites set or access cookies. If you disable or refuse cookies, please note that some parts of this Site may become inaccessible or not function properly. For more information about the cookies we use, please see\u00c2\u00a0<a href=\"https://www.gastrolondon.co.uk\">https://www.gastrolondon.co.uk</a>.</p><h4 style=\"padding-left: 30px;\"><b>Change of purpose</b></h4><p style=\"padding-left: 30px;\">We will only use your personal data for the purposes for which we collected it, unless we reasonably consider that we need to use it for another reason and that reason is compatible with the original purpose. If you wish to get an explanation as to how the processing for the new purpose is compatible with the original purpose, please contact us.</p><p style=\"padding-left: 30px;\">If we need to use your personal data for an unrelated purpose, we will notify you and we will explain the legal basis which allows us to do so.</p><p style=\"padding-left: 30px;\">Please note that we may process your personal data without your knowledge or consent, in compliance with the above rules, where this is required or permitted by law.</p><h4 style=\"padding-left: 30px;\"><b>Marketing</b></h4><p style=\"padding-left: 30px;\">We strive to provide you with choices regarding certain personal data uses, particularly around marketing and advertising.</p><p style=\"padding-left: 30px;\">We may use your Identity, Contact, Technical, Usage and Profile Data to form a view on what we think you may want or need, or what may be of interest to you. This is how we decide which products, services and offers may be relevant for you (we call this marketing).</p><p style=\"padding-left: 30px;\">You will receive marketing communications from us if you have requested information from us or purchased Services from us and, in each case, you have not opted out of receiving that marketing.</p><p style=\"padding-left: 30px;\">We will get your express opt-in consent before we share your personal data with any other company for marketing purposes.</p><p style=\"padding-left: 30px;\">You can ask us to stop sending you marketing messages at any time by logging into the Site and checking or unchecking relevant boxes to adjust your marketing preferences or by following the opt-out links on any marketing message sent to you or by contacting us at any time.</p><h4 style=\"padding-left: 30px;\"><b>How long we will keep your data\u00c2\u00a0</b></h4><p style=\"padding-left: 30px;\">We will only retain your personal data for as long as necessary to fulfil the purposes we collected it for, including the purposes of satisfying any legal, accounting, or reporting requirements. Generally this means we will retain your personal data for 6 years after last entry. For young people under the age of 16, we will retain your personal data until the patient\u2019s 25th birthday, or 26th if an entry was made when the young person was 17.</p><p style=\"padding-left: 30px;\">To determine the appropriate retention period for personal data, we consider the amount, nature, and sensitivity of the personal data, the potential risk of harm from unauthorised use or disclosure of your personal data, the purposes for which we process your personal data and whether we can achieve those purposes through other means, and the applicable legal requirements.</p><p style=\"padding-left: 30px;\">In some circumstances we may anonymise your personal data (so that it can no longer be associated with you) for research or statistical purposes in which case we may use this information indefinitely without further notice to you.</p><h4 style=\"padding-left: 30px;\"><b>Your legal rights\u00c2\u00a0</b></h4><p style=\"padding-left: 30px;\">Under certain circumstances, you have rights under data protection laws in relation to your personal data. Please click on the links below to access the Information Commissioner\u00e2\u0080\u0099s Office website to find out more about these rights:</p><ol><li style=\"list-style-type: none;\"><ol><li><a href=\"https://ico.org.uk/for-the-public/personal-information/\">Request access to your personal data</a>.</li><li><a href=\"https://ico.org.uk/for-organisations/guide-to-data-protection/principle-6-rights/correcting-inaccurate-personal-data/\">Request correction of your personal data</a>.</li><li><a href=\"https://ico.org.uk/for-organisations/guide-to-the-general-data-protection-regulation-gdpr/individual-rights/right-to-erasure/\">Request erasure of your personal data</a>.</li><li><a href=\"https://ico.org.uk/for-organisations/guide-to-the-general-data-protection-regulation-gdpr/individual-rights/right-to-object/\">Object to processing of your personal data</a>.</li><li><a href=\"https://ico.org.uk/for-organisations/guide-to-the-general-data-protection-regulation-gdpr/individual-rights/right-to-restrict-processing/\">Request restriction of processing your personal data</a>.</li><li><a href=\"https://ico.org.uk/for-organisations/guide-to-the-general-data-protection-regulation-gdpr/international-transfers/\">Request transfer of your personal data</a>.</li><li><a href=\"https://ico.org.uk/for-organisations/guide-to-the-general-data-protection-regulation-gdpr/lawful-basis-for-processing/consent/\">Right to withdraw consent.</a></li></ol></li></ol><p style=\"padding-left: 30px;\">If you wish to exercise any of the rights set out above, please Contact us. \u00c2\u00a0If you are unhappy with how we are processing your personal data, you have the right to complaint to the Information Commissioner Office. \u00c2\u00a0The Information Commissioner can be contacted at:</p><p style=\"padding-left: 60px;\">Wycliffe House</p><p style=\"padding-left: 60px;\">Water Lane</p><p style=\"padding-left: 60px;\">Wilmslow</p><p style=\"padding-left: 60px;\">Cheshire</p><p style=\"padding-left: 60px;\">SK9 5AF</p><p style=\"padding-left: 60px;\"><a href=\"https://ico.org.uk/concerns/\">https://ico.org.uk/concerns/</a></p><h4 style=\"padding-left: 30px;\"><b>No fee usually required\u00c2\u00a0\u00c2\u00a0</b></h4><p style=\"padding-left: 30px;\">You will not have to pay a fee to access your personal data (or to exercise any of the other rights). However, we may charge a reasonable fee of \u00c2\u00a3100 if your request is clearly unfounded, repetitive or excessive. Alternatively, we may refuse to comply with your request in these circumstances.</p><h4 style=\"padding-left: 30px;\"><b>What we may need from you\u00c2\u00a0\u00c2\u00a0</b></h4><p style=\"padding-left: 30px;\">We may need to request specific information from you to help us confirm your identity and ensure your right to access your personal data (or to exercise any of your other rights). This is a security measure to ensure that personal data is not disclosed to any person who has no right to receive it. We may also contact you to ask you for further information in relation to your request to speed up our response.</p><h4 style=\"padding-left: 30px;\"><b>Time limit to respond\u00c2\u00a0\u00c2\u00a0</b></h4><p style=\"padding-left: 30px;\">We try to respond to all legitimate requests within one month. Occasionally it may take us longer than a month if your request is particularly complex or you have made a number of requests. In this case, we will notify you and keep you updated.</p><h4 style=\"padding-left: 30px;\"><strong>Companies covered by this privacy policy</strong></h4><p style=\"padding-left: 30px;\">This policy applies to the London Gastroenterology Centre and companies that share the same directors including SEABAZ Ltd or in which the LGC participates as a member, including all the LGC LLPs (limited liability partnerships).</p><div class=\"clearboth\"></div><div class=\"clearboth\"></div></div>", "level": 0}], [{"value": "<h1></h1>", "level": 9}], [{"value": "<h1 style=\"padding-left: 30px;\"><b>LONDON GASTROENTEROLOGY CENTRE \u00e2\u0080\u0093 PRIVACY POLICY</b></h1>", "level": 9}], [{"value": "<h4 style=\"padding-left: 30px;\"><b>Who we are and what we do\u00c2\u00a0</b></h4>", "level": 6}, {"value": "<p style=\"padding-left: 30px;\">The London Gastroenterology Centre (LGC) represents a series of related businesses. Please see a list of these businesses at the end of this policy.</p>", "level": 0}, {"value": "<p style=\"padding-left: 30px;\">The LGC respects your privacy and is committed to protecting your personal data. This privacy policy will inform you as to how we look after your personal data and sets out the basis on which any personal data we collect from you, or that you provide to us, will be processed by us. Your visit to our website <a href=\"http://www.gastrolondon.co.uk\">www.gastrolondon.co.uk</a> and to our patient portal <a href=\"http://www.patientbooking.com/lgc\">www.patientbooking.com/lgc</a> which are collectively referred to as the \u00e2\u0080\u009cSite\u00e2\u0080\u009d is subject to the terms set out in this privacy policy. Please read the following carefully to understand our views and practices regarding your personal data and how we will treat it.</p>", "level": 0}, {"value": "<p style=\"padding-left: 30px;\">The LGC is the data controller and responsible for your personal data (referred to as \u00e2\u0080\u009cwe\u00e2\u0080\u009d, \u00e2\u0080\u009cus\u00e2\u0080\u009d or \u00e2\u0080\u009cour\u00e2\u0080\u009d in this privacy policy).</p>", "level": 0}, {"value": "<p style=\"padding-left: 30px;\">We have appointed a data protection lead (DPL) who is responsible for overseeing questions in relation to this privacy policy. If you have any questions about the privacy policy, including any request exercise your legal rights, please contact our DPL on our office landline, 020 7183 7965. Please ask to speak to the practice manager who will put you in contact with the DPL.</p>", "level": 0}, {"value": "<p style=\"padding-left: 30px;\">This policy is updated from time to time. The latest version updated on 22<sup>nd</sup> May 2018 is published on this page of the Site. \u00c2\u00a0All updated versions of the policy will be published on this page of the Site.</p>", "level": 0}], [{"value": "<h4 style=\"padding-left: 30px;\"><b>Information we may collect from you</b></h4>", "level": 6}, {"value": "<p style=\"padding-left: 30px;\">Personal data, or personal information, means any information about an individual from which that person can be identified. It does not include data where the identity has been removed (anonymous data). When you visit our Site or correspond with us by phone, e-mail or otherwise you may give us information that would be classed as personal data about you and others you are acting on behalf of. We may collect, use, store and transfer different kinds of personal data about you when you do so which we have grouped together follows:</p>", "level": 0}, {"value": "<ol><li style=\"list-style-type: none;\"><ol><li><b>Identity Data </b>which includes your first name, last name, username or similar identifier, marital status, title, date of birth and gender.</li><li><b>Contact Data </b>which includes your home address, billing address, email address and telephone numbers.</li><li><b>Health Data </b>which includes any information about your health including your medical history and/or current health status including but not limited to data regarding test results, diagnoses and medications.</li><li><b>Financial data </b>which includes your bank account and payment card details</li><li><b>Transaction data </b>includes details about payments to and from you and other details of Products and services you have purchased from us</li><li><b>Technical Data </b>includes internet protocol (IP) address, your login data, browser type and version, time zone setting and location, browser plug-in types and versions, operating system and platform and other technology on the devices you use to access this Site.</li><li><b>Profile data </b>which includes your username and password for any accounts set up to access our products and services, purchases or orders made by you, feedback responses.</li><li><b>Usage Data </b>which includes information about how you use our Site, products and services.</li><li><b>Marketing and Communications data </b>which includes your preferences and receiving marketing from us and our third parties and communication preferences.</li></ol></li></ol>", "level": 0}, {"value": "<p style=\"padding-left: 30px;\">We also collect,<b> </b>use and share aggregated data such as statistical or demographic data for any purpose. Aggregated data may be derived from your personal data but does not directly or indirectly reveal your identity and so is not personal data in law. For example we may aggregate your usage data to calculate the percentage of users accessing a specific website future. However, if we combine or connect aggregated data with your personal data so that he can directly or indirectly identify you, we treat the combined data as personal data which will be used in accordance with this privacy policy.</p>", "level": 0}, {"value": "<p style=\"padding-left: 30px;\">Except for data about your health, we do not collect any Special Categories of Personal Data (as defined in GDPR) about you. \u00c2\u00a0This includes details about your race or ethnicity, religious or philosophical beliefs, sex life or sexual orientation (unless as part of your health data), political opinions, or trade union membership. \u00c2\u00a0Nor do we collect any information about criminal convictions and offences.</p>", "level": 0}, {"value": "<p style=\"padding-left: 30px;\">Where we need to collect personal data by law, or under the terms of a contract we have with you and you fail to provide that data when requested, we may not be able to perform the contract we have or are trying to enter into with you (for example, to provide you with goods or services). In this case, we may have to cancel a product or service you have with us but we will notify you if this is the case at the time.</p>", "level": 0}, {"value": "<p style=\"padding-left: 30px;\">It is important that the personal data we hold about you is accurate and current. \u00c2\u00a0Please keep us informed if your personal data changes during your relationship with us.</p>", "level": 0}], [{"value": "<h4 style=\"padding-left: 30px;\"><b>Keeping your data secure\u00c2\u00a0</b></h4>", "level": 6}, {"value": "<p style=\"padding-left: 30px;\">We know that data security is important to you and it is therefore important to us. We have put in place appropriate security measures to prevent your personal data from being accidentally lost, used or accessed in an unauthorised way, altered or disclosed. In addition, we limit access to your personal data to those employees, agents, contractors and other third parties who have a business need to know. They will only process your personal data on our instructions in accordance with this policy and they are subject to a duty of confidentiality.</p>", "level": 0}, {"value": "<p style=\"padding-left: 30px;\">We have put in place procedures to deal with any suspected personal data breach and will notify you and any applicable regulator of a breach where we are legally required to do so.</p>", "level": 0}], [{"value": "<h4 style=\"padding-left: 30px;\"><b>How we will collect your data\u00c2\u00a0</b></h4>", "level": 6}, {"value": "<p style=\"padding-left: 30px;\">We use different methods to collect data from and about you including through:</p>", "level": 0}, {"value": "<p style=\"padding-left: 60px;\"><b>a. Direct interactions. </b>You may give us any of the categories of data identified above by filling in forms on our Site or by corresponding with us by phone, e-mail or otherwise. This includes personal data you provide when you:</p>", "level": 0}, {"value": "<p style=\"padding-left: 210px;\">\u00e2\u0080\u00a2 register to use our Site;</p>", "level": 0}, {"value": "<p style=\"padding-left: 210px;\">\u00e2\u0080\u00a2 make a request for our products or services;</p>", "level": 0}, {"value": "<p style=\"padding-left: 210px;\">\u00e2\u0080\u00a2 request marketing communications to be sent to you;</p>", "level": 0}, {"value": "<p style=\"padding-left: 210px;\">\u00e2\u0080\u00a2 give us some feedback.</p>", "level": 0}, {"value": "<p style=\"padding-left: 60px;\"><b>b. Automated technologies or interactions. </b>As you interact with our Site, we may automatically collect Technical Data about your equipment, browsing actions and patterns. We collect this personal data by using cookies, and other similar technologies. We may also receive Technical Data about you if you visit other websites and apps employing our cookies. We may also receive technical data about you if you visit other websites and apps employing our cookies. Please see our cookie policy at <a href=\"https://www.gastrolondon.co.uk\">https://www.gastrolondon.co.uk</a>\u00c2\u00a0for further details.</p>", "level": 0}, {"value": "<p style=\"padding-left: 60px;\"><b>c. Third parties or publicly available sources. </b>We may receive personal data about you from various third parties and public sources such as analytics providers, advertising networks and/or search information providers based inside or outside the EEA including for example Google.</p>", "level": 0}, {"value": "<p style=\"padding-left: 60px;\"><b>d. Contact, financial and transaction data (if applicable) </b>from providers of technical payment and delivery services such as SagePay and WorldPay based inside the EU.</p>", "level": 0}], [{"value": "<h4 style=\"padding-left: 30px;\"><b>Why we will use your data\u00c2\u00a0</b></h4>", "level": 6}, {"value": "<p style=\"padding-left: 30px;\">The lawful bases for processing personal data are set out in Article 6 of the General Data Protection Regulation (GDPR). We may process your personal data on more than one lawful ground depending on the specific purpose for which we are using your data. Please contact us if you need details about the specific legal ground we are relying on to process your personal data where more than one ground has been set out below. At least one of these must apply whenever we process personal data:</p>", "level": 0}, {"value": "<p style=\"padding-left: 60px;\"><b>a. Consent: </b>\u00e2\u0080\u00afyou have given clear consent for us to process your personal data for a specific purpose.</p>", "level": 0}, {"value": "<p style=\"padding-left: 60px;\"><b>b. Contract:\u00e2\u0080\u00af</b>the processing is necessary for a contract we have with you (for example, to process and deliver goods or services to you and to manage our relationship with you), or because you have asked us to take specific steps before entering into a contract.</p>", "level": 0}, {"value": "<p style=\"padding-left: 60px;\"><b>c. Legal obligation</b>:\u00e2\u0080\u00afthe processing is necessary for us to comply with a legal or regulatory obligation (not including contractual obligations).</p>", "level": 0}, {"value": "<p style=\"padding-left: 60px;\"><b>d. Vital interests</b>:\u00e2\u0080\u00afthe processing is necessary to protect someone\u00e2\u0080\u0099s life.</p>", "level": 0}, {"value": "<p style=\"padding-left: 60px;\"><b>e. Public task</b>:\u00e2\u0080\u00afthe processing is necessary for us to perform a task in the public interest or for our official functions, and the task or function has a clear basis in law.</p>", "level": 0}, {"value": "<p style=\"padding-left: 60px;\"><b>f. Legitimate interests</b>:\u00e2\u0080\u00afthe processing is necessary for our legitimate interests (for example to administer and maintain our website) or the legitimate interests of a third party unless there is a good reason to protect your personal data which overrides those legitimate interests. We make sure we consider and balance any potential impact on you (both positive and negative) and your rights before we process your personal data for our legitimate interests. \u00c2\u00a0We do not use your personal data for activities where our interests are overridden by the impact on you (unless we have your consent or are otherwise required or permitted to by law).</p>", "level": 0}, {"value": "<p style=\"padding-left: 60px;\">We rely on the following interests when processing your personal data:</p>", "level": 0}, {"value": "<p style=\"padding-left: 60px;\"><b>Consent</b>, particularly in respect of any clinical trials that you agree to take part in; <b>Contract</b>, particularly to process and deliver goods or services to you and to manage our relationship with you; <b>Legal obligation</b> when we process your information to comply with the law or regulatory obligations, <b>Vital interests</b>, in respect of processing to protect someone\u00e2\u0080\u0099s life and <b>Legitimate interests</b>, particularly in relation to administration and maintenance of our websites.</p>", "level": 0}, {"value": "<p style=\"padding-left: 60px;\">We also need to satisfy specific conditions for using your health data. \u00c2\u00a0We rely upon the following ground in this regard:</p>", "level": 0}, {"value": "<p style=\"padding-left: 60px;\"><b>g. Healthcare provision</b>: the processing of data concerning your health is necessary for us to provide you with a medical diagnosis and/or healthcare treatment.</p>", "level": 0}, {"value": "<p style=\"padding-left: 30px;\">Click <a href=\"https://ico.org.uk/for-organisations/guide-to-the-general-data-protection-regulation-gdpr/lawful-basis-for-processing/\">here</a> to find out more on the Information Commissioner\u00e2\u0080\u0099s Office website about the types of lawful basis that we will rely on to process your personal data.</p>", "level": 0}, {"value": "<p style=\"padding-left: 30px;\">Generally we do not rely on consent as a legal basis for processing your personal data other than as described below. However, where we do ask for your consent (for example in processing data relating to your health) we will do so in order to comply with the principle that any processing must be <b>lawful, fair and transparent. </b>Please see our terms and conditions for more information on this.<b>\u00c2\u00a0</b></p>", "level": 0}], [{"value": "<h4 style=\"padding-left: 30px;\"><b>Disclosing your personal data</b></h4>", "level": 6}, {"value": "<p style=\"padding-left: 30px;\">We may have to share your personal data with the parties below in order to provide our services to you. We require all third parties to respect the security of your personal data and to treat it in accordance with the law, and when they are processing personal data on our behalf we do not allow our third-party service providers to use your personal data for their own purposes and only permit them to process your personal data for specified purposes and in accordance with our instructions. Examples of our third parties include:</p>", "level": 0}, {"value": "<ol><li style=\"list-style-type: none;\"><ol><li>Sub-contractors for the performance of any contract we enter into with them or you;</li><li>Service providers acting as processors who provide IT and system administration services.</li></ol></li></ol>", "level": 0}], [{"value": "<h4 style=\"padding-left: 30px;\"><b>Cookies</b></h4>", "level": 6}, {"value": "<p style=\"padding-left: 30px;\">Consider whether you want a digital log of your visit to our Site to be recorded in your browser. If you don\u00e2\u0080\u0099t want a record to be kept, you can choose to delete your browser history afterwards or view our pages in incognito mode / private browsing, which won\u00e2\u0080\u0099t store your browser history, cookies, or search history after you\u00e2\u0080\u0099ve closed your browsers. However, you are not invisible. Using incognito mode / private browsing does not hide your browser history from your internet service provider, us or your employer (if you are using a company device).</p>", "level": 0}, {"value": "<p style=\"padding-left: 30px;\">You can set your browser to refuse all or some browser cookies, or to alert you when websites set or access cookies. If you disable or refuse cookies, please note that some parts of this Site may become inaccessible or not function properly. For more information about the cookies we use, please see\u00c2\u00a0<a href=\"https://www.gastrolondon.co.uk\">https://www.gastrolondon.co.uk</a>.</p>", "level": 0}], [{"value": "<h4 style=\"padding-left: 30px;\"><b>Change of purpose</b></h4>", "level": 6}, {"value": "<p style=\"padding-left: 30px;\">We will only use your personal data for the purposes for which we collected it, unless we reasonably consider that we need to use it for another reason and that reason is compatible with the original purpose. If you wish to get an explanation as to how the processing for the new purpose is compatible with the original purpose, please contact us.</p>", "level": 0}, {"value": "<p style=\"padding-left: 30px;\">If we need to use your personal data for an unrelated purpose, we will notify you and we will explain the legal basis which allows us to do so.</p>", "level": 0}, {"value": "<p style=\"padding-left: 30px;\">Please note that we may process your personal data without your knowledge or consent, in compliance with the above rules, where this is required or permitted by law.</p>", "level": 0}], [{"value": "<h4 style=\"padding-left: 30px;\"><b>Marketing</b></h4>", "level": 6}, {"value": "<p style=\"padding-left: 30px;\">We strive to provide you with choices regarding certain personal data uses, particularly around marketing and advertising.</p>", "level": 0}, {"value": "<p style=\"padding-left: 30px;\">We may use your Identity, Contact, Technical, Usage and Profile Data to form a view on what we think you may want or need, or what may be of interest to you. This is how we decide which products, services and offers may be relevant for you (we call this marketing).</p>", "level": 0}, {"value": "<p style=\"padding-left: 30px;\">You will receive marketing communications from us if you have requested information from us or purchased Services from us and, in each case, you have not opted out of receiving that marketing.</p>", "level": 0}, {"value": "<p style=\"padding-left: 30px;\">We will get your express opt-in consent before we share your personal data with any other company for marketing purposes.</p>", "level": 0}, {"value": "<p style=\"padding-left: 30px;\">You can ask us to stop sending you marketing messages at any time by logging into the Site and checking or unchecking relevant boxes to adjust your marketing preferences or by following the opt-out links on any marketing message sent to you or by contacting us at any time.</p>", "level": 0}], [{"value": "<h4 style=\"padding-left: 30px;\"><b>How long we will keep your data\u00c2\u00a0</b></h4>", "level": 6}, {"value": "<p style=\"padding-left: 30px;\">We will only retain your personal data for as long as necessary to fulfil the purposes we collected it for, including the purposes of satisfying any legal, accounting, or reporting requirements. Generally this means we will retain your personal data for 6 years after last entry. For young people under the age of 16, we will retain your personal data until the patient\u2019s 25th birthday, or 26th if an entry was made when the young person was 17.</p>", "level": 0}, {"value": "<p style=\"padding-left: 30px;\">To determine the appropriate retention period for personal data, we consider the amount, nature, and sensitivity of the personal data, the potential risk of harm from unauthorised use or disclosure of your personal data, the purposes for which we process your personal data and whether we can achieve those purposes through other means, and the applicable legal requirements.</p>", "level": 0}, {"value": "<p style=\"padding-left: 30px;\">In some circumstances we may anonymise your personal data (so that it can no longer be associated with you) for research or statistical purposes in which case we may use this information indefinitely without further notice to you.</p>", "level": 0}], [{"value": "<h4 style=\"padding-left: 30px;\"><b>Your legal rights\u00c2\u00a0</b></h4>", "level": 6}, {"value": "<p style=\"padding-left: 30px;\">Under certain circumstances, you have rights under data protection laws in relation to your personal data. Please click on the links below to access the Information Commissioner\u00e2\u0080\u0099s Office website to find out more about these rights:</p>", "level": 0}, {"value": "<ol><li style=\"list-style-type: none;\"><ol><li><a href=\"https://ico.org.uk/for-the-public/personal-information/\">Request access to your personal data</a>.</li><li><a href=\"https://ico.org.uk/for-organisations/guide-to-data-protection/principle-6-rights/correcting-inaccurate-personal-data/\">Request correction of your personal data</a>.</li><li><a href=\"https://ico.org.uk/for-organisations/guide-to-the-general-data-protection-regulation-gdpr/individual-rights/right-to-erasure/\">Request erasure of your personal data</a>.</li><li><a href=\"https://ico.org.uk/for-organisations/guide-to-the-general-data-protection-regulation-gdpr/individual-rights/right-to-object/\">Object to processing of your personal data</a>.</li><li><a href=\"https://ico.org.uk/for-organisations/guide-to-the-general-data-protection-regulation-gdpr/individual-rights/right-to-restrict-processing/\">Request restriction of processing your personal data</a>.</li><li><a href=\"https://ico.org.uk/for-organisations/guide-to-the-general-data-protection-regulation-gdpr/international-transfers/\">Request transfer of your personal data</a>.</li><li><a href=\"https://ico.org.uk/for-organisations/guide-to-the-general-data-protection-regulation-gdpr/lawful-basis-for-processing/consent/\">Right to withdraw consent.</a></li></ol></li></ol>", "level": 0}, {"value": "<p style=\"padding-left: 30px;\">If you wish to exercise any of the rights set out above, please Contact us. \u00c2\u00a0If you are unhappy with how we are processing your personal data, you have the right to complaint to the Information Commissioner Office. \u00c2\u00a0The Information Commissioner can be contacted at:</p>", "level": 0}, {"value": "<p style=\"padding-left: 60px;\">Wycliffe House</p>", "level": 0}, {"value": "<p style=\"padding-left: 60px;\">Water Lane</p>", "level": 0}, {"value": "<p style=\"padding-left: 60px;\">Wilmslow</p>", "level": 0}, {"value": "<p style=\"padding-left: 60px;\">Cheshire</p>", "level": 0}, {"value": "<p style=\"padding-left: 60px;\">SK9 5AF</p>", "level": 0}, {"value": "<p style=\"padding-left: 60px;\"><a href=\"https://ico.org.uk/concerns/\">https://ico.org.uk/concerns/</a></p>", "level": 0}], [{"value": "<h4 style=\"padding-left: 30px;\"><b>No fee usually required\u00c2\u00a0\u00c2\u00a0</b></h4>", "level": 6}, {"value": "<p style=\"padding-left: 30px;\">You will not have to pay a fee to access your personal data (or to exercise any of the other rights). However, we may charge a reasonable fee of \u00c2\u00a3100 if your request is clearly unfounded, repetitive or excessive. Alternatively, we may refuse to comply with your request in these circumstances.</p>", "level": 0}], [{"value": "<h4 style=\"padding-left: 30px;\"><b>What we may need from you\u00c2\u00a0\u00c2\u00a0</b></h4>", "level": 6}, {"value": "<p style=\"padding-left: 30px;\">We may need to request specific information from you to help us confirm your identity and ensure your right to access your personal data (or to exercise any of your other rights). This is a security measure to ensure that personal data is not disclosed to any person who has no right to receive it. We may also contact you to ask you for further information in relation to your request to speed up our response.</p>", "level": 0}], [{"value": "<h4 style=\"padding-left: 30px;\"><b>Time limit to respond\u00c2\u00a0\u00c2\u00a0</b></h4>", "level": 6}, {"value": "<p style=\"padding-left: 30px;\">We try to respond to all legitimate requests within one month. Occasionally it may take us longer than a month if your request is particularly complex or you have made a number of requests. In this case, we will notify you and keep you updated.</p>", "level": 0}], [{"value": "<h4 style=\"padding-left: 30px;\"><strong>Companies covered by this privacy policy</strong></h4>", "level": 6}, {"value": "<p style=\"padding-left: 30px;\">This policy applies to the London Gastroenterology Centre and companies that share the same directors including SEABAZ Ltd or in which the LGC participates as a member, including all the LGC LLPs (limited liability partnerships).</p>", "level": 0}], [{"value": "<h3>We are available to see patients daily.</h3>", "level": 7}], [{"value": "<h3>For a private consultation contact us on<br/><a class=\"rTapNumber315051\" href=\"tel:02071837965\" onclick=\"rTapClickToCall(315051)\">020\u00a07183\u00a07965</a></h3>", "level": 7}, {"value": "<div class=\"mk-button-container relative block text-center \"> <a class=\"mk-button js-smooth-scroll mk-button--dimension-flat mk-button--size-small mk-button--corner-rounded text-color-light _ relative text-center font-weight-700 no-backface letter-spacing-1 inline\" href=\"/contact/\"><span class=\"mk-button--text\">BOOK AN APPOINTMENT</span></a></div>", "level": 0}, {"value": "<div class=\"master-holder mk-grid\"><h2>Find your nearest practice location</h2> <select name=\"ab\" onchange=\"if(this.selectedIndex)openWindow(this.value);\"><option value=\"0\">Select Location</option><option value=\"0\">Main Office</option><option value=\"1\">The London Clinic Endoscopy Unit</option><option value=\"2\">Parkside Hospital</option><option value=\"3\">King Edward VII's Hospital</option><option value=\"4\">The Wellington Hospital Endoscopy Unit</option><option value=\"5\">The Wellington Diagnostics and Outpatients Centre</option> </select><div class=\"mapholder\"><div id=\"map\"></div></div></div>", "level": 0}], [{"value": "<h2>Find your nearest practice location</h2>", "level": 8}, {"value": "<select name=\"ab\" onchange=\"if(this.selectedIndex)openWindow(this.value);\"><option value=\"0\">Select Location</option><option value=\"0\">Main Office</option><option value=\"1\">The London Clinic Endoscopy Unit</option><option value=\"2\">Parkside Hospital</option><option value=\"3\">King Edward VII's Hospital</option><option value=\"4\">The Wellington Hospital Endoscopy Unit</option><option value=\"5\">The Wellington Diagnostics and Outpatients Centre</option> </select>", "level": 0}, {"value": "<section class=\" disable-on-mobile\" id=\"mk-footer\" itemscope=\"itemscope\" itemtype=\"https://schema.org/WPFooter\" role=\"contentinfo\"><div class=\"toptopfooter\"><p>41 Welbeck Street,<br/>Marylebone,<br/>London W1G 8DT</p> <img src=\"/wp-content/uploads/london_gastroenterology_logo_white.png\"/></div><div class=\"footer-wrapper fullwidth-footer\"><div class=\"mk-padding-wrapper\"><div class=\"mk-col-1-5\"><section class=\"widget widget_nav_menu\" id=\"nav_menu-2\"><div class=\"widgettitle\">About</div><div class=\"menu-about-container\"><ul class=\"menu\" id=\"menu-about\"><li class=\"menu-item menu-item-type-post_type menu-item-object-page menu-item-520\" id=\"menu-item-520\"><a href=\"https://www.gastrolondon.co.uk/our-clinic/\"><svg class=\"mk-svg-icon\" data-cacheid=\"icon-5b9d7d4a4c24d\" data-name=\"mk-icon-angle-right\" style=\" height:14px; width: 5px; \" viewbox=\"0 0 640 1792\" xmlns=\"http://www.w3.org/2000/svg\"><path d=\"M595 960q0 13-10 23l-466 466q-10 10-23 10t-23-10l-50-50q-10-10-10-23t10-23l393-393-393-393q-10-10-10-23t10-23l50-50q10-10 23-10t23 10l466 466q10 10 10 23z\"></path></svg>Our Clinic</a></li><li class=\"menu-item menu-item-type-post_type menu-item-object-page menu-item-519\" id=\"menu-item-519\"><a href=\"https://www.gastrolondon.co.uk/our-clinic/research/\"><svg class=\"mk-svg-icon\" data-cacheid=\"icon-5b9d7d4a4c24d\" data-name=\"mk-icon-angle-right\" style=\" height:14px; width: 5px; \" viewbox=\"0 0 640 1792\" xmlns=\"http://www.w3.org/2000/svg\"><path d=\"M595 960q0 13-10 23l-466 466q-10 10-23 10t-23-10l-50-50q-10-10-10-23t10-23l393-393-393-393q-10-10-10-23t10-23l50-50q10-10 23-10t23 10l466 466q10 10 10 23z\"></path></svg>Research</a></li><li class=\"menu-item menu-item-type-post_type menu-item-object-page menu-item-518\" id=\"menu-item-518\"><a href=\"https://www.gastrolondon.co.uk/our-clinic/the-welbeck-street-consulting-rooms/\"><svg class=\"mk-svg-icon\" data-cacheid=\"icon-5b9d7d4a4c24d\" data-name=\"mk-icon-angle-right\" style=\" height:14px; width: 5px; \" viewbox=\"0 0 640 1792\" xmlns=\"http://www.w3.org/2000/svg\"><path d=\"M595 960q0 13-10 23l-466 466q-10 10-23 10t-23-10l-50-50q-10-10-10-23t10-23l393-393-393-393q-10-10-10-23t10-23l50-50q10-10 23-10t23 10l466 466q10 10 10 23z\"></path></svg>The Welbeck Street consulting rooms</a></li><li class=\"menu-item menu-item-type-custom menu-item-object-custom menu-item-522\" id=\"menu-item-522\"><a href=\"https://www.gastrolondon.co.uk/our-team/#specialist-team\"><svg class=\"mk-svg-icon\" data-cacheid=\"icon-5b9d7d4a4c24d\" data-name=\"mk-icon-angle-right\" style=\" height:14px; width: 5px; \" viewbox=\"0 0 640 1792\" xmlns=\"http://www.w3.org/2000/svg\"><path d=\"M595 960q0 13-10 23l-466 466q-10 10-23 10t-23-10l-50-50q-10-10-10-23t10-23l393-393-393-393q-10-10-10-23t10-23l50-50q10-10 23-10t23 10l466 466q10 10 10 23z\"></path></svg>Specialist Team</a></li><li class=\"menu-item menu-item-type-custom menu-item-object-custom menu-item-523\" id=\"menu-item-523\"><a href=\"https://www.gastrolondon.co.uk/our-team/#multi-disciplinary-team\"><svg class=\"mk-svg-icon\" data-cacheid=\"icon-5b9d7d4a4c24d\" data-name=\"mk-icon-angle-right\" style=\" height:14px; width: 5px; \" viewbox=\"0 0 640 1792\" xmlns=\"http://www.w3.org/2000/svg\"><path d=\"M595 960q0 13-10 23l-466 466q-10 10-23 10t-23-10l-50-50q-10-10-10-23t10-23l393-393-393-393q-10-10-10-23t10-23l50-50q10-10 23-10t23 10l466 466q10 10 10 23z\"></path></svg>Multi-disciplinary Team</a></li><li class=\"menu-item menu-item-type-custom menu-item-object-custom menu-item-524\" id=\"menu-item-524\"><a href=\"https://www.gastrolondon.co.uk/our-team/#admin-team\"><svg class=\"mk-svg-icon\" data-cacheid=\"icon-5b9d7d4a4c24d\" data-name=\"mk-icon-angle-right\" style=\" height:14px; width: 5px; \" viewbox=\"0 0 640 1792\" xmlns=\"http://www.w3.org/2000/svg\"><path d=\"M595 960q0 13-10 23l-466 466q-10 10-23 10t-23-10l-50-50q-10-10-10-23t10-23l393-393-393-393q-10-10-10-23t10-23l50-50q10-10 23-10t23 10l466 466q10 10 10 23z\"></path></svg>Admin Team</a></li><li class=\"menu-item menu-item-type-post_type menu-item-object-page menu-item-521\" id=\"menu-item-521\"><a href=\"https://www.gastrolondon.co.uk/contact/\"><svg class=\"mk-svg-icon\" data-cacheid=\"icon-5b9d7d4a4c24d\" data-name=\"mk-icon-angle-right\" style=\" height:14px; width: 5px; \" viewbox=\"0 0 640 1792\" xmlns=\"http://www.w3.org/2000/svg\"><path d=\"M595 960q0 13-10 23l-466 466q-10 10-23 10t-23-10l-50-50q-10-10-10-23t10-23l393-393-393-393q-10-10-10-23t10-23l50-50q10-10 23-10t23 10l466 466q10 10 10 23z\"></path></svg>Contact</a></li></ul></div></section></div><div class=\"mk-col-1-5\"><section class=\"widget widget_nav_menu\" id=\"nav_menu-3\"><div class=\"widgettitle\">Conditions</div><div class=\"menu-conditions-container\"><ul class=\"menu\" id=\"menu-conditions\"><li class=\"menu-item menu-item-type-post_type menu-item-object-page menu-item-534\" id=\"menu-item-534\"><a href=\"https://www.gastrolondon.co.uk/achalasia-of-the-oesophagus/\"><svg class=\"mk-svg-icon\" data-cacheid=\"icon-5b9d7d4a4fa42\" data-name=\"mk-icon-angle-right\" style=\" height:14px; width: 5px; \" viewbox=\"0 0 640 1792\" xmlns=\"http://www.w3.org/2000/svg\"><path d=\"M595 960q0 13-10 23l-466 466q-10 10-23 10t-23-10l-50-50q-10-10-10-23t10-23l393-393-393-393q-10-10-10-23t10-23l50-50q10-10 23-10t23 10l466 466q10 10 10 23z\"></path></svg>Achalasia of the oesophagus</a></li><li class=\"menu-item menu-item-type-post_type menu-item-object-page menu-item-535\" id=\"menu-item-535\"><a href=\"https://www.gastrolondon.co.uk/acid-reflux/\"><svg class=\"mk-svg-icon\" data-cacheid=\"icon-5b9d7d4a4fa42\" data-name=\"mk-icon-angle-right\" style=\" height:14px; width: 5px; \" viewbox=\"0 0 640 1792\" xmlns=\"http://www.w3.org/2000/svg\"><path d=\"M595 960q0 13-10 23l-466 466q-10 10-23 10t-23-10l-50-50q-10-10-10-23t10-23l393-393-393-393q-10-10-10-23t10-23l50-50q10-10 23-10t23 10l466 466q10 10 10 23z\"></path></svg>Acid Reflux</a></li><li class=\"menu-item menu-item-type-post_type menu-item-object-page menu-item-536\" id=\"menu-item-536\"><a href=\"https://www.gastrolondon.co.uk/barretts-oesophagus/\"><svg class=\"mk-svg-icon\" data-cacheid=\"icon-5b9d7d4a4fa42\" data-name=\"mk-icon-angle-right\" style=\" height:14px; width: 5px; \" viewbox=\"0 0 640 1792\" xmlns=\"http://www.w3.org/2000/svg\"><path d=\"M595 960q0 13-10 23l-466 466q-10 10-23 10t-23-10l-50-50q-10-10-10-23t10-23l393-393-393-393q-10-10-10-23t10-23l50-50q10-10 23-10t23 10l466 466q10 10 10 23z\"></path></svg>Barrett\u00e2\u0080\u0099s Oesophagus/Mucosa</a></li><li class=\"menu-item menu-item-type-post_type menu-item-object-page menu-item-537\" id=\"menu-item-537\"><a href=\"https://www.gastrolondon.co.uk/bloating/\"><svg class=\"mk-svg-icon\" data-cacheid=\"icon-5b9d7d4a4fa42\" data-name=\"mk-icon-angle-right\" style=\" height:14px; width: 5px; \" viewbox=\"0 0 640 1792\" xmlns=\"http://www.w3.org/2000/svg\"><path d=\"M595 960q0 13-10 23l-466 466q-10 10-23 10t-23-10l-50-50q-10-10-10-23t10-23l393-393-393-393q-10-10-10-23t10-23l50-50q10-10 23-10t23 10l466 466q10 10 10 23z\"></path></svg>Bloating</a></li><li class=\"menu-item menu-item-type-post_type menu-item-object-page menu-item-538\" id=\"menu-item-538\"><a href=\"https://www.gastrolondon.co.uk/cancer-prevention/\"><svg class=\"mk-svg-icon\" data-cacheid=\"icon-5b9d7d4a4fa42\" data-name=\"mk-icon-angle-right\" style=\" height:14px; width: 5px; \" viewbox=\"0 0 640 1792\" xmlns=\"http://www.w3.org/2000/svg\"><path d=\"M595 960q0 13-10 23l-466 466q-10 10-23 10t-23-10l-50-50q-10-10-10-23t10-23l393-393-393-393q-10-10-10-23t10-23l50-50q10-10 23-10t23 10l466 466q10 10 10 23z\"></path></svg>Cancer Prevention</a></li><li class=\"menu-item menu-item-type-post_type menu-item-object-page menu-item-539\" id=\"menu-item-539\"><a href=\"https://www.gastrolondon.co.uk/constipation/\"><svg class=\"mk-svg-icon\" data-cacheid=\"icon-5b9d7d4a4fa42\" data-name=\"mk-icon-angle-right\" style=\" height:14px; width: 5px; \" viewbox=\"0 0 640 1792\" xmlns=\"http://www.w3.org/2000/svg\"><path d=\"M595 960q0 13-10 23l-466 466q-10 10-23 10t-23-10l-50-50q-10-10-10-23t10-23l393-393-393-393q-10-10-10-23t10-23l50-50q10-10 23-10t23 10l466 466q10 10 10 23z\"></path></svg>Constipation</a></li><li class=\"menu-item menu-item-type-post_type menu-item-object-page menu-item-540\" id=\"menu-item-540\"><a href=\"https://www.gastrolondon.co.uk/crohns-disease/\"><svg class=\"mk-svg-icon\" data-cacheid=\"icon-5b9d7d4a4fa42\" data-name=\"mk-icon-angle-right\" style=\" height:14px; width: 5px; \" viewbox=\"0 0 640 1792\" xmlns=\"http://www.w3.org/2000/svg\"><path d=\"M595 960q0 13-10 23l-466 466q-10 10-23 10t-23-10l-50-50q-10-10-10-23t10-23l393-393-393-393q-10-10-10-23t10-23l50-50q10-10 23-10t23 10l466 466q10 10 10 23z\"></path></svg>Crohn\u00e2\u0080\u0099s Disease</a></li><li class=\"menu-item menu-item-type-post_type menu-item-object-page menu-item-541\" id=\"menu-item-541\"><a href=\"https://www.gastrolondon.co.uk/diarrhoea/\"><svg class=\"mk-svg-icon\" data-cacheid=\"icon-5b9d7d4a4fa42\" data-name=\"mk-icon-angle-right\" style=\" height:14px; width: 5px; \" viewbox=\"0 0 640 1792\" xmlns=\"http://www.w3.org/2000/svg\"><path d=\"M595 960q0 13-10 23l-466 466q-10 10-23 10t-23-10l-50-50q-10-10-10-23t10-23l393-393-393-393q-10-10-10-23t10-23l50-50q10-10 23-10t23 10l466 466q10 10 10 23z\"></path></svg>Diarrhoea</a></li><li class=\"menu-item menu-item-type-post_type menu-item-object-page menu-item-542\" id=\"menu-item-542\"><a href=\"https://www.gastrolondon.co.uk/irritable-bowel-syndrome/\"><svg class=\"mk-svg-icon\" data-cacheid=\"icon-5b9d7d4a4fa42\" data-name=\"mk-icon-angle-right\" style=\" height:14px; width: 5px; \" viewbox=\"0 0 640 1792\" xmlns=\"http://www.w3.org/2000/svg\"><path d=\"M595 960q0 13-10 23l-466 466q-10 10-23 10t-23-10l-50-50q-10-10-10-23t10-23l393-393-393-393q-10-10-10-23t10-23l50-50q10-10 23-10t23 10l466 466q10 10 10 23z\"></path></svg>Irritable Bowel Syndrome</a></li><li class=\"menu-item menu-item-type-post_type menu-item-object-page menu-item-543\" id=\"menu-item-543\"><a href=\"https://www.gastrolondon.co.uk/oesophageal-cancer/\"><svg class=\"mk-svg-icon\" data-cacheid=\"icon-5b9d7d4a4fa42\" data-name=\"mk-icon-angle-right\" style=\" height:14px; width: 5px; \" viewbox=\"0 0 640 1792\" xmlns=\"http://www.w3.org/2000/svg\"><path d=\"M595 960q0 13-10 23l-466 466q-10 10-23 10t-23-10l-50-50q-10-10-10-23t10-23l393-393-393-393q-10-10-10-23t10-23l50-50q10-10 23-10t23 10l466 466q10 10 10 23z\"></path></svg>Oesophageal Cancer</a></li><li class=\"menu-item menu-item-type-post_type menu-item-object-page menu-item-544\" id=\"menu-item-544\"><a href=\"https://www.gastrolondon.co.uk/stomach-side-effects-of-cancer-treatment/\"><svg class=\"mk-svg-icon\" data-cacheid=\"icon-5b9d7d4a4fa42\" data-name=\"mk-icon-angle-right\" style=\" height:14px; width: 5px; \" viewbox=\"0 0 640 1792\" xmlns=\"http://www.w3.org/2000/svg\"><path d=\"M595 960q0 13-10 23l-466 466q-10 10-23 10t-23-10l-50-50q-10-10-10-23t10-23l393-393-393-393q-10-10-10-23t10-23l50-50q10-10 23-10t23 10l466 466q10 10 10 23z\"></path></svg>Stomach Problems During Cancer Treatment</a></li><li class=\"menu-item menu-item-type-post_type menu-item-object-page menu-item-2509\" id=\"menu-item-2509\"><a href=\"https://www.gastrolondon.co.uk/ulcerative-colitis/\"><svg class=\"mk-svg-icon\" data-cacheid=\"icon-5b9d7d4a4fa42\" data-name=\"mk-icon-angle-right\" style=\" height:14px; width: 5px; \" viewbox=\"0 0 640 1792\" xmlns=\"http://www.w3.org/2000/svg\"><path d=\"M595 960q0 13-10 23l-466 466q-10 10-23 10t-23-10l-50-50q-10-10-10-23t10-23l393-393-393-393q-10-10-10-23t10-23l50-50q10-10 23-10t23 10l466 466q10 10 10 23z\"></path></svg>Ulcerative Colitis</a></li></ul></div></section></div><div class=\"mk-col-1-5\"><section class=\"widget widget_nav_menu\" id=\"nav_menu-4\"><div class=\"widgettitle\">Tests</div><div class=\"menu-tests-container\"><ul class=\"menu\" id=\"menu-tests\"><li class=\"menu-item menu-item-type-post_type menu-item-object-page menu-item-546\" id=\"menu-item-546\"><a href=\"https://www.gastrolondon.co.uk/ambulatory-24-hour-ph-monitoring/\"><svg class=\"mk-svg-icon\" data-cacheid=\"icon-5b9d7d4a5286d\" data-name=\"mk-icon-angle-right\" style=\" height:14px; width: 5px; \" viewbox=\"0 0 640 1792\" xmlns=\"http://www.w3.org/2000/svg\"><path d=\"M595 960q0 13-10 23l-466 466q-10 10-23 10t-23-10l-50-50q-10-10-10-23t10-23l393-393-393-393q-10-10-10-23t10-23l50-50q10-10 23-10t23 10l466 466q10 10 10 23z\"></path></svg>Ambulatory 24-hour pH Monitoring</a></li><li class=\"menu-item menu-item-type-post_type menu-item-object-page menu-item-547\" id=\"menu-item-547\"><a href=\"https://www.gastrolondon.co.uk/barretts-endoscopic-surveillance/\"><svg class=\"mk-svg-icon\" data-cacheid=\"icon-5b9d7d4a5286d\" data-name=\"mk-icon-angle-right\" style=\" height:14px; width: 5px; \" viewbox=\"0 0 640 1792\" xmlns=\"http://www.w3.org/2000/svg\"><path d=\"M595 960q0 13-10 23l-466 466q-10 10-23 10t-23-10l-50-50q-10-10-10-23t10-23l393-393-393-393q-10-10-10-23t10-23l50-50q10-10 23-10t23 10l466 466q10 10 10 23z\"></path></svg>Barrett\u00e2\u0080\u0099s Endoscopic Surveillance</a></li><li class=\"menu-item menu-item-type-post_type menu-item-object-page menu-item-1095\" id=\"menu-item-1095\"><a href=\"https://www.gastrolondon.co.uk/bowel-cancer-screening/\"><svg class=\"mk-svg-icon\" data-cacheid=\"icon-5b9d7d4a5286d\" data-name=\"mk-icon-angle-right\" style=\" height:14px; width: 5px; \" viewbox=\"0 0 640 1792\" xmlns=\"http://www.w3.org/2000/svg\"><path d=\"M595 960q0 13-10 23l-466 466q-10 10-23 10t-23-10l-50-50q-10-10-10-23t10-23l393-393-393-393q-10-10-10-23t10-23l50-50q10-10 23-10t23 10l466 466q10 10 10 23z\"></path></svg>Bowel Cancer Screening</a></li><li class=\"menu-item menu-item-type-post_type menu-item-object-page menu-item-548\" id=\"menu-item-548\"><a href=\"https://www.gastrolondon.co.uk/bravo-ambulatory-ph-testing/\"><svg class=\"mk-svg-icon\" data-cacheid=\"icon-5b9d7d4a5286d\" data-name=\"mk-icon-angle-right\" style=\" height:14px; width: 5px; \" viewbox=\"0 0 640 1792\" xmlns=\"http://www.w3.org/2000/svg\"><path d=\"M595 960q0 13-10 23l-466 466q-10 10-23 10t-23-10l-50-50q-10-10-10-23t10-23l393-393-393-393q-10-10-10-23t10-23l50-50q10-10 23-10t23 10l466 466q10 10 10 23z\"></path></svg>BRAVO Ambulatory pH Testing</a></li><li class=\"menu-item menu-item-type-post_type menu-item-object-page menu-item-549\" id=\"menu-item-549\"><a href=\"https://www.gastrolondon.co.uk/endoscopic-ultrasound-scan/\"><svg class=\"mk-svg-icon\" data-cacheid=\"icon-5b9d7d4a5286d\" data-name=\"mk-icon-angle-right\" style=\" height:14px; width: 5px; \" viewbox=\"0 0 640 1792\" xmlns=\"http://www.w3.org/2000/svg\"><path d=\"M595 960q0 13-10 23l-466 466q-10 10-23 10t-23-10l-50-50q-10-10-10-23t10-23l393-393-393-393q-10-10-10-23t10-23l50-50q10-10 23-10t23 10l466 466q10 10 10 23z\"></path></svg>Endoscopic Ultrasound Scan</a></li><li class=\"menu-item menu-item-type-post_type menu-item-object-page menu-item-550\" id=\"menu-item-550\"><a href=\"https://www.gastrolondon.co.uk/endoscopy/\"><svg class=\"mk-svg-icon\" data-cacheid=\"icon-5b9d7d4a5286d\" data-name=\"mk-icon-angle-right\" style=\" height:14px; width: 5px; \" viewbox=\"0 0 640 1792\" xmlns=\"http://www.w3.org/2000/svg\"><path d=\"M595 960q0 13-10 23l-466 466q-10 10-23 10t-23-10l-50-50q-10-10-10-23t10-23l393-393-393-393q-10-10-10-23t10-23l50-50q10-10 23-10t23 10l466 466q10 10 10 23z\"></path></svg>Endoscopy</a></li><li class=\"menu-item menu-item-type-post_type menu-item-object-page menu-item-551\" id=\"menu-item-551\"><a href=\"https://www.gastrolondon.co.uk/oesophageal-manometry/\"><svg class=\"mk-svg-icon\" data-cacheid=\"icon-5b9d7d4a5286d\" data-name=\"mk-icon-angle-right\" style=\" height:14px; width: 5px; \" viewbox=\"0 0 640 1792\" xmlns=\"http://www.w3.org/2000/svg\"><path d=\"M595 960q0 13-10 23l-466 466q-10 10-23 10t-23-10l-50-50q-10-10-10-23t10-23l393-393-393-393q-10-10-10-23t10-23l50-50q10-10 23-10t23 10l466 466q10 10 10 23z\"></path></svg>Oesophageal Manometry</a></li></ul></div></section></div><div class=\"mk-col-1-5\"><section class=\"widget widget_nav_menu\" id=\"nav_menu-5\"><div class=\"widgettitle\">Treatments</div><div class=\"menu-treatments-container\"><ul class=\"menu\" id=\"menu-treatments\"><li class=\"menu-item menu-item-type-post_type menu-item-object-page menu-item-552\" id=\"menu-item-552\"><a href=\"https://www.gastrolondon.co.uk/acid-reflux-treatment/\"><svg class=\"mk-svg-icon\" data-cacheid=\"icon-5b9d7d4a588ff\" data-name=\"mk-icon-angle-right\" style=\" height:14px; width: 5px; \" viewbox=\"0 0 640 1792\" xmlns=\"http://www.w3.org/2000/svg\"><path d=\"M595 960q0 13-10 23l-466 466q-10 10-23 10t-23-10l-50-50q-10-10-10-23t10-23l393-393-393-393q-10-10-10-23t10-23l50-50q10-10 23-10t23 10l466 466q10 10 10 23z\"></path></svg>Acid Reflux Treatment</a></li><li class=\"menu-item menu-item-type-post_type menu-item-object-page menu-item-554\" id=\"menu-item-554\"><a href=\"https://www.gastrolondon.co.uk/endoscopic-resection/\"><svg class=\"mk-svg-icon\" data-cacheid=\"icon-5b9d7d4a588ff\" data-name=\"mk-icon-angle-right\" style=\" height:14px; width: 5px; \" viewbox=\"0 0 640 1792\" xmlns=\"http://www.w3.org/2000/svg\"><path d=\"M595 960q0 13-10 23l-466 466q-10 10-23 10t-23-10l-50-50q-10-10-10-23t10-23l393-393-393-393q-10-10-10-23t10-23l50-50q10-10 23-10t23 10l466 466q10 10 10 23z\"></path></svg>Endoscopic Resection</a></li><li class=\"menu-item menu-item-type-post_type menu-item-object-page menu-item-555\" id=\"menu-item-555\"><a href=\"https://www.gastrolondon.co.uk/oesophageal-laser-therapy/\"><svg class=\"mk-svg-icon\" data-cacheid=\"icon-5b9d7d4a588ff\" data-name=\"mk-icon-angle-right\" style=\" height:14px; width: 5px; \" viewbox=\"0 0 640 1792\" xmlns=\"http://www.w3.org/2000/svg\"><path d=\"M595 960q0 13-10 23l-466 466q-10 10-23 10t-23-10l-50-50q-10-10-10-23t10-23l393-393-393-393q-10-10-10-23t10-23l50-50q10-10 23-10t23 10l466 466q10 10 10 23z\"></path></svg>Oesophageal Laser Therapy</a></li><li class=\"menu-item menu-item-type-post_type menu-item-object-page menu-item-556\" id=\"menu-item-556\"><a href=\"https://www.gastrolondon.co.uk/oesophageal-stent/\"><svg class=\"mk-svg-icon\" data-cacheid=\"icon-5b9d7d4a588ff\" data-name=\"mk-icon-angle-right\" style=\" height:14px; width: 5px; \" viewbox=\"0 0 640 1792\" xmlns=\"http://www.w3.org/2000/svg\"><path d=\"M595 960q0 13-10 23l-466 466q-10 10-23 10t-23-10l-50-50q-10-10-10-23t10-23l393-393-393-393q-10-10-10-23t10-23l50-50q10-10 23-10t23 10l466 466q10 10 10 23z\"></path></svg>Oesophageal Stent</a></li><li class=\"menu-item menu-item-type-post_type menu-item-object-page menu-item-557\" id=\"menu-item-557\"><a href=\"https://www.gastrolondon.co.uk/photodynamic-therapy-pdt/\"><svg class=\"mk-svg-icon\" data-cacheid=\"icon-5b9d7d4a588ff\" data-name=\"mk-icon-angle-right\" style=\" height:14px; width: 5px; \" viewbox=\"0 0 640 1792\" xmlns=\"http://www.w3.org/2000/svg\"><path d=\"M595 960q0 13-10 23l-466 466q-10 10-23 10t-23-10l-50-50q-10-10-10-23t10-23l393-393-393-393q-10-10-10-23t10-23l50-50q10-10 23-10t23 10l466 466q10 10 10 23z\"></path></svg>Photodynamic Therapy (PDT)</a></li><li class=\"menu-item menu-item-type-post_type menu-item-object-page menu-item-558\" id=\"menu-item-558\"><a href=\"https://www.gastrolondon.co.uk/radiofrequency-ablation/\"><svg class=\"mk-svg-icon\" data-cacheid=\"icon-5b9d7d4a588ff\" data-name=\"mk-icon-angle-right\" style=\" height:14px; width: 5px; \" viewbox=\"0 0 640 1792\" xmlns=\"http://www.w3.org/2000/svg\"><path d=\"M595 960q0 13-10 23l-466 466q-10 10-23 10t-23-10l-50-50q-10-10-10-23t10-23l393-393-393-393q-10-10-10-23t10-23l50-50q10-10 23-10t23 10l466 466q10 10 10 23z\"></path></svg>Radiofrequency Ablation</a></li><li class=\"menu-item menu-item-type-post_type menu-item-object-page menu-item-559\" id=\"menu-item-559\"><a href=\"https://www.gastrolondon.co.uk/stretta-for-acid-reflux/\"><svg class=\"mk-svg-icon\" data-cacheid=\"icon-5b9d7d4a588ff\" data-name=\"mk-icon-angle-right\" style=\" height:14px; width: 5px; \" viewbox=\"0 0 640 1792\" xmlns=\"http://www.w3.org/2000/svg\"><path d=\"M595 960q0 13-10 23l-466 466q-10 10-23 10t-23-10l-50-50q-10-10-10-23t10-23l393-393-393-393q-10-10-10-23t10-23l50-50q10-10 23-10t23 10l466 466q10 10 10 23z\"></path></svg>Stretta for Acid Reflux</a></li><li class=\"menu-item menu-item-type-post_type menu-item-object-page menu-item-561\" id=\"menu-item-561\"><a href=\"https://www.gastrolondon.co.uk/watermelon-stomach-therapy/\"><svg class=\"mk-svg-icon\" data-cacheid=\"icon-5b9d7d4a588ff\" data-name=\"mk-icon-angle-right\" style=\" height:14px; width: 5px; \" viewbox=\"0 0 640 1792\" xmlns=\"http://www.w3.org/2000/svg\"><path d=\"M595 960q0 13-10 23l-466 466q-10 10-23 10t-23-10l-50-50q-10-10-10-23t10-23l393-393-393-393q-10-10-10-23t10-23l50-50q10-10 23-10t23 10l466 466q10 10 10 23z\"></path></svg>Watermelon Stomach Therapy</a></li></ul></div></section></div><div class=\"mk-col-1-5\"><section class=\"widget widget_nav_menu\" id=\"nav_menu-6\"><div class=\"widgettitle\">Patient Hub</div><div class=\"menu-footer5-container\"><ul class=\"menu\" id=\"menu-footer5\"><li class=\"menu-item menu-item-type-post_type menu-item-object-page menu-item-1127\" id=\"menu-item-1127\"><a href=\"https://www.gastrolondon.co.uk/patient-hub/\"><svg class=\"mk-svg-icon\" data-cacheid=\"icon-5b9d7d4a5b7cd\" data-name=\"mk-icon-angle-right\" style=\" height:14px; width: 5px; \" viewbox=\"0 0 640 1792\" xmlns=\"http://www.w3.org/2000/svg\"><path d=\"M595 960q0 13-10 23l-466 466q-10 10-23 10t-23-10l-50-50q-10-10-10-23t10-23l393-393-393-393q-10-10-10-23t10-23l50-50q10-10 23-10t23 10l466 466q10 10 10 23z\"></path></svg>Patient Hub</a></li><li class=\"menu-item menu-item-type-post_type menu-item-object-page menu-item-731\" id=\"menu-item-731\"><a href=\"https://www.gastrolondon.co.uk/news/\"><svg class=\"mk-svg-icon\" data-cacheid=\"icon-5b9d7d4a5b7cd\" data-name=\"mk-icon-angle-right\" style=\" height:14px; width: 5px; \" viewbox=\"0 0 640 1792\" xmlns=\"http://www.w3.org/2000/svg\"><path d=\"M595 960q0 13-10 23l-466 466q-10 10-23 10t-23-10l-50-50q-10-10-10-23t10-23l393-393-393-393q-10-10-10-23t10-23l50-50q10-10 23-10t23 10l466 466q10 10 10 23z\"></path></svg>News</a></li><li class=\"menu-item menu-item-type-post_type menu-item-object-page current-menu-item page_item page-item-662 current_page_item menu-item-730\" id=\"menu-item-730\"><a href=\"https://www.gastrolondon.co.uk/privacy-policy/\"><svg class=\"mk-svg-icon\" data-cacheid=\"icon-5b9d7d4a5b7cd\" data-name=\"mk-icon-angle-right\" style=\" height:14px; width: 5px; \" viewbox=\"0 0 640 1792\" xmlns=\"http://www.w3.org/2000/svg\"><path d=\"M595 960q0 13-10 23l-466 466q-10 10-23 10t-23-10l-50-50q-10-10-10-23t10-23l393-393-393-393q-10-10-10-23t10-23l50-50q10-10 23-10t23 10l466 466q10 10 10 23z\"></path></svg>Privacy Policy</a></li><li class=\"menu-item menu-item-type-post_type menu-item-object-page menu-item-734\" id=\"menu-item-734\"><a href=\"https://www.gastrolondon.co.uk/terms-of-use/\"><svg class=\"mk-svg-icon\" data-cacheid=\"icon-5b9d7d4a5b7cd\" data-name=\"mk-icon-angle-right\" style=\" height:14px; width: 5px; \" viewbox=\"0 0 640 1792\" xmlns=\"http://www.w3.org/2000/svg\"><path d=\"M595 960q0 13-10 23l-466 466q-10 10-23 10t-23-10l-50-50q-10-10-10-23t10-23l393-393-393-393q-10-10-10-23t10-23l50-50q10-10 23-10t23 10l466 466q10 10 10 23z\"></path></svg>Terms of Use</a></li></ul></div></section></div><div class=\"clearboth\"></div></div></div><div id=\"sub-footer\"><div class=\" fullwidth-footer\"> <span class=\"mk-footer-copyright\">\u00c2\u00a9 Copyright 2018 London Gastroenterology Centre and Seabaz Ltd.<br/><a href=\"https://onevisionhealth.co.uk/\" style=\"color:#728eb6\" target=\"_blank\">Website by One Vision Health<br/><img class=\"ovh\" src=\"https://www.gastrolondon.co.uk/wp-content/uploads/one-vision-logo.png\"/></a></span></div><div class=\"clearboth\"></div></div></section>", "level": 0}, {"value": "<div class=\"mk-fullscreen-search-overlay\"> <a class=\"mk-fullscreen-close\" href=\"#\"><svg class=\"mk-svg-icon\" data-cacheid=\"icon-5b9d7d4a5e7b9\" data-name=\"mk-moon-close-2\" viewbox=\"0 0 512 512\" xmlns=\"http://www.w3.org/2000/svg\"><path d=\"M390.628 345.372l-45.256 45.256-89.372-89.373-89.373 89.372-45.255-45.255 89.373-89.372-89.372-89.373 45.254-45.254 89.373 89.372 89.372-89.373 45.256 45.255-89.373 89.373 89.373 89.372z\"></path></svg></a><div class=\"mk-fullscreen-search-wrapper\"><p>Start typing and press Enter to search</p><form action=\"https://www.gastrolondon.co.uk/\" id=\"mk-fullscreen-searchform\" method=\"get\"> <input id=\"mk-fullscreen-search-input\" name=\"s\" type=\"text\" value=\"\"/> <i class=\"fullscreen-search-icon\"><svg class=\"mk-svg-icon\" data-cacheid=\"icon-5b9d7d4a5e9be\" data-name=\"mk-icon-search\" style=\" height:25px; width: 23.214285714286px; \" viewbox=\"0 0 1664 1792\" xmlns=\"http://www.w3.org/2000/svg\"><path d=\"M1152 832q0-185-131.5-316.5t-316.5-131.5-316.5 131.5-131.5 316.5 131.5 316.5 316.5 131.5 316.5-131.5 131.5-316.5zm512 832q0 52-38 90t-90 38q-54 0-90-38l-343-342q-179 124-399 124-143 0-273.5-55.5t-225-150-150-225-55.5-273.5 55.5-273.5 150-225 225-150 273.5-55.5 273.5 55.5 225 150 150 225 55.5 273.5q0 220-124 399l343 343q37 37 37 90z\"></path></svg></i></form></div></div>", "level": 0}, {"value": "<div class=\"\" id=\"catapult-cookie-bar\"><div class=\"ctcc-inner \"><span class=\"ctcc-left-side\">We use cookies to ensure you get the best experience on our website. <a class=\"ctcc-more-info-link\" href=\"https://www.gastrolondon.co.uk/privacy-policy/\" tabindex=\"0\" target=\"_blank\">Read our privacy policy.</a></span><span class=\"ctcc-right-side\"><button id=\"catapultCookie\" onclick=\"catapultAcceptCookies();\" tabindex=\"0\">Okay, thank you</button></span></div></div>", "level": 0}]]