[[{"value": "<h1 class=\"f2 tc fw6 ph0 mh0 mv4\">\n                Calm Harm - Terms of Use and Privacy Policy\n            </h1>", "level": 9}], [{"value": "<h2 class=\"f3 tc fw6 ph0 mh0 mv4\">\n                Terms of Use\n            </h2>", "level": 8}, {"value": "<li>1.  This agreement (\u00e2\u0080\u009cAgreement\u00e2\u0080\u009d) sets out the terms of use (\u00e2\u0080\u009cTerms of Use\u00e2\u0080\u009d) of the Calm Harm app (\u00e2\u0080\u009cApp\u00e2\u0080\u009d).  It constitutes a legally binding agreement between you and stem4 (\u00e2\u0080\u009cstem4\u00e2\u0080\u009d/ \u00e2\u0080\u009cwe\u00e2\u0080\u009d / \u00e2\u0080\u009cus\u00e2\u0080\u009d/\u00e2\u0080\u009dour\u00e2\u0080\u009d) a charity registered in England and Wales under charity number 1144506 concerning your use of the App.</li>", "level": 0}, {"value": "<li>2.  By downloading, installing or otherwise accessing the App, you agree that you understand these Terms of Use and our PrivacyuPolicy and that they apply to you automatically and that your use of the App shall constitute acceptance of the Terms of Use. You acknowledge our right to update the Terms of Use at any time without notice and agree to be bound by any updates to them. If you do not agree with these Terms of Use, you should cease using the App immediately.</li>", "level": 0}], [{"value": "<h3>\n                        What is Calm Harm for?\n                    </h3>", "level": 7}, {"value": "<li>3.  The App comprises the mobile software application accompanying this Agreement, including without limitation any software code, scripts, interfaces, graphics, displays, text, documentation and other components, and any updates, modifications or enhancements to them.</li>", "level": 0}, {"value": "<li>4.  The App provides tasks that help users resist or manage the urge to self-harm.</li>", "level": 0}, {"value": "<li>5.  The information and tasks in the App are not, and are not intended to be a substitute for, professional medical or psychological advice, diagnosis or treatment that can be provided by your own medical provider or mental health provider. Commentary and other materials available via the App are not, and are not intended to amount to, medical advice on which reliance should be placed. Subject to paragraphs 7 to 9 below, we disclaim all liability and responsibility arising from any reliance placed on such materials by any user of the App, or by anyone who may be informed of any of its contents. You agree that you will not disregard or delay seeking professional, medical, mental health or other relevant professional advice in substitution of the App. Do not stop any treatment you are having as a result of this App without speaking to your own medical provider, mental health provider or qualified medical professional.</li>", "level": 0}, {"value": "<li>6.  This App is intended for use by persons aged 12 or over. Persons under the age of 12 must access and use this App with parental supervision or under the care of a qualified mental health provider.</li>", "level": 0}], [{"value": "<h3>\n                        General Rules Relating to Use\n                    </h3>", "level": 7}, {"value": "<li>7.   The App is made available for your own, personal use without cost and must not be used for any unauthorised or illegal purpose or commercial purpose whatsoever. Use of the App for any other purpose is prohibited. When using the App you must comply with English law and with any applicable international laws and when using the App from outside the United Kingdom you are responsible for ensuring that you comply with any local laws in the country within which you use the App (together referred to as \u00e2\u0080\u009cApplicable Laws\u00e2\u0080\u009d).</li>", "level": 0}, {"value": "<li>8.  You agree that when using the App you will comply with all Applicable Laws and these Terms of Use. In particular, but without limitation, you agree not to:</li>", "level": 0}, {"value": "<ul>\n<li>8.1.    Use the App in any unlawful manner or in a manner which promotes or encourages illegal activity including (without limitation) copyright infringement; or</li>\n<li>8.2.    Attempt to gain unauthorised access to the App or any networks, servers or computer systems connected to the App; or</li>\n<li>8.3.    Modify, copy, adapt, translate, extract the source code or reverse engineer any part of the App, make any derivative versions of the App or re-format or frame any portion of the pages comprising the App, save to the extent expressly permitted by these Terms of Use or by law.</li>\n</ul>", "level": 0}, {"value": "<li>9.  You agree to indemnify and hold stem4 and each of our affiliates, successors and assigns, and our and their respective officers, directors, employees, agents, representatives, licensors, advertisers, suppliers, and operational service providers harmless from and against any and all losses, expenses, damages, costs and expenses (including legal fees), resulting from your use of the App and/or any violation of the terms of these Terms of Use or our Privacy Policy or Applicable Laws.</li>", "level": 0}], [{"value": "<h3>\n                        Liability / Disclaimer\n                    </h3>", "level": 7}, {"value": "<li>10. The use of the App is at your own risk. The App, and the information contained in it, is provided to you \"as is\" and \u00e2\u0080\u009cas available\u00e2\u0080\u009d. You understand and agree that to the maximum extent permitted by law: (a) stem4 disclaims all liability whatsoever, whether arising in contract, tort or otherwise in relation to the App or your use of the App, and (b) all implied warranties, terms and conditions relating to the App (whether implied by statute, common law or otherwise in relation to the App), including without limitation any warranty, term or condition as to completeness, accuracy, timeliness or of the results obtained from the use of the information within the App, satisfactory quality, performance, fitness for purpose or any special purpose, availability, quiet enjoyment and title are, as between you and stem4, hereby excluded.</li>", "level": 0}, {"value": "<li>11. Nothing in these Terms of Use shall be construed as excluding or limiting the liability of stem4 for death or personal injury caused by its negligence or for any other liability which cannot be excluded by English law.</li>", "level": 0}, {"value": "<li>12. You acknowledge that App functionality may be seriously affected by changes to the operating system of your device.  You agree not to use the App following an operating system change unless it is a version validated for use with the updated operating system.</li>", "level": 0}, {"value": "<li>13. None of stem4, its members, officers, employees, agents, directors, affiliates and/or management shall be liable for any loss or damages (including without limitation, direct, indirect, consequential or incidental loss or damages) resulting from or in connection with any use of the App or arising from the App including without limitation:</li>", "level": 0}, {"value": "<ul>\n<li>13.1.   any information, materials or recommendations related to the App;</li>\n<li>13.2.   matters beyond stem4\u00e2\u0080\u0099s control, including without limitation the incorrectness or incompleteness of input data and information provided on third party websites that may be linked to, directly or indirectly, by means of the App;</li>\n<li>13.3.   interference with or damage to any other app on your device;</li>\n<li>13.4.   use of the App with any incompatible operating system;</li>\n<li>13.5.   the disabling of the App (for example, following updating your device\u00e2\u0080\u0099s operating system); </li>\n<li>13.6.   termination of this Agreement;</li>\n<li>13.7.   cessation of the App from functioning; or</li>\n<li>13.8.   the failure or delay in the delivery of electronic data, the interception or manipulation of electronic data by third parties and transmission and the impact of software viruses.</li>\n</ul>", "level": 0}, {"value": "<li>14.   stem4 shall not be liable for damage to any equipment (including but not limited to your mobile device), software, data or other property as a result of your download, installation, access to or use of the App or your obtaining any material from or as a result of using the App. stem4 shall also not be liable for the actions of third parties.</li>", "level": 0}, {"value": "<li>15. stem4 makes no representation or warranty that:</li>", "level": 0}, {"value": "<ul>\n<li>15.1.   your access to the App will be uninterrupted, timely or error-free; or</li>\n<li>15.2.   the use of the App or any material or content contained in it complies with the laws of or is suitable or appropriate for use in any jurisdiction outside the United Kingdom.</li>\n</ul>", "level": 0}, {"value": "<li>16. You must comply with any applicable third party terms of agreement when using the App (by way of example, you must ensure that your use of the App is not in violation of your mobile device agreement or any wireless data service agreement).</li>", "level": 0}], [{"value": "<h3>\n                        Intellectual Property\n                    </h3>", "level": 7}, {"value": "<li>17. Unless otherwise stated, as between you and stem4 all rights, including copyright, database rights, trademarks and other intellectual property rights in and relating to the App are the property of stem4. All database rights in underlying databases and subsisting in information collected from you by stem4 are the property of stem4.</li>", "level": 0}, {"value": "<li>18. You agree not to use any of the materials on the App for commercial purposes without obtaining a licence from us to do so.</li>", "level": 0}], [{"value": "<h3>\n                        Privacy\n                    </h3>", "level": 7}, {"value": "<li>19. Stem4 will only use your personal information in accordance with the terms of our Privacy Policy. By using the App you acknowledge and agree that you have read and accepted the terms of our App Privacy Policy and these Terms of Use. </li>", "level": 0}, {"value": "<li>20. If you choose, or you are provided with, a user identification code, password or any other piece of information as part of our security procedures, you must treat such information as confidential, and you must not disclose it to any third party. We have the right to disable any user identification code or password, whether chosen by you or allocated by us, at any time, if in our opinion you have failed to comply with any of the provisions of these Terms of Use.</li>", "level": 0}], [{"value": "<h3>\n                        Termination\n                    </h3>", "level": 7}, {"value": "<li>21. stem4 reserves the right to suspend or withdraw access to the App to you personally or to all users of the App, with or without notice, and shall have no liability or responsibility to you in any manner whatsoever if it chooses to do so.</li>", "level": 0}, {"value": "<li>22. You can terminate this agreement by uninstalling the App, which you may do at any time.</li>", "level": 0}, {"value": "<li>23. Unless notified otherwise, upon termination, the rights and/or licences granted to you in these Terms of Use shall cease and you agree to stop using the App and (if necessary) delete the App from your device. </li>", "level": 0}], [{"value": "<h3>\n                        Personal Data\n                    </h3>", "level": 7}, {"value": "<li>24. To create statistical reports about App use, anonymous data generated from users, including you, are collected by means of a software development kit (\u00e2\u0080\u009cSDK\u00e2\u0080\u009d) placed on your phone or device by Google Analytics\u00e2\u0080\u0099 web server.  The SDK contains an anonymous, unique sequence that is only accessible by the Google Analytics\u00e2\u0080\u0099 web server.  The SDK saves anonymous data about your App use until your device is connected to the internet, when it sends it to the Google Analytics\u00e2\u0080\u0099 web server.  The server collates your data with equivalent data from other users.  No personal data is sent, and the anonymous data will only be accessible to stem4 and the developers of the App, HMA Digital Marketing of 42 Sackville Street, Barnsley, S70 2DB.</li>", "level": 0}, {"value": "<p>\n                        Google Analytics SDK\u00e2\u0080\u0099s privacy policy is available at: http://www.google.com/policies/privacy/.\n                    </p>", "level": 0}, {"value": "<li>25. For the purposes of delivering customised, age-appropriate content, you will be given the option to enter your year of birth. This data will be stored anonymously and aggregated across all users in order to be accessible by stem4 and the developers of the App, HMA of 42 Sackville Street, Barnsley, S70 2DB.</li>", "level": 0}, {"value": "<li>26. For quantitative research purposes you will be given the option to enter the following information. If entered, this data will be stored anonymously and aggregated across all users in order to be accessible by stem4 and the developers of the App, HMA of 42 Sackville Street, Barnsley, S70 2DB. These optional questions include:</li>", "level": 0}, {"value": "<ul>\n<li>26.1.   County (UK) \u00e2\u0080\u0093 Drop down list</li>\n<li>26.2.   Gender - Male/Female/Unspecified</li>\n<li>26.3.   Currently receiving professional advice - Yes/No</li>\n</ul>", "level": 0}], [{"value": "<h3>\n                        General\n                    </h3>", "level": 7}, {"value": "<li>27. These Terms of Use (as amended from time to time) constitute the entire agreement between you and stem4 concerning your use of the App.</li>", "level": 0}, {"value": "<li>28. stem4 reserves the right to make changes to the App or charge for our services at any time and for any reason. We will not charge you for the App or its services without giving you sufficient prior notice of such charges.</li>", "level": 0}, {"value": "<li>29. stem4 reserves the right to update these Terms of Use from time to time. If we do so, the updated version will be effective immediately. You are responsible for regularly reviewing these Terms of Use so that you are aware of any changes to them and you will be bound by the new policy upon your continued use of the App.</li>", "level": 0}, {"value": "<li>30. Unless otherwise expressly stated, nothing in the Terms of Use shall create any rights or any other benefits whether pursuant to the Contracts (Rights of Third Parties) Act 1999 or otherwise in favour of any person other than you or stem4.</li>", "level": 0}, {"value": "<li>31. These Terms of Use shall be governed by and construed in accordance with the laws of the England and Wales and subject to the exclusive jurisdiction of the English courts, which shall settle all disputes arising in connection with these Terms of Use.</li>", "level": 0}, {"value": "<p>\n                stem4 Copyright \u00a92018. All rights reserved.\n            </p>", "level": 0}], [{"value": "<h2 class=\"f3 tc fw6 ph0 mh0 mv4\">\n                Privacy Policy\n            </h2>", "level": 8}, {"value": "<p>stem4 of Wimbledon Business Centre, Old Town Hall, 4 Queens Road, London SW19 8YB and a charity registered in England and Wales under charity number 1144506 (\u00e2\u0080\u009cwe\u00e2\u0080\u009d / \u00e2\u0080\u009cus\u00e2\u0080\u009d / \u00e2\u0080\u009cour\u00e2\u0080\u009d) is committed to protecting and respecting your privacy.</p>", "level": 0}, {"value": "<section>\n<h3>\n                        Scope of Policy\n                    </h3>\n<li>1.  This policy (together with our Terms of Use (\u00e2\u0080\u009cTerms of Use\u00e2\u0080\u009d) and any additional terms of use incorporated by reference into the Terms of Use) applies to your use of:</li>\n<ol>\n<li>1.1.    The Calm Harm V2.9 mobile application software (\u00e2\u0080\u009cApp\u00e2\u0080\u009d) available on the Google Play store and the Apple Store (\u00e2\u0080\u009cApp Site\u00e2\u0080\u009d) once you have downloaded or streamed a copy of the App onto your mobile telephone or handheld device (\u00e2\u0080\u009cDevice\u00e2\u0080\u009d); and</li>\n<li>1.2.    Any of the services accessible through the App (\u00e2\u0080\u009cServices\u00e2\u0080\u009d) that are available on the App Site or other sites of ours (\u00e2\u0080\u009cServices Sites\u00e2\u0080\u009d).</li>\n</ol>\n<li>2.  This policy sets out the basis on which any personal data we collect from you, or that you provide to us, will be processed by us. Please read the following carefully to understand our views and practices regarding your personal data and how we will treat it.</li>\n<li>3.  For the purpose of the Data Protection Act 1998, we are the data controller.</li>\n</section>", "level": 0}], [{"value": "<h3>\n                        Scope of Policy\n                    </h3>", "level": 7}, {"value": "<li>1.  This policy (together with our Terms of Use (\u00e2\u0080\u009cTerms of Use\u00e2\u0080\u009d) and any additional terms of use incorporated by reference into the Terms of Use) applies to your use of:</li>", "level": 0}, {"value": "<ol>\n<li>1.1.    The Calm Harm V2.9 mobile application software (\u00e2\u0080\u009cApp\u00e2\u0080\u009d) available on the Google Play store and the Apple Store (\u00e2\u0080\u009cApp Site\u00e2\u0080\u009d) once you have downloaded or streamed a copy of the App onto your mobile telephone or handheld device (\u00e2\u0080\u009cDevice\u00e2\u0080\u009d); and</li>\n<li>1.2.    Any of the services accessible through the App (\u00e2\u0080\u009cServices\u00e2\u0080\u009d) that are available on the App Site or other sites of ours (\u00e2\u0080\u009cServices Sites\u00e2\u0080\u009d).</li>\n</ol>", "level": 0}, {"value": "<li>2.  This policy sets out the basis on which any personal data we collect from you, or that you provide to us, will be processed by us. Please read the following carefully to understand our views and practices regarding your personal data and how we will treat it.</li>", "level": 0}, {"value": "<li>3.  For the purpose of the Data Protection Act 1998, we are the data controller.</li>", "level": 0}], [{"value": "<h3>\n                        Information We Collect From You\n                    </h3>", "level": 7}, {"value": "<li>We will collect and process the following data about you:</li>", "level": 0}, {"value": "<li>4.  <strong>Information you give us</strong> (\u00e2\u0080\u009cSubmitted information\u00e2\u0080\u009d). This is information you give us about you by filling in forms on the App Site and the Services Sites (together \u00e2\u0080\u009cOur Sites\u00e2\u0080\u009d), or by corresponding with us (for example, by e-mail or chat). It includes information you provide when you register to use the App Site, download or register the App, subscribe to any of our Services, search for the App or Service, enter a competition, promotion or survey and when you report a problem with the App, our Services, or any of our Sites. If you contact us, we will keep a record of that correspondence. The information you give us may include your age, username, password, gender, various feedback on the App and whether you currently receive medical care/advice for self-harm. </li>", "level": 0}, {"value": "<li>5.  <strong>Information we collect about you and your device.</strong> Each time you visit one of our Sites or use the App we will automatically collect the following information:</li>", "level": 0}, {"value": "<ol>\n<li>5.1.    technical information, including the type of mobile device you use, your mobile operating system, the type of mobile browser you use and time zone setting (\u00e2\u0080\u009cDevice Information\u00e2\u0080\u009d); and</li>\n<li>5.2.    details of your use of any of our Apps or your visits to any of Our Sites including, but not limited to traffic data and other communication data (\u00e2\u0080\u009cLog Information\u00e2\u0080\u009d).</li>\n<li>5.3.    your Device\u00e2\u0080\u0099s coordinates (\u00e2\u0080\u009cLocation Information\u00e2\u0080\u009d), which are used to offer certain features to you, and to personalise the app for you. You can control your location information settings in your Device\u00e2\u0080\u0099s system settings.</li>\n</ol>", "level": 0}, {"value": "<li>6.  <strong>Unique application numbers.</strong> When you install or uninstall a Service containing a unique application number or when such a Service searches for automatic updates, that number and information about your installation, for example, the type of operating system, may be sent to us.</li>", "level": 0}], [{"value": "<h3>\n                        Uses Made Of The Information\n                    </h3>", "level": 7}, {"value": "<li>7.  We use information held about you in the following ways:</li>", "level": 0}, {"value": "<ol>\n<li>7.1.\tSubmitted Information: used for customisation of the App and our Sites to deliver tailored content.  Submitted Information is also used for research purposes so that stem4 may understand about users of the App and overall self-harm trends;</li>\n<li>7.2.\tDevice information and Location Information: general insight relating to Google Analytics and functionality relating to the App (Older versions of Android may have reduced functionality);</li>\n<li>7.3.\tLog information: general insight relating to Google Analytics and functionality relating to the App; and</li>\n<li>7.4.\tUnique application numbers: insight and information relating to App updates and general insight relating to Google Analytics.</li>\n</ol>", "level": 0}, {"value": "<li>8.  We may associate any category of information with any other category of information and will treat the combined information as personal data in accordance with this policy for as long as it is combined.</li>", "level": 0}], [{"value": "<h3>\n                        Disclosure of Information\n                    </h3>", "level": 7}, {"value": "<li>9.  We may collect and analyse anonymous non personal data derived from the use of the App and the Services and disclose to and share our analysis with third parties including the NHS.</li>", "level": 0}, {"value": "<li>10. We will disclose your personal information to third parties:</li>", "level": 0}, {"value": "<ol>\n<li>10.1.\tIf stem4 or substantially all of its assets are acquired by a third party, in which case personal data held by it about its users will be one of the transferred assets;</li>\n<li>10.2.\tIf we are under a duty to disclose or share your personal data in order to comply with any legal or regulatory obligation or request;</li>\n<li>10.3.\tIn order to enforce our Terms of Use and any other agreements or to investigate potential breaches; or</li>\n<li>10.4.\tProtect the rights, property or safety of stem4 our beneficiaries or others. This includes exchanging information with other companies, charities and organisations for the purposes of fraud protection and credit risk reduction.</li>\n</ol>", "level": 0}], [{"value": "<h3>\n                        WHERE WE STORE YOUR PERSONAL DATA\n                    </h3>", "level": 7}, {"value": "<li>11. The data that we collect from you will be transferred and stored within the EEA. By submitting your personal data, you agree to this transfer, storing or processing. We will take all steps reasonably necessary to ensure that your data is treated securely and in accordance with this privacy policy.</li>", "level": 0}, {"value": "<li>12. All information you provide to us is stored on our secure servers. Where we have given you (or where you have chosen) a password that enables you to access the App and/or certain parts of Our Sites, you are responsible for keeping this password confidential. We ask you not to share a password with anyone.</li>", "level": 0}, {"value": "<li>13. We do not make any warranties or representations that the transmission of information via the internet is completely secure. We will use all reasonable endeavours to protect your personal data but cannot guarantee the security of your data transmitted to Our Sites. By using the App and/or Our Sites you acknowledge and agree that any transmission is at your own risk. Once we have received your information, we will use strict procedures and security features to try to prevent unauthorised access.</li>", "level": 0}], [{"value": "<h3>\n                        Your Rights / Access to Information\n                    </h3>", "level": 7}, {"value": "<li>14. The App and/or Our Sites may, from time to time, contain links to and from the websites of our partner networks, advertisers and affiliates (including, but not limited to, websites on which the App or the Services are advertised). If you follow a link to any of these websites, please note that these websites and any services that may be accessible through them have their own privacy policies and that we do not accept any responsibility or liability for these policies or for any personal data that may be collected through these websites or services, such as contact and location data. Please check these policies before you submit any personal data to these websites or use these services.</li>", "level": 0}, {"value": "<li>15. The Data Protection Act 1998 gives you the right to access information held about you. Your right of access can be exercised in accordance with that Act.</li>", "level": 0}], [{"value": "<h3>\n                        Changes to Privacy Policy\n                    </h3>", "level": 7}, {"value": "<li>16. Any changes we may make to our privacy policy in the future will be posted on this page and, where appropriate, notified to you when you next start the App or log onto one of the Services Sites. The new terms may be displayed on-screen and you may be required to read and accept them to continue your use of the App or the Services.</li>", "level": 0}], [{"value": "<h3>\n                        CONTACT\n                    </h3>", "level": 7}, {"value": "<p>Questions, comments and requests regarding this privacy policy are welcomed and should be addressed to <a handleexternallinkclick=\"\" href=\"mailto:enquiries@stem4.org.uk\" onclick=\"{\">enquiries@stem4.org.uk</a>.</p>", "level": 0}]]