[[{"value": "<h1>Privacy Policy</h1>", "level": 9}, {"value": "<p> We, <strong>Plobal Tech Private Limited,</strong> the creator of this Privacy Policy ensure our\n                        commitment to your privacy vis-\u00c3\u00a0-vis the protection of your information. In order to endow you\n                        with our services, we may collect and, in some circumstances, disclose information about you. To\n                        enhance better protection of your privacy we provide this notice explaining our information\n                        practices and the choices you can make about the way your information is collected and used.<br/>\n                        This Policy shall apply to any user of the site who avails the services offered by and through\n                        us, irrespective of whether such user avails services as part of any corporate login / booking\n                        enabled by us or for personal use. Notwithstanding the foregoing, this policy also applies to\n                        every End User of our services, through our site. By providing the purchase information of any\n                        another person, legal entity and or corporate body, you represent and warrant that you have all\n                        the necessary authority and/or have obtained all necessary consents from such person, legal\n                        entity and or corporate body to enable us to collect, use and disclose their, his or her\n                        information as set forth in this Privacy Policy.<br/>\n                        If you have any questions or concerns regarding this privacy policy, you should contact us at\n                        legal@plobalapps.com.\n                        <br/>\n</p>", "level": 0}], [{"value": "<h4 id=\"OVERVIEW\">1. OVERVIEW</h4>", "level": 6}, {"value": "<p>We recognize your need for appropriate protection and management of the personally identifiable\n                        information <strong>(\"Personal Information\")</strong> you share with us. Information that is\n                        considered personal about you includes, but is not limited to, your name, email address, phone\n                        number or other contact information, etc.<br/>\n                        In order to use our application, you are required to register yourself by providing certain\n                        information.\n                    </p>", "level": 0}], [{"value": "<h4 id=\"NOTIFICATION\">2. NOTIFICATION OF MODIFICATIONS AND CHANGES TO THE TERMS AND PRIVACY\n                        POLICY</h4>", "level": 6}, {"value": "<p> We reserve the right to change the Terms of Service and Privacy Policy from time to time as seen\n                        fit, without any intimation to you, and your continued use of the application will signify your\n                        acceptance of any amendment to these terms.<br/>\n                        You are therefore advised to re-read the Terms of Service on a regular basis. Should it be that\n                        you do not accept any of the modifications or amendments to the Terms, you may terminate your\n                        use of this application immediately.\n                    </p>", "level": 0}], [{"value": "<h4 id=\"BROWSING\"> 3. BROWSING THIS SITE</h4>", "level": 6}, {"value": "<p>If you browse through this Site without entering any personal data, we will gather and store\n                        certain information about your visit. This information does not identify you personally and\n                        cannot be linked back to you unless you decide to identify yourself. If you are only browsing,\n                        we collect the following information: IP address, the type of browser and operating system used\n                        to access this Site, the date and time you access this Site, the pages you visit\n                        (click-through), and if you have linked to this Site from another website, the address of that\n                        website as well as additional information related to your visit. We use your IP address to help\n                        diagnose problems with this Site\u00e2\u0080\u0099s server, and to administer this Site.</p>", "level": 0}], [{"value": "<h4 id=\"INFORMATION\">4. INFORMATION WE COLLECT</h4>", "level": 6}, {"value": "<p> Once you register, we may request you to give us your demographic information, or other\n                        information pertinent to your business. As a user you are required to provide a valid email\n                        address at registration and choose a username or alias that represents your identity on our\n                        application / website. For the purposes of billing, we collect relevant financial information\n                        such as Credit Card, Bank account details, billing address, etc.<br/>\n                        Certain information, such as your e-mail addresses and financial information is collected in\n                        order to, among other things, verify your identity and for use as account numbers in our record\n                        system. Email addresses, any information entered in the <strong>Contact Us</strong> form or any other form\n                        displayed on any section of the website are also collected.<br/>\n                        You as a User are hereby notified that although we collect all information uploaded by the User\n                        on the platform, the User alone shall remain responsible for all content to be published on the\n                        application made / published using our services.</p>", "level": 0}], [{"value": "<h4 id=\"COOKIES\">5. COOKIES</h4>", "level": 6}, {"value": "<p>We use data collection devices such as \"cookies\" on certain pages of our Websites. \"Cookies\" are\n                        small files sited on your hard drive that assist us in providing customized services. We also\n                        offer certain features that are only available through the use of a \"cookie\". Cookies help us\n                        provide information, which is targeted to your interests. Cookies may be used whether you\n                        register with us or not.</p>", "level": 0}], [{"value": "<h4 id=\"EXTERNAL\"> 6. EXTERNAL LINKS ON WEBSITE</h4>", "level": 6}, {"value": "<p>The Website may include hyperlinks to other web sites or content or resources. We have no control\n                        over any websites or resources, which are provided by companies or persons other than us.<br/>\n                        You acknowledge and agree that we are not responsible for the availability of any such external\n                        sites or resources, and do not endorse any advertising, products or other materials on or\n                        available from such websites or resources.<br/>\n                        You acknowledge and agree that we are not liable for any loss or damage which may be incurred by\n                        you as a result of the availability of those external sites or resources, or as a result of any\n                        reliance placed by you on the completeness, accuracy or existence of any advertising, products\n                        or other materials on, or available from, such websites or resources. These third-party service\n                        providers and third-party sites may have their own privacy policies governing the storage and\n                        retention of your personal information that you may be subject to. We recommend that when you\n                        enter a Third-Party website, you review the Third Party website\u00e2\u0080\u0099s privacy policy as it relates\n                        to safeguarding your personal information collected by them. We use third-party advertising\n                        companies to serve ads when you visit the Website.</p>", "level": 0}], [{"value": "<h4 id=\"USE\"> 7. OUR USE OF YOUR INFORMATION</h4>", "level": 6}, {"value": "<p>All of the data you provide is used by us to customize your experience with Plobal Apps. We use\n                        your IP address to help diagnose problems with our server, and to administer our Application.\n                        Your IP address is also used to help identify you and to gather broad demographic information.\n                        Finally, we may use your IP address to help protect our partners and ourselves from fraud.<br/>\n                        All information provided by users becomes the property of Plobal Apps once received and may be\n                        used and disclosed as permitted by this Privacy Policy, and or as amended from time to time. We\n                        may share your personal information with our affiliated companies in order to identify products\n                        or services in which you may have interest, to improve Site user experience and generally to\n                        engage in market research and for other internal business purposes. We may also aggregate your\n                        personal information with others\u00e2\u0080\u0099 information and prepare reports on Site usage, purchase\n                        history or other factors for sale or distribution to others. Those reports are aggregated and\n                        include no personally-identifying information.<br/>\n                        We will transfer information about you if we are acquired by or merged with another company. In\n                        this event, we will notify you by email or by putting a prominent notice on the site before\n                        information about you is transferred and becomes subject to a different privacy policy.<br/>\n                        We may release your personal information to a third-party in order to comply with a Court Order or\n                        other similar legal procedure, or when we believe in good faith that such disclosure is\n                        necessary to comply with the law; prevent imminent physical harm or financial loss; or\n                        investigate or take action regarding illegal activities, suspected fraud, or violations of Our\n                        Terms of Use.<br/>\n                        Without limitation to the foregoing, your information may be used:<br/>\n</p>", "level": 0}, {"value": "<ul>\n<li>(i) To develop, enhance, market, sell or provide our products or services, or those of\n                            companies with which we have a commercial relationship;\n                        </li>\n<br/>\n<li>(ii) To provide tips or guidance on how to use our website, inform you of new features on\n                            our website, or provide other information that may be of interest to you;\n                        </li>\n<br/>\n<li>(iii) To evaluate credit standing and to match credit bureau or credit reporting agency\n                            information; to investigate, detect and protect ourselves and other third parties against\n                            error, negligence, breach of contract, fraud, theft and other illegal activities.\n                        </li>\n<br/>\n<li>(iv) To effect a corporate transaction, in connection with the sale, merger, spin-off or\n                            other corporate reorganization of our corporation, where the information is provided to the\n                            new controlling entity in regular course of business;\n                        </li>\n<br/>\n<li>(v) To audit compliance with our policies and contractual obligations;</li>\n<br/>\n<li>(vi) As permitted by, and to comply with, any legal or regulatory requirements or\n                            provisions; or for any other purpose to which you consent.\n                        </li>\n<br/>\n</ul>", "level": 0}], [{"value": "<h4 id=\"APPLICATION\"> 8. APPLICATION</h4>", "level": 6}, {"value": "<p>You acknowledge that making available the application marks the end of the services being\n                        provided by us. We have no control over the application you choose to make available to the\n                        public or the loss of information or data from such application once you obtain it from our\n                        website. The User is hereby notified that We shall not be liable for any content, including\n                        without limitation, any image, video, data, logo, or other representation made on the\n                        application created / published using our services. Being user entered content, we shall in no\n                        manner be a party to such content being published and undertake no liability for the same.</p>", "level": 0}], [{"value": "<h4 id=\"DISCLOSURE\"> 9. OUR DISCLOSURE OF YOUR INFORMATION</h4>", "level": 6}, {"value": "<p> Due to the existing regulatory environment, we cannot ensure that all of your information will\n                        never be disclosed in ways not otherwise described in this Privacy Policy. By way of example\n                        (without limiting and foregoing), we may be forced to disclose information to the government,\n                        law enforcement agencies or third parties. Under certain circumstances, third parties may\n                        unlawfully intercept or access transmissions or the applications. Therefore, we do not promise,\n                        and you should not expect, that your personally identifiable information or private\n                        communications would always remain private.<br/>\n                        The following describes some of the ways that your personally identifiable information may be\n                        disclosed:<br/><br/>\n<strong>9.1 External Service Providers:</strong><br/> There may be a number of services offered\n                        by external service providers that help you use our Application(s). If you choose to use these\n                        optional services, and in the course of doing so, disclose information to the external service\n                        providers, and/or grant them permission to collect information about you, then their use of your\n                        information is governed by their private policy.<br/><br/>\n<strong>9.2 Other Corporate Entities:</strong><br/> We share much of our data, including\n                        personally identifiable information about you, with our parent and/or subsidiaries that are\n                        committed to serving your online needs and related services, throughout the world. Such data\n                        will be shared for the sole purpose of enhancing your browsing experience. To the extent that\n                        these entities have access to your information, they will treat it at least as protectively as\n                        they treat information they obtain from their other members. It is possible that We and/or our\n                        subsidiaries, or any combination of such, could merge with or be acquired by another business\n                        entity. Should such a combination occur, you should expect that we would share some or all of\n                        your information in order to continue to provide the service. You will receive notice of such\n                        event (to the extent it occurs).<br/><br/>\n<strong>9.3 Law and Order:</strong><br/> We cooperate with law enforcement inquiries, as well as\n                        other third parties to enforce laws, such as: intellectual property rights, fraud and other\n                        rights. We can (and you authorize us to) disclose any information about you to law enforcement\n                        and other government officials as we, in our sole discretion, believe necessary or appropriate,\n                        in connection with an investigation of fraud, intellectual property infringements, or other\n                        activity that is illegal or may expose us or you to legal liability.<br/><br/>\n<strong>9.4 Payment Gateways:</strong><br/> We may use and share the User information with\n                        reliable and reputed third-party payment gateway to whom we are associated in order to ensure\n                        swift and comfortable payment mechanism for the User. The third-party payment gateway and other\n                        payment transaction processors, have their own privacy policies in respect to the information we\n                        are required to provide to them for your purchase-related transactions. For these providers, we\n                        recommend that you read their privacy policies so you can understand the manner in which your\n                        personal information and your credit/debit card details will be handled by these providers. Once\n                        you leave our website or are redirected to a third-party website or application, you are no\n                        longer governed by this Privacy Policy or our website\u00e2\u0080\u0099s Terms of Service.<br/>\n<!--     The terms and privacy policy of the payment gateways we use can be found here:\n                        [Please insert].  -->\n</p>", "level": 0}], [{"value": "<h4 id=\"SECURITY\"> 10. SECURITY</h4>", "level": 6}, {"value": "<p> We treat data as an asset that must be protected against loss and unauthorized access. We employ\n                        many different security techniques to protect such data from unauthorized access by members\n                        inside and outside the company. We follow generally accepted industry standards to protect the\n                        personal information submitted to us, both during transmission and once we receive it. However,\n                        \"perfect security\" does not exist on the Internet. You therefore agree that any security\n                        breaches beyond the control of our standard security procedures are at your sole risk and\n                        discretion.</p>", "level": 0}], [{"value": "<h4 id=\"DISCLAIMER\">11. DISCLAIMER</h4>", "level": 6}, {"value": "<p> Though care is taken to safe guard the user data and the application portal as provided to the\n                        customers; we will continue to thrive and arrest any form of adversity which might affect the\n                        customers. However, in any case of extremities of hardware / application configuration failures;\n                        attacks on system integration from foreign bodies/individuals; data theft by any individual /\n                        entity within the customer base or outside \u2013 We will only be accountable to bring the\n                        system back up to normalcy and that it shall not be held liable for any loss or damage in lieu\n                        of legal or financial or personal or organizational intent due to such failure.\n                        We cannot ensure that all of your information will never be disclosed in ways not otherwise\n                        described in this Privacy Policy. Therefore, we do not promise, and you should not expect, that\n                        your personal information will always remain private. As a user of the Application, you\n                        understand and agree that you assume all responsibility and risk for your use of this\n                        Application.</p>", "level": 0}], [{"value": "<h4>PLATFORMS</h4>", "level": 6}, {"value": "<div class=\"link\">\n<ul>\n<li><a href=\"https://www.plobalapps.com/platforms/shopify-mobile-app.php\">Shopify Mobile App</a></li>\n<li><a href=\"https://www.plobalapps.com/platforms/magento-mobile-app.php\">Magento Mobile App</a></li>\n<li><a href=\"https://www.plobalapps.com/enterprise-mobile-apps/shopify-plus-mobile-app.php\">Shopify Plus Mobile App</a></li>\n<li><a href=\"https://www.plobalapps.com/enterprise-mobile-apps/magento-enterprise-solution.php\">Magento Enterprise</a></li>\n<li><a href=\"https://www.plobalapps.com/enterprise-mobile-apps/bigcommerce-enterprise-solution.php\">BigCommerce Enterprise</a></li>\n<li><a href=\"https://www.plobalapps.com/platforms/bigcommerce-mobile-app.php\">BigCommerce Mobile App</a></li>\n<li><a href=\"https://www.plobalapps.com/platforms/prestashop-mobile-app.php\">Presta Shop Mobile App</a></li>\n<li><a href=\"https://www.plobalapps.com/platforms/woocommerce-mobile-app.php\">WooCommerce Mobile App</a></li>\n<li><a href=\"https://www.plobalapps.com/platforms/wix-mobile-app.php\">Wix Mobile App</a></li>\n<li><a href=\"https://www.plobalapps.com/platforms/3dcart-mobile-app.php\">3dcart Mobile App</a></li>\n<li><a href=\"https://www.plobalapps.com/platforms/squarespace-mobile-app.php\">SquareSpace Mobile App</a></li>\n</ul>\n</div>", "level": 0}], [{"value": "<h4>COMPANY</h4>", "level": 6}, {"value": "<div class=\"link\">\n<ul>\n<li><a href=\"https://www.plobalapps.com/contact-us.php\">Contact Us</a></li>\n<!--                    <li><a href=\"#\">Request a Demo</a></li>-->\n<li><a href=\"https://www.plobalapps.com/pricing.php\">Pricing</a></li>\n<li><a href=\"https://www.plobalapps.com/knowledge-base/\">Knowledge Base</a></li>\n<li><a href=\"https://www.plobalapps.com/reseller.php\">Reseller</a></li>\n<!--                    <li><a href=\"--><!--privacy-policy.php\">Privacy Policy</a></li>-->\n<li><a href=\" http://help.plobalapps.com/\">Help Center</a></li>\n</ul>\n</div>", "level": 0}], [{"value": "<h4>INDUSTRIES</h4>", "level": 6}, {"value": "<div class=\"link\">\n<ul class=\"r_link\">\n<li>Fashion &amp; Apparels</li>\n<li>Accessories</li>\n<li>Beauty &amp; Cosmetics</li>\n<li>Food &amp; Grocery</li>\n<li>Automotive</li>\n<li>Jewelery</li>\n<li>Health &amp; Wellness</li>\n</ul>\n</div>", "level": 0}], [{"value": "<h4>POLICIES </h4>", "level": 6}, {"value": "<div class=\"link\">\n<ul>\n<li><a href=\"https://www.plobalapps.com/termsofuse.php\">Terms Of Use</a></li>\n<li><a href=\"https://www.plobalapps.com/privacy-policy.php\">Privacy Policy</a></li>\n<li><a href=\"https://www.plobalapps.com/gdpr_privacy_policy.php\">GDPR Privacy Policy</a></li>\n<li><a href=\"https://www.plobalapps.com/gdprtermsofuse.php\">GDPR Terms Of Service</a></li>\n<li><a href=\"https://plobalapps.gdprform.io/en\">Request User Information</a></li>\n<li><a href=\"https://plobalapps.gdprform.io/en\">Update User Information</a></li>\n<li><a href=\"https://plobalapps.gdprform.io/en\">Delete User Information</a></li>\n</ul>\n</div>", "level": 0}], [{"value": "<h4>OUR PARTNERS </h4>", "level": 6}, {"value": "<div class=\"sub-footer\">\n<div class=\"container set-footer\">\n<div class=\"social-icon\">\n<div class=\"col-lg-6 col-md-6 col-sm-6 col-xs-12\">\n<!--                <ul class=\"social-network\">-->\n<!--                    <li><a href=\"https://www.facebook.com/PlobalApps/\" target=\"_blank\" class=\"fb tool-tip\" title=\"Facebook\"><i class=\"fab fa-facebook-f\"></i></a></li>-->\n<!--                    <li><a href=\"https://twitter.com/PlobalApps\" target=\"_blank\" class=\"twitter tool-tip\" title=\"Twitter\"><i class=\"fab fa-twitter\"></i></a></li>-->\n<!--                    <li><a href=\"https://twitter.com/PlobalApps\" target=\"_blank\" class=\"twitter tool-tip\" title=\"Twitter\"><i class=\"fab fa-twitter\"></i></a></li>-->\n<!--                    <li><a href=\"https://twitter.com/PlobalApps\" target=\"_blank\" class=\"twitter tool-tip\" title=\"Twitter\"><i class=\"fab fa-twitter\"></i></a></li>-->\n<!--                    <li><a href=\"https://twitter.com/PlobalApps\" target=\"_blank\" class=\"twitter tool-tip\" title=\"Twitter\"><i class=\"fab fa-twitter\"></i></a></li>-->\n<!--                    <li><a href=\"https://www.linkedin.com/company/plobal-apps\" target=\"_blank\" class=\"linkedin tool-tip\" title=\"Linkedin\"><i class=\"fab fa-linkedin-in\"></i></a></li>-->\n<!--                    <li><a href=\"https://www.youtube.com/watch?v=VPMSjFbSGwk\" target=\"_blank\" class=\"ytube tool-tip\" title=\"You Tube\"><i class=\"fab fa-youtube\"></i></a></li>-->\n<!--                </ul>-->\n</div>\n</div>\n<div class=\"col-lg-6 col-md-6 col-sm-6 col-xs-12\">\n<div class=\"copyright text-right\">\n                Plobal Tech Pvt. Ltd. \u00a9 2018 All Rights Reserved.\n            </div>\n</div>\n</div>\n</div>", "level": 0}, {"value": "<div class=\"modal-header\">\n<button class=\"close\" data-dismiss=\"modal\" type=\"button\">\u00d7</button>\n</div>", "level": 0}], [{"value": "<h4 class=\"aknowledge-msg aknowledgeMsgSchedule\" style=\"display:none;\">\n<span class=\"successMessage\">Thank You</span>\n</h4>", "level": 6}, {"value": "<p class=\"successMess_p\">Our Mobile App Expert will connect with you in the next 24 hrs. </p>", "level": 0}], [{"value": "<h3 class=\"text-center\">Book A Demo </h3>", "level": 7}, {"value": "<div class=\"row\">\n<div class=\"col-sm-12\">\n<form id=\"idFormSchedule_1\" method=\"POST\" novalidate=\"novalidate\" role=\"form\">\n<div class=\"row\">\n<div class=\"col-sm-6\">\n<div class=\"form-group\">\n<div class=\"text-effect\">\n<span>Full Name*</span>\n<input class=\"form-control focus-text\" name=\"fullName\" required=\"\" type=\"text\"/>\n</div>\n</div>\n</div>\n<div class=\"col-sm-6\">\n<div class=\"form-group\">\n<div class=\"text-effect\">\n<span>Email*</span>\n<input class=\"form-control focus-text\" id=\"email\" name=\"email\" required=\"\" type=\"text\"/>\n</div>\n</div>\n</div>\n<div class=\"clearfix\"></div>\n<div class=\"col-sm-6\">\n<div class=\"form-group\">\n<div class=\"text-effect\">\n<span>Store Name*</span>\n<input class=\"form-control focus-text\" name=\"storename\" required=\"\" type=\"text\"/>\n</div>\n</div>\n</div>\n<div class=\"col-sm-6\">\n<div class=\"form-group\">\n<div class=\"text-effect\">\n<span>Website URL*</span>\n<input class=\"form-control focus-text\" id=\"websiteUrl\" name=\"websiteUrl\" required=\"\" type=\"text\"/>\n<p class=\"Note-text\"> (http://your-website.com) </p>\n</div>\n</div>\n</div>\n<div class=\"clearfix\"></div>\n<div class=\"col-sm-12 \">\n<div class=\"form-group\">\n<div class=\"text-effect\">\n<select class=\"form-control select-set focus-text select-border\" id=\"modal_platform\" name=\"user_platform\" required=\"\">\n<option selected=\"\" value=\"\"> Please Select Platform * </option>\n<option value=\"Shopify Plus\">\u00a0\u00a0Shopify</option>\n<option value=\"Zepo\"> \u00a0\u00a0Zepo</option>\n<option value=\"Magento\"> \u00a0\u00a0Magento</option>\n<option value=\"BigCommerce\"> \u00a0\u00a0BigCommerce</option>\n<option value=\"SquareSpace\"> \u00a0\u00a0SquareSpace</option>\n<option value=\"3Dcart\"> \u00a0\u00a03Dcart</option>\n<option value=\"Woo\"> \u00a0\u00a0Woo Commerce</option>\n<option value=\"Wix\"> \u00a0\u00a0Wix Commerce</option>\n<option value=\"Presta\"> \u00a0\u00a0Presta Shop</option>\n<option value=\"Etsy\"> \u00a0\u00a0Etsy</option>\n<option value=\"Other\"> \u00a0\u00a0Other</option>\n</select>\n</div>\n</div>\n</div>\n<div class=\"clearfix\"></div>\n<div class=\"col-sm-12\">\n<div class=\"form-group\">\n<div class=\"text-effect\">\n<span>Your Message</span>\n<input class=\"form-control focus-text\" name=\"message\" type=\"text\"/>\n</div>\n</div>\n</div>\n<div class=\"clearfix\"></div>\n<input class=\"url_path_schedule\" id=\"url_path_schedule\" name=\"url_path\" type=\"hidden\"/>\n<div id=\"err\"></div>\n<div class=\"submit_btn_div\">\n<!--<button type=\"reset\" class=\"btn_reset\" value=\"Reset\">RESET</button>-->\n<button class=\"btn-custom2 btn-lg\" type=\"submit\" value=\"Submit\">Get In Touch\n                                        </button>\n<img class=\"submit_btn_loader\" id=\"get_intouch_loader\" src=\"https://d3myyafggcycom.cloudfront.net/assets/new-design/loader-grid.gif\" style=\"display:none\"/>\n</div>\n</div>\n</form>\n</div>\n</div>", "level": 0}, {"value": "<button class=\"close\" data-dismiss=\"modal\" type=\"button\">\u00d7</button>", "level": 0}, {"value": "<div class=\"contact\">\n<h4 class=\"aknowledge-msg aknowledgeMsgSchedule\" style=\"display:none;\">\n<span class=\"successMessage\">Thank You</span>\n</h4><p class=\"successMess_p\">Our Mobile App Expert will connect with you in the next 24 hrs. </p>\n<div class=\"contact-form enquiry_form enquiry_form_pop enquiryFormSchedule\">\n<h2 style=\"font-size: 22px;\">Book A Demo </h2>\n<!--End-->\n<form id=\"idFormSchedule\" method=\"POST\" novalidate=\"novalidate\" role=\"form\">\n<div class=\"col-md-6\">\n<div class=\"form-group email_error\">\n<div class=\"text-effect\">\n<span>Full Name*</span>\n<input class=\"form-control focus-text \" name=\"fullName\" required=\"\" type=\"text\"/>\n</div>\n</div>\n</div>\n<div class=\"col-md-6\">\n<div class=\"form-group email_error\">\n<div class=\"text-effect\">\n<span>Email*</span>\n<input class=\"form-control focus-text\" id=\"email\" name=\"email\" required=\"\" type=\"text\"/>\n</div>\n</div>\n</div>\n<div class=\"clearfix\"></div>\n<div class=\"col-md-6\">\n<div class=\"form-group email_error\">\n<div class=\"text-effect\">\n<span>Store Name*</span>\n<input class=\"form-control focus-text\" name=\"storename\" required=\"\" type=\"text\"/>\n</div>\n</div>\n</div>\n<!--         <div class=\"form-group email_error\">\n                                                                <div class=\"col-md-4 icon-addon addon-lg pading-zero\">\n                                                                    <lable class=\"phone_label\">Phone Number</lable>\n                                                                </div>\n                                                                <div class=\"col-md-2 icon-addon addon-lg pading-zero\">\n                                                                    <input type=\"text\" placeholder=\"+1\"\n                                                                           class=\"form-control countryValdation\"\n                                                                           id=\"countryCode\" name=\"countryCode\" customVa=\"dependunt\" >\n                                                                </div>\n                                                                <div class=\"col-md-6 icon-addon addon-lg pading-zero \">\n                                                                    <input type=\"text\" placeholder=\"Phone Number\"\n                                                                           class=\"form-control phone-number-con \"\n                                                                           id=\"phonenumber\" name=\"user_phone_number\" ustomVa=\"dependunt\"  >\n                                                                </div>\n\n                                                            </div> -->\n<div class=\"col-md-6\">\n<div class=\"form-group email_error\">\n<div class=\"text-effect\">\n<span>Website URL*</span>\n<input class=\"form-control focus-text\" id=\"websiteUrl\" name=\"websiteUrl\" required=\"\" type=\"text\"/>\n<p class=\"Note-text\"> (http://your-website.com) </p>\n</div>\n</div>\n</div>\n<div class=\"clearfix\"></div>\n<div class=\"col-md-12\">\n<div class=\"form-group email_error\">\n<div class=\"text-effect\">\n<span>Message</span>\n<input class=\"form-control focus-text\" name=\"message\" type=\"text\"/>\n</div>\n</div>\n</div>\n<div class=\"clearfix\"></div>\n<input class=\"url_path_schedule\" id=\"url_path_schedule\" name=\"url_path\" type=\"hidden\"/>\n<div id=\"err\"></div>\n<div class=\"clearfix\"></div>\n<div class=\"submit_btn_div\">\n<!--<button type=\"reset\" class=\"btn_reset\" value=\"Reset\">RESET</button>-->\n<button class=\"btn-custom2 btn-lg\" type=\"submit\" value=\"Submit\">Get In Touch\n                                                        </button>\n<img class=\"submit_btn_loader\" id=\"get_intouch_loader\" src=\"https://d3myyafggcycom.cloudfront.net/assets/new-design/loader-grid.gif\" style=\"display:none\"/>\n</div>\n</form>\n<!--End-->\n</div>\n</div>", "level": 0}], [{"value": "<h4 class=\"aknowledge-msg aknowledgeMsgSchedule\" style=\"display:none;\">\n<span class=\"successMessage\">Thank You</span>\n</h4>", "level": 6}, {"value": "<p class=\"successMess_p\">Our Mobile App Expert will connect with you in the next 24 hrs. </p>", "level": 0}], [{"value": "<h2 style=\"font-size: 22px;\">Book A Demo </h2>", "level": 8}, {"value": "<form id=\"idFormSchedule\" method=\"POST\" novalidate=\"novalidate\" role=\"form\">\n<div class=\"col-md-6\">\n<div class=\"form-group email_error\">\n<div class=\"text-effect\">\n<span>Full Name*</span>\n<input class=\"form-control focus-text \" name=\"fullName\" required=\"\" type=\"text\"/>\n</div>\n</div>\n</div>\n<div class=\"col-md-6\">\n<div class=\"form-group email_error\">\n<div class=\"text-effect\">\n<span>Email*</span>\n<input class=\"form-control focus-text\" id=\"email\" name=\"email\" required=\"\" type=\"text\"/>\n</div>\n</div>\n</div>\n<div class=\"clearfix\"></div>\n<div class=\"col-md-6\">\n<div class=\"form-group email_error\">\n<div class=\"text-effect\">\n<span>Store Name*</span>\n<input class=\"form-control focus-text\" name=\"storename\" required=\"\" type=\"text\"/>\n</div>\n</div>\n</div>\n<!--         <div class=\"form-group email_error\">\n                                                                <div class=\"col-md-4 icon-addon addon-lg pading-zero\">\n                                                                    <lable class=\"phone_label\">Phone Number</lable>\n                                                                </div>\n                                                                <div class=\"col-md-2 icon-addon addon-lg pading-zero\">\n                                                                    <input type=\"text\" placeholder=\"+1\"\n                                                                           class=\"form-control countryValdation\"\n                                                                           id=\"countryCode\" name=\"countryCode\" customVa=\"dependunt\" >\n                                                                </div>\n                                                                <div class=\"col-md-6 icon-addon addon-lg pading-zero \">\n                                                                    <input type=\"text\" placeholder=\"Phone Number\"\n                                                                           class=\"form-control phone-number-con \"\n                                                                           id=\"phonenumber\" name=\"user_phone_number\" ustomVa=\"dependunt\"  >\n                                                                </div>\n\n                                                            </div> -->\n<div class=\"col-md-6\">\n<div class=\"form-group email_error\">\n<div class=\"text-effect\">\n<span>Website URL*</span>\n<input class=\"form-control focus-text\" id=\"websiteUrl\" name=\"websiteUrl\" required=\"\" type=\"text\"/>\n<p class=\"Note-text\"> (http://your-website.com) </p>\n</div>\n</div>\n</div>\n<div class=\"clearfix\"></div>\n<div class=\"col-md-12\">\n<div class=\"form-group email_error\">\n<div class=\"text-effect\">\n<span>Message</span>\n<input class=\"form-control focus-text\" name=\"message\" type=\"text\"/>\n</div>\n</div>\n</div>\n<div class=\"clearfix\"></div>\n<input class=\"url_path_schedule\" id=\"url_path_schedule\" name=\"url_path\" type=\"hidden\"/>\n<div id=\"err\"></div>\n<div class=\"clearfix\"></div>\n<div class=\"submit_btn_div\">\n<!--<button type=\"reset\" class=\"btn_reset\" value=\"Reset\">RESET</button>-->\n<button class=\"btn-custom2 btn-lg\" type=\"submit\" value=\"Submit\">Get In Touch\n                                                        </button>\n<img class=\"submit_btn_loader\" id=\"get_intouch_loader\" src=\"https://d3myyafggcycom.cloudfront.net/assets/new-design/loader-grid.gif\" style=\"display:none\"/>\n</div>\n</form>", "level": 0}, {"value": "<div class=\"modal fade\" data-backdrop=\"static\" data-keyboard=\"false\" id=\"myModal\" role=\"dialog\">\n<div class=\"modal-dialog\">\n<!-- Modal content-->\n<div class=\"modal-content\">\n<div class=\"modal-header\">\n<button class=\"close\" data-dismiss=\"modal\" type=\"button\">\u00d7</button>\n</div>\n<div class=\"modal-body\">\n<iframe allowfullscreen=\"\" frameborder=\"0\" height=\"390\" src=\"https://www.youtube.com/embed/VPMSjFbSGwk\" title=\"YouTube video player\" width=\"100%\"></iframe>\n</div>\n</div>\n</div>\n</div>", "level": 0}]]