[[{"value": "<p align=\"center\" class=\"MsoTitle\" style=\"text-align:center;line-height:115%\"><b><span style='font-size:22.0pt;line-height:115%;font-family:\"Arial\",\"sans-serif\"'>PRIVACY\nPOLICY</span></b></p>", "level": 1}], [{"value": "<h1 align=\"center\" style=\"margin-top:0in;text-align:center;line-height:115%\"><a name=\"_dgff3y1ug9ut\"></a>PakApp Play Store</h1>", "level": 9}, {"value": "<p class=\"MsoNormal\" style=\"line-height:115%\"><span style='font-size:11.0pt;\nline-height:115%;font-family:\"Arial\",\"sans-serif\";color:#999999'>Last updated [2018-05-17]</span></p>", "level": 0}, {"value": "<p class=\"MsoNormal\" style=\"text-align:justify;line-height:115%\"><span style='font-size:11.0pt;line-height:115%;font-family:\"Arial\",\"sans-serif\"'><b>PakApp</b>\n(\u00e2\u0080\u009cwe\u00e2\u0080\u009d or \u00e2\u0080\u009cus\u00e2\u0080\u009d or \u00e2\u0080\u009cour\u00e2\u0080\u009d) respects the privacy of our users (\u00e2\u0080\u009cuser\u00e2\u0080\u009d or \u00e2\u0080\u009cyou\u00e2\u0080\u009d).\nThis Privacy Policy explains how we collect, use, di<a name=\"_GoBack\"></a>sclose,\nand safeguard your information when you visit our mobile application (the\n\u00e2\u0080\u009cApplication\u00e2\u0080\u009d).Please read this Privacy Policy carefully.\u00c2\u00a0 IF YOU DO NOT AGREE\nWITH THE TERMS OF THIS PRIVACY POLICY, PLEASE DO NOT ACCESS THE APPLICATION. </span></p>", "level": 0}, {"value": "<p class=\"MsoNormal\" style=\"text-align:justify;line-height:115%\"><span style='font-size:11.0pt;line-height:115%;font-family:\"Arial\",\"sans-serif\"'>We\nreserve the right to make changes to this Privacy Policy at any time and for\nany reason.\u00c2\u00a0 We will alert you about any changes by updating the \u00e2\u0080\u009cLast updated\u00e2\u0080\u009d\ndate of this Privacy Policy.\u00c2\u00a0 You are encouraged to periodically review this\nPrivacy Policy to stay informed of updates. You will be deemed to have been\nmade aware of, will be subject to, and will be deemed to have accepted the\nchanges in any revised Privacy Policy by your continued use of the Application\nafter the date such revised Privacy Policy is posted.\u00c2\u00a0 </span></p>", "level": 0}, {"value": "<p class=\"MsoNormal\" style=\"text-align:justify;line-height:115%\"><span style='font-size:11.0pt;line-height:115%;font-family:\"Arial\",\"sans-serif\"'>This\nPrivacy Policy does not apply to the third-party online/mobile store from which\nyou install the Application or make payments, including any in-game virtual\nitems, which may also collect and use data about you.\u00c2\u00a0 We are not responsible\nfor any of the data collected by any such third party. </span></p>", "level": 0}], [{"value": "<h1 style=\"line-height:115%\"><a name=\"_eenucvnqa0rq\"></a>COLLECTION OF YOUR\n        INFORMATION</h1>", "level": 9}, {"value": "<p class=\"MsoNormal\" style=\"text-align:justify;line-height:115%\"><span style='font-size:11.0pt;line-height:115%;font-family:\"Arial\",\"sans-serif\"'>We\nmay collect information about you in a variety of ways.\u00c2\u00a0 The information we may\ncollect via the Application depends on the content and materials you use, and\nincludes:\u00c2\u00a0 </span></p>", "level": 0}], [{"value": "<h2 style=\"line-height:115%\"><a name=\"_rima4gqmeezw\"></a>Personal Data </h2>", "level": 8}, {"value": "<p class=\"MsoNormal\" style=\"text-align:justify;line-height:115%\"><span style='font-size:11.0pt;line-height:115%;font-family:\"Arial\",\"sans-serif\"'>Demographic\nand other personally identifiable information (such as your name and email\naddress) that you voluntarily give to us when choosing to participate in\nvarious activities related to the Application, such as chat, posting messages\nin comment sections or in our forums, liking posts, sending feedback, and\nresponding to surveys.\u00c2\u00a0 If you choose to share data about yourself via your\nprofile, online chat, or other interactive areas of the Application, please be\nadvised that all data you disclose in these areas is public and your data will\nbe accessible to anyone who accesses the Application.</span></p>", "level": 0}], [{"value": "<h2 style=\"line-height:115%\"><a name=\"_qs8x7isf2hqt\"></a>Derivative Data</h2>", "level": 8}, {"value": "<p class=\"MsoNormal\" style=\"text-align:justify;line-height:115%\"><span style='font-size:11.0pt;line-height:115%;font-family:\"Arial\",\"sans-serif\"'>Information\nour servers automatically collect when you access the Application, such as your\nnative actions that are integral to the Application, including liking,\nre-blogging, or replying to a post, as well as other interactions with the\nApplication and other users via server log files.\u00c2\u00a0 </span></p>", "level": 0}], [{"value": "<h2 style=\"line-height:115%\"><a name=\"_z0yqukvj8bh9\"></a>Facebook Permissions</h2>", "level": 8}, {"value": "<p class=\"MsoNormal\" style=\"text-align:justify;line-height:115%\"><span style='font-size:11.0pt;line-height:115%;font-family:\"Arial\",\"sans-serif\"'>The\nApplication may by default access your </span><a href=\"https://www.facebook.com/about/privacy/\"><span style='font-size:11.0pt;\nline-height:115%;font-family:\"Arial\",\"sans-serif\";color:#1155CC'>Facebook</span></a><span style='font-size:11.0pt;line-height:115%;font-family:\"Arial\",\"sans-serif\"'>\nbasic account information, including your name, email, gender, birthday,\ncurrent city, and profile picture URL, as well as other information that you\nchoose to make public. We may also request access to other permissions related\nto your account, such as friends, checkins, and likes, and you may choose to\ngrant or deny us access to each individual permission. For more information regarding\nFacebook permissions, refer to the </span><a href=\"https://developers.facebook.com/docs/facebook-login/permissions\"><span style='font-size:11.0pt;line-height:115%;font-family:\"Arial\",\"sans-serif\";\ncolor:#1155CC'>Facebook Permissions Reference </span></a><span style='font-size:11.0pt;line-height:115%;font-family:\"Arial\",\"sans-serif\"'>page.</span></p>", "level": 0}], [{"value": "<h2 style=\"line-height:115%\"><a name=\"_64xreagpas2f\"></a>Data from Social\n        Networks</h2>", "level": 8}, {"value": "<p class=\"MsoNormal\" style=\"text-align:justify;line-height:115%\"><span style='font-size:11.0pt;line-height:115%;font-family:\"Arial\",\"sans-serif\"'>User\ninformation from social networking sites, such as [Apple\u00e2\u0080\u0099s Game Center,\nFacebook, Google+ Instagram, Pinterest, Twitter], including your name, your\nsocial network username, location, gender, birth date, email address, profile\npicture, and public data for contacts, if you connect your account to such\nsocial networks. This information may also include the contact information of\nanyone you invite to use and/or join the Application.</span></p>", "level": 0}], [{"value": "<h2 style=\"line-height:115%\"><a name=\"_1wgqc2u1087n\"></a>Geo-Location\n        Information</h2>", "level": 8}, {"value": "<p class=\"MsoNormal\" style=\"text-align:justify;line-height:115%\"><span style='font-size:11.0pt;line-height:115%;font-family:\"Arial\",\"sans-serif\";\nbackground:white'>We may request access or permission to and track\nlocation-based information from your mobile device, either continuously or\nwhile you are using the Application, to provide location-based services. If you\nwish to change our access or permissions, you may do so in your device\u00e2\u0080\u0099s\nsettings.</span></p>", "level": 0}], [{"value": "<h2 style=\"line-height:115%\"><a name=\"_ohf32362ce60\"></a><a name=\"_4iy4n37v9m63\"></a>Mobile\n        Device Data </h2>", "level": 8}, {"value": "<p class=\"MsoNormal\" style=\"text-align:justify;line-height:115%\"><span style='font-size:11.0pt;line-height:115%;font-family:\"Arial\",\"sans-serif\"'>Device\ninformation such as your mobile device ID number, model, and manufacturer,\nversion of your operating system, phone number, country, location, and any\nother data you choose to provide.</span></p>", "level": 0}], [{"value": "<h2 style=\"line-height:115%\"><a name=\"_z2mmqno9ju37\"></a>Push Notifications</h2>", "level": 8}, {"value": "<p class=\"MsoNormal\" style=\"text-align:justify;line-height:115%\"><span style='font-size:11.0pt;line-height:115%;font-family:\"Arial\",\"sans-serif\"'>We\nmay request to send you push notifications regarding your account or the\nApplication. If you wish to opt-out from receiving these types of\ncommunications, you may turn them off in your device\u00e2\u0080\u0099s settings.</span></p>", "level": 0}], [{"value": "<h2 style=\"line-height:115%\"><a name=\"_urn7verkgc6k\"></a>Third-Party Data</h2>", "level": 8}, {"value": "<p class=\"MsoNormal\" style=\"text-align:justify;line-height:115%\"><span style='font-size:11.0pt;line-height:115%;font-family:\"Arial\",\"sans-serif\"'>Information\nfrom third parties, such as personal information or network friends, if you\nconnect your account to the third party and grant the Application permission to\naccess this information.</span></p>", "level": 0}], [{"value": "<h1 style=\"line-height:115%\"><a name=\"_v2uc2vjvvxe1\"></a>USE OF YOUR\n        INFORMATION</h1>", "level": 9}, {"value": "<p class=\"MsoNormal\" style=\"text-align:justify;line-height:115%\"><span style='font-size:11.0pt;line-height:115%;font-family:\"Arial\",\"sans-serif\"'>Having\naccurate information about you permits us to provide you with a smooth,\nefficient, and customized experience.\u00c2\u00a0 Specifically, we may use information\ncollected about you via the Application to: </span></p>", "level": 0}, {"value": "<p class=\"MsoNormalCxSpMiddle\" style=\"margin-left:.75in;text-align:justify;\nline-height:115%\"><span style='font-size:11.0pt;line-height:115%;font-family:\n\"Arial\",\"sans-serif\"'>\u00c2\u00a0</span></p>", "level": 0}, {"value": "<p class=\"MsoNormalCxSpMiddle\" style=\"margin-left:.5in;text-align:justify;\ntext-indent:-.25in;line-height:115%\"><span style='font-size:11.0pt;line-height:\n115%;font-family:\"Arial\",\"sans-serif\"'>1.<span style='font:7.0pt \"Times New Roman\"'>\u00a0\u00a0\u00a0\n</span></span><span style='font-size:11.0pt;line-height:115%;font-family:\"Arial\",\"sans-serif\"'>Assist\nlaw enforcement and respond to subpoena.</span></p>", "level": 0}, {"value": "<p class=\"MsoNormalCxSpMiddle\" style=\"margin-left:.5in;text-align:justify;\ntext-indent:-.25in;line-height:115%\"><span style='font-size:11.0pt;line-height:\n115%;font-family:\"Arial\",\"sans-serif\"'>2.<span style='font:7.0pt \"Times New Roman\"'>\u00a0\u00a0\u00a0\n</span></span><span style='font-size:11.0pt;line-height:115%;font-family:\"Arial\",\"sans-serif\"'>Compile\nanonymous statistical data and analysis for use internally or with third\nparties. </span></p>", "level": 0}, {"value": "<p class=\"MsoNormalCxSpMiddle\" style=\"margin-left:.5in;text-align:justify;\ntext-indent:-.25in;line-height:115%\"><span style='font-size:11.0pt;line-height:\n115%;font-family:\"Arial\",\"sans-serif\"'>3.<span style='font:7.0pt \"Times New Roman\"'>\u00a0\u00a0\u00a0\n</span></span><span style='font-size:11.0pt;line-height:115%;font-family:\"Arial\",\"sans-serif\"'>Create\nand manage your account.</span></p>", "level": 0}, {"value": "<p class=\"MsoNormalCxSpMiddle\" style=\"margin-left:.5in;text-align:justify;\ntext-indent:-.25in;line-height:115%\"><span style='font-size:11.0pt;line-height:\n115%;font-family:\"Arial\",\"sans-serif\"'>4.<span style='font:7.0pt \"Times New Roman\"'>\u00a0\u00a0\u00a0\n</span></span><span style='font-size:11.0pt;line-height:115%;font-family:\"Arial\",\"sans-serif\"'>Deliver\ntargeted advertising, coupons, newsletters, and other information regarding\npromotions and the Application to you. </span></p>", "level": 0}, {"value": "<p class=\"MsoNormalCxSpMiddle\" style=\"margin-left:.5in;text-align:justify;\ntext-indent:-.25in;line-height:115%\"><span style='font-size:11.0pt;line-height:\n115%;font-family:\"Arial\",\"sans-serif\"'>5.<span style='font:7.0pt \"Times New Roman\"'>\u00a0\u00a0\u00a0\n</span></span><span style='font-size:11.0pt;line-height:115%;font-family:\"Arial\",\"sans-serif\"'>Generate\na personal profile about you to make future visits to the Application more\npersonalized.</span></p>", "level": 0}, {"value": "<p class=\"MsoNormalCxSpMiddle\" style=\"margin-left:.5in;text-align:justify;\ntext-indent:-.25in;line-height:115%\"><span style='font-size:11.0pt;line-height:\n115%;font-family:\"Arial\",\"sans-serif\"'>6.<span style='font:7.0pt \"Times New Roman\"'>\u00a0\u00a0\u00a0\n</span></span><span style='font-size:11.0pt;line-height:115%;font-family:\"Arial\",\"sans-serif\"'>Increase\nthe efficiency and operation of the Application.</span></p>", "level": 0}, {"value": "<p class=\"MsoNormalCxSpMiddle\" style=\"margin-left:.5in;text-align:justify;\ntext-indent:-.25in;line-height:115%\"><span style='font-size:11.0pt;line-height:\n115%;font-family:\"Arial\",\"sans-serif\"'>7.<span style='font:7.0pt \"Times New Roman\"'>\u00a0\u00a0\u00a0\n</span></span><span style='font-size:11.0pt;line-height:115%;font-family:\"Arial\",\"sans-serif\"'>Monitor\nand analyze usage and trends to improve your experience with the Application.</span></p>", "level": 0}, {"value": "<p class=\"MsoNormalCxSpMiddle\" style=\"margin-left:.5in;text-align:justify;\ntext-indent:-.25in;line-height:115%\"><span style='font-size:11.0pt;line-height:\n115%;font-family:\"Arial\",\"sans-serif\"'>8.<span style='font:7.0pt \"Times New Roman\"'>\u00a0\u00a0\u00a0\n</span></span><span style='font-size:11.0pt;line-height:115%;font-family:\"Arial\",\"sans-serif\"'>Notify\nyou of updates to the Application.</span></p>", "level": 0}, {"value": "<p class=\"MsoNormalCxSpMiddle\" style=\"margin-left:.5in;text-align:justify;\ntext-indent:-.25in;line-height:115%\"><span style='font-size:11.0pt;line-height:\n115%;font-family:\"Arial\",\"sans-serif\"'>9.<span style='font:7.0pt \"Times New Roman\"'>\u00a0\u00a0\u00a0\n</span></span><span style='font-size:11.0pt;line-height:115%;font-family:\"Arial\",\"sans-serif\"'>Offer\nnew products, services, mobile applications, and/or recommendations to you.</span></p>", "level": 0}, {"value": "<p class=\"MsoNormalCxSpMiddle\" style=\"margin-left:.5in;text-align:justify;\ntext-indent:-.25in;line-height:115%\"><span style='font-size:11.0pt;line-height:\n115%;font-family:\"Arial\",\"sans-serif\"'>10.<span style='font:7.0pt \"Times New Roman\"'>\u00a0\n</span></span><span style='font-size:11.0pt;line-height:115%;font-family:\"Arial\",\"sans-serif\"'>Request\nfeedback and contact you about your use of the Application. </span></p>", "level": 0}, {"value": "<p class=\"MsoNormalCxSpLast\" style=\"margin-left:.5in;text-align:justify;\ntext-indent:-.25in;line-height:115%\"><span style='font-size:11.0pt;line-height:\n115%;font-family:\"Arial\",\"sans-serif\"'>11.<span style='font:7.0pt \"Times New Roman\"'>\u00a0\n</span></span><span style='font-size:11.0pt;line-height:115%;font-family:\"Arial\",\"sans-serif\"'>Solicit\nsupport for the Application.</span></p>", "level": 0}], [{"value": "<h1 style=\"line-height:115%\"><a name=\"_klddry1k9fe6\"></a>DISCLOSURE OF YOUR\n        INFORMATION</h1>", "level": 9}, {"value": "<p class=\"MsoNormal\" style=\"text-align:justify;line-height:115%\"><span style='font-size:11.0pt;line-height:115%;font-family:\"Arial\",\"sans-serif\"'>We\nmay share information we have collected about you in certain situations. Your\ninformation may be disclosed as follows: </span></p>", "level": 0}], [{"value": "<h2 style=\"line-height:115%\"><a name=\"_wmqiyk8z1ifq\"></a>By Law or to Protect\n        Rights </h2>", "level": 8}, {"value": "<p class=\"MsoNormal\" style=\"text-align:justify;line-height:115%\"><span style='font-size:11.0pt;line-height:115%;font-family:\"Arial\",\"sans-serif\"'>If\nwe believe the release of information about you is necessary to respond to\nlegal process, to investigate or remedy potential violations of our policies,\nor to protect the rights, property, and safety of others, we may share your\ninformation as permitted or required by any applicable law, rule, or\nregulation.\u00c2\u00a0 This includes exchanging information with other entities for fraud\nprotection and credit risk reduction.</span></p>", "level": 0}], [{"value": "<h2 style=\"line-height:115%\"><a name=\"_fae8kjk8qmdd\"></a>Third-Party Service\n        Providers </h2>", "level": 8}, {"value": "<p class=\"MsoNormal\" style=\"text-align:justify;line-height:115%\"><span style='font-size:11.0pt;line-height:115%;font-family:\"Arial\",\"sans-serif\"'>We\nmay share your information with third parties that perform services for us or\non our behalf, including payment processing, data analysis, email delivery,\nhosting services, customer service, and marketing assistance.\u00c2\u00a0 </span></p>", "level": 0}], [{"value": "<h2 style=\"line-height:115%\"><a name=\"_m891eoq353db\"></a>Marketing\n        Communications</h2>", "level": 8}, {"value": "<p class=\"MsoNormal\" style=\"text-align:justify;line-height:115%\"><span style='font-size:11.0pt;line-height:115%;font-family:\"Arial\",\"sans-serif\"'>With\nyour consent, or with an opportunity for you to withdraw consent, we may share\nyour information with third parties for marketing purposes, as permitted by\nlaw.</span></p>", "level": 0}], [{"value": "<h2 style=\"line-height:115%\"><a name=\"_w1o99isgvu3t\"></a>Third-Party\n        Advertisers </h2>", "level": 8}, {"value": "<p class=\"MsoNormal\" style=\"text-align:justify;line-height:115%\"><span style='font-size:11.0pt;line-height:115%;font-family:\"Arial\",\"sans-serif\"'>We\nmay use third-party advertising companies to serve ads when you visit the\nApplication. These companies may use information about your visits to the\nApplication and other websites that are contained in web cookies in order to\nprovide advertisements about goods and services of interest to you. </span></p>", "level": 0}], [{"value": "<h2 style=\"line-height:115%\"><a name=\"_kloybglpsxbm\"></a>Offer Wall</h2>", "level": 8}, {"value": "<p class=\"MsoNormal\" style=\"text-align:justify;line-height:115%\"><a name=\"_mn9wp5k3v2vz\"></a><span style='font-size:11.0pt;line-height:115%;\nfont-family:\"Arial\",\"sans-serif\"'>The Application may display a\nthird-party-hosted \u00e2\u0080\u009coffer wall.\u00e2\u0080\u009d\u00c2\u00a0 Such an offer wall allows third-party\nadvertisers to offer virtual currency, gifts, or other items to users in return\nfor acceptance and completion of an advertisement offer.\u00c2\u00a0 Such an offer wall\nmay appear in the Application and be displayed to you based on certain data,\nsuch as your geographic area or demographic information.\u00c2\u00a0 When you click on an offer\nwall, you will leave the Application.\u00c2\u00a0 A unique identifier, such as your user\nID, will be shared with the offer wall provider in order to prevent fraud and\nproperly credit your account.\u00c2\u00a0 </span></p>", "level": 0}], [{"value": "<h2 style=\"line-height:115%\"><a name=\"_1b3lbtrwlnlf\"></a>Social Media Contacts</h2>", "level": 8}, {"value": "<p class=\"MsoNormal\" style=\"text-align:justify;line-height:115%\"><span style='font-size:11.0pt;line-height:115%;font-family:\"Arial\",\"sans-serif\"'>If\nyou connect to the Application through a social network, your contacts on the\nsocial network will see your name, profile photo, and descriptions of your\nactivity.</span></p>", "level": 0}], [{"value": "<h1 style=\"line-height:115%\"><a name=\"_j770ddi8r35t\"></a><a name=\"_p6377q2xgso8\"></a>TRACKING\n        TECHNOLOGIES</h1>", "level": 9}], [{"value": "<h2 style=\"line-height:115%\"><a name=\"_56emerdysgpo\"></a>Cookies and Web\n        Beacons</h2>", "level": 8}, {"value": "<p class=\"MsoNormal\" style=\"text-align:justify;line-height:115%\"><span style='font-size:11.0pt;line-height:115%;font-family:\"Arial\",\"sans-serif\"'>We\nmay use cookies, web beacons, tracking pixels, and other tracking technologies\non the Application to help customize the Application and improve your\nexperience. When you access the Application, your personal information is not\ncollected through the use of tracking technology. Most browsers are set to\naccept cookies by default. You can remove or reject cookies, but be aware that\nsuch action could affect the availability and functionality of the Application.\nYou may not decline web beacons. However, they can be rendered ineffective by\ndeclining all cookies or by modifying your web browser\u00e2\u0080\u0099s settings to notify you\neach time a cookie is tendered, permitting you to accept or decline cookies on\nan individual basis.</span></p>", "level": 0}], [{"value": "<h2 style=\"line-height:115%\"><a name=\"_4fc8mj1uajxp\"></a>Internet-Based\n        Advertising</h2>", "level": 8}, {"value": "<p class=\"MsoNormal\" style=\"text-align:justify;line-height:115%\"><span style='font-size:11.0pt;line-height:115%;font-family:\"Arial\",\"sans-serif\"'>Additionally,\nwe may use third-party software to serve ads on the Application, implement\nemail marketing campaigns, and manage other interactive marketing initiatives.\u00c2\u00a0\nThis third-party software may use cookies or similar tracking technology to\nhelp manage and optimize your online experience with us.\u00c2\u00a0 For more information\nabout opting-out of interest-based ads, visit the </span><a href=\"http://www.networkadvertising.org/choices/\"><span style='font-size:11.0pt;\nline-height:115%;font-family:\"Arial\",\"sans-serif\";color:windowtext'>Network\nAdvertising Initiative Opt-Out Tool</span></a><span style='font-size:11.0pt;\nline-height:115%;font-family:\"Arial\",\"sans-serif\"'> or</span><a href=\"http://www.aboutads.info/choices/\"><span style='font-size:11.0pt;\nline-height:115%;font-family:\"Arial\",\"sans-serif\";color:windowtext'>Digital\nAdvertising Alliance Opt-Out Tool</span></a><span style='font-size:11.0pt;\nline-height:115%;font-family:\"Arial\",\"sans-serif\"'>.</span></p>", "level": 0}], [{"value": "<h2 style=\"line-height:115%\"><a name=\"_n6oeggdkjcgr\"></a>Website Analytics </h2>", "level": 8}, {"value": "<p class=\"MsoNormal\" style=\"text-align:justify;line-height:115%\"><span style='font-size:11.0pt;line-height:115%;font-family:\"Arial\",\"sans-serif\"'>We\nmay also partner with selected third-party vendors[, such as [</span><a href=\"http://www.adobe.com/privacy/marketing-cloud.html\"><span style='font-size:11.0pt;line-height:115%;font-family:\"Arial\",\"sans-serif\";\ncolor:windowtext'>Adobe Analytics</span></a><span style='font-size:11.0pt;\nline-height:115%;font-family:\"Arial\",\"sans-serif\"'>,] [</span><a href=\"https://www.clicktale.com/company/privacy-policy/\"><span style='font-size:11.0pt;line-height:115%;font-family:\"Arial\",\"sans-serif\";\ncolor:windowtext'>Clicktale,</span></a><span style='font-size:11.0pt;\nline-height:115%;font-family:\"Arial\",\"sans-serif\"'>] [</span><a href=\"https://clicky.com/terms\"><span style='font-size:11.0pt;line-height:115%;\nfont-family:\"Arial\",\"sans-serif\";color:windowtext'>Clicky</span></a><span style='font-size:11.0pt;line-height:115%;font-family:\"Arial\",\"sans-serif\"'>,] [</span><a href=\"https://www.cloudflare.com/security-policy/\"><span style='font-size:11.0pt;\nline-height:115%;font-family:\"Arial\",\"sans-serif\";color:windowtext'>Cloudfare</span></a><span style='font-size:11.0pt;line-height:115%;font-family:\"Arial\",\"sans-serif\"'>,] [</span><a href=\"https://www.crazyegg.com/privacy/\"><span style='font-size:11.0pt;\nline-height:115%;font-family:\"Arial\",\"sans-serif\";color:windowtext'>Crazy Egg,</span></a><span style='font-size:11.0pt;line-height:115%;font-family:\"Arial\",\"sans-serif\"'>] [</span><a href=\"https://policies.yahoo.com/us/en/yahoo/privacy/products/developer/index.htm\"><span style='font-size:11.0pt;line-height:115%;font-family:\"Arial\",\"sans-serif\";\ncolor:windowtext'>Flurry Analytics,</span></a><span style='font-size:11.0pt;\nline-height:115%;font-family:\"Arial\",\"sans-serif\"'>] [</span><a href=\"https://support.google.com/analytics/answer/6004245?hl=en\"><span style='font-size:11.0pt;line-height:115%;font-family:\"Arial\",\"sans-serif\";\ncolor:windowtext'>Google Analytics</span></a><span style='font-size:11.0pt;\nline-height:115%;font-family:\"Arial\",\"sans-serif\"'>,] [</span><a href=\"https://heapanalytics.com/privacy\"><span style='font-size:11.0pt;\nline-height:115%;font-family:\"Arial\",\"sans-serif\";color:windowtext'>Heap\nAnalytics</span></a><span style='font-size:11.0pt;line-height:115%;font-family:\n\"Arial\",\"sans-serif\"'>,] [</span><a href=\"https://www.inspectlet.com/legal#privacy\"><span style='font-size:11.0pt;\nline-height:115%;font-family:\"Arial\",\"sans-serif\";color:windowtext'>Inspectlet,</span></a><span style='font-size:11.0pt;line-height:115%;font-family:\"Arial\",\"sans-serif\"'>] [</span><a href=\"https://signin.kissmetrics.com/privacy\"><span style='font-size:11.0pt;\nline-height:115%;font-family:\"Arial\",\"sans-serif\";color:windowtext'>Kissmetrics,]</span></a><span style='font-size:11.0pt;line-height:115%;font-family:\"Arial\",\"sans-serif\"'> [</span><a href=\"https://mixpanel.com/privacy/\"><span style='font-size:11.0pt;line-height:\n115%;font-family:\"Arial\",\"sans-serif\";color:windowtext'>Mixpanel,</span></a><span style='font-size:11.0pt;line-height:115%;font-family:\"Arial\",\"sans-serif\"'>] [</span><a href=\"https://piwik.org/privacy/\"><span style='font-size:11.0pt;line-height:\n115%;font-family:\"Arial\",\"sans-serif\";color:windowtext'>Piwik,</span></a><span style='font-size:11.0pt;line-height:115%;font-family:\"Arial\",\"sans-serif\"'>]\nand others], to allow tracking technologies and remarketing services on the\nApplication through the use of first party cookies and third-party cookies, to,\namong other things, analyze and track users\u00e2\u0080\u0099 use of the Application, determine\nthe popularity of certain content, and better understand online activity. By\naccessing the Application, you consent to the collection and use of your\ninformation by these third-party vendors. You are encouraged to review their\nprivacy policy and contact them directly for responses to your questions. We do\nnot transfer personal information to these third-party vendors. However, if you\ndo not want any information to be collected and used by tracking technologies,\nyou can install and/or update your settings for one of the following: </span><a href=\"http://www.aboutads.info/choices/\"></a></p>", "level": 0}, {"value": "<p class=\"MsoNormal\" style=\"text-align:justify;line-height:115%\"><span style='font-size:11.0pt;line-height:115%;font-family:\"Arial\",\"sans-serif\"'>[</span><a href=\"http://www.adobe.com/privacy/opt-out.html\"><span style='font-size:11.0pt;\nline-height:115%;font-family:\"Arial\",\"sans-serif\";color:windowtext'>Adobe\nPrivacy Choices Page</span></a><a href=\"http://www.adobe.com/privacy/opt-out.html\"><span style='font-size:11.0pt;\nline-height:115%;font-family:\"Arial\",\"sans-serif\";color:windowtext'>]</span></a></p>", "level": 0}, {"value": "<p class=\"MsoNormal\" style=\"text-align:justify;line-height:115%\"><span style='font-size:11.0pt;line-height:115%;font-family:\"Arial\",\"sans-serif\"'>[</span><a href=\"http://www.clicktale.net/disable.aspx\"><span style='font-size:11.0pt;\nline-height:115%;font-family:\"Arial\",\"sans-serif\";color:windowtext'>Clicktale\nOpt-Out Feature</span></a><span style='font-size:11.0pt;line-height:115%;\nfont-family:\"Arial\",\"sans-serif\"'>]</span></p>", "level": 0}, {"value": "<p class=\"MsoNormal\" style=\"text-align:justify;line-height:115%\"><span style='font-size:11.0pt;line-height:115%;font-family:\"Arial\",\"sans-serif\"'>[</span><a href=\"https://www.crazyegg.com/opt-out/\"><span style='font-size:11.0pt;\nline-height:115%;font-family:\"Arial\",\"sans-serif\";color:windowtext'>Crazy Egg\nOpt-Out Feature</span></a><span style='font-size:11.0pt;line-height:115%;\nfont-family:\"Arial\",\"sans-serif\"'>]</span></p>", "level": 0}, {"value": "<p class=\"MsoNormal\" style=\"text-align:justify;line-height:115%\"><a href=\"http://www.aboutads.info/choices/\"><span style='font-size:11.0pt;\nline-height:115%;font-family:\"Arial\",\"sans-serif\";color:windowtext'>Digital\nAdvertising Alliance Opt-Out Tool</span></a></p>", "level": 0}, {"value": "<p class=\"MsoNormal\" style=\"text-align:justify;line-height:115%\"><span style='font-size:11.0pt;line-height:115%;font-family:\"Arial\",\"sans-serif\"'>[</span><a href=\"https://aim.yahoo.com/aim/us/en/optout/\"><span style='font-size:11.0pt;\nline-height:115%;font-family:\"Arial\",\"sans-serif\";color:windowtext'>Flurry\nAnalytics Yahoo Opt-Out Manager</span></a><span style='font-size:11.0pt;\nline-height:115%;font-family:\"Arial\",\"sans-serif\"'>]</span></p>", "level": 0}, {"value": "<p class=\"MsoNormal\" style=\"text-align:justify;line-height:115%\"><span style='font-size:11.0pt;line-height:115%;font-family:\"Arial\",\"sans-serif\"'>[</span><a href=\"https://tools.google.com/dlpage/gaoptout/\"><span style='font-size:11.0pt;\nline-height:115%;font-family:\"Arial\",\"sans-serif\";color:windowtext'>Google\nAnalytics Opt-Out Plugin</span></a><span style='font-size:11.0pt;line-height:\n115%;font-family:\"Arial\",\"sans-serif\"'>]\u00c2\u00a0 </span></p>", "level": 0}, {"value": "<p class=\"MsoNormal\" style=\"text-align:justify;line-height:115%\"><span style='font-size:11.0pt;line-height:115%;font-family:\"Arial\",\"sans-serif\"'>[</span><a href=\"https://www.google.com/settings/u/0/ads/authenticated?hl=en\"><span style='font-size:11.0pt;line-height:115%;font-family:\"Arial\",\"sans-serif\";\ncolor:windowtext'>Google Ads Settings Page</span></a><u><span style='font-size:\n11.0pt;line-height:115%;font-family:\"Arial\",\"sans-serif\"'>]</span></u></p>", "level": 0}, {"value": "<p class=\"MsoNormal\" style=\"text-align:justify;line-height:115%\"><u><span style='font-size:11.0pt;line-height:115%;font-family:\"Arial\",\"sans-serif\"'>[</span></u><a href=\"https://www.inspectlet.com/optout\"><span style='font-size:11.0pt;\nline-height:115%;font-family:\"Arial\",\"sans-serif\";color:windowtext'>Inspectlet\nOpt-Out Cookie</span></a><u><span style='font-size:11.0pt;line-height:115%;\nfont-family:\"Arial\",\"sans-serif\"'>]</span></u></p>", "level": 0}, {"value": "<p class=\"MsoNormal\" style=\"text-align:justify;line-height:115%\"><span style='font-size:11.0pt;line-height:115%;font-family:\"Arial\",\"sans-serif\"'>[</span><a href=\"https://www.kissmetrics.com/user-privacy/\"><span style='font-size:11.0pt;\nline-height:115%;font-family:\"Arial\",\"sans-serif\";color:windowtext'>Kissmetrics\nOpt-Out Feature</span></a><span style='font-size:11.0pt;line-height:115%;\nfont-family:\"Arial\",\"sans-serif\"'>]</span></p>", "level": 0}, {"value": "<p class=\"MsoNormal\" style=\"text-align:justify;line-height:115%\"><span style='font-size:11.0pt;line-height:115%;font-family:\"Arial\",\"sans-serif\"'>[</span><a href=\"https://mixpanel.com/optout/\"><span style='font-size:11.0pt;line-height:\n115%;font-family:\"Arial\",\"sans-serif\";color:windowtext'>Mixpanel Opt-Out Cookie</span></a><span style='font-size:11.0pt;line-height:115%;font-family:\"Arial\",\"sans-serif\"'>]</span></p>", "level": 0}, {"value": "<p class=\"MsoNormal\" style=\"text-align:justify;line-height:115%\"><a href=\"http://www.networkadvertising.org/choices/\"><span style='font-size:11.0pt;\nline-height:115%;font-family:\"Arial\",\"sans-serif\";color:windowtext'>Network Advertising\nInitiative Opt-Out Tool</span></a></p>", "level": 0}, {"value": "<p class=\"MsoNormal\" style=\"text-align:justify;line-height:115%\"><span style='font-size:11.0pt;line-height:115%;font-family:\"Arial\",\"sans-serif\"'>You\nshould be aware that getting a new computer, installing a new browser,\nupgrading an existing browser, or erasing or otherwise altering your browser\u00e2\u0080\u0099s\ncookies files may also clear certain opt-out cookies, plug-ins, or settings.</span></p>", "level": 0}], [{"value": "<h1 style=\"line-height:115%\"><a name=\"_hs1jfy8yvwt0\"></a>THIRD-PARTY WEBSITES</h1>", "level": 9}, {"value": "<p class=\"MsoNormal\" style=\"text-align:justify;line-height:115%\"><span style='font-size:11.0pt;line-height:115%;font-family:\"Arial\",\"sans-serif\"'>The\nApplication may contain links to third-party websites and applications of\ninterest, including advertisements and external services, that are not\naffiliated with us. Once you have used these links to leave the Application,\nany information you provide to these third parties is not covered by this\nPrivacy Policy, and we cannot guarantee the safety and privacy of your\ninformation. Before visiting and providing any information to any third-party\nwebsites, you should inform yourself of the privacy policies and practices (if\nany) of the third party responsible for that website, and should take those\nsteps necessary to, in your discretion, protect the privacy of your information.\nWe are not responsible for the content or privacy and security practices and\npolicies of any third parties, including other sites, services or applications\nthat may be linked to or from the Application.</span></p>", "level": 0}], [{"value": "<h1 style=\"line-height:115%\"><a name=\"_odf08ny3ibiq\"></a>SECURITY OF YOUR\n        INFORMATION</h1>", "level": 9}, {"value": "<p class=\"MsoNormal\" style=\"text-align:justify;line-height:115%\"><span style='font-size:11.0pt;line-height:115%;font-family:\"Arial\",\"sans-serif\"'>We\nuse administrative, technical, and physical security measures to help protect\nyour personal information.\u00c2\u00a0 While we have taken reasonable steps to secure the\npersonal information you provide to us, please be aware that despite our\nefforts, no security measures are perfect or impenetrable, and no method of\ndata transmission can be guaranteed against any interception or other type of\nmisuse.\u00c2\u00a0 Any information disclosed online is vulnerable to interception and\nmisuse by unauthorized parties.\u00c2\u00a0 Therefore, we cannot guarantee complete\nsecurity if you provide personal information.</span></p>", "level": 0}], [{"value": "<h1 align=\"left\" style=\"text-align:left;line-height:115%\"><a name=\"_fnsu8nbgwwh0\"></a>POLICY\n        FOR CHILDREN</h1>", "level": 9}, {"value": "<p class=\"MsoNormal\" style=\"text-align:justify;line-height:115%\"><span style='font-size:11.0pt;line-height:115%;font-family:\"Arial\",\"sans-serif\"'>We\ndo not knowingly solicit information from or market to children under the age\nof 13. If you become aware of any data we have collected from children under\nage 13, please contact us using the contact information provided below. </span></p>", "level": 0}], [{"value": "<h1 style=\"line-height:115%\"><a name=\"_lchlm3ya7ak\"></a><a name=\"_1na8btj6bp4l\"></a>CALIFORNIA\n        PRIVACY RIGHTS</h1>", "level": 9}, {"value": "<p class=\"MsoNormal\" style=\"text-align:justify;line-height:115%\"><span style='font-size:11.0pt;line-height:115%;font-family:\"Arial\",\"sans-serif\"'>California\nCivil Code Section 1798.83, also known as the \u00e2\u0080\u009cShine The Light\u00e2\u0080\u009d law, permits\nour users who are California residents to request and obtain from us, once a\nyear and free of charge, information about categories of personal information\n(if any) we disclosed to third parties for direct marketing purposes and the\nnames and addresses of all third parties with which we shared personal\ninformation in the immediately preceding calendar year. If you are a California\nresident and would like to make such a request, please submit your request in\nwriting to us using the contact information provided below.</span></p>", "level": 0}, {"value": "<p class=\"MsoNormal\" style=\"text-align:justify;line-height:115%\"><span style='font-size:11.0pt;line-height:115%;font-family:\"Arial\",\"sans-serif\"'>If\nyou are under 18 years of age, reside in California, and have a registered\naccount with the Application, you have the right to request removal of unwanted\ndata that you publicly post on the Application. To request removal of such\ndata, please contact us using the contact information provided below, and\ninclude the email address associated with your account and a statement that you\nreside in California.\u00c2\u00a0 We will make sure the data is not publicly displayed on\nthe Application, but please be aware that the data may not be completely or\ncomprehensively removed from our systems.</span></p>", "level": 0}], [{"value": "<h1 align=\"left\" style=\"text-align:left;line-height:115%\"><a name=\"_v07gykoweind\"></a>CONTACT\n        US</h1>", "level": 9}, {"value": "<p class=\"MsoNormal\" style=\"text-align:justify;line-height:115%\"><span style='font-size:11.0pt;line-height:115%;font-family:\"Arial\",\"sans-serif\"'>If\nyou have questions or comments about this Privacy Policy, please contact us at:</span></p>", "level": 0}, {"value": "<p class=\"MsoNormal\" style=\"text-align:justify;line-height:115%\"><span style='font-size:11.0pt;line-height:115%;font-family:\"Arial\",\"sans-serif\"'>PakApp</span></p>", "level": 0}, {"value": "<p class=\"MsoNormal\" style=\"text-align:justify;line-height:115%\"><span style='font-size:11.0pt;line-height:115%;font-family:\"Arial\",\"sans-serif\"'><a href=\"mailto:danish.jasani1987@gmail.com\">danish.jasani1987@gmail.com</a> \u00c2\u00a0\u00c2\u00a0\u00c2\u00a0\n</span></p>", "level": 0}]]