[[{"value": "<h1><strong>Privacy\u00c2\u00a0Policy\u00c2\u00a0</strong> \u00c2\u00a0</h1>", "level": 9}, {"value": "<p> Last\u00c2\u00a0updated:\u00c2\u00a0\u00e2\u0080\u008b 1-1-2017</p>", "level": 0}, {"value": "<p>My\u00c2\u00a0Company\u00c2\u00a0Bestappsforyou\u00e2\u0080\u008b operates\u00c2\u00a0\u00e2\u0080\u008bhttp://businessworld.co.business.\u00c2\u00a0This\u00c2\u00a0page\u00c2\u00a0informs\u00c2\u00a0you\u00c2\u00a0of\u00c2\u00a0our\u00c2\u00a0policies\u00c2\u00a0regarding\u00c2\u00a0the\u00c2\u00a0collection,\u00c2\u00a0use\u00c2\u00a0and\u00c2\u00a0disclosure\u00c2\u00a0of\u00c2\u00a0 Personal\u00c2\u00a0Information\u00c2\u00a0we\u00c2\u00a0receive\u00c2\u00a0from\u00c2\u00a0users\u00c2\u00a0of\u00c2\u00a0the\u00c2\u00a0Site.\u00c2\u00a0 \u00c2\u00a0 </p>", "level": 0}, {"value": "<p>We\u00c2\u00a0use\u00c2\u00a0your\u00c2\u00a0Personal\u00c2\u00a0Information\u00c2\u00a0only\u00c2\u00a0for\u00c2\u00a0providing\u00c2\u00a0and\u00c2\u00a0improving\u00c2\u00a0the\u00c2\u00a0Site.\u00c2\u00a0By\u00c2\u00a0using\u00c2\u00a0the\u00c2\u00a0Site,\u00c2\u00a0you\u00c2\u00a0agree\u00c2\u00a0to\u00c2\u00a0the\u00c2\u00a0collection\u00c2\u00a0and\u00c2\u00a0use\u00c2\u00a0of\u00c2\u00a0information\u00c2\u00a0in\u00c2\u00a0accordance\u00c2\u00a0with\u00c2\u00a0this\u00c2\u00a0policy.\u00c2\u00a0 \u00c2\u00a0 </p>", "level": 0}, {"value": "<p><strong>Information\u00c2\u00a0Collection\u00c2\u00a0And\u00c2\u00a0Use\u00c2\u00a0 \u00c2\u00a0 </strong></p>", "level": 0}, {"value": "<p>While\u00c2\u00a0using\u00c2\u00a0our\u00c2\u00a0Site,\u00c2\u00a0we\u00c2\u00a0may\u00c2\u00a0ask\u00c2\u00a0you\u00c2\u00a0to\u00c2\u00a0provide\u00c2\u00a0us\u00c2\u00a0with\u00c2\u00a0certain\u00c2\u00a0personally\u00c2\u00a0identifiable\u00c2\u00a0information\u00c2\u00a0 that\u00c2\u00a0can\u00c2\u00a0be\u00c2\u00a0used\u00c2\u00a0to\u00c2\u00a0contact\u00c2\u00a0or\u00c2\u00a0identify\u00c2\u00a0you.\u00c2\u00a0Personally\u00c2\u00a0identifiable\u00c2\u00a0information\u00c2\u00a0may\u00c2\u00a0include,\u00c2\u00a0but\u00c2\u00a0is\u00c2\u00a0not\u00c2\u00a0 limited\u00c2\u00a0to\u00c2\u00a0your\u00c2\u00a0name\u00c2\u00a0(\"Personal\u00c2\u00a0Information\").\u00c2\u00a0 \u00c2\u00a0 </p>", "level": 0}, {"value": "<p><strong>Log\u00c2\u00a0Data\u00c2\u00a0 \u00c2\u00a0</strong></p>", "level": 0}, {"value": "<p>Like\u00c2\u00a0many\u00c2\u00a0site\u00c2\u00a0operators,\u00c2\u00a0we\u00c2\u00a0collect\u00c2\u00a0information\u00c2\u00a0that\u00c2\u00a0your\u00c2\u00a0browser\u00c2\u00a0sends\u00c2\u00a0whenever\u00c2\u00a0you\u00c2\u00a0visit\u00c2\u00a0our\u00c2\u00a0Site\u00c2\u00a0 (\"Log\u00c2\u00a0Data\").</p>", "level": 0}, {"value": "<p> This\u00c2\u00a0Log\u00c2\u00a0Data\u00c2\u00a0may\u00c2\u00a0include\u00c2\u00a0information\u00c2\u00a0such\u00c2\u00a0as\u00c2\u00a0your\u00c2\u00a0computer's\u00c2\u00a0Internet\u00c2\u00a0Protocol\u00c2\u00a0(\"IP\")\u00c2\u00a0address,\u00c2\u00a0 browser\u00c2\u00a0type,\u00c2\u00a0browser\u00c2\u00a0version,\u00c2\u00a0the\u00c2\u00a0pages\u00c2\u00a0of\u00c2\u00a0our\u00c2\u00a0Site\u00c2\u00a0that\u00c2\u00a0you\u00c2\u00a0visit,\u00c2\u00a0the\u00c2\u00a0time\u00c2\u00a0and\u00c2\u00a0date\u00c2\u00a0of\u00c2\u00a0your\u00c2\u00a0visit,\u00c2\u00a0 the\u00c2\u00a0time\u00c2\u00a0spent\u00c2\u00a0on\u00c2\u00a0those\u00c2\u00a0pages\u00c2\u00a0and\u00c2\u00a0other\u00c2\u00a0statistics.\u00c2\u00a0 </p>", "level": 0}, {"value": "<p> In\u00c2\u00a0addition,\u00c2\u00a0we\u00c2\u00a0may\u00c2\u00a0use\u00c2\u00a0third\u00c2\u00a0party\u00c2\u00a0services\u00c2\u00a0such\u00c2\u00a0as\u00c2\u00a0Google\u00c2\u00a0Analytics\u00c2\u00a0that\u00c2\u00a0collect,\u00c2\u00a0monitor\u00c2\u00a0and\u00c2\u00a0 analyze\u00c2\u00a0this\u00c2\u00a0\u00e2\u0080\u00a6\u00c2\u00a0 \u00c2\u00a0 </p>", "level": 0}, {"value": "<p>The\u00c2\u00a0Log\u00c2\u00a0Data\u00c2\u00a0section\u00c2\u00a0is\u00c2\u00a0for\u00c2\u00a0businesses\u00c2\u00a0that\u00c2\u00a0use\u00c2\u00a0analytics\u00c2\u00a0or\u00c2\u00a0tracking\u00c2\u00a0services\u00c2\u00a0in\u00c2\u00a0websites\u00c2\u00a0or\u00c2\u00a0 apps.</p>", "level": 0}, {"value": "<p><strong>Cookies\u00c2\u00a0 \u00c2\u00a0 </strong></p>", "level": 0}, {"value": "<p>Cookies\u00c2\u00a0are\u00c2\u00a0files\u00c2\u00a0with\u00c2\u00a0small\u00c2\u00a0amount\u00c2\u00a0of\u00c2\u00a0data,\u00c2\u00a0which\u00c2\u00a0may\u00c2\u00a0include\u00c2\u00a0an\u00c2\u00a0anonymous\u00c2\u00a0unique\u00c2\u00a0identifier.\u00c2\u00a0 Cookies\u00c2\u00a0are\u00c2\u00a0sent\u00c2\u00a0to\u00c2\u00a0your\u00c2\u00a0browser\u00c2\u00a0from\u00c2\u00a0a\u00c2\u00a0web\u00c2\u00a0site\u00c2\u00a0and\u00c2\u00a0stored\u00c2\u00a0on\u00c2\u00a0your\u00c2\u00a0computer's\u00c2\u00a0hard\u00c2\u00a0drive.\u00c2\u00a0 \u00c2\u00a0 </p>", "level": 0}, {"value": "<p>Like\u00c2\u00a0many\u00c2\u00a0sites,\u00c2\u00a0we\u00c2\u00a0use\u00c2\u00a0\"cookies\"\u00c2\u00a0to\u00c2\u00a0collect\u00c2\u00a0information.\u00c2\u00a0You\u00c2\u00a0can\u00c2\u00a0instruct\u00c2\u00a0your\u00c2\u00a0browser\u00c2\u00a0to\u00c2\u00a0refuse\u00c2\u00a0all\u00c2\u00a0 cookies\u00c2\u00a0or\u00c2\u00a0to\u00c2\u00a0indicate\u00c2\u00a0when\u00c2\u00a0a\u00c2\u00a0cookie\u00c2\u00a0is\u00c2\u00a0being\u00c2\u00a0sent.\u00c2\u00a0However,\u00c2\u00a0if\u00c2\u00a0you\u00c2\u00a0do\u00c2\u00a0not\u00c2\u00a0accept\u00c2\u00a0cookies,\u00c2\u00a0you\u00c2\u00a0may\u00c2\u00a0 not\u00c2\u00a0be\u00c2\u00a0able\u00c2\u00a0to\u00c2\u00a0use\u00c2\u00a0some\u00c2\u00a0portions\u00c2\u00a0of\u00c2\u00a0our\u00c2\u00a0Site.\u00c2\u00a0 \u00c2\u00a0 </p>", "level": 0}, {"value": "<p><strong>Security\u00c2\u00a0 \u00c2\u00a0</strong></p>", "level": 0}, {"value": "<p> The\u00c2\u00a0security\u00c2\u00a0of\u00c2\u00a0your\u00c2\u00a0Personal\u00c2\u00a0Information\u00c2\u00a0is\u00c2\u00a0important\u00c2\u00a0to\u00c2\u00a0us,\u00c2\u00a0but\u00c2\u00a0remember\u00c2\u00a0that\u00c2\u00a0no\u00c2\u00a0method\u00c2\u00a0of\u00c2\u00a0 transmission\u00c2\u00a0over\u00c2\u00a0the\u00c2\u00a0Internet,\u00c2\u00a0or\u00c2\u00a0method\u00c2\u00a0of\u00c2\u00a0electronic\u00c2\u00a0storage,\u00c2\u00a0is\u00c2\u00a0100%\u00c2\u00a0secure.\u00c2\u00a0While\u00c2\u00a0we\u00c2\u00a0strive\u00c2\u00a0to\u00c2\u00a0 use\u00c2\u00a0commercially\u00c2\u00a0acceptable\u00c2\u00a0means\u00c2\u00a0to\u00c2\u00a0protect\u00c2\u00a0your\u00c2\u00a0Personal\u00c2\u00a0Information,\u00c2\u00a0we\u00c2\u00a0cannot\u00c2\u00a0guarantee\u00c2\u00a0its\u00c2\u00a0 absolute\u00c2\u00a0security.\u00c2\u00a0 \u00c2\u00a0 </p>", "level": 0}, {"value": "<p><strong>Changes\u00c2\u00a0To\u00c2\u00a0This\u00c2\u00a0Privacy\u00c2\u00a0Policy\u00c2\u00a0 \u00c2\u00a0</strong></p>", "level": 0}, {"value": "<p> This\u00c2\u00a0Privacy\u00c2\u00a0Policy\u00c2\u00a0is\u00c2\u00a0effective\u00c2\u00a0as\u00c2\u00a0of\u00c2\u00a0\u00e2\u0080\u008b1-1-2017\u00c2\u00a0effect\u00c2\u00a0immediately\u00c2\u00a0after\u00c2\u00a0being\u00c2\u00a0posted\u00c2\u00a0on\u00c2\u00a0this\u00c2\u00a0 page.\u00c2\u00a0 \u00c2\u00a0 </p>", "level": 0}, {"value": "<p>We\u00c2\u00a0reserve\u00c2\u00a0the\u00c2\u00a0right\u00c2\u00a0to\u00c2\u00a0update\u00c2\u00a0or\u00c2\u00a0change\u00c2\u00a0our\u00c2\u00a0Privacy\u00c2\u00a0Policy\u00c2\u00a0at\u00c2\u00a0any\u00c2\u00a0time\u00c2\u00a0and\u00c2\u00a0you\u00c2\u00a0should\u00c2\u00a0check\u00c2\u00a0this\u00c2\u00a0Privacy\u00c2\u00a0Policy\u00c2\u00a0periodically.\u00c2\u00a0</p>", "level": 0}, {"value": "<p>Your\u00c2\u00a0continued\u00c2\u00a0use\u00c2\u00a0of\u00c2\u00a0the\u00c2\u00a0Service\u00c2\u00a0after\u00c2\u00a0we\u00c2\u00a0post\u00c2\u00a0any\u00c2\u00a0modifications\u00c2\u00a0to\u00c2\u00a0the\u00c2\u00a0Privacy\u00c2\u00a0Policy\u00c2\u00a0on\u00c2\u00a0this\u00c2\u00a0page\u00c2\u00a0will\u00c2\u00a0constitute\u00c2\u00a0your\u00c2\u00a0acknowledgment\u00c2\u00a0of\u00c2\u00a0the\u00c2\u00a0modifications\u00c2\u00a0and\u00c2\u00a0your\u00c2\u00a0 consent\u00c2\u00a0to\u00c2\u00a0abide\u00c2\u00a0and\u00c2\u00a0be\u00c2\u00a0bound\u00c2\u00a0by\u00c2\u00a0the\u00c2\u00a0modified\u00c2\u00a0Privacy\u00c2\u00a0Policy.\u00c2\u00a0 \u00c2\u00a0 </p>", "level": 0}, {"value": "<p>If\u00c2\u00a0we\u00c2\u00a0make\u00c2\u00a0any\u00c2\u00a0material\u00c2\u00a0changes\u00c2\u00a0to\u00c2\u00a0this\u00c2\u00a0Privacy\u00c2\u00a0Policy,\u00c2\u00a0we\u00c2\u00a0will\u00c2\u00a0notify\u00c2\u00a0you\u00c2\u00a0either\u00c2\u00a0through\u00c2\u00a0the\u00c2\u00a0email\u00c2\u00a0 address\u00c2\u00a0you\u00c2\u00a0have\u00c2\u00a0provided\u00c2\u00a0us,\u00c2\u00a0or\u00c2\u00a0by\u00c2\u00a0placing\u00c2\u00a0a\u00c2\u00a0prominent\u00c2\u00a0notice\u00c2\u00a0on\u00c2\u00a0our\u00c2\u00a0website.\u00c2\u00a0 \u00c2\u00a0 </p>", "level": 0}, {"value": "<p><strong>Contact\u00c2\u00a0Us\u00c2\u00a0 \u00c2\u00a0 </strong></p>", "level": 0}, {"value": "<p>If\u00c2\u00a0you\u00c2\u00a0have\u00c2\u00a0any\u00c2\u00a0questions\u00c2\u00a0about\u00c2\u00a0this\u00c2\u00a0Privacy\u00c2\u00a0Policy,\u00c2\u00a0please\u00c2\u00a0contact\u00c2\u00a0us.\u00c2\u00a0 \u00c2\u00a0 \u00c2\u00a0 \u00c2\u00a0 \u00c2\u00a0 \u00c2\u00a0 \u00c2\u00a0 \u00c2\u00a0 \u00c2\u00a0 \u00c2\u00a0 \u00c2\u00a0</p>", "level": 0}]]