[[{"value": "<h1>\n                       super jungle world \n                    </h1>", "level": 9}], [{"value": "<h1>Privacy Policy</h1>", "level": 9}, {"value": "<p>Effective date: June 07, 2018</p>", "level": 0}, {"value": "<p>super jungle world (\"us\", \"we\", or \"our\") operates the  website and the super jungle world mobile application (hereinafter referred to as the \"Service\").</p>", "level": 0}, {"value": "<p>This page informs you of our policies regarding the collection, use and disclosure of personal data when you use our Service and the choices you have associated with that data.</p>", "level": 0}, {"value": "<p>We use your data to provide and improve the Service. By using the Service, you agree to the collection and use of information in accordance with this policy. Unless otherwise defined in this Privacy Policy, the terms used in this Privacy Policy have the same meanings as in our Terms and Conditions.</p>", "level": 0}], [{"value": "<h2>Definitions</h2>", "level": 8}, {"value": "<li>\n<p><strong>Service</strong></p>\n<p>Service means the  website and the super jungle world mobile application operated by super jungle world</p>\n</li>", "level": 0}], [{"value": "<p><strong>Service</strong></p>", "level": 1}, {"value": "<p>Service means the  website and the super jungle world mobile application operated by super jungle world</p>", "level": 0}], [{"value": "<p><strong>Personal Data</strong></p>", "level": 1}, {"value": "<p>Personal Data means data about a living individual who can be identified from those data (or from those and other information either in our possession or likely to come into our possession).</p>", "level": 0}], [{"value": "<p><strong>Usage Data</strong></p>", "level": 1}, {"value": "<p>Usage Data is data collected automatically either generated by the use of the Service or from the Service infrastructure itself (for example, the duration of a page visit).</p>", "level": 0}], [{"value": "<p><strong>Cookies</strong></p>", "level": 1}, {"value": "<p>Cookies are small files stored on your device (computer or mobile device).</p>", "level": 0}], [{"value": "<p><strong>Data Controller</strong></p>", "level": 1}, {"value": "<p>Data Controller means the natural or legal person who (either alone or jointly or in common with other persons) determines the purposes for which and the manner in which any personal information are, or are to be, processed.</p>", "level": 0}, {"value": "<p>For the purpose of this Privacy Policy, we are a Data Controller of your Personal Data.</p>", "level": 0}], [{"value": "<p><strong>Data Processors (or Service Providers)</strong></p>", "level": 1}, {"value": "<p>Data Processor (or Service Provider) means any natural or legal person who processes the data on behalf of the Data Controller.</p>", "level": 0}, {"value": "<p>We may use the services of various Service Providers in order to process your data more effectively.</p>", "level": 0}], [{"value": "<p><strong>Data Subject (or User)</strong></p>", "level": 1}, {"value": "<p>Data Subject is any living individual who is using our Service and is the subject of Personal Data.</p>", "level": 0}], [{"value": "<h2>Information Collection and Use</h2>", "level": 8}, {"value": "<p>We collect several different types of information for various purposes to provide and improve our Service to you.</p>", "level": 0}], [{"value": "<h3>Types of Data Collected</h3>", "level": 7}], [{"value": "<h4>Personal Data</h4>", "level": 6}, {"value": "<p>While using our Service, we may ask you to provide us with certain personally identifiable information that can be used to contact or identify you (\"Personal Data\"). Personally identifiable information may include, but is not limited to:</p>", "level": 0}, {"value": "<ul>\n<li>Cookies and Usage Data</li>\n</ul>", "level": 0}], [{"value": "<h4>Usage Data</h4>", "level": 6}, {"value": "<p>We may also collect information that your browser sends whenever you visit our Service or when you access the Service by or through a mobile device (\"Usage Data\").</p>", "level": 0}, {"value": "<p>This Usage Data may include information such as your computer's Internet Protocol address (e.g. IP address), browser type, browser version, the pages of our Service that you visit, the time and date of your visit, the time spent on those pages, unique device identifiers and other diagnostic data.</p>", "level": 0}, {"value": "<p>When you access the Service with a mobile device, this Usage Data may include information such as the type of mobile device you use, your mobile device unique ID, the IP address of your mobile device, your mobile operating system, the type of mobile Internet browser you use, unique device identifiers and other diagnostic data.</p>", "level": 0}], [{"value": "<h4>Tracking &amp; Cookies Data</h4>", "level": 6}, {"value": "<p>We use cookies and similar tracking technologies to track the activity on our Service and we hold certain information.</p>", "level": 0}, {"value": "<p>Cookies are files with a small amount of data which may include an anonymous unique identifier. Cookies are sent to your browser from a website and stored on your device. Other tracking technologies are also used such as beacons, tags and scripts to collect and track information and to improve and analyse our Service.</p>", "level": 0}, {"value": "<p>You can instruct your browser to refuse all cookies or to indicate when a cookie is being sent. However, if you do not accept cookies, you may not be able to use some portions of our Service.</p>", "level": 0}, {"value": "<p>Examples of Cookies we use:</p>", "level": 0}, {"value": "<ul>\n<li><strong>Session Cookies.</strong> We use Session Cookies to operate our Service.</li>\n<li><strong>Preference Cookies.</strong> We use Preference Cookies to remember your preferences and various settings.</li>\n<li><strong>Security Cookies.</strong> We use Security Cookies for security purposes.</li>\n<li><strong>Advertising Cookies.</strong> Advertising Cookies are used to serve you with advertisements that may be relevant to you and your interests.</li></ul>", "level": 0}], [{"value": "<h2>Use of Data</h2>", "level": 8}, {"value": "<p>super jungle world uses the collected data for various purposes:</p>", "level": 0}, {"value": "<ul>\n<li>To provide and maintain our Service</li>\n<li>To notify you about changes to our Service</li>\n<li>To allow you to participate in interactive features of our Service when you choose to do so</li>\n<li>To provide customer support</li>\n<li>To gather analysis or valuable information so that we can improve our Service</li>\n<li>To monitor the usage of our Service</li>\n<li>To detect, prevent and address technical issues</li>\n</ul>", "level": 0}], [{"value": "<h2>Legal Basis for Processing Personal Data under the General Data Protection Regulation (GDPR)</h2>", "level": 8}, {"value": "<p>If you are from the European Economic Area (EEA), super jungle world legal basis for collecting and using the personal information described in this Privacy Policy depends on the Personal Data we collect and the specific context in which we collect it.</p>", "level": 0}, {"value": "<p>super jungle world may process your Personal Data because:</p>", "level": 0}, {"value": "<ul>\n<li>We need to perform a contract with you</li>\n<li>You have given us permission to do so</li>\n<li>The processing is in our legitimate interests and it is not overridden by your rights</li>\n<li>For payment processing purposes</li> <li>To comply with the law</li>\n</ul>", "level": 0}], [{"value": "<h2>Retention of Data</h2>", "level": 8}, {"value": "<p>super jungle world will retain your Personal Data only for as long as is necessary for the purposes set out in this Privacy Policy. We will retain and use your Personal Data to the extent necessary to comply with our legal obligations (for example, if we are required to retain your data to comply with applicable laws), resolve disputes and enforce our legal agreements and policies.</p>", "level": 0}, {"value": "<p>super jungle world will also retain Usage Data for internal analysis purposes. Usage Data is generally retained for a shorter period of time, except when this data is used to strengthen the security or to improve the functionality of our Service, or we are legally obligated to retain this data for longer periods.</p>", "level": 0}], [{"value": "<h2>Transfer of Data</h2>", "level": 8}, {"value": "<p>Your information, including Personal Data, may be transferred to \u00e2\u0080\u0094 and maintained on \u00e2\u0080\u0094 computers located outside of your state, province, country or other governmental jurisdiction where the data protection laws may differ from those of your jurisdiction.</p>", "level": 0}, {"value": "<p>If you are located outside Morocco and choose to provide information to us, please note that we transfer the data, including Personal Data, to Morocco and process it there.</p>", "level": 0}, {"value": "<p>Your consent to this Privacy Policy followed by your submission of such information represents your agreement to that transfer.</p>", "level": 0}, {"value": "<p>super jungle world will take all the steps reasonably necessary to ensure that your data is treated securely and in accordance with this Privacy Policy and no transfer of your Personal Data will take place to an organisation or a country unless there are adequate controls in place including the security of your data and other personal information.</p>", "level": 0}], [{"value": "<h2>Disclosure of Data</h2>", "level": 8}], [{"value": "<h3>Legal Requirements</h3>", "level": 7}, {"value": "<p>super jungle world may disclose your Personal Data in the good faith belief that such action is necessary to:</p>", "level": 0}, {"value": "<ul>\n<li>To comply with a legal obligation</li>\n<li>To protect and defend the rights or property of super jungle world</li>\n<li>To prevent or investigate possible wrongdoing in connection with the Service</li>\n<li>To protect the personal safety of users of the Service or the public</li>\n<li>To protect against legal liability</li>\n</ul>", "level": 0}], [{"value": "<h2>Security of Data</h2>", "level": 8}, {"value": "<p>The security of your data is important to us but remember that no method of transmission over the Internet or method of electronic storage is 100% secure. While we strive to use commercially acceptable means to protect your Personal Data, we cannot guarantee its absolute security.</p>", "level": 0}], [{"value": "<h2>Our Policy on \"Do Not Track\" Signals under the California Online Protection Act (CalOPPA)</h2>", "level": 8}, {"value": "<p>We do not support Do Not Track (\"DNT\"). Do Not Track is a preference you can set in your web browser to inform websites that you do not want to be tracked.</p>", "level": 0}, {"value": "<p>You can enable or disable Do Not Track by visiting the Preferences or Settings page of your web browser.</p>", "level": 0}], [{"value": "<h2>Your Data Protection Rights under the General Data Protection Regulation (GDPR)</h2>", "level": 8}, {"value": "<p>If you are a resident of the European Economic Area (EEA), you have certain data protection rights. super jungle world aims to take reasonable steps to allow you to correct, amend, delete or limit the use of your Personal Data.</p>", "level": 0}, {"value": "<p>If you wish to be informed about what Personal Data we hold about you and if you want it to be removed from our systems, please contact us.</p>", "level": 0}, {"value": "<p>In certain circumstances, you have the following data protection rights:</p>", "level": 0}, {"value": "<ul>\n<li>\n<p><strong>The right to access, update or delete the information we have on you.</strong> Whenever made possible, you can access, update or request deletion of your Personal Data directly within your account settings section. If you are unable to perform these actions yourself, please contact us to assist you.</p>\n</li>\n<li>\n<p><strong>The right of rectification.</strong> You have the right to have your information rectified if that information is inaccurate or incomplete.</p>\n</li>\n<li>\n<p><strong>The right to object.</strong> You have the right to object to our processing of your Personal Data.</p>\n</li>\n<li>\n<p><strong>The right of restriction.</strong> You have the right to request that we restrict the processing of your personal information.</p>\n</li>\n<li>\n<p><strong>The right to data portability.</strong> You have the right to be provided with a copy of the information we have on you in a structured, machine-readable and commonly used format.</p>\n</li>\n<li>\n<p><strong>The right to withdraw consent.</strong> You also have the right to withdraw your consent at any time where super jungle world relied on your consent to process your personal information.</p>\n</li>\n</ul>", "level": 0}, {"value": "<p>Please note that we may ask you to verify your identity before responding to such requests.</p>", "level": 0}, {"value": "<p>You have the right to complain to a Data Protection Authority about our collection and use of your Personal Data. For more information, please contact your local data protection authority in the European Economic Area (EEA).</p>", "level": 0}], [{"value": "<h2>Service Providers</h2>", "level": 8}, {"value": "<p>We may employ third party companies and individuals to facilitate our Service (\"Service Providers\"), provide the Service on our behalf, perform Service-related services or assist us in analysing how our Service is used.</p>", "level": 0}, {"value": "<p>These third parties have access to your Personal Data only to perform these tasks on our behalf and are obligated not to disclose or use it for any other purpose.</p>", "level": 0}], [{"value": "<h3>Advertising</h3>", "level": 7}, {"value": "<p>We may use third-party Service Providers to show advertisements to you to help support and maintain our Service.</p>", "level": 0}, {"value": "<li>\n<p><strong>AdMob by Google</strong></p>\n<p>AdMob by Google is provided by Google Inc.</p>\n<p>You can opt-out from the AdMob by Google service by following the instructions described by Google: <a href=\"https://support.google.com/ads/answer/2662922?hl=en\">https://support.google.com/ads/answer/2662922?hl=en</a></p>\n<p>For more information on how Google uses the collected information, please visit the \"How Google uses data when you use our partners' sites or app\" page: <a href=\"http://www.google.com/policies/privacy/partners/\">http://www.google.com/policies/privacy/partners/</a> or visit the Privacy Policy of Google: <a href=\"http://www.google.com/policies/privacy/\">http://www.google.com/policies/privacy/</a></p>\n</li>", "level": 0}], [{"value": "<p><strong>AdMob by Google</strong></p>", "level": 1}, {"value": "<p>AdMob by Google is provided by Google Inc.</p>", "level": 0}, {"value": "<p>You can opt-out from the AdMob by Google service by following the instructions described by Google: <a href=\"https://support.google.com/ads/answer/2662922?hl=en\">https://support.google.com/ads/answer/2662922?hl=en</a></p>", "level": 0}, {"value": "<p>For more information on how Google uses the collected information, please visit the \"How Google uses data when you use our partners' sites or app\" page: <a href=\"http://www.google.com/policies/privacy/partners/\">http://www.google.com/policies/privacy/partners/</a> or visit the Privacy Policy of Google: <a href=\"http://www.google.com/policies/privacy/\">http://www.google.com/policies/privacy/</a></p>", "level": 0}], [{"value": "<h3>Payments</h3>", "level": 7}, {"value": "<p>We may provide paid products and/or services within the Service. In that case, we use third-party services for payment processing (e.g. payment processors).</p>", "level": 0}, {"value": "<p>We will not store or collect your payment card details. That information is provided directly to our third-party payment processors whose use of your personal information is governed by their Privacy Policy. These payment processors adhere to the standards set by PCI-DSS as managed by the PCI Security Standards Council, which is a joint effort of brands like Visa, MasterCard, American\nExpress and Discover. PCI-DSS requirements help ensure the secure handling of payment information.</p>", "level": 0}, {"value": "<p>The payment processors we work with are:</p>", "level": 0}, {"value": "<li>\n<p><strong>Google Play In-App Payments</strong></p>\n<p>Their Privacy Policy can be viewed at <a href=\"https://www.google.com/policies/privacy/\">https://www.google.com/policies/privacy/</a></p>\n</li>", "level": 0}], [{"value": "<p><strong>Google Play In-App Payments</strong></p>", "level": 1}, {"value": "<p>Their Privacy Policy can be viewed at <a href=\"https://www.google.com/policies/privacy/\">https://www.google.com/policies/privacy/</a></p>", "level": 0}], [{"value": "<h2>Links to Other Sites</h2>", "level": 8}, {"value": "<p>Our Service may contain links to other sites that are not operated by us. If you click a third party link, you will be directed to that third party's site. We strongly advise you to review the Privacy Policy of every site you visit.</p>", "level": 0}, {"value": "<p>We have no control over and assume no responsibility for the content, privacy policies or practices of any third party sites or services.</p>", "level": 0}], [{"value": "<h2>Children's Privacy</h2>", "level": 8}, {"value": "<p>Our Service does not address anyone under the age of 18 (\"Children\").</p>", "level": 0}, {"value": "<p>We do not knowingly collect personally identifiable information from anyone under the age of 18. If you are a parent or guardian and you are aware that your Child has provided us with Personal Data, please contact us. If we become aware that we have collected Personal Data from children without verification of parental consent, we take steps to remove that information from our servers.</p>", "level": 0}], [{"value": "<h2>Changes to This Privacy Policy</h2>", "level": 8}, {"value": "<p>We may update our Privacy Policy from time to time. We will notify you of any changes by posting the new Privacy Policy on this page.</p>", "level": 0}, {"value": "<p>We will let you know via email and/or a prominent notice on our Service, prior to the change becoming effective and update the \"effective date\" at the top of this Privacy Policy.</p>", "level": 0}, {"value": "<p>You are advised to review this Privacy Policy periodically for any changes. Changes to this Privacy Policy are effective when they are posted on this page.</p>", "level": 0}], [{"value": "<h2>Contact Us</h2>", "level": 8}, {"value": "<p>If you have any questions about this Privacy Policy, please contact us:</p>", "level": 0}, {"value": "<ul>\n<li>By email: games.64@platformfunpro.com</li>\n</ul>", "level": 0}, {"value": "<div class=\"page-footer\">\n<div class=\"container\">\n<div class=\"row\">\n<div class=\"col-md-12\">\n                    Privacy Policy of super jungle world\n                </div>\n</div>\n</div>\n</div>", "level": 0}]]