[[{"value": "<h3>Introduction</h3>", "level": 7}, {"value": "<p>\nThis is the Got Radio\n App. In this Privacy Policy, We refer to our applications and services as the \u00e2\u0080\u009cApplication\u00e2\u0080\u009d. Please read on to learn more about our data handling practices. Your use of the Application signifies that you agree with the terms of this Privacy Policy. If you do not agree with the terms of this Privacy Policy, do not use the Application.\n</p>", "level": 0}], [{"value": "<h3>Information we collect</h3>", "level": 7}, {"value": "<p>\nThe Application may collect certain information automatically, including, but not limited to, the type of mobile device you use, your mobile devices unique device ID and your mobile operating system.\n</p>", "level": 0}, {"value": "<p>\nWhen you install Application on your device we collect the following types of information from you:\n</p>", "level": 0}, {"value": "<p>\nGeolocation. We collect information from your device about your location (\u00e2\u0080\u009cGeolocation Information\u00e2\u0080\u009c). Currently, we only use Geolocation Information for providing weather forecast based on your location, as well as for general analytics.\n</p>", "level": 0}, {"value": "<p>\nDevice information. We collect information about your device because several functions of the Application needs to identify you, this is something that is used for rating songs, as well as for general analytics.\n</p>", "level": 0}, {"value": "<p>\nApplication may also collect and gather personally identifiable information, such as certain profile information preferences and publicly-available profiles on other applications (for example your name and email address). Currently the app is using personal information when you choose to participate in the chat or to send a voice message to the Radio Station.\n</p>", "level": 0}, {"value": "<p>\nBy choosing to share that information, you should understand that you may no longer be able to control how that information is used and that it may become publicly available (depending in part on your actions or the actions of others with whom you have shared the information). We are not responsible for any use or misuse of information you share.\n</p>", "level": 0}, {"value": "<p>\nYou can stop all collection of information by the Application easily by uninstalling the Application. You may use the standard uninstall processes as may be available as part of your mobile device or via the mobile application marketplace or network.\n</p>", "level": 0}], [{"value": "<h3>Sharing of your information</h3>", "level": 7}, {"value": "<p>\nOnly aggregated, anonymized data is periodically transmitted to external services such as Google Analytics to help us improve the Application and our service.\n</p>", "level": 0}, {"value": "<p>\nWe will not trade, rent or sell your information to third parties.\n</p>", "level": 0}, {"value": "<p>\nAny information or content that you voluntarily disclose for posting to the Application, such as chat messages, becomes available to the public. Once you have shared User Content or made it public, that User Content may be re-shared by others.\n</p>", "level": 0}, {"value": "<p>\nYour information may be stored and processed in any country in which Application maintains facilities. In this regard, or for purposes of sharing or disclosing data as described in this Privacy Policy, We reserve the right to transfer information outside of your country. By using the Application, you consent to any such transfer of information outside of your country.\n</p>", "level": 0}, {"value": "<p>\nIn addition, due to the inherent nature of the Internet and related technology, we do not guarantee the protection of information under our control against loss, misuse or alteration.\n</p>", "level": 0}], [{"value": "<h3>How we use information we collect</h3>", "level": 7}, {"value": "<p>\nWe use or may disclose your personal information only as follows:\n</p>", "level": 0}, {"value": "<p>\n \u2022 To connect you with others as enabled by the Application;\n</p>", "level": 0}, {"value": "<p>\n \u2022 To provide you with relevant content that you requested, using information that you allow me to collect from you or that you provide to a social media provider with which your Application account is connected, such as information regarding your and your Application contacts' respective locations;\n</p>", "level": 0}, {"value": "<p>\n \u2022 For internal operations, including troubleshooting problems, data analysis, testing, research, improvements to the Application, detecting and protecting against error, fraud or other illegal activity;\n</p>", "level": 0}], [{"value": "<h3>Third party links</h3>", "level": 7}, {"value": "<p>\nOccasionally, at my discretion, we may include or offer third party or services in our applications. These third party services have separate and independent privacy policies. We therefore have no responsibility or liability for the content and activities of these linked applications. Nonetheless, we seek to protect the integrity of our applications and welcome any feedback about these applications.\n</p>", "level": 0}], [{"value": "<h3>Notification of Changes</h3>", "level": 7}, {"value": "<p>\nWe reserve the right at our discretion to make changes to this Privacy Policy. You may review updates to our Privacy Policy at any time via links on Google Play account. We reserve the right to modify this policy from time to time, so please review it frequently.\n</p>", "level": 0}, {"value": "<p>\nIf we make material changes to this policy, we will notify you by publishing a revised Privacy Policy or as required by law. You agree to review the Privacy Policy periodically so that you are aware of any modifications. You agree that your continued use of the Application after we publish a revised Privacy Policy or provide a notice on my applications constitutes your acceptance of the revised Privacy Policy. If you do not agree with the terms of the Privacy Policy, you should not use the Application.\n</p>", "level": 0}], [{"value": "<h3>Contact Information</h3>", "level": 7}, {"value": "<p>\nIf you have any questions about this Privacy Policy, please contact us at jon@empirestreaming.com. Any personally identifiable information provided in connection with inquiries related to this Privacy Policy will be used solely for the purpose of responding to the inquiry and consistent with our Privacy Policy.\n</p>", "level": 0}]]