[[{"value": "<h2>Privacy Policy - Unique Telecom</h2>", "level": 8}, {"value": "<div class=\"excerpt\"><p>Unique Telecom is serious about protecting your privacy, and we are committed to maintain the privacy of the personal information that you provide to us. By using our app, you acknowledge that the terms and conditions in this Privacy Policy will apply to you, as well as to any information that you give us. Please read the following Privacy Policy which explains how we use and protect your information:<br/><br/></p></div>", "level": 0}], [{"value": "<h4>1. Information Collection and Use</h4>", "level": 6}, {"value": "<p>For a better experience while using our Service, we may require you to provide us with certain personally identifiable information, including but not limited to your contact, network info etc. The information that we request is will be retained by us and used as described in this privacy policy.\n\t\t\t\t\t\t\t\tThe app does use third party services that may collect information used to identify you.<br/><br/></p>", "level": 0}], [{"value": "<h4>2. Log / Troubleshooting Data</h4>", "level": 6}, {"value": "<p>We want to inform you that whenever you use our Service, in case of an error in the app we collect data and information (through third party products) on your phone called Log Data. This Log Data may include information such as your device's Internet Protocol (\"IP\") address, device name, operating system version, configuration of the app when utilising our Service, the time and date of your use of the Service, and other statistics.<br/><br/></p>", "level": 0}], [{"value": "<h4>3. Cookies and other technologies</h4>", "level": 6}, {"value": "<p>\"Cookies\" and similar technologies, such as web beacons and locally stored objects, are small data files that we transfer to your computer that collect information such as the pages visited, the date and the time of a visit and other information about your use of the Services. Cookies in and of themselves don't personally identify you, although they do identify your computer, your accounts, your browser, and your session.<br/><br/></p>", "level": 0}], [{"value": "<h4>4. Service Providers</h4>", "level": 6}, {"value": "<p>We may employ third-party companies and individuals to accomplish the following activities:</p>", "level": 0}, {"value": "<div class=\"note\">\n<ol>\n<li>To facilitate our service;</li>\n<li>To provide the service on our behalf;</li>\n<li>To perform service-related tasks; or</li>\n<li>To assist us in analysing how our service is used.</li><br/>\n</ol>\n<div class=\"clear\"></div>\n</div>", "level": 0}], [{"value": "<h4>5. Security</h4>", "level": 6}, {"value": "<p>Your account, registration information, and password are protected so that only you (or any third parties that you allow to access your login credentials) can access your account. All personally identifiable information that we collect about you is stored in limited-access servers. The Service has technical, administrative, and physical security measures in place to protect against the loss, misuse and alteration of the information which is under our control. While we are committed to implementing reasonable and appropriate safeguards to protect your information against foreseeable risks, no computer system or information can ever be fully protected against any possible risk, and we cannot guarantee that unauthorized third parties will not be able to circumvent those safeguards, or access and/or use your personal information for improper purposes.<br/><br/></p>", "level": 0}], [{"value": "<h4>6. Children's Privacy</h4>", "level": 6}, {"value": "<p>This Service does not address anyone under the age of 13. We do not knowingly collect personal identifiable information from children under 13. In the case we discover that a child under 13 has provided us with personal information, we immediately delete this from our servers. If you are a parent or guardian and you are aware that your child has provided us with personal information, please contact us so that we will be able to do necessary actions.<br/><br/></p>", "level": 0}], [{"value": "<h4>7. Changes to This Privacy Policy</h4>", "level": 6}, {"value": "<p>We may update our Privacy Policy from time to time. Thus, you are advised to review this page periodically for any changes. We will notify you of any changes by posting the new Privacy Policy on this page. These changes are effective immediately, after they are posted on this page.<br/><br/></p>", "level": 0}], [{"value": "<h4>8. Contact Us</h4>", "level": 6}, {"value": "<p>If you have any questions or suggestions about our Privacy Policy, do not hesitate to contact us at <a href=\"mailto:info@u-telecom.co.uk\">info@u-telecom.co.uk</a></p>", "level": 0}, {"value": "<footer>\n<div class=\"zerogrid\">\n<div class=\"wrap-footer\">\n<div class=\"row\">\n<div class=\"col-1-2\">\n<div class=\"wrap-col\">\n<div class=\"copy-right\">\n<p>Copyright 2017 - Unique Telecom</p>\n</div>\n</div>\n</div>\n</div>\n</div>\n</div>\n</footer>", "level": 0}]]