[[{"value": "<h3 class=\"title\">\nSearch This Blog\n</h3>", "level": 7}], [{"value": "<h1>\n<a href=\"http://utilityappspolicy.blogspot.com/\">\nUtilityapps\n</a>\n</h1>", "level": 9}, {"value": "<div class=\"byline post-share-buttons goog-inline-block\">\n<div aria-owns=\"sharing-popup-Blog1-byline-34065653811540923\" class=\"sharing\" data-title=\"\">\n<button aria-controls=\"sharing-popup-Blog1-byline-34065653811540923\" aria-label=\"Share\" class=\"sharing-button touch-icon-button\" id=\"sharing-button-Blog1-byline-34065653811540923\" role=\"button\">\n<div class=\"flat-icon-button ripple\">\n<svg class=\"svg-icon-24\">\n<use xlink:href=\"/responsive/sprite_v1_6.css.svg#ic_share_black_24dp\" xmlns:xlink=\"http://www.w3.org/1999/xlink\"></use>\n</svg>\n</div>\n</button>\n<div class=\"share-buttons-container\">\n<ul aria-hidden=\"true\" aria-label=\"Share\" class=\"share-buttons hidden\" id=\"sharing-popup-Blog1-byline-34065653811540923\" role=\"menu\">\n<li>\n<span aria-label=\"Get link\" class=\"sharing-platform-button sharing-element-link\" data-href=\"https://www.blogger.com/share-post.g?blogID=5654541940319848596&amp;postID=34065653811540923&amp;target=\" data-url=\"http://utilityappspolicy.blogspot.com/2017/06/utility-app-policy.html\" role=\"menuitem\" tabindex=\"-1\" title=\"Get link\">\n<svg class=\"svg-icon-24 touch-icon sharing-link\">\n<use xlink:href=\"/responsive/sprite_v1_6.css.svg#ic_24_link_dark\" xmlns:xlink=\"http://www.w3.org/1999/xlink\"></use>\n</svg>\n<span class=\"platform-sharing-text\">Get link</span>\n</span>\n</li>\n<li>\n<span aria-label=\"Share to Facebook\" class=\"sharing-platform-button sharing-element-facebook\" data-href=\"https://www.blogger.com/share-post.g?blogID=5654541940319848596&amp;postID=34065653811540923&amp;target=facebook\" data-url=\"http://utilityappspolicy.blogspot.com/2017/06/utility-app-policy.html\" role=\"menuitem\" tabindex=\"-1\" title=\"Share to Facebook\">\n<svg class=\"svg-icon-24 touch-icon sharing-facebook\">\n<use xlink:href=\"/responsive/sprite_v1_6.css.svg#ic_24_facebook_dark\" xmlns:xlink=\"http://www.w3.org/1999/xlink\"></use>\n</svg>\n<span class=\"platform-sharing-text\">Facebook</span>\n</span>\n</li>\n<li>\n<span aria-label=\"Share to Twitter\" class=\"sharing-platform-button sharing-element-twitter\" data-href=\"https://www.blogger.com/share-post.g?blogID=5654541940319848596&amp;postID=34065653811540923&amp;target=twitter\" data-url=\"http://utilityappspolicy.blogspot.com/2017/06/utility-app-policy.html\" role=\"menuitem\" tabindex=\"-1\" title=\"Share to Twitter\">\n<svg class=\"svg-icon-24 touch-icon sharing-twitter\">\n<use xlink:href=\"/responsive/sprite_v1_6.css.svg#ic_24_twitter_dark\" xmlns:xlink=\"http://www.w3.org/1999/xlink\"></use>\n</svg>\n<span class=\"platform-sharing-text\">Twitter</span>\n</span>\n</li>\n<li>\n<span aria-label=\"Share to Pinterest\" class=\"sharing-platform-button sharing-element-pinterest\" data-href=\"https://www.blogger.com/share-post.g?blogID=5654541940319848596&amp;postID=34065653811540923&amp;target=pinterest\" data-url=\"http://utilityappspolicy.blogspot.com/2017/06/utility-app-policy.html\" role=\"menuitem\" tabindex=\"-1\" title=\"Share to Pinterest\">\n<svg class=\"svg-icon-24 touch-icon sharing-pinterest\">\n<use xlink:href=\"/responsive/sprite_v1_6.css.svg#ic_24_pinterest_dark\" xmlns:xlink=\"http://www.w3.org/1999/xlink\"></use>\n</svg>\n<span class=\"platform-sharing-text\">Pinterest</span>\n</span>\n</li>\n<li>\n<span aria-label=\"Share to Google+\" class=\"sharing-platform-button sharing-element-googlePlus\" data-href=\"https://www.blogger.com/share-post.g?blogID=5654541940319848596&amp;postID=34065653811540923&amp;target=googleplus\" data-url=\"http://utilityappspolicy.blogspot.com/2017/06/utility-app-policy.html\" role=\"menuitem\" tabindex=\"-1\" title=\"Share to Google+\">\n<svg class=\"svg-icon-24 touch-icon sharing-googlePlus\">\n<use xlink:href=\"/responsive/sprite_v1_6.css.svg#ic_24_googlePlus_dark\" xmlns:xlink=\"http://www.w3.org/1999/xlink\"></use>\n</svg>\n<span class=\"platform-sharing-text\">Google+</span>\n</span>\n</li>\n<li>\n<span aria-label=\"Email\" class=\"sharing-platform-button sharing-element-email\" data-href=\"https://www.blogger.com/share-post.g?blogID=5654541940319848596&amp;postID=34065653811540923&amp;target=email\" data-url=\"http://utilityappspolicy.blogspot.com/2017/06/utility-app-policy.html\" role=\"menuitem\" tabindex=\"-1\" title=\"Email\">\n<svg class=\"svg-icon-24 touch-icon sharing-email\">\n<use xlink:href=\"/responsive/sprite_v1_6.css.svg#ic_24_email_dark\" xmlns:xlink=\"http://www.w3.org/1999/xlink\"></use>\n</svg>\n<span class=\"platform-sharing-text\">Email</span>\n</span>\n</li>\n<li aria-hidden=\"true\" class=\"hidden\">\n<span aria-label=\"Share to other apps\" class=\"sharing-platform-button sharing-element-other\" data-url=\"http://utilityappspolicy.blogspot.com/2017/06/utility-app-policy.html\" role=\"menuitem\" tabindex=\"-1\" title=\"Share to other apps\">\n<svg class=\"svg-icon-24 touch-icon sharing-sharingOther\">\n<use xlink:href=\"/responsive/sprite_v1_6.css.svg#ic_more_horiz_black_24dp\" xmlns:xlink=\"http://www.w3.org/1999/xlink\"></use>\n</svg>\n<span class=\"platform-sharing-text\">Other Apps</span>\n</span>\n</li>\n</ul>\n</div>\n</div>\n</div>", "level": 0}, {"value": "<div class=\"post-header\">\n<div class=\"post-header-line-1\">\n<span class=\"byline post-timestamp\">\n<meta content=\"http://utilityappspolicy.blogspot.com/2017/06/utility-app-policy.html\"/>\n<a class=\"timestamp-link\" href=\"http://utilityappspolicy.blogspot.com/2017/06/utility-app-policy.html\" rel=\"bookmark\" title=\"permanent link\">\n<time class=\"published\" datetime=\"2017-06-17T03:58:00-07:00\" title=\"2017-06-17T03:58:00-07:00\">\nJune 17, 2017\n</time>\n</a>\n</span>\n</div>\n</div>", "level": 0}, {"value": "<div class=\"container\">\n<h2 style=\"font-size: 44px; margin: 0px; display: inline-block; width: 100%; line-height: 1; margin-bottom: 20px;\">Privacy Policy</h2>\n<div class=\"col-sm-12 wowload fadeInLeft animated\">\nWhen you use\u00a0<a href=\"https://play.google.com/store/apps/developer?id=Utility+App\" style=\"background: 0px 0px; box-sizing: border-box; color: #ff9144; outline: none !important; text-decoration-line: none; transition: all 0.3s ease-in-out;\"><span style=\"box-sizing: border-box; font-weight: 700;\">Utility App</span></a>\u00a0Mobile applications on Android, This Privacy Policy describes the information collected by\u00a0\u00a0<a href=\"https://play.google.com/store/apps/developer?id=Utility+App\" style=\"background: 0px 0px; box-sizing: border-box; color: #ff9144; outline: none !important; text-decoration-line: none; transition: all 0.3s ease-in-out;\"><span style=\"box-sizing: border-box; font-weight: 700;\">Utility App</span></a>\u00a0through our mobile applications and how we use that information.\u00a0 Your privacy is important to Utility App. Sometimes we need information to provide services that you request;\u00a0We are committed to protecting the privacy of all visitors.\n                  </div>\n</div>", "level": 0}], [{"value": "<h2 style=\"font-size: 44px; margin: 0px; display: inline-block; width: 100%; line-height: 1; margin-bottom: 20px;\">Privacy Policy</h2>", "level": 8}, {"value": "<div class=\"col-sm-12 wowload fadeInLeft animated\">\nWhen you use\u00a0<a href=\"https://play.google.com/store/apps/developer?id=Utility+App\" style=\"background: 0px 0px; box-sizing: border-box; color: #ff9144; outline: none !important; text-decoration-line: none; transition: all 0.3s ease-in-out;\"><span style=\"box-sizing: border-box; font-weight: 700;\">Utility App</span></a>\u00a0Mobile applications on Android, This Privacy Policy describes the information collected by\u00a0\u00a0<a href=\"https://play.google.com/store/apps/developer?id=Utility+App\" style=\"background: 0px 0px; box-sizing: border-box; color: #ff9144; outline: none !important; text-decoration-line: none; transition: all 0.3s ease-in-out;\"><span style=\"box-sizing: border-box; font-weight: 700;\">Utility App</span></a>\u00a0through our mobile applications and how we use that information.\u00a0 Your privacy is important to Utility App. Sometimes we need information to provide services that you request;\u00a0We are committed to protecting the privacy of all visitors.\n                  </div>", "level": 0}], [{"value": "<h4 style='box-sizing: border-box; color: #333333; color: inherit; font-family: \"roboto\" , \"arial\" , \"helvetica\"; font-size: 1.5em; font-stretch: normal; font-weight: 300; line-height: normal; margin: 2em 0px 1em;'>\n<span style=\"box-sizing: border-box; font-weight: 700;\">Personal Information\u00a0:</span>\n</h4>", "level": 6}, {"value": "<div style=\"box-sizing: border-box; font-size: 1em; line-height: 1.7em; margin-bottom: 1.7em;\">\n<span style=\"box-sizing: border-box; font-weight: 700;\">Take Photos and Videos:</span>\u00a0This permission allows us to use your device\u2019s camera to take photos / videos and turn ON/OFF Camera Flash.<br/>\n<span style=\"box-sizing: border-box; font-weight: 700;\">Modify system settings:</span>\u00a0This permission is used in settings, in order to switch or adjust ringtone, vibration and brightness level of the screen.<br/>\n<span style=\"box-sizing: border-box; font-weight: 700;\">Expand/collapse status bar:</span>This permission is used for the gesture feature of User System to expand and collapse the status bar.<br/>\n<span style=\"box-sizing: border-box; font-weight: 700;\">Anonymous identifiers:</span>we use anonymous identifiers when you interact with services such as advertising services and others.<br/>\n<span style=\"box-sizing: border-box; font-weight: 700;\">Photos / Media Files:</span>Modify or delete the contents of your Storage.<br/>\n<span style=\"box-sizing: border-box; font-weight: 700;\">Full network access:</span>This permission is used to access the device\u2019s network for certain functions including receiving update notifications or accessing app classification labels.<br/>\n<span style=\"box-sizing: border-box; font-weight: 700;\">Connect and disconnect from Wi-Fi:\u00a0</span>This permission is used in settings and notification toolbar in order to connect and disconnect from Wi-Fi.<br/>\n<span style=\"box-sizing: border-box; font-weight: 700;\">Measure app storage space:</span>This permission is used to acquire the amount of storage space used by an application.\n                  </div>", "level": 0}, {"value": "<div style=\"box-sizing: border-box; font-size: 1em; line-height: 1.7em; margin-bottom: 1.7em;\">\n<span style=\"box-sizing: border-box; font-weight: 700;\">How We Use Your Information :</span><br/>\nWe Dont Store Your Information,We just Use that Information To provide you best performance of Application.We Use Your data in your App Only For Your<br/>\nUse Only,Like Photos for Making Photo Edit , Photo Frames etc.\n                  </div>", "level": 0}], [{"value": "<h4 style='box-sizing: border-box; color: #333333; color: inherit; font-family: \"roboto\" , \"arial\" , \"helvetica\"; font-size: 1.5em; font-stretch: normal; font-weight: 300; line-height: normal; margin: 0px 0px 1em;'>\n<span style=\"box-sizing: border-box; font-weight: 700;\">Non- Personal Information\u00a0:</span>\n</h4>", "level": 6}, {"value": "<div style=\"box-sizing: border-box; font-size: 1em; line-height: 1.7em; margin-bottom: 1.7em;\">\nWe may collect and use non-personal information in the following circumstances. To have a better understanding in user\u2019s behavior, solve problems in products and services, improve our products, services and advertising, we may collect non-personal information such as installed Other Applications name and package name.<br/>\nIf non-personal information is combined with personal information, We treat the combined information as personal information for the purposes of this Privacy Policy.\u00a0 We also collect unique device GCM token for Notification purpose.\n                  </div>", "level": 0}, {"value": "<div style=\"box-sizing: border-box; font-size: 1em; line-height: 1.7em; margin-bottom: 1.7em;\">\n<span style=\"box-sizing: border-box; font-weight: 700;\">Information we get from your use of our services\u00a0 :</span><br/>\nWe may collect information about the services that you use and how you use them, such as when you view and interact with our content. We may collect device-specific information.\u00a0<a href=\"https://play.google.com/store/apps/developer?id=Utility+App\" style=\"background: 0px 0px; box-sizing: border-box; color: #ff9144; outline: none !important; text-decoration-line: none; transition: all 0.3s ease-in-out;\"><span style=\"box-sizing: border-box; font-weight: 700;\">Utility App</span></a>\u00a0will not share that information with third parties its only for provided Application services.\u00a0\n                  </div>", "level": 0}, {"value": "<div style=\"box-sizing: border-box; font-size: 1em; line-height: 1.7em; margin-bottom: 1.7em;\">\n<span style=\"box-sizing: border-box; font-weight: 700;\">Unique Application numbers\u00a0:</span><br/>\nCertain services include a unique application number. This number and information about your installation (for example, the operating system type and application version number) may be sent to\u00a0<a href=\"https://play.google.com/store/apps/developer?id=Utility+App\" style=\"background: 0px 0px; box-sizing: border-box; color: #ff9144; outline: none !important; text-decoration-line: none; transition: all 0.3s ease-in-out;\"><span style=\"box-sizing: border-box; font-weight: 700;\">Utility App</span></a>\u00a0when you install or uninstall that service or when that service periodically contacts our servers, such as for automatic updates.\n                  </div>", "level": 0}, {"value": "<div style=\"box-sizing: border-box; font-size: 1em; line-height: 1.7em; margin-bottom: 1.7em;\">\n<span style=\"box-sizing: border-box; font-weight: 700;\">Security :</span><br/>\nWe do not collect Personal Information, and we employ administrative, physical and electronic measures designed to protect your Non-Personal Information from unauthorized access and use. Please be aware that no security measures that we take to protect your information is absolutely guaranteed to avoid unauthorized access or use of your Non-Personal Information which is impenetrable.User Don't Have to worry About their Personal Information because its used only in your Apps not taken by us so there is no chance to leak your personal information. \u00a0\n                  </div>", "level": 0}, {"value": "<div style=\"box-sizing: border-box; font-size: 1em; line-height: 1.7em; margin-bottom: 1.7em;\">\n<span style=\"box-sizing: border-box; font-weight: 700;\">Advertisement in App:</span><br/>\nWe use Google Admob and Facebook Audience Network SDK for advertisements in our Applications. There could be errors in the programming and sometime programming errors may cause unwanted side effects. Also Facebook Ads Privacy Policy Click and jump to:\u00a0<a href=\"https://www.facebook.com/about/privacy/\" style=\"background: 0px 0px; box-sizing: border-box; color: #ff9144; outline: none !important; text-decoration-line: none; transition: all 0.3s ease-in-out;\">\u00a0https://www.facebook.com/about/privacy/</a><br/>\n<b>Utility App</b> is very concerned about safeguarding the confidentiality of your information Please be aware that no security measures that we take to protect your information is absolutely guaranteed to avoid unauthorized access or use of your Non-Personal Information which is impenetrable. We haven't any Intention to Copy or use Others Product use and Access in company\u2019s Application.<br/>\n<span style=\"box-sizing: border-box; font-weight: 700;\">Utility App</span>\u00a0will occasionally update this privacy statement. When we do so, we will also revise the \"last modified\" date of the privacy statement.<br/>\nIf you have any questions about this Privacy Policy, <a href=\"mailto: utilityapps240@gmail.com\" style=\"background: 0px 0px; box-sizing: border-box; color: #ff9144; outline: none !important; text-decoration-line: none; transition: all 0.3s ease-in-out;\">utilityapps240@gmail.com</a><br/>\nThank You...\n                  </div>", "level": 0}, {"value": "<div class=\"post-bottom\">\n<div class=\"post-footer float-container\">\n<div class=\"post-footer-line post-footer-line-1\">\n</div>\n<div class=\"post-footer-line post-footer-line-2\">\n</div>\n<div class=\"post-footer-line post-footer-line-3\">\n</div>\n</div>\n<div class=\"post-share-buttons post-share-buttons-bottom invisible\">\n<div class=\"byline post-share-buttons goog-inline-block\">\n<div aria-owns=\"sharing-popup-Blog1-byline-34065653811540923\" class=\"sharing\" data-title=\"\">\n<button aria-controls=\"sharing-popup-Blog1-byline-34065653811540923\" aria-label=\"Share\" class=\"sharing-button touch-icon-button\" id=\"sharing-button-Blog1-byline-34065653811540923\" role=\"button\">\n<div class=\"flat-icon-button ripple\">\n<svg class=\"svg-icon-24\">\n<use xlink:href=\"/responsive/sprite_v1_6.css.svg#ic_share_black_24dp\" xmlns:xlink=\"http://www.w3.org/1999/xlink\"></use>\n</svg>\n</div>\n</button>\n<div class=\"share-buttons-container\">\n<ul aria-hidden=\"true\" aria-label=\"Share\" class=\"share-buttons hidden\" id=\"sharing-popup-Blog1-byline-34065653811540923\" role=\"menu\">\n<li>\n<span aria-label=\"Get link\" class=\"sharing-platform-button sharing-element-link\" data-href=\"https://www.blogger.com/share-post.g?blogID=5654541940319848596&amp;postID=34065653811540923&amp;target=\" data-url=\"http://utilityappspolicy.blogspot.com/2017/06/utility-app-policy.html\" role=\"menuitem\" tabindex=\"-1\" title=\"Get link\">\n<svg class=\"svg-icon-24 touch-icon sharing-link\">\n<use xlink:href=\"/responsive/sprite_v1_6.css.svg#ic_24_link_dark\" xmlns:xlink=\"http://www.w3.org/1999/xlink\"></use>\n</svg>\n<span class=\"platform-sharing-text\">Get link</span>\n</span>\n</li>\n<li>\n<span aria-label=\"Share to Facebook\" class=\"sharing-platform-button sharing-element-facebook\" data-href=\"https://www.blogger.com/share-post.g?blogID=5654541940319848596&amp;postID=34065653811540923&amp;target=facebook\" data-url=\"http://utilityappspolicy.blogspot.com/2017/06/utility-app-policy.html\" role=\"menuitem\" tabindex=\"-1\" title=\"Share to Facebook\">\n<svg class=\"svg-icon-24 touch-icon sharing-facebook\">\n<use xlink:href=\"/responsive/sprite_v1_6.css.svg#ic_24_facebook_dark\" xmlns:xlink=\"http://www.w3.org/1999/xlink\"></use>\n</svg>\n<span class=\"platform-sharing-text\">Facebook</span>\n</span>\n</li>\n<li>\n<span aria-label=\"Share to Twitter\" class=\"sharing-platform-button sharing-element-twitter\" data-href=\"https://www.blogger.com/share-post.g?blogID=5654541940319848596&amp;postID=34065653811540923&amp;target=twitter\" data-url=\"http://utilityappspolicy.blogspot.com/2017/06/utility-app-policy.html\" role=\"menuitem\" tabindex=\"-1\" title=\"Share to Twitter\">\n<svg class=\"svg-icon-24 touch-icon sharing-twitter\">\n<use xlink:href=\"/responsive/sprite_v1_6.css.svg#ic_24_twitter_dark\" xmlns:xlink=\"http://www.w3.org/1999/xlink\"></use>\n</svg>\n<span class=\"platform-sharing-text\">Twitter</span>\n</span>\n</li>\n<li>\n<span aria-label=\"Share to Pinterest\" class=\"sharing-platform-button sharing-element-pinterest\" data-href=\"https://www.blogger.com/share-post.g?blogID=5654541940319848596&amp;postID=34065653811540923&amp;target=pinterest\" data-url=\"http://utilityappspolicy.blogspot.com/2017/06/utility-app-policy.html\" role=\"menuitem\" tabindex=\"-1\" title=\"Share to Pinterest\">\n<svg class=\"svg-icon-24 touch-icon sharing-pinterest\">\n<use xlink:href=\"/responsive/sprite_v1_6.css.svg#ic_24_pinterest_dark\" xmlns:xlink=\"http://www.w3.org/1999/xlink\"></use>\n</svg>\n<span class=\"platform-sharing-text\">Pinterest</span>\n</span>\n</li>\n<li>\n<span aria-label=\"Share to Google+\" class=\"sharing-platform-button sharing-element-googlePlus\" data-href=\"https://www.blogger.com/share-post.g?blogID=5654541940319848596&amp;postID=34065653811540923&amp;target=googleplus\" data-url=\"http://utilityappspolicy.blogspot.com/2017/06/utility-app-policy.html\" role=\"menuitem\" tabindex=\"-1\" title=\"Share to Google+\">\n<svg class=\"svg-icon-24 touch-icon sharing-googlePlus\">\n<use xlink:href=\"/responsive/sprite_v1_6.css.svg#ic_24_googlePlus_dark\" xmlns:xlink=\"http://www.w3.org/1999/xlink\"></use>\n</svg>\n<span class=\"platform-sharing-text\">Google+</span>\n</span>\n</li>\n<li>\n<span aria-label=\"Email\" class=\"sharing-platform-button sharing-element-email\" data-href=\"https://www.blogger.com/share-post.g?blogID=5654541940319848596&amp;postID=34065653811540923&amp;target=email\" data-url=\"http://utilityappspolicy.blogspot.com/2017/06/utility-app-policy.html\" role=\"menuitem\" tabindex=\"-1\" title=\"Email\">\n<svg class=\"svg-icon-24 touch-icon sharing-email\">\n<use xlink:href=\"/responsive/sprite_v1_6.css.svg#ic_24_email_dark\" xmlns:xlink=\"http://www.w3.org/1999/xlink\"></use>\n</svg>\n<span class=\"platform-sharing-text\">Email</span>\n</span>\n</li>\n<li aria-hidden=\"true\" class=\"hidden\">\n<span aria-label=\"Share to other apps\" class=\"sharing-platform-button sharing-element-other\" data-url=\"http://utilityappspolicy.blogspot.com/2017/06/utility-app-policy.html\" role=\"menuitem\" tabindex=\"-1\" title=\"Share to other apps\">\n<svg class=\"svg-icon-24 touch-icon sharing-sharingOther\">\n<use xlink:href=\"/responsive/sprite_v1_6.css.svg#ic_more_horiz_black_24dp\" xmlns:xlink=\"http://www.w3.org/1999/xlink\"></use>\n</svg>\n<span class=\"platform-sharing-text\">Other Apps</span>\n</span>\n</li>\n</ul>\n</div>\n</div>\n</div>\n</div>\n</div>", "level": 0}], [{"value": "<h3 class=\"title\">Comments</h3>", "level": 7}, {"value": "<div class=\"comment-form\">\n<a name=\"comment-form\"></a>\n<h4 id=\"comment-post-message\">Post a Comment</h4>\n<a href=\"https://www.blogger.com/comment-iframe.g?blogID=5654541940319848596&amp;postID=34065653811540923&amp;skin=contempo\" id=\"comment-editor-src\"></a>\n<iframe allowtransparency=\"allowtransparency\" class=\"blogger-iframe-colorize blogger-comment-from-post\" frameborder=\"0\" height=\"410px\" id=\"comment-editor\" name=\"comment-editor\" src=\"\" width=\"100%\"></iframe>\n\n\n</div>", "level": 0}], [{"value": "<h4 id=\"comment-post-message\">Post a Comment</h4>", "level": 6}, {"value": "<footer class=\"footer section\" id=\"footer\" name=\"Footer\"><div class=\"widget Attribution\" data-version=\"2\" id=\"Attribution1\">\n<div class=\"widget-content\">\n<div class=\"blogger\">\n<a href=\"https://www.blogger.com\" rel=\"nofollow\">\n<svg class=\"svg-icon-24\">\n<use xlink:href=\"/responsive/sprite_v1_6.css.svg#ic_post_blogger_black_24dp\" xmlns:xlink=\"http://www.w3.org/1999/xlink\"></use>\n</svg>\nPowered by Blogger\n</a>\n</div>\n</div>\n</div></footer>", "level": 0}, {"value": "<div class=\"sidebar_top_wrapper\">\n<div class=\"sidebar_top section\" id=\"sidebar_top\" name=\"Sidebar (top)\"><div class=\"widget Profile\" data-version=\"2\" id=\"Profile1\">\n<div class=\"wrapper solo\">\n<div class=\"widget-content individual\">\n<a href=\"https://www.blogger.com/profile/07948687909963125708\" rel=\"nofollow\">\n<div class=\"default-avatar-wrapper\">\n<svg class=\"svg-icon-24 avatar-icon\">\n<use xlink:href=\"/responsive/sprite_v1_6.css.svg#ic_person_black_24dp\" xmlns:xlink=\"http://www.w3.org/1999/xlink\"></use>\n</svg>\n</div>\n</a>\n<div class=\"profile-info\">\n<dl class=\"profile-datablock\">\n<dt class=\"profile-data\">\n<a class=\"profile-link g-profile\" href=\"https://www.blogger.com/profile/07948687909963125708\" rel=\"author nofollow\">\nUtilityapps\n</a>\n</dt>\n</dl>\n<a class=\"profile-link visit-profile pill-button\" href=\"https://www.blogger.com/profile/07948687909963125708\" rel=\"author\">\nVisit profile\n</a>\n</div>\n</div>\n</div>\n</div></div>\n</div>", "level": 0}], [{"value": "<h3 class=\"title\">\nArchive\n</h3>", "level": 7}, {"value": "<div class=\"widget-content\">\n<div id=\"ArchiveList\">\n<div id=\"BlogArchive1_ArchiveList\">\n<div class=\"first-items\">\n<ul class=\"flat\">\n<li class=\"archivedate\">\n<a href=\"http://utilityappspolicy.blogspot.com/2017/06/\">June 2017<span class=\"post-count\">1</span></a>\n</li>\n</ul>\n</div>\n</div>\n</div>\n</div>", "level": 0}], [{"value": "<h3 class=\"title\">\n<a class=\"report_abuse\" href=\"https://www.blogger.com/go/report-abuse\" rel=\"noopener nofollow\" target=\"_blank\">\nReport Abuse\n</a>\n</h3>", "level": 7}]]