[[{"value": "<p class=\"MsoNormal\" style=\"text-align:justify;background:white;vertical-align:\nbaseline\"><b style=\"mso-bidi-font-weight:normal\"><span lang=\"EN-GB\" style='font-family:\"Calibri\",sans-serif;mso-ascii-theme-font:minor-latin;\nmso-hansi-theme-font:minor-latin;mso-bidi-font-family:Arial;color:#2F5496;\nmso-themecolor:accent1;mso-themeshade:191'>Purpose of Information Collection<o:p></o:p></span></b></p>", "level": 1}, {"value": "<p class=\"MsoListParagraphCxSpFirst\" style=\"text-align:justify;text-indent:-18.0pt;\nmso-list:l1 level1 lfo4;background:white;vertical-align:baseline\"><span lang=\"EN-GB\" style=\"mso-bidi-font-family:Calibri;mso-bidi-theme-font:minor-latin;\ncolor:#2F5496;mso-themecolor:accent1;mso-themeshade:191;mso-fareast-language:\nEN-GB\"><span style=\"mso-list:Ignore\">1<span style='font:7.0pt \"Times New Roman\"'>\u00a0\u00a0\u00a0\u00a0\u00a0\u00a0\u00a0\n</span></span></span><span lang=\"EN-GB\" style=\"mso-bidi-font-family:\nArial;color:#666666;mso-fareast-language:EN-GB\">Non-Personal Information is\nused for statistical and research purposes and for customization and\nimprovement of our </span><b style=\"mso-bidi-font-weight:normal\"><span lang=\"EN-GB\" style=\"mso-bidi-font-family:Arial;color:#2F5496;mso-themecolor:accent1;\nmso-themeshade:191;mso-fareast-language:EN-GB\">Site/App/Game<o:p></o:p></span></b></p>", "level": 0}, {"value": "<p class=\"MsoListParagraphCxSpMiddle\" style=\"text-align:justify;text-indent:-18.0pt;\nmso-list:l1 level1 lfo4;background:white;vertical-align:baseline\"><span lang=\"EN-GB\" style=\"mso-bidi-font-family:Calibri;mso-bidi-theme-font:minor-latin;\ncolor:#666666;mso-fareast-language:EN-GB\"><span style=\"mso-list:Ignore\">2<span style='font:7.0pt \"Times New Roman\"'>\u00a0\u00a0\u00a0\u00a0\u00a0\u00a0\u00a0\n</span></span></span><span lang=\"EN-GB\" style=\"mso-bidi-font-family:\nArial;color:#666666;mso-fareast-language:EN-GB\">Personal Information is used to\nbe able to Reply you when you contact through support channels(Facebook/Email)<o:p></o:p></span></p>", "level": 0}, {"value": "<p class=\"MsoListParagraphCxSpMiddle\" style=\"text-align:justify;text-indent:-18.0pt;\nmso-list:l1 level1 lfo4;background:white;vertical-align:baseline\"><span lang=\"EN-GB\" style=\"mso-bidi-font-family:Calibri;mso-bidi-theme-font:minor-latin;\ncolor:#666666;mso-fareast-language:EN-GB\"><span style=\"mso-list:Ignore\">3<span style='font:7.0pt \"Times New Roman\"'>\u00a0\u00a0\u00a0\u00a0\u00a0\u00a0\u00a0\n</span></span></span><span lang=\"EN-GB\" style=\"mso-bidi-font-family:\nArial;color:#666666;mso-fareast-language:EN-GB\">Personal Information like\nLocation/IP is used to show you Ads according to your location, this is called\ncontextual advertisement.<o:p></o:p></span></p>", "level": 0}, {"value": "<p class=\"MsoListParagraphCxSpLast\" style=\"text-align:justify;text-indent:-18.0pt;\nmso-list:l1 level1 lfo4;background:white;vertical-align:baseline\"><span lang=\"EN-GB\" style=\"mso-bidi-font-family:Calibri;mso-bidi-theme-font:minor-latin;\ncolor:#666666;mso-fareast-language:EN-GB\"><span style=\"mso-list:Ignore\">4<span style='font:7.0pt \"Times New Roman\"'>\u00a0\u00a0\u00a0\u00a0\u00a0\u00a0\u00a0\n</span></span></span><span lang=\"EN-GB\" style=\"mso-bidi-font-family:\nArial;color:#666666;mso-fareast-language:EN-GB\">We use the information we\ncollect about you/your device to deliver services to you and to operate our\nbusiness. Such use by us and by our Partners may include:<o:p></o:p></span></p>", "level": 0}, {"value": "<ul type=\"disc\">\n<li class=\"MsoNormal\" style=\"color:#4C5D6A;mso-margin-top-alt:auto;mso-margin-bottom-alt:\n     auto;mso-list:l3 level1 lfo5;tab-stops:list 36.0pt;background:white\"><b style=\"mso-bidi-font-weight:normal\"><span lang=\"EN-GB\" style='font-family:\n     \"Calibri\",sans-serif;mso-ascii-theme-font:minor-latin;mso-hansi-theme-font:\n     minor-latin;mso-bidi-font-family:Arial;color:#2F5496;mso-themecolor:accent1;\n     mso-themeshade:191'>Delivering Our Services</span></b><b><span lang=\"EN-GB\" style='font-size:10.5pt;font-family:\"Calibri\",sans-serif;mso-ascii-theme-font:\n     minor-latin;mso-fareast-font-family:\"Times New Roman\";mso-hansi-theme-font:\n     minor-latin;mso-bidi-font-family:\"Times New Roman\";color:#2F5496;\n     mso-themecolor:accent1;mso-themeshade:191'>:</span></b><span lang=\"EN-GB\" style='font-size:10.5pt;font-family:\"Calibri\",sans-serif;mso-ascii-theme-font:\n     minor-latin;mso-fareast-font-family:\"Times New Roman\";mso-hansi-theme-font:\n     minor-latin;mso-bidi-font-family:\"Times New Roman\";color:#2F5496;\n     mso-themecolor:accent1;mso-themeshade:191'>\u00a0</span><span lang=\"EN-GB\" style='font-family:\"Calibri\",sans-serif;mso-ascii-theme-font:minor-latin;\n     mso-hansi-theme-font:minor-latin;mso-bidi-font-family:Arial;color:#666666'>Developing,\n     delivering and improving our products, services, and content, tailoring\n     our products and services, providing software updates and product support,\n     understanding and analysing trends in connection with usage of the Apps,\n     administering the Apps, and customer communications.</span><span lang=\"EN-GB\" style='font-size:10.5pt;font-family:\"Calibri\",sans-serif;\n     mso-ascii-theme-font:minor-latin;mso-fareast-font-family:\"Times New Roman\";\n     mso-hansi-theme-font:minor-latin;mso-bidi-font-family:\"Times New Roman\"'><o:p></o:p></span></li>\n<li class=\"MsoNormal\" style=\"color:#666666;mso-margin-top-alt:auto;mso-margin-bottom-alt:\n     auto;mso-list:l3 level1 lfo5;tab-stops:list 36.0pt;background:white\"><b style=\"mso-bidi-font-weight:normal\"><span lang=\"EN-GB\" style='font-family:\n     \"Calibri\",sans-serif;mso-ascii-theme-font:minor-latin;mso-hansi-theme-font:\n     minor-latin;mso-bidi-font-family:Arial;color:#2F5496;mso-themecolor:accent1;\n     mso-themeshade:191'>Displaying Advertisements:</span></b><span lang=\"EN-GB\" style='font-family:\"Calibri\",sans-serif;mso-ascii-theme-font:minor-latin;\n     mso-hansi-theme-font:minor-latin;mso-bidi-font-family:Arial;color:#2F5496;\n     mso-themecolor:accent1;mso-themeshade:191'> </span><span lang=\"EN-GB\" style='font-family:\"Calibri\",sans-serif;mso-ascii-theme-font:minor-latin;\n     mso-hansi-theme-font:minor-latin;mso-bidi-font-family:Arial'>Displaying\n     third party advertisements in our Apps and showing advertisements for our\n     Apps in other publisher\u0092s apps. <o:p></o:p></span></li>\n<li class=\"MsoNormal\" style=\"color:#666666;mso-margin-top-alt:auto;mso-margin-bottom-alt:\n     auto;mso-list:l3 level1 lfo5;tab-stops:list 36.0pt;background:white\"><b style=\"mso-bidi-font-weight:normal\"><span lang=\"EN-GB\" style='font-family:\n     \"Calibri\",sans-serif;mso-ascii-theme-font:minor-latin;mso-hansi-theme-font:\n     minor-latin;mso-bidi-font-family:Arial;color:#2F5496;mso-themecolor:accent1;\n     mso-themeshade:191'>Cross-promotion:\u00a0</span></b><span lang=\"EN-GB\" style='font-family:\"Calibri\",sans-serif;mso-ascii-theme-font:minor-latin;\n     mso-hansi-theme-font:minor-latin;mso-bidi-font-family:Arial'>Cross\n     Promoting our Apps and services, meaning we may promote one of our Apps\n     while you are playing a different App of ours.<o:p></o:p></span></li>\n<li class=\"MsoNormal\" style=\"color:#666666;mso-margin-top-alt:auto;mso-margin-bottom-alt:\n     auto;mso-list:l3 level1 lfo5;tab-stops:list 36.0pt;background:white\"><b style=\"mso-bidi-font-weight:normal\"><span lang=\"EN-GB\" style='font-family:\n     \"Calibri\",sans-serif;mso-ascii-theme-font:minor-latin;mso-hansi-theme-font:\n     minor-latin;mso-bidi-font-family:Arial;color:#2F5496;mso-themecolor:accent1;\n     mso-themeshade:191'>Analytics and Research</span></b><span lang=\"EN-GB\" style='font-family:\"Calibri\",sans-serif;mso-ascii-theme-font:minor-latin;\n     mso-hansi-theme-font:minor-latin;mso-bidi-font-family:Arial;color:#2F5496;\n     mso-themecolor:accent1;mso-themeshade:191'>:\u00a0</span><span lang=\"EN-GB\" style='font-family:\"Calibri\",sans-serif;mso-ascii-theme-font:minor-latin;\n     mso-hansi-theme-font:minor-latin;mso-bidi-font-family:Arial'>understanding\n     and analysing trends in connection with the usage of the Apps, gathering\n     demographic information about our user base, data about where the App was\n     downloaded from. We may also create reports and analysis for the purposes\n     of research or business intelligence, for example to track potential\n     problems or trends with our Apps and services, or to test our new game\n     features and content. We use the data we receive from Third Party Social\n     Network only for internal analytics. For opting out from analytics please\n     visit Opt-Out Section of this Privacy Policy.<o:p></o:p></span></li>\n</ul>", "level": 0}, {"value": "<p class=\"MsoNormal\" style=\"text-align:justify;background:white;vertical-align:\nbaseline\"><b style=\"mso-bidi-font-weight:normal\"><span lang=\"EN-GB\" style='font-family:\"Calibri\",sans-serif;mso-ascii-theme-font:minor-latin;\nmso-hansi-theme-font:minor-latin;mso-bidi-font-family:Arial;color:#2F5496;\nmso-themecolor:accent1;mso-themeshade:191'>Use and Disclosure of Information: </span></b><span lang=\"EN-GB\" style='font-family:\"Calibri\",sans-serif;mso-ascii-theme-font:minor-latin;\nmso-hansi-theme-font:minor-latin;mso-bidi-font-family:Arial;color:#666666'>In\ngeneral, we will not use or disclose personal information about you otherwise\nthan for the purpose of providing or offering goods and services to you, for\nany other purpose that you may reasonably expect, for any other purpose\nauthorized by law, or for any other purposes disclosed to or authorized by you.\nThis may include disclosures to organizations that provide us with professional\nadvice, such as solicitors, accountants and business advisors.</span><b style=\"mso-bidi-font-weight:normal\"><span lang=\"EN-GB\" style='font-family:\"Calibri\",sans-serif;\nmso-ascii-theme-font:minor-latin;mso-hansi-theme-font:minor-latin;mso-bidi-font-family:\nArial;color:#2F5496;mso-themecolor:accent1;mso-themeshade:191'><o:p></o:p></span></b></p>", "level": 0}, {"value": "<p class=\"MsoNormal\" style=\"text-align:justify;background:white;vertical-align:\nbaseline\"><span lang=\"EN-GB\" style='font-family:\"Calibri\",sans-serif;mso-ascii-theme-font:\nminor-latin;mso-hansi-theme-font:minor-latin;mso-bidi-font-family:Arial;\ncolor:#666666'>It may be necessary for the information to be disclosed to other\norganizations in the course of our provision of services, or for the conduct of\nour business. These other organizations may include other parties involved in\nthe provision of services to you, our business partners involved in the\nsoftware, applications and/or services we provide to you, and other\norganizations providing services to us, such as payment processors or hosting\nservices. We direct all such organizations to maintain the confidentiality of\nthe information disclosed to them and to not use your information for any\npurpose other than to provide services on our behalf or to us.<o:p></o:p></span></p>", "level": 0}, {"value": "<p class=\"MsoNormal\" style=\"text-align:justify;background:white;vertical-align:\nbaseline\"><span lang=\"EN-GB\" style='font-family:\"Calibri\",sans-serif;mso-ascii-theme-font:\nminor-latin;mso-hansi-theme-font:minor-latin;mso-bidi-font-family:Arial;\ncolor:#666666'>We may use your personal information to provide you with any\ngoods, services, or functionality you have requested; to respond to any\ninquiries you have made through our customer service features, to send you\nnewsletters, promotions or marketing materials. We will provide you with the\nopportunity to opt out of receiving such materials in the future. You may also\nopt out of receiving such materials at any time in accordance with the\ninstructions provided in this Privacy Policy.<o:p></o:p></span></p>", "level": 0}, {"value": "<p class=\"MsoNormal\" style=\"text-align:justify;background:white;vertical-align:\nbaseline\"><span lang=\"EN-GB\" style='font-family:\"Calibri\",sans-serif;mso-ascii-theme-font:\nminor-latin;mso-hansi-theme-font:minor-latin;mso-bidi-font-family:Arial;\ncolor:#666666'>Non-Personal Information may be used by us for administrative,\nanalytical, statistics compilation, research, optimization, security and other\npurposes. Specifically, we may use your Non-Personal Information to respond to\ncustomer service inquiries and to protect against cheating, crime or fraud or\nfor other security reasons and for providing you advertising that better suits\nyour interests. We may collect your Non-Personal information to track your use\nof our Websites/Apps to help us learn more about your gaming activities and\nunderstand your preferences and tendencies so that we can personalize your\nexperience, provide you with in-game offers and notifications that are tailored\nto you, and otherwise enhance your gaming experience.<o:p></o:p></span></p>", "level": 0}, {"value": "<p class=\"MsoNormal\" style=\"text-align:justify;background:white;vertical-align:\nbaseline\"><span lang=\"EN-GB\" style='font-family:\"Calibri\",sans-serif;mso-ascii-theme-font:\nminor-latin;mso-hansi-theme-font:minor-latin;mso-bidi-font-family:Arial;\ncolor:#666666'>We may provide aggregated or anonymous information to third\nparties for the purposes of developing and delivering targeted advertising. We\nwill not share your personal information with such third parties without your\nconsent.<o:p></o:p></span></p>", "level": 0}, {"value": "<p class=\"MsoNormal\" style=\"text-align:justify;background:white;vertical-align:\nbaseline\"><span lang=\"EN-GB\" style='font-family:\"Calibri\",sans-serif;mso-ascii-theme-font:\nminor-latin;mso-hansi-theme-font:minor-latin;mso-bidi-font-family:Arial;\ncolor:#666666'>We may use information held about you to verify your compliance\nwith any terms and conditions that may apply to the use of our software,\napplications and/or services.<o:p></o:p></span></p>", "level": 0}, {"value": "<p class=\"MsoNormal\" style=\"text-align:justify;background:white;vertical-align:\nbaseline\"><span lang=\"EN-GB\" style='font-family:\"Calibri\",sans-serif;mso-ascii-theme-font:\nminor-latin;mso-hansi-theme-font:minor-latin;mso-bidi-font-family:Arial;\ncolor:#666666'>The precise information required to be provided will vary\ndepending on the circumstances requiring disclosure of that information.<o:p></o:p></span></p>", "level": 0}, {"value": "<p class=\"MsoNormal\" style=\"text-align:justify;background:white;vertical-align:\nbaseline\"><span lang=\"EN-GB\" style='font-family:\"Calibri\",sans-serif;mso-ascii-theme-font:\nminor-latin;mso-hansi-theme-font:minor-latin;mso-bidi-font-family:Arial;\ncolor:#666666'>Any personal information submitted to us online, including via\nthe software and/or services, may need to be processed by a third party. By\nsubmitting personal information online or via the software and/or services, you\nconsent to the disclosure of that information to a third party, who may be\nlocated overseas, for the sole purpose of processing the submitted information.<o:p></o:p></span></p>", "level": 0}, {"value": "<p class=\"MsoNormal\" style=\"text-align:justify;background:white;vertical-align:\nbaseline\"><span lang=\"EN-GB\" style='font-family:\"Calibri\",sans-serif;mso-ascii-theme-font:\nminor-latin;mso-hansi-theme-font:minor-latin;mso-bidi-font-family:Arial;\ncolor:#666666'>Below are provider names of some of the third-party analytics\nand advertising services we use. Please see the links below to learn more about\nthe privacy policy of our third-party service providers.<o:p></o:p></span></p>", "level": 0}, {"value": "<p class=\"MsoListParagraphCxSpFirst\" style=\"text-align:justify;text-indent:-18.0pt;\nline-height:19.5pt;mso-list:l0 level1 lfo7;vertical-align:baseline\"><span class=\"MsoHyperlink\"><span lang=\"EN-GB\" style=\"font-size:10.0pt;font-family:Symbol;\nmso-fareast-font-family:Symbol;mso-bidi-font-family:Symbol;text-decoration:\nnone;text-underline:none\"><span style=\"mso-list:Ignore\">\u00b7<span style='font:7.0pt \"Times New Roman\"'>\u00a0\u00a0\u00a0\u00a0\u00a0\u00a0\u00a0\u00a0\n</span></span></span></span><span class=\"SpellE\"><b style=\"mso-bidi-font-weight:\nnormal\"><span lang=\"EN-GB\" style='mso-fareast-font-family:\"Times New Roman\";\nmso-bidi-font-family:Arial;color:#4472C4;mso-themecolor:accent1'>Admob</span></b></span><b style=\"mso-bidi-font-weight:normal\"><span lang=\"EN-GB\" style='mso-fareast-font-family:\n\"Times New Roman\";mso-bidi-font-family:Arial;color:#4472C4;mso-themecolor:accent1'>:<span style=\"mso-tab-count:1\">\u00a0\u00a0\u00a0\u00a0\u00a0\u00a0\u00a0\u00a0\u00a0\u00a0 </span><span style=\"mso-tab-count:1\">\u00a0\u00a0\u00a0\u00a0\u00a0\u00a0\u00a0\u00a0\u00a0\u00a0\u00a0 </span></span></b><span class=\"MsoHyperlink\"><span lang=\"EN-GB\" style='font-size:10.0pt;mso-fareast-font-family:\n\"Times New Roman\";mso-bidi-font-family:Arial'><a href=\"https://www.google.com/policies/privacy\">https://www.google.com/policies/privacy</a>/</span></span><span class=\"MsoHyperlink\"><span lang=\"EN-GB\" style=\"font-size:10.0pt\"><o:p></o:p></span></span></p>", "level": 0}, {"value": "<p class=\"MsoListParagraphCxSpMiddle\" style=\"text-align:justify;text-indent:-18.0pt;\nline-height:19.5pt;mso-list:l0 level1 lfo7;vertical-align:baseline\"><span class=\"MsoHyperlink\"><span lang=\"EN-GB\" style=\"font-size:10.0pt;font-family:Symbol;\nmso-fareast-font-family:Symbol;mso-bidi-font-family:Symbol;text-decoration:\nnone;text-underline:none\"><span style=\"mso-list:Ignore\">\u00b7<span style='font:7.0pt \"Times New Roman\"'>\u00a0\u00a0\u00a0\u00a0\u00a0\u00a0\u00a0\u00a0\n</span></span></span></span><b style=\"mso-bidi-font-weight:normal\"><span lang=\"EN-GB\" style='mso-fareast-font-family:\"Times New Roman\";mso-bidi-font-family:\nArial;color:#4472C4;mso-themecolor:accent1'>Unity Ads:\u00a0<span style=\"mso-tab-count:1\">\u00a0\u00a0\u00a0\u00a0\u00a0 </span><span style=\"mso-tab-count:1\">\u00a0\u00a0\u00a0\u00a0\u00a0\u00a0\u00a0\u00a0\u00a0\u00a0\u00a0 </span></span></b><span class=\"MsoHyperlink\"><span lang=\"EN-GB\" style='font-size:10.0pt;mso-fareast-font-family:\n\"Times New Roman\";mso-bidi-font-family:Arial'><a href=\"https://unity3d.com/legal/privacy-policy\">https://unity3d.com/legal/privacy-policy</a>/</span></span><span class=\"MsoHyperlink\"><span lang=\"EN-GB\" style=\"font-size:10.0pt\"><o:p></o:p></span></span></p>", "level": 0}, {"value": "<p class=\"MsoListParagraphCxSpMiddle\" style=\"text-align:justify;text-indent:-18.0pt;\nline-height:19.5pt;mso-list:l0 level1 lfo7;vertical-align:baseline\"><span lang=\"EN-GB\" style=\"font-size:10.0pt;font-family:Symbol;mso-fareast-font-family:\nSymbol;mso-bidi-font-family:Symbol;color:#4472C4;mso-themecolor:accent1\"><span style=\"mso-list:Ignore\">\u00b7<span style='font:7.0pt \"Times New Roman\"'>\u00a0\u00a0\u00a0\u00a0\u00a0\u00a0\u00a0\u00a0\n</span></span></span><span class=\"SpellE\"><b style=\"mso-bidi-font-weight:\nnormal\"><span lang=\"EN-GB\" style='mso-fareast-font-family:\"Times New Roman\";\nmso-bidi-font-family:Arial;color:#4472C4;mso-themecolor:accent1'>Chartboost</span></b></span><b style=\"mso-bidi-font-weight:normal\"><span lang=\"EN-GB\" style='mso-fareast-font-family:\n\"Times New Roman\";mso-bidi-font-family:Arial;color:#4472C4;mso-themecolor:accent1'>:<span style=\"mso-tab-count:1\">\u00a0\u00a0\u00a0 </span><span style=\"mso-tab-count:1\">\u00a0\u00a0\u00a0\u00a0\u00a0\u00a0\u00a0\u00a0\u00a0\u00a0\u00a0 </span></span></b><u><span lang=\"EN-GB\" style='font-size:10.0pt;mso-fareast-font-family:\"Times New Roman\";\nmso-bidi-font-family:Arial;color:#4472C4;mso-themecolor:accent1'><a href=\"https://answers.chartboost.com/hc/en-us/articles/200780269-Privacy-Policy\">https://answers.chartboost.com/hc/en-us/articles/200780269-Privacy-Policy</a></span></u><span lang=\"EN-GB\" style='font-size:10.0pt;mso-fareast-font-family:\"Times New Roman\";\nmso-bidi-font-family:Arial;color:#4472C4;mso-themecolor:accent1'><o:p></o:p></span></p>", "level": 0}, {"value": "<p class=\"MsoListParagraphCxSpMiddle\" style=\"text-align:justify;text-indent:-18.0pt;\nline-height:19.5pt;mso-list:l0 level1 lfo7;vertical-align:baseline\"><span class=\"MsoHyperlink\"><span lang=\"EN-GB\" style=\"font-size:10.0pt;font-family:Symbol;\nmso-fareast-font-family:Symbol;mso-bidi-font-family:Symbol;text-decoration:\nnone;text-underline:none\"><span style=\"mso-list:Ignore\">\u00b7<span style='font:7.0pt \"Times New Roman\"'>\u00a0\u00a0\u00a0\u00a0\u00a0\u00a0\u00a0\u00a0\n</span></span></span></span><b style=\"mso-bidi-font-weight:normal\"><span lang=\"EN-GB\" style='mso-fareast-font-family:\"Times New Roman\";mso-bidi-font-family:\nArial;color:#4472C4;mso-themecolor:accent1'>Google Analytics:\u00a0<span style=\"mso-tab-count:1\">\u00a0\u00a0\u00a0\u00a0\u00a0 </span></span></b><span class=\"MsoHyperlink\"><span lang=\"EN-GB\" style=\"font-size:10.0pt\"><a href=\"https://www.google.com/intl/en/policies/privacy/\"><span style='mso-fareast-font-family:\n\"Times New Roman\";mso-bidi-font-family:Arial'>https://www.google.com/intl/en/policies/privacy/</span></a><o:p></o:p></span></span></p>", "level": 0}, {"value": "<p class=\"MsoListParagraphCxSpMiddle\" style=\"text-align:justify;text-indent:-18.0pt;\nline-height:19.5pt;mso-list:l0 level1 lfo7;vertical-align:baseline\"><span class=\"MsoHyperlink\"><span lang=\"EN-GB\" style=\"font-size:10.0pt;font-family:Symbol;\nmso-fareast-font-family:Symbol;mso-bidi-font-family:Symbol;text-decoration:\nnone;text-underline:none\"><span style=\"mso-list:Ignore\">\u00b7<span style='font:7.0pt \"Times New Roman\"'>\u00a0\u00a0\u00a0\u00a0\u00a0\u00a0\u00a0\u00a0\n</span></span></span></span><b style=\"mso-bidi-font-weight:normal\"><span lang=\"EN-GB\" style='mso-fareast-font-family:\"Times New Roman\";mso-bidi-font-family:\nArial;color:#4472C4;mso-themecolor:accent1'>Firebase:\u00a0<span style=\"mso-tab-count:2\">\u00a0\u00a0\u00a0\u00a0\u00a0\u00a0\u00a0\u00a0\u00a0\u00a0\u00a0\u00a0\u00a0\u00a0\u00a0\u00a0\u00a0\u00a0\u00a0 </span></span></b><span class=\"MsoHyperlink\"><span lang=\"EN-GB\" style=\"font-size:10.0pt\"><a href=\"https://www.google.com/policies/privacy/\"><span style='mso-fareast-font-family:\n\"Times New Roman\";mso-bidi-font-family:Arial'>https://www.google.com/policies/privacy/</span></a><o:p></o:p></span></span></p>", "level": 0}, {"value": "<p class=\"MsoListParagraphCxSpMiddle\" style=\"text-align:justify;text-indent:-18.0pt;\nline-height:19.5pt;mso-list:l0 level1 lfo7;vertical-align:baseline\"><span class=\"MsoHyperlink\"><span lang=\"EN-GB\" style=\"font-size:10.0pt;font-family:Symbol;\nmso-fareast-font-family:Symbol;mso-bidi-font-family:Symbol;text-decoration:\nnone;text-underline:none\"><span style=\"mso-list:Ignore\">\u00b7<span style='font:7.0pt \"Times New Roman\"'>\u00a0\u00a0\u00a0\u00a0\u00a0\u00a0\u00a0\u00a0\n</span></span></span></span><b style=\"mso-bidi-font-weight:normal\"><span lang=\"EN-GB\" style='mso-fareast-font-family:\"Times New Roman\";mso-bidi-font-family:\nArial;color:#4472C4;mso-themecolor:accent1'>Game Analytics:\u00a0<span style=\"mso-tab-count:1\">\u00a0\u00a0\u00a0\u00a0\u00a0\u00a0\u00a0 </span></span></b><span class=\"MsoHyperlink\"><span lang=\"EN-GB\" style=\"font-size:10.0pt\"><a href=\"http://www.gameanalytics.com/privacy\">http://www.gameanalytics.com/privacy</a>/<o:p></o:p></span></span></p>", "level": 0}, {"value": "<p class=\"MsoListParagraphCxSpMiddle\" style=\"text-align:justify;text-indent:-18.0pt;\nline-height:19.5pt;mso-list:l0 level1 lfo7;vertical-align:baseline\"><span lang=\"EN-GB\" style=\"font-family:Symbol;mso-fareast-font-family:Symbol;mso-bidi-font-family:\nSymbol;color:#4472C4;mso-themecolor:accent1\"><span style=\"mso-list:Ignore\">\u00b7<span style='font:7.0pt \"Times New Roman\"'>\u00a0\u00a0\u00a0\u00a0\u00a0\u00a0\u00a0\u00a0\n</span></span></span><span class=\"SpellE\"><b style=\"mso-bidi-font-weight:\nnormal\"><span lang=\"EN-GB\" style='mso-fareast-font-family:\"Times New Roman\";\nmso-bidi-font-family:Arial;color:#4472C4;mso-themecolor:accent1'>AppLovin</span></b></span><b style=\"mso-bidi-font-weight:normal\"><span lang=\"EN-GB\" style='mso-fareast-font-family:\n\"Times New Roman\";mso-bidi-font-family:Arial;color:#4472C4;mso-themecolor:accent1'>:<span style=\"mso-tab-count:2\">\u00a0\u00a0\u00a0\u00a0\u00a0\u00a0\u00a0\u00a0\u00a0\u00a0\u00a0\u00a0\u00a0\u00a0\u00a0\u00a0\u00a0\u00a0 </span></span></b><span class=\"MsoHyperlink\"><span lang=\"EN-GB\" style=\"font-size:10.0pt\"><a href=\"https://www.applovin.com/privacy\">https://www.applovin.com/privacy</a>/</span></span><b style=\"mso-bidi-font-weight:normal\"><span lang=\"EN-GB\" style='mso-fareast-font-family:\n\"Times New Roman\";mso-bidi-font-family:Arial;color:#4472C4;mso-themecolor:accent1'><o:p></o:p></span></b></p>", "level": 0}, {"value": "<p class=\"MsoListParagraphCxSpMiddle\" style=\"text-align:justify;text-indent:-18.0pt;\nline-height:19.5pt;mso-list:l0 level1 lfo7;vertical-align:baseline\"><span class=\"MsoHyperlink\"><span lang=\"EN-GB\" style=\"font-size:10.0pt;font-family:Symbol;\nmso-fareast-font-family:Symbol;mso-bidi-font-family:Symbol;text-decoration:\nnone;text-underline:none\"><span style=\"mso-list:Ignore\">\u00b7<span style='font:7.0pt \"Times New Roman\"'>\u00a0\u00a0\u00a0\u00a0\u00a0\u00a0\u00a0\u00a0\n</span></span></span></span><span class=\"SpellE\"><b style=\"mso-bidi-font-weight:\nnormal\"><span lang=\"EN-GB\" style='mso-fareast-font-family:\"Times New Roman\";\nmso-bidi-font-family:Arial;color:#4472C4;mso-themecolor:accent1'>IronSource</span></b></span><b style=\"mso-bidi-font-weight:normal\"><span lang=\"EN-GB\" style='mso-fareast-font-family:\n\"Times New Roman\";mso-bidi-font-family:Arial;color:#4472C4;mso-themecolor:accent1'>:<span style=\"mso-tab-count:2\">\u00a0\u00a0\u00a0\u00a0\u00a0\u00a0\u00a0\u00a0\u00a0\u00a0\u00a0\u00a0\u00a0\u00a0\u00a0 </span></span></b><span class=\"MsoHyperlink\"><span lang=\"EN-GB\" style=\"font-size:10.0pt\"><a href=\"http://www.ironsrc.com/wp-content/uploads/2017/01/ironSource-Privacy-Policy.pdf\">http://www.ironsrc.com/wp-content/uploads/2017/01/ironSource-Privacy-Policy.pdf</a></span></span><span class=\"MsoHyperlink\"><span lang=\"EN-GB\" style='font-size:10.0pt;font-family:\"Times New Roman\",serif'><o:p></o:p></span></span></p>", "level": 0}, {"value": "<p class=\"MsoListParagraphCxSpMiddle\" style=\"text-align:justify;text-indent:-18.0pt;\nline-height:19.5pt;mso-list:l0 level1 lfo7;vertical-align:baseline\"><span lang=\"EN-GB\" style=\"font-family:Symbol;mso-fareast-font-family:Symbol;mso-bidi-font-family:\nSymbol;color:#4472C4;mso-themecolor:accent1\"><span style=\"mso-list:Ignore\">\u00b7<span style='font:7.0pt \"Times New Roman\"'>\u00a0\u00a0\u00a0\u00a0\u00a0\u00a0\u00a0\u00a0\n</span></span></span><span class=\"SpellE\"><b style=\"mso-bidi-font-weight:\nnormal\"><span lang=\"EN-GB\" style='mso-fareast-font-family:\"Times New Roman\";\nmso-bidi-font-family:Arial;color:#4472C4;mso-themecolor:accent1'>Heyzap</span></b></span><b style=\"mso-bidi-font-weight:normal\"><span lang=\"EN-GB\" style='font-size:11.0pt;\nmso-bidi-font-size:12.0pt;mso-fareast-font-family:\"Times New Roman\";mso-bidi-font-family:\nArial;color:#4472C4;mso-themecolor:accent1'>:<span style=\"mso-tab-count:2\">\u00a0\u00a0\u00a0\u00a0\u00a0\u00a0\u00a0\u00a0\u00a0\u00a0\u00a0\u00a0\u00a0\u00a0\u00a0\u00a0\u00a0\u00a0\u00a0\u00a0\u00a0\u00a0\u00a0\u00a0\u00a0\u00a0\u00a0\u00a0\u00a0 </span></span></b><span class=\"MsoHyperlink\"><span lang=\"EN-GB\" style='font-size:10.0pt;font-family:\"Times New Roman\",serif'>\u00a0<a href=\"https://www.heyzap.com/legal/privacy\">https://www.heyzap.com/legal/privacy</a>/</span></span><b style=\"mso-bidi-font-weight:normal\"><span lang=\"EN-GB\" style='mso-fareast-font-family:\n\"Times New Roman\";mso-bidi-font-family:Arial;color:#4472C4;mso-themecolor:accent1'><o:p></o:p></span></b></p>", "level": 0}, {"value": "<p class=\"MsoListParagraphCxSpMiddle\" style=\"text-align:justify;text-indent:-18.0pt;\nline-height:19.5pt;mso-list:l0 level1 lfo7;vertical-align:baseline\"><span class=\"MsoHyperlink\"><span lang=\"EN-GB\" style=\"font-family:Symbol;mso-fareast-font-family:\nSymbol;mso-bidi-font-family:Symbol;color:#4472C4;mso-themecolor:accent1;\ntext-decoration:none;text-underline:none\"><span style=\"mso-list:Ignore\">\u00b7<span style='font:7.0pt \"Times New Roman\"'>\u00a0\u00a0\u00a0\u00a0\u00a0\u00a0\u00a0\u00a0\n</span></span></span></span><span class=\"SpellE\"><b style=\"mso-bidi-font-weight:\nnormal\"><span lang=\"EN-GB\" style='mso-fareast-font-family:\"Times New Roman\";\nmso-bidi-font-family:Arial;color:#4472C4;mso-themecolor:accent1'>ConsoliAds</span></b></span><b style=\"mso-bidi-font-weight:normal\"><span lang=\"EN-GB\" style='mso-fareast-font-family:\n\"Times New Roman\";mso-bidi-font-family:Arial;color:#4472C4;mso-themecolor:accent1'>:<span style=\"mso-tab-count:2\">\u00a0\u00a0\u00a0\u00a0\u00a0\u00a0\u00a0\u00a0\u00a0\u00a0\u00a0\u00a0\u00a0\u00a0\u00a0 </span>\u00a0</span></b><span class=\"MsoHyperlink\"><span lang=\"EN-GB\" style=\"font-size:10.0pt\"><a href=\"http://web.consoliads.com/privacy-policy/\" target=\"_blank\"><span style='font-family:\"Times New Roman\",serif'>http://web.consoliads.com/privacy-policy/</span></a></span></span><span class=\"MsoHyperlink\"><b style=\"mso-bidi-font-weight:normal\"><span lang=\"EN-GB\" style='mso-fareast-font-family:\"Times New Roman\";mso-bidi-font-family:Arial;\ncolor:#4472C4;mso-themecolor:accent1;text-decoration:none;text-underline:none'><o:p></o:p></span></b></span></p>", "level": 0}, {"value": "<p class=\"MsoListParagraphCxSpMiddle\" style=\"text-align:justify;text-indent:-18.0pt;\nline-height:19.5pt;mso-list:l0 level1 lfo7;vertical-align:baseline\"><span lang=\"EN-GB\" style=\"font-family:Symbol;mso-fareast-font-family:Symbol;mso-bidi-font-family:\nSymbol;color:#4472C4;mso-themecolor:accent1\"><span style=\"mso-list:Ignore\">\u00b7<span style='font:7.0pt \"Times New Roman\"'>\u00a0\u00a0\u00a0\u00a0\u00a0\u00a0\u00a0\u00a0\n</span></span></span><span class=\"SpellE\"><b style=\"mso-bidi-font-weight:\nnormal\"><span lang=\"EN-GB\" style='mso-fareast-font-family:\"Times New Roman\";\nmso-bidi-font-family:Arial;color:#4472C4;mso-themecolor:accent1'>Adcolony</span></b></span><b style=\"mso-bidi-font-weight:normal\"><span lang=\"EN-GB\" style='mso-fareast-font-family:\n\"Times New Roman\";mso-bidi-font-family:Arial;color:#4472C4;mso-themecolor:accent1'>:<span style=\"mso-tab-count:2\">\u00a0\u00a0\u00a0\u00a0\u00a0\u00a0\u00a0\u00a0\u00a0\u00a0\u00a0\u00a0\u00a0\u00a0\u00a0\u00a0\u00a0\u00a0 </span></span></b><span class=\"MsoHyperlink\"><span lang=\"EN-GB\" style='font-size:10.0pt;font-family:\"Times New Roman\",serif'>https://www.adcolony.com/privacy-policy/</span></span><b style=\"mso-bidi-font-weight:normal\"><span lang=\"EN-GB\" style='mso-fareast-font-family:\n\"Times New Roman\";mso-bidi-font-family:Arial;color:#4472C4;mso-themecolor:accent1'><o:p></o:p></span></b></p>", "level": 0}, {"value": "<p class=\"MsoListParagraphCxSpLast\" style=\"text-align:justify;text-indent:-18.0pt;\nline-height:19.5pt;mso-list:l0 level1 lfo7;vertical-align:baseline\"><span lang=\"EN-GB\" style=\"font-family:Symbol;mso-fareast-font-family:Symbol;mso-bidi-font-family:\nSymbol;color:#4472C4;mso-themecolor:accent1\"><span style=\"mso-list:Ignore\">\u00b7<span style='font:7.0pt \"Times New Roman\"'>\u00a0\u00a0\u00a0\u00a0\u00a0\u00a0\u00a0\u00a0\n</span></span></span><span class=\"SpellE\"><b style=\"mso-bidi-font-weight:\nnormal\"><span lang=\"EN-GB\" style='mso-fareast-font-family:\"Times New Roman\";\nmso-bidi-font-family:Arial;color:#4472C4;mso-themecolor:accent1'>Mopub</span></b></span><b style=\"mso-bidi-font-weight:normal\"><span lang=\"EN-GB\" style='mso-fareast-font-family:\n\"Times New Roman\";mso-bidi-font-family:Arial;color:#4472C4;mso-themecolor:accent1'>:<span style=\"mso-tab-count:2\">\u00a0\u00a0\u00a0\u00a0\u00a0\u00a0\u00a0\u00a0\u00a0\u00a0\u00a0\u00a0\u00a0\u00a0\u00a0\u00a0\u00a0\u00a0\u00a0\u00a0\u00a0\u00a0 </span></span></b><span class=\"MsoHyperlink\"><span lang=\"EN-GB\" style='font-size:10.0pt;font-family:\"Times New Roman\",serif'>https://www.mopub.com/legal/privacy/</span></span><b style=\"mso-bidi-font-weight:normal\"><span lang=\"EN-GB\" style='mso-fareast-font-family:\n\"Times New Roman\";mso-bidi-font-family:Arial;color:#4472C4;mso-themecolor:accent1'><o:p></o:p></span></b></p>", "level": 0}, {"value": "<p class=\"MsoNormal\" style=\"text-align:justify;background:white;vertical-align:\nbaseline\"><b style=\"mso-bidi-font-weight:normal\"><span lang=\"EN-GB\" style='font-family:\"Calibri\",sans-serif;mso-ascii-theme-font:minor-latin;\nmso-hansi-theme-font:minor-latin;mso-bidi-font-family:Arial;color:#2F5496;\nmso-themecolor:accent1;mso-themeshade:191'>Advertising: </span></b><span lang=\"EN-GB\" style='font-family:\"Calibri\",sans-serif;mso-ascii-theme-font:minor-latin;\nmso-hansi-theme-font:minor-latin;mso-bidi-font-family:Arial;color:#666666'>By\nusing our Website/Apps, you may be offered advertising content. We or the ad\nnetworks we use may utilize ad-serving technologies that use cookies, beacons,\ntracking pixels and other technologies that are placed within the ads and allow\nus or our networks to collect Non-Personal Information. Non-Personal\nInformation such as age and gender may be used to ensure that appropriate\nadvertising is offered to you. Usage Data and Non-Personal Information such as\nadvertising identifiers may be used to determine how many clicks an ad\nreceived, to measure the effectiveness of ad campaigns, to determine the proper\namount of repeat views of a given ad, and/or to deliver ads that best relate to\nyour interests. Depending on your device and its operating system, you may be\nable to choose to prevent your device\u0092s ad identifier being used for\ninterest-based advertising or reset your device\u0092s ad identifier by changing the\nsettings of your device.</span><b style=\"mso-bidi-font-weight:normal\"><span lang=\"EN-GB\" style='font-family:\"Calibri\",sans-serif;mso-ascii-theme-font:minor-latin;\nmso-hansi-theme-font:minor-latin;mso-bidi-font-family:Arial;color:#2F5496;\nmso-themecolor:accent1;mso-themeshade:191'><o:p></o:p></span></b></p>", "level": 0}, {"value": "<p class=\"MsoNormal\" style=\"text-align:justify;background:white;vertical-align:\nbaseline\"><b style=\"mso-bidi-font-weight:normal\"><span lang=\"EN-GB\" style='font-family:\"Calibri\",sans-serif;mso-ascii-theme-font:minor-latin;\nmso-hansi-theme-font:minor-latin;mso-bidi-font-family:Arial;color:#2F5496;\nmso-themecolor:accent1;mso-themeshade:191'>Transfer of Information Overseas: </span></b><span lang=\"EN-GB\" style='font-family:\"Calibri\",sans-serif;mso-ascii-theme-font:minor-latin;\nmso-hansi-theme-font:minor-latin;mso-bidi-font-family:Arial;color:#666666'>You\nexpressly agree that we may transfer and store your information on servers and\nequipment located in any territory, including, without limitation, Australia\nand the United States of America etc.</span><b style=\"mso-bidi-font-weight:\nnormal\"><span lang=\"EN-GB\" style='font-family:\"Calibri\",sans-serif;mso-ascii-theme-font:\nminor-latin;mso-hansi-theme-font:minor-latin;mso-bidi-font-family:Arial;\ncolor:#2F5496;mso-themecolor:accent1;mso-themeshade:191'><o:p></o:p></span></b></p>", "level": 0}, {"value": "<p class=\"MsoNormal\" style=\"text-align:justify;background:white;vertical-align:\nbaseline\"><b style=\"mso-bidi-font-weight:normal\"><span lang=\"EN-GB\" style='font-family:\"Calibri\",sans-serif;mso-ascii-theme-font:minor-latin;\nmso-hansi-theme-font:minor-latin;mso-bidi-font-family:Arial;color:#2F5496;\nmso-themecolor:accent1;mso-themeshade:191'>Security: </span></b><span lang=\"EN-GB\" style='font-family:\"Calibri\",sans-serif;mso-ascii-theme-font:minor-latin;\nmso-hansi-theme-font:minor-latin;mso-bidi-font-family:Arial;color:#666666'>We\nare committed to ensuring that your information is secure. In order to prevent\nany misuse, theft, loss, alteration, destruction, unauthorized access or\ndisclosure we have put in place suitable physical, electronic and managerial\nprocedures to safeguard and secure the information we collect online.</span><b style=\"mso-bidi-font-weight:normal\"><span lang=\"EN-GB\" style='font-family:\"Calibri\",sans-serif;\nmso-ascii-theme-font:minor-latin;mso-hansi-theme-font:minor-latin;mso-bidi-font-family:\nArial;color:#2F5496;mso-themecolor:accent1;mso-themeshade:191'><o:p></o:p></span></b></p>", "level": 0}, {"value": "<p class=\"MsoNormal\" style=\"text-align:justify;background:white;vertical-align:\nbaseline\"><b style=\"mso-bidi-font-weight:normal\"><span lang=\"EN-GB\" style='font-family:\"Calibri\",sans-serif;mso-ascii-theme-font:minor-latin;\nmso-hansi-theme-font:minor-latin;mso-bidi-font-family:Arial;color:#2F5496;\nmso-themecolor:accent1;mso-themeshade:191'>Links to Other Websites/Apps/Games: </span></b><span lang=\"EN-GB\" style='font-family:\"Calibri\",sans-serif;mso-ascii-theme-font:minor-latin;\nmso-hansi-theme-font:minor-latin;mso-bidi-font-family:Arial;color:#666666'>Our\ngame may contain advertising and links to other websites of interest. However,\nonce you have used these links to leave our site, you should note that we do\nnot have any control over that other website. Therefore, we cannot be\nresponsible for the protection and privacy of any information, which you\nprovide whilst visiting such sites and this privacy statement does not govern\nsuch sites. You should exercise caution and look at the privacy statement\napplicable to the website in question.</span><b style=\"mso-bidi-font-weight:\nnormal\"><span lang=\"EN-GB\" style='font-family:\"Calibri\",sans-serif;mso-ascii-theme-font:\nminor-latin;mso-hansi-theme-font:minor-latin;mso-bidi-font-family:Arial;\ncolor:#2F5496;mso-themecolor:accent1;mso-themeshade:191'><o:p></o:p></span></b></p>", "level": 0}, {"value": "<p class=\"MsoNormal\" style=\"text-align:justify;background:white;vertical-align:\nbaseline\"><b style=\"mso-bidi-font-weight:normal\"><span lang=\"EN-GB\" style='font-family:\"Calibri\",sans-serif;mso-ascii-theme-font:minor-latin;\nmso-hansi-theme-font:minor-latin;mso-bidi-font-family:Arial;color:#2F5496;\nmso-themecolor:accent1;mso-themeshade:191'>Minors</span></b><span lang=\"EN-GB\" style='font-family:\"Calibri\",sans-serif;mso-ascii-theme-font:minor-latin;\nmso-fareast-font-family:\"Times New Roman\";mso-hansi-theme-font:minor-latin;\nmso-bidi-font-family:\"Times New Roman\";color:#2F5496;mso-themecolor:accent1;\nmso-themeshade:191'>: </span><span lang=\"EN-GB\" style='font-family:\"Calibri\",sans-serif;\nmso-ascii-theme-font:minor-latin;mso-hansi-theme-font:minor-latin;mso-bidi-font-family:\nArial;color:#666666'>To use of Site/App/Games, you must be over the age of\nthirteen. Therefore, we do not knowingly collect Personal Information from\nchildren under the age of thirteen and does not wish to do so. We reserve the\nright to request proof of age at any stage so that we can verify that minors\nunder the age of thirteen are not using the Site.</span><span lang=\"EN-GB\" style='font-family:\"Calibri\",sans-serif;mso-ascii-theme-font:minor-latin;\nmso-fareast-font-family:\"Times New Roman\";mso-hansi-theme-font:minor-latin;\nmso-bidi-font-family:\"Times New Roman\";color:#2F5496;mso-themecolor:accent1;\nmso-themeshade:191'><o:p></o:p></span></p>", "level": 0}, {"value": "<p class=\"MsoNormal\" style=\"text-align:justify;background:white;vertical-align:\nbaseline\"><span class=\"SpellE\"><b style=\"mso-bidi-font-weight:normal\"><span lang=\"EN-GB\" style='font-family:\"Calibri\",sans-serif;mso-ascii-theme-font:minor-latin;\nmso-hansi-theme-font:minor-latin;mso-bidi-font-family:Arial;color:#2F5496;\nmso-themecolor:accent1;mso-themeshade:191'>OptOut</span></b></span><b style=\"mso-bidi-font-weight:normal\"><span lang=\"EN-GB\" style='font-family:\"Calibri\",sans-serif;\nmso-ascii-theme-font:minor-latin;mso-hansi-theme-font:minor-latin;mso-bidi-font-family:\nArial;color:#2F5496;mso-themecolor:accent1;mso-themeshade:191'>: </span></b><span lang=\"EN-GB\" style='font-family:\"Calibri\",sans-serif;mso-ascii-theme-font:minor-latin;\nmso-hansi-theme-font:minor-latin;mso-bidi-font-family:Arial;color:#666666'>We\nhave created an opt-out option within our Apps. You may choose it by visiting\nPrivacy Controls and Selection No from Consent Screen, the Consent Screen is\nshown when you launch the App/Game for the first time, afterwards if you wish\nto change you can do it from Privacy Controls from within the app. Opting Out\nwill mean that you will still be served ads, but they will not be tailored to\nyour preferences. Opting out will also <span class=\"GramE\">effect</span> on\nAnalytics and other 3<sup>rd</sup> Party SDKs used. Please note you cannot <span class=\"SpellE\">OptOut</span> when you are using our website.</span><b style=\"mso-bidi-font-weight:normal\"><span lang=\"EN-GB\" style='font-family:\"Calibri\",sans-serif;\nmso-ascii-theme-font:minor-latin;mso-hansi-theme-font:minor-latin;mso-bidi-font-family:\nArial;color:#2F5496;mso-themecolor:accent1;mso-themeshade:191'><o:p></o:p></span></b></p>", "level": 0}, {"value": "<p class=\"MsoNormal\"><b style=\"mso-bidi-font-weight:normal\"><span lang=\"EN-GB\" style='font-family:\"Calibri\",sans-serif;mso-ascii-theme-font:minor-latin;\nmso-hansi-theme-font:minor-latin;mso-bidi-font-family:Arial;color:#2F5496;\nmso-themecolor:accent1;mso-themeshade:191'>Deletion of Information: </span></b><span lang=\"EN-GB\" style='font-family:\"Calibri\",sans-serif;mso-ascii-theme-font:minor-latin;\nmso-hansi-theme-font:minor-latin;mso-bidi-font-family:Arial;color:#666666'>Information\nwhen not needed will be deleted by us and we will also make sure that\ninformation when not required is deleted by our 3rd Party Partners. If you wish\nto delete your information you can send us request to delete your information.\nWe will need some additional information from you to delete your information.\nSend us your queries regarding deletion of your information and in case you\nhave any questions at</span><span lang=\"EN-GB\" style='font-size:10.5pt;\nfont-family:\"Arial\",sans-serif;color:#303030'> </span><span lang=\"EN-GB\"><a href=\"mailto:androidapps.mobilminds@gmail.com\"><span style='font-size:10.0pt;\nfont-family:\"Arial\",sans-serif;color:#954F72'>androidapps.mobilminds</span><span style='font-size:11.0pt;font-family:\"Calibri\",sans-serif;color:#954F72'>@gmail.com</span></a></span><span lang=\"EN-GB\" style='font-size:10.5pt;font-family:\"Arial\",sans-serif;color:#333333;\nbackground:white'><o:p></o:p></span></p>", "level": 0}]]