[[{"value": "<p class=\"MsoNormal\" style=\"margin-top:3.75pt;margin-right:0in;margin-bottom:\n7.5pt;margin-left:0in;line-height:115%;mso-outline-level:1\"><b style=\"mso-bidi-font-weight:normal\"><span style='font-size:10.0pt;line-height:\n115%;font-family:\"Helvetica\",\"sans-serif\";mso-fareast-font-family:\"Times New Roman\";\ncolor:#555555'>This Privacy Policy describes:<o:p></o:p></span></b></p>", "level": 1}, {"value": "<p class=\"MsoListParagraphCxSpFirst\" style=\"margin-top:3.75pt;margin-right:0in;\nmargin-bottom:7.5pt;margin-left:.5in;mso-add-space:auto;text-indent:-.25in;\nline-height:115%;mso-outline-level:1;mso-list:l2 level1 lfo3\"><span style=\"font-size:10.0pt;line-height:115%;font-family:Symbol;mso-fareast-font-family:\nSymbol;mso-bidi-font-family:Symbol;color:#555555\"><span style=\"mso-list:Ignore\">\u00b7<span style='font:7.0pt \"Times New Roman\"'>\u00a0\u00a0\u00a0\u00a0\u00a0\u00a0\u00a0\u00a0\n</span></span></span><span style='font-size:10.0pt;line-height:115%;\nfont-family:\"Helvetica\",\"sans-serif\";mso-fareast-font-family:\"Times New Roman\";\ncolor:#555555'>The information We collect, how We do so and the purposes of our\ncollection<o:p></o:p></span></p>", "level": 0}, {"value": "<p class=\"MsoListParagraphCxSpMiddle\" style=\"margin-top:3.75pt;margin-right:0in;\nmargin-bottom:7.5pt;margin-left:.5in;mso-add-space:auto;text-indent:-.25in;\nline-height:115%;mso-outline-level:1;mso-list:l2 level1 lfo3\"><span style=\"font-size:10.0pt;line-height:115%;font-family:Symbol;mso-fareast-font-family:\nSymbol;mso-bidi-font-family:Symbol;color:#555555\"><span style=\"mso-list:Ignore\">\u00b7<span style='font:7.0pt \"Times New Roman\"'>\u00a0\u00a0\u00a0\u00a0\u00a0\u00a0\u00a0\u00a0\n</span></span></span><span style='font-size:10.0pt;line-height:115%;\nfont-family:\"Helvetica\",\"sans-serif\";mso-fareast-font-family:\"Times New Roman\";\ncolor:#555555'>How We use and with whom We share such information<o:p></o:p></span></p>", "level": 0}, {"value": "<p class=\"MsoListParagraphCxSpMiddle\" style=\"margin-top:3.75pt;margin-right:0in;\nmargin-bottom:7.5pt;margin-left:.5in;mso-add-space:auto;text-indent:-.25in;\nline-height:115%;mso-outline-level:1;mso-list:l2 level1 lfo3\"><span style=\"font-size:10.0pt;line-height:115%;font-family:Symbol;mso-fareast-font-family:\nSymbol;mso-bidi-font-family:Symbol;color:#555555\"><span style=\"mso-list:Ignore\">\u00b7<span style='font:7.0pt \"Times New Roman\"'>\u00a0\u00a0\u00a0\u00a0\u00a0\u00a0\u00a0\u00a0\n</span></span></span><span style='font-size:10.0pt;line-height:115%;\nfont-family:\"Helvetica\",\"sans-serif\";mso-fareast-font-family:\"Times New Roman\";\ncolor:#555555'>How you can access and update such information<o:p></o:p></span></p>", "level": 0}, {"value": "<p class=\"MsoListParagraphCxSpMiddle\" style=\"margin-top:3.75pt;margin-right:0in;\nmargin-bottom:7.5pt;margin-left:.5in;mso-add-space:auto;text-indent:-.25in;\nline-height:115%;mso-outline-level:1;mso-list:l2 level1 lfo3\"><span style=\"font-size:10.0pt;line-height:115%;font-family:Symbol;mso-fareast-font-family:\nSymbol;mso-bidi-font-family:Symbol;color:#555555\"><span style=\"mso-list:Ignore\">\u00b7<span style='font:7.0pt \"Times New Roman\"'>\u00a0\u00a0\u00a0\u00a0\u00a0\u00a0\u00a0\u00a0\n</span></span></span><span style='font-size:10.0pt;line-height:115%;\nfont-family:\"Helvetica\",\"sans-serif\";mso-fareast-font-family:\"Times New Roman\";\ncolor:#555555'>The choices you can make about how We collect, use and share\nyour information<o:p></o:p></span></p>", "level": 0}, {"value": "<p class=\"MsoListParagraphCxSpLast\" style=\"margin-top:3.75pt;margin-right:0in;\nmargin-bottom:7.5pt;margin-left:.5in;mso-add-space:auto;text-indent:-.25in;\nline-height:115%;mso-outline-level:1;mso-list:l2 level1 lfo3\"><span style=\"font-size:10.0pt;line-height:115%;font-family:Symbol;mso-fareast-font-family:\nSymbol;mso-bidi-font-family:Symbol;color:#555555\"><span style=\"mso-list:Ignore\">\u00b7<span style='font:7.0pt \"Times New Roman\"'>\u00a0\u00a0\u00a0\u00a0\u00a0\u00a0\u00a0\u00a0\n</span></span></span><span style='font-size:10.0pt;line-height:115%;\nfont-family:\"Helvetica\",\"sans-serif\";mso-fareast-font-family:\"Times New Roman\";\ncolor:#555555'>How We protect the information We store about you<o:p></o:p></span></p>", "level": 0}, {"value": "<p class=\"MsoNormal\" style=\"margin-bottom:0in;margin-bottom:.0001pt;line-height:\n115%\"><b><span style='font-size:10.0pt;line-height:115%;font-family:\"Helvetica\",\"sans-serif\";\nmso-fareast-font-family:\"Times New Roman\";color:#555555'>This document\ndelineates the practices that our services (including website, mobile) follow\nregarding privacy.</span></b><span style='font-size:10.0pt;line-height:115%;\nfont-family:\"Helvetica\",\"sans-serif\";mso-fareast-font-family:\"Times New Roman\";\ncolor:#555555'><o:p></o:p></span></p>", "level": 0}, {"value": "<p class=\"MsoNormal\" style=\"margin-bottom:0in;margin-bottom:.0001pt;line-height:\n115%\"><span style='font-size:10.0pt;line-height:115%;font-family:\"Helvetica\",\"sans-serif\";\nmso-fareast-font-family:\"Times New Roman\";color:#555555'>By agreeing to use our\nproducts and services, you agree to accept this Privacy Policy, which comes\ninto full effect the time you contact us for any reason or provide your\npersonal information when you register with us. By doing so you agree to the\nterms laid out in this policy for the collection, storage and processing of\nyour personal data, including electronic communication. This policy may be\namended as and when needed, in view of the prevailing law. However, you will be\nnotified of these changes.<o:p></o:p></span></p>", "level": 0}, {"value": "<p class=\"MsoNormal\" style=\"margin-top:3.75pt;margin-right:0in;margin-bottom:\n7.5pt;margin-left:0in;line-height:115%;mso-outline-level:2\"><span style='font-size:15.0pt;line-height:115%;font-family:\"Arial\",\"sans-serif\";\nmso-fareast-font-family:\"Times New Roman\";color:#555555'>Information Collection\nand Use<o:p></o:p></span></p>", "level": 0}, {"value": "<p class=\"MsoNormal\" style=\"margin-bottom:0in;margin-bottom:.0001pt;line-height:\n115%\"><span style='font-size:10.0pt;line-height:115%;font-family:\"Helvetica\",\"sans-serif\";\nmso-fareast-font-family:\"Times New Roman\";color:#555555'>All the information\ncollected by Emoji Keyboard services (including Emoji Keyboard websites, mobile\napplications) will be owned by Emoji Keyboard solely. This information will not\nbe sold, shared, or rented to anyone else in any manner other than explained\nhere.<o:p></o:p></span></p>", "level": 0}, {"value": "<p class=\"MsoNormal\" style=\"margin-top:3.75pt;margin-right:0in;margin-bottom:\n7.5pt;margin-left:0in;line-height:115%;mso-outline-level:2\"><span style='font-size:15.0pt;line-height:115%;font-family:\"Arial\",\"sans-serif\";\nmso-fareast-font-family:\"Times New Roman\";color:#555555'>Information we receive\nfrom your use of application or game on mobile<o:p></o:p></span></p>", "level": 0}, {"value": "<p class=\"MsoNormal\" style=\"margin-top:3.75pt;margin-right:0in;margin-bottom:\n7.5pt;margin-left:0in;line-height:115%;mso-outline-level:2\"><span style='font-size:10.0pt;line-height:115%;font-family:\"Helvetica\",\"sans-serif\";\nmso-fareast-font-family:\"Times New Roman\";color:#555555'>If you use Emoji Keyboard\napplication or website on your mobile telephone or other mobile device,\nincluding iPads and tablets, we collect mobile device identifiers, including\nMAC Address, and IP Address. In certain games we will create and assign to your\ndevice an identifier that is similar to an account number. We may collect the\nname you have associated with your device, device type, telephone number,\ncountry, and any other information you choose to provide, such as user name,\ncharacter name, geo-location or e-mail address. We may also access your contacts\nto enable you to invite friends to join you in the Service.<o:p></o:p></span></p>", "level": 0}, {"value": "<p class=\"MsoNormal\" style=\"margin-top:3.75pt;margin-right:0in;margin-bottom:\n7.5pt;margin-left:0in;line-height:115%;mso-outline-level:2\"><span style='font-size:15.0pt;line-height:115%;font-family:\"Arial\",\"sans-serif\";\nmso-fareast-font-family:\"Times New Roman\";color:#555555'>How we collect\ninformation about you<o:p></o:p></span></p>", "level": 0}, {"value": "<p class=\"MsoNormal\" style=\"margin-top:3.75pt;margin-right:0in;margin-bottom:\n7.5pt;margin-left:0in;line-height:115%;mso-outline-level:2\"><span style='font-size:10.0pt;line-height:115%;font-family:\"Helvetica\",\"sans-serif\";\nmso-fareast-font-family:\"Times New Roman\";color:#555555'>We may collect\ninformation about you in any one or more of the following ways:<o:p></o:p></span></p>", "level": 0}, {"value": "<p class=\"MsoNormal\" style=\"margin-top:3.75pt;margin-right:0in;margin-bottom:\n7.5pt;margin-left:0in;line-height:115%;mso-outline-level:2\"><span style='font-size:10.0pt;line-height:115%;font-family:\"Helvetica\",\"sans-serif\";\nmso-fareast-font-family:\"Times New Roman\";color:#555555'>When you play one of\napplication and website, Emoji Keyboard collects and stores certain information\nthat you provide directly or through the SNS or other third party website that\nis offering our game(s). To provide a richer game play and social experience,\nwe also collect information about your play and interaction with other players\nand the Service. The bulk of this information is collected and stored through\nthe use of Log Files, which are files on our web servers that record actions\ntaken on our games, application and websites.<o:p></o:p></span></p>", "level": 0}, {"value": "<p class=\"MsoNormal\" style=\"margin-top:3.75pt;margin-right:0in;margin-bottom:\n7.5pt;margin-left:0in;line-height:115%;mso-outline-level:2\"><span style='font-size:15.0pt;line-height:115%;font-family:\"Arial\",\"sans-serif\";\nmso-fareast-font-family:\"Times New Roman\";color:#555555'>Payment Information<o:p></o:p></span></p>", "level": 0}, {"value": "<p class=\"MsoNormal\" style=\"margin-bottom:0in;margin-bottom:.0001pt;line-height:\n115%\"><span style='font-size:10.0pt;line-height:115%;font-family:\"Helvetica\",\"sans-serif\";\nmso-fareast-font-family:\"Times New Roman\";color:#555555'>If you purchase a\nlicense to use in-game virtual currency or virtual items directly from Emoji Keyboard,\nWe will collect the billing and financial information necessary to process your\ncharges, which may include your postal and e-mail addresses. Emoji Keyboard may\nalso receive the billing and payment information that you provide when your\npurchase is processed by another party, such as Facebook (for Facebook Credits)\nor Apple (for purchases on IOS devices). Our Terms of Service explain our\npolicies and terms relevant to our charges and billing practices. Please note\nthat purchases of third party credits or currencies like Facebook Credits may\nalso be subject to additional policies.<o:p></o:p></span></p>", "level": 0}, {"value": "<p class=\"MsoNormal\" style=\"margin-top:3.75pt;margin-right:0in;margin-bottom:\n7.5pt;margin-left:0in;line-height:115%;mso-outline-level:2\"><span style='font-size:15.0pt;line-height:115%;font-family:\"Arial\",\"sans-serif\";\nmso-fareast-font-family:\"Times New Roman\";color:#555555'>Web forms<o:p></o:p></span></p>", "level": 0}, {"value": "<p class=\"MsoNormal\" style=\"margin-bottom:0in;margin-bottom:.0001pt;line-height:\n115%\"><span style='font-size:10.0pt;line-height:115%;font-family:\"Helvetica\",\"sans-serif\";\nmso-fareast-font-family:\"Times New Roman\";color:#555555'>When using our\nwebsite, you may come across some web forms and if you submit them to us, all\ninformation that you fill in, like your contact, comments etc., will be\ncollected. All such required information will be indicated. This data is\ncollected to process your request and contact you later. However, if you are\nusing third party services to communicate with us, you would be liable to\nfollow their privacy policy as well.<o:p></o:p></span></p>", "level": 0}, {"value": "<p class=\"MsoNormal\" style=\"margin-top:3.75pt;margin-right:0in;margin-bottom:\n7.5pt;margin-left:0in;line-height:115%;mso-outline-level:2\"><span style='font-size:15.0pt;line-height:115%;font-family:\"Arial\",\"sans-serif\";\nmso-fareast-font-family:\"Times New Roman\";color:#555555'>Cookies<o:p></o:p></span></p>", "level": 0}, {"value": "<p class=\"MsoNormal\" style=\"margin-bottom:0in;margin-bottom:.0001pt;line-height:\n115%\"><span style='font-size:10.0pt;line-height:115%;font-family:\"Helvetica\",\"sans-serif\";\nmso-fareast-font-family:\"Times New Roman\";color:#555555'>Cookies are very\nimportant. Websites use them mainly to check the status of user's orders on\ntheir website. They do not identify users, only their computers. These cookies\nallow Emoji Keyboard to manage the state of the order and can provide special\noffers to the customers.When you access the Service, We collect certain\ntechnical information in order to (I) analyze the usage of our sites and\nservices; (ii) provide a more personalized experience; and (iii) manage\nadvertising. We and service providers acting on our behalf, such as Google\nAnalytics, use Log Files and tracking technologies to collect and analyze\ncertain types of technical information, including cookies, IP addresses, device\ntype, device identifiers, browser types, browser language, referring and exit\npages, and URLs, platform type, the number of clicks, domain names, landing\npages, pages viewed and the order of those pages, the amount of time spent on\nparticular pages, game state and the date and time of activity on our websites\nor games, and other similar information. In some cases, we will associate this\ninformation with your user ID number for our internal use.<o:p></o:p></span></p>", "level": 0}, {"value": "<p class=\"MsoNormal\" style=\"margin-top:3.75pt;margin-right:0in;margin-bottom:\n7.5pt;margin-left:0in;line-height:115%;mso-outline-level:2\"><span style='font-size:15.0pt;line-height:115%;font-family:\"Arial\",\"sans-serif\";\nmso-fareast-font-family:\"Times New Roman\";color:#555555'>IP Addresses<o:p></o:p></span></p>", "level": 0}, {"value": "<p class=\"MsoNormal\" style=\"margin-bottom:0in;margin-bottom:.0001pt;line-height:\n115%\"><span style='font-size:10.0pt;line-height:115%;font-family:\"Helvetica\",\"sans-serif\";\nmso-fareast-font-family:\"Times New Roman\";color:#555555'>An IP address is like\na real address but for computers. It is how they are recognized on the\ninternet. Emoji Keyboard collects its customers' IP addresses to assess and analyses\noverall trends and improve its service thereupon. However, we do not share this\ninformation with any third party without your permission.<o:p></o:p></span></p>", "level": 0}, {"value": "<p class=\"MsoNormal\" style=\"margin-bottom:0in;margin-bottom:.0001pt;line-height:\n115%\"><span style='font-size:15.0pt;line-height:115%;font-family:\"Arial\",\"sans-serif\";\nmso-fareast-font-family:\"Times New Roman\";color:#555555'>Privacy policiesof\nlinked sites </span><span style='font-size:10.0pt;line-height:115%;font-family:\n\"Helvetica\",\"sans-serif\";mso-fareast-font-family:\"Times New Roman\";color:#555555'><o:p></o:p></span></p>", "level": 0}, {"value": "<p class=\"MsoNormal\" style=\"margin-bottom:0in;margin-bottom:.0001pt;line-height:\n115%\"><span style='font-size:10.0pt;line-height:115%;font-family:\"Helvetica\",\"sans-serif\";\nmso-fareast-font-family:\"Times New Roman\";color:#555555'>Our websites and application,\ngames may contain advertisements from companies other than Emoji Keyboard that\nmay link to their own websites. We are not responsible for the privacy\npractices or the content of such websites. If you have any questions about how\nthese other websites use your information, you should review their policies and\ncontact them directly.<o:p></o:p></span></p>", "level": 0}, {"value": "<p class=\"MsoNormal\" style=\"margin-top:3.75pt;margin-right:0in;margin-bottom:\n7.5pt;margin-left:0in;line-height:115%;mso-outline-level:2\"><span style='font-size:15.0pt;line-height:115%;font-family:\"Arial\",\"sans-serif\";\nmso-fareast-font-family:\"Times New Roman\";color:#555555'>How we use the\ninformation we collect<o:p></o:p></span></p>", "level": 0}, {"value": "<p class=\"MsoNormal\" style=\"margin-bottom:0in;margin-bottom:.0001pt;line-height:\n115%\"><span style='font-size:10.0pt;line-height:115%;font-family:\"Helvetica\",\"sans-serif\";\nmso-fareast-font-family:\"Times New Roman\";color:#555555'>One important use of\nyour information is communication. If you have provided your e-mail address to Emoji Keyboard,\nWe'll use it to respond to customer support inquiries.<o:p></o:p></span></p>", "level": 0}, {"value": "<p class=\"MsoNormal\" style=\"margin-top:3.75pt;margin-right:0in;margin-bottom:\n7.5pt;margin-left:0in;line-height:115%;mso-outline-level:2\"><span style='font-size:15.0pt;line-height:115%;font-family:\"Arial\",\"sans-serif\";\nmso-fareast-font-family:\"Times New Roman\";color:#555555'>Sharing of Information<o:p></o:p></span></p>", "level": 0}, {"value": "<p class=\"MsoNormal\" style=\"margin-bottom:0in;margin-bottom:.0001pt;line-height:\n115%\"><span style='font-size:10.0pt;line-height:115%;font-family:\"Helvetica\",\"sans-serif\";\nmso-fareast-font-family:\"Times New Roman\";color:#555555'>Emoji Keyboard will\nnever sell, rent, license, exchange, or share any of your information without\nyour permission. It may however do so under the following situations:<o:p></o:p></span></p>", "level": 0}, {"value": "<ul type=\"disc\">\n<li class=\"MsoNormal\" style=\"color:#555555;mso-margin-top-alt:auto;mso-margin-bottom-alt:\n     auto;line-height:115%;mso-list:l1 level1 lfo1;tab-stops:list .5in\"><span style='font-size:10.0pt;line-height:115%;font-family:\"Helvetica\",\"sans-serif\";\n     mso-fareast-font-family:\"Times New Roman\"'>If Emoji Keyboard is required by\n     law; and<o:p></o:p></span></li>\n<li class=\"MsoNormal\" style=\"color:#555555;mso-margin-top-alt:auto;mso-margin-bottom-alt:\n     auto;line-height:115%;mso-list:l1 level1 lfo1;tab-stops:list .5in\"><span style='font-size:10.0pt;line-height:115%;font-family:\"Helvetica\",\"sans-serif\";\n     mso-fareast-font-family:\"Times New Roman\"'>To enhance its market share and\n     for other strategic business decisions, Emoji Keyboard may disclose your\n     information to its strategic partners and service providers.<o:p></o:p></span></li>\n</ul>", "level": 0}, {"value": "<p class=\"MsoNormal\" style=\"mso-margin-top-alt:auto;mso-margin-bottom-alt:auto;\nline-height:115%\"><span style='font-size:10.0pt;line-height:115%;font-family:\n\"Helvetica\",\"sans-serif\";mso-fareast-font-family:\"Times New Roman\";color:#555555'>We\nwill provide your information to third party companies to perform services on\nour behalf, including payment processing, data analysis, e-mail delivery,\nhosting services, customer service and to assist us in our marketing efforts.\nWe direct all such third party service providers to maintain the\nconfidentiality of the information disclosed to them and to not use your\ninformation for any purpose other than to provide services on Emoji Keyboard\u0092s behalf.<o:p></o:p></span></p>", "level": 0}, {"value": "<p class=\"MsoNormal\" style=\"margin-top:3.75pt;margin-right:0in;margin-bottom:\n7.5pt;margin-left:0in;line-height:115%;mso-outline-level:2\"><span style='font-size:15.0pt;line-height:115%;font-family:\"Arial\",\"sans-serif\";\nmso-fareast-font-family:\"Times New Roman\";color:#555555'>Security<o:p></o:p></span></p>", "level": 0}, {"value": "<p class=\"MsoNormal\" style=\"margin-bottom:0in;margin-bottom:.0001pt;line-height:\n115%\"><span style='font-size:10.0pt;line-height:115%;font-family:\"Helvetica\",\"sans-serif\";\nmso-fareast-font-family:\"Times New Roman\";color:#555555'>Emoji Keyboard takes\nevery measure it can to protect your information and keep it safe. It uses\ntechnologies that prevent unauthorized access to your information.\nNevertheless, no one can guarantee a 100% security for the transmission on the\ninternet. While Emoji Keyboard does its best to protect your personal\ninformation, it cannot ensure or warrant the security of your information you\ntransmit to us, and you do it at your own risk.<o:p></o:p></span></p>", "level": 0}, {"value": "<p class=\"MsoNormal\" style=\"margin-top:3.75pt;margin-right:0in;margin-bottom:\n7.5pt;margin-left:0in;line-height:115%;mso-outline-level:2\"><span style='font-size:15.0pt;line-height:115%;font-family:\"Arial\",\"sans-serif\";\nmso-fareast-font-family:\"Times New Roman\";color:#555555'>Notification of\nChanges<o:p></o:p></span></p>", "level": 0}, {"value": "<p class=\"MsoNormal\" style=\"line-height:115%\"><span style='font-size:10.0pt;\nline-height:115%;font-family:\"Helvetica\",\"sans-serif\";mso-fareast-font-family:\n\"Times New Roman\";color:#555555'>We receive and store the information you\nprovide, including your telephone number, when you sign up to have SMS\nnotifications sent directly to your mobile phone. These messages notify you of\nin-game activity and may allow you to play the game from your phone. You can\nadjust the types of notifications you receive and when you receive them by\nediting your SMS notification settings; just log in to your game account and\nchoose SMS mobile from the Help menu.<o:p></o:p></span></p>", "level": 0}, {"value": "<p class=\"MsoNormal\" style=\"line-height:115%\"><span style='font-size:10.0pt;\nline-height:115%;font-family:\"Helvetica\",\"sans-serif\";mso-fareast-font-family:\n\"Times New Roman\";color:#555555'>With your consent we may send push\nnotifications to your mobile device to provide game updates and other relevant\nmessages. You can manage push notifications from the \u0093options\u00bb or \u0093settings\u0094\npage within the relevant game. You may also be able to manage them from your\ndevice\u0092s settings page for the relevant game.<o:p></o:p></span></p>", "level": 0}, {"value": "<p class=\"MsoNormal\" style=\"margin-top:3.75pt;margin-right:0in;margin-bottom:\n7.5pt;margin-left:0in;line-height:115%;mso-outline-level:2\"><span style='font-size:15.0pt;line-height:115%;font-family:\"Arial\",\"sans-serif\";\nmso-fareast-font-family:\"Times New Roman\";color:#555555'><span style=\"mso-spacerun:yes\">\u00a0</span>Ourpolicies concerning children<o:p></o:p></span></p>", "level": 0}, {"value": "<p class=\"MsoNormal\" style=\"line-height:115%\"><span style='font-size:10.0pt;\nline-height:115%;font-family:\"Helvetica\",\"sans-serif\";mso-fareast-font-family:\n\"Times New Roman\";color:#555555'>Our websites, games and application are not\nintended for children under the age of 13 and we do not knowingly collect any\npersonal information from such children. Children under the age of 13 should\nnot use our websites or games, application at any time. In the event that we\ncame to know that we have inadvertently gathered personal information from\nchildren under the age of 13, we will take reasonable measures to promptly\nerase such information from our records.<o:p></o:p></span></p>", "level": 0}, {"value": "<p class=\"MsoNormal\" style=\"margin-top:3.75pt;margin-right:0in;margin-bottom:\n7.5pt;margin-left:0in;line-height:115%;mso-outline-level:2\"><span style='font-size:15.0pt;line-height:115%;font-family:\"Arial\",\"sans-serif\";\nmso-fareast-font-family:\"Times New Roman\";color:#555555'>Contact Us<o:p></o:p></span></p>", "level": 0}, {"value": "<p class=\"MsoNormal\" style=\"line-height:115%\"><span style='font-size:10.0pt;\nline-height:115%;font-family:\"Helvetica\",\"sans-serif\";mso-fareast-font-family:\n\"Times New Roman\";color:#555555'>If you have any query, comments or concerns\nregarding our Privacy Policy, please send an e-mail to info@jksol.com.<o:p></o:p></span></p>", "level": 0}]]