[[{"value": "<div class=\"grayText\"><strong>When do we collect information?</strong></div>", "level": 1}, {"value": "<div class=\"innerText\">We collect information from you when you register on our site or enter information on our site.</div>", "level": 0}, {"value": "<div class=\"grayText\"><strong>How do we use your information? </strong></div>", "level": 0}, {"value": "<div class=\"innerText\"> We may use the information we collect from you when you register, make a purchase, sign up for our newsletter, respond to a survey or marketing communication, surf the website, or use certain other site features in the following ways:<br/><br/></div>", "level": 0}, {"value": "<div class=\"innerText\">\u00a0\u00a0\u00a0\u00a0\u00a0 <strong>\u2022</strong> To personalize your experience and to allow us to deliver the type of content and product offerings in which you are most interested.</div>", "level": 0}], [{"value": "<div class=\"grayText\"><strong>How do we protect your information?</strong></div>", "level": 1}], [{"value": "<div class=\"grayText\"><strong>Do we use 'cookies'?</strong></div>", "level": 1}, {"value": "<div class=\"innerText\">We do not use cookies for tracking purposes </div>", "level": 0}, {"value": "<div class=\"innerText\"><br/>You can choose to have your computer warn you each time a cookie is being sent, or you can choose to turn off all cookies. You do this through your browser settings. Since browser is a little different, look at your browser's Help Menu to learn the correct way to modify your cookies.<br/></div>", "level": 0}, {"value": "<div class=\"innerText\">If you turn cookies off, some features will be disabled. that make your site experience more efficient and may not function properly.</div>", "level": 0}, {"value": "<div class=\"innerText\">However, you will still be able to place orders .</div>", "level": 0}], [{"value": "<div class=\"grayText\"><strong>Third-party disclosure</strong></div>", "level": 1}, {"value": "<div class=\"innerText\">We do not sell, trade, or otherwise transfer to outside parties your Personally Identifiable Information.</div>", "level": 0}], [{"value": "<div class=\"grayText\"><strong>Third-party links</strong></div>", "level": 1}, {"value": "<div class=\"innerText\">Occasionally, at our discretion, we may include or offer third-party products or services on our website. These third-party sites have separate and independent privacy policies. We therefore have no responsibility or liability for the content and activities of these linked sites. Nonetheless, we seek to protect the integrity of our site and welcome any feedback about these sites.</div>", "level": 0}], [{"value": "<div class=\"blueText\"><strong>Google</strong></div>", "level": 1}, {"value": "<div class=\"innerText\">Google's advertising requirements can be summed up by Google's Advertising Principles. They are put in place to provide a positive experience for users. https://support.google.com/adwordspolicy/answer/1316548?hl=en <br/><br/></div>", "level": 0}, {"value": "<div class=\"innerText\">We use Google AdSense Advertising on our website.</div>", "level": 0}, {"value": "<div class=\"innerText\"><br/>Google, as a third-party vendor, uses cookies to serve ads on our site. Google's use of the DART cookie enables it to serve ads to our users based on previous visits to our site and other sites on the Internet. Users may opt-out of the use of the DART cookie by visiting the Google Ad and Content Network privacy policy.<br/></div>", "level": 0}], [{"value": "<div class=\"innerText\"><br/><strong>We have implemented the following:</strong></div>", "level": 1}, {"value": "<div class=\"innerText\">\u00a0\u00a0\u00a0\u00a0\u00a0 <strong>\u2022</strong> Remarketing with Google AdSense</div>", "level": 0}, {"value": "<div class=\"innerText\">We, along with third-party vendors such as Google use first-party cookies (such as the Google Analytics cookies) and third-party cookies (such as the DoubleClick cookie) or other third-party identifiers together to compile data regarding user interactions with ad impressions and other ad service functions as they relate to our website. </div>", "level": 0}, {"value": "<div class=\"innerText\"><br/><strong>Opting out:<strong><br/>\n\t\t\t\t\tUsers can set preferences for how Google advertises to you using the Google Ad Settings page. Alternatively, you can opt out by visiting the Network Advertising Initiative Opt Out page or by using the Google Analytics Opt Out Browser add on.</strong></strong></div>", "level": 0}], [{"value": "<div class=\"blueText\"><strong>California Online Privacy Protection Act</strong></div>", "level": 1}, {"value": "<div class=\"innerText\">CalOPPA is the first state law in the nation to require commercial websites and online services to post a privacy policy.  The law's reach stretches well beyond California to require any person or company in the United States (and conceivably the world) that operates websites collecting Personally Identifiable Information from California consumers to post a conspicuous privacy policy on its website stating exactly the information being collected and those individuals or companies with whom it is being shared. -  See more at: http://consumercal.org/california-online-privacy-protection-act-caloppa/#sthash.0FdRbT51.dpuf<br/></div>", "level": 0}], [{"value": "<div class=\"innerText\"><br/><strong>According to CalOPPA, we agree to the following:</strong><br/></div>", "level": 1}, {"value": "<div class=\"innerText\">Users can visit our site anonymously.</div>", "level": 0}, {"value": "<div class=\"innerText\">Once this privacy policy is created, we will add a link to it on our home page or as a minimum, on the first significant page after entering our website.<br/></div>", "level": 0}, {"value": "<div class=\"innerText\">Our Privacy Policy link includes the word 'Privacy' and can easily be found on the page specified above.</div>", "level": 0}, {"value": "<div class=\"innerText\"><br/>You will be notified of any Privacy Policy changes:</div>", "level": 0}, {"value": "<div class=\"innerText\">\u00a0\u00a0\u00a0\u00a0\u00a0 <strong>\u2022</strong> On our Privacy Policy Page<br/></div>", "level": 0}, {"value": "<div class=\"innerText\">Can change your personal information:</div>", "level": 0}, {"value": "<div class=\"innerText\">\u00a0\u00a0\u00a0\u00a0\u00a0 <strong>\u2022</strong> By emailing us</div>", "level": 0}], [{"value": "<div class=\"innerText\"><br/><strong>How does our site handle Do Not Track signals?</strong><br/></div>", "level": 1}, {"value": "<div class=\"innerText\">We honor Do Not Track signals and Do Not Track, plant cookies, or use advertising when a Do Not Track (DNT) browser mechanism is in place. </div>", "level": 0}], [{"value": "<div class=\"innerText\"><br/><strong>Does our site allow third-party behavioral tracking?</strong><br/></div>", "level": 1}, {"value": "<div class=\"innerText\">It's also important to note that we allow third-party behavioral tracking</div>", "level": 0}], [{"value": "<div class=\"blueText\"><strong>COPPA (Children Online Privacy Protection Act)</strong></div>", "level": 1}, {"value": "<div class=\"innerText\">When it comes to the collection of personal information from children under the age of 13 years old, the Children's Online Privacy Protection Act (COPPA) puts parents in control.  The Federal Trade Commission, United States' consumer protection agency, enforces the COPPA Rule, which spells out what operators of websites and online services must do to protect children's privacy and safety online.<br/><br/></div>", "level": 0}], [{"value": "<div class=\"blueText\"><strong>Fair Information Practices</strong></div>", "level": 1}, {"value": "<div class=\"innerText\">The Fair Information Practices Principles form the backbone of privacy law in the United States and the concepts they include have played a significant role in the development of data protection laws around the globe. Understanding the Fair Information Practice Principles and how they should be implemented is critical to comply with the various privacy laws that protect personal information.<br/><br/></div>", "level": 0}, {"value": "<div class=\"innerText\"><strong>In order to be in line with Fair Information Practices we will take the following responsive action, should a data breach occur:</strong></div>", "level": 0}, {"value": "<div class=\"innerText\">We will notify you via email</div>", "level": 0}, {"value": "<div class=\"innerText\">\u00a0\u00a0\u00a0\u00a0\u00a0 <strong>\u2022</strong> Within 7 business days</div>", "level": 0}, {"value": "<div class=\"innerText\"><br/>We also agree to the Individual Redress Principle which requires that individuals have the right to legally pursue enforceable rights against data collectors and processors who fail to adhere to the law. This principle requires not only that individuals have enforceable rights against data users, but also that individuals have recourse to courts or government agencies to investigate and/or prosecute non-compliance by data processors.</div>", "level": 0}], [{"value": "<div class=\"blueText\"><strong>CAN SPAM Act</strong></div>", "level": 1}, {"value": "<div class=\"innerText\">The CAN-SPAM Act is a law that sets the rules for commercial email, establishes requirements for commercial messages, gives recipients the right to have emails stopped from being sent to them, and spells out tough penalties for violations.<br/><br/></div>", "level": 0}], [{"value": "<div class=\"innerText\"><strong>We collect your email address in order to:</strong></div>", "level": 1}, {"value": "<div class=\"innerText\">\u00a0\u00a0\u00a0\u00a0\u00a0 <strong>\u2022</strong> Send information, respond to inquiries, and/or other requests or questions</div>", "level": 0}], [{"value": "<div class=\"innerText\"><br/><strong>To be in accordance with CANSPAM, we agree to the following:</strong></div>", "level": 1}, {"value": "<div class=\"innerText\">\u00a0\u00a0\u00a0\u00a0\u00a0 <strong>\u2022</strong> Not use false or misleading subjects or email addresses.</div>", "level": 0}, {"value": "<div class=\"innerText\">\u00a0\u00a0\u00a0\u00a0\u00a0 <strong>\u2022</strong> Identify the message as an advertisement in some reasonable way.</div>", "level": 0}, {"value": "<div class=\"innerText\">\u00a0\u00a0\u00a0\u00a0\u00a0 <strong>\u2022</strong> Include the physical address of our business or site headquarters.</div>", "level": 0}, {"value": "<div class=\"innerText\">\u00a0\u00a0\u00a0\u00a0\u00a0 <strong>\u2022</strong> Monitor third-party email marketing services for compliance, if one is used.</div>", "level": 0}, {"value": "<div class=\"innerText\">\u00a0\u00a0\u00a0\u00a0\u00a0 <strong>\u2022</strong> Honor opt-out/unsubscribe requests quickly.</div>", "level": 0}, {"value": "<div class=\"innerText\">\u00a0\u00a0\u00a0\u00a0\u00a0 <strong>\u2022</strong> Allow users to unsubscribe by using the link at the bottom of each email.</div>", "level": 0}, {"value": "<div class=\"innerText\"><strong><br/>If at any time you would like to unsubscribe from receiving future emails, you can email us at</strong></div>", "level": 0}, {"value": "<div class=\"innerText\">\u00a0\u00a0\u00a0\u00a0\u00a0 <strong>\u2022</strong> Follow the instructions at the bottom of each email.</div>", "level": 0}, {"value": "<strong>ALL</strong>", "level": 0}], [{"value": "<div class=\"blueText\"><strong>Contacting Us</strong></div>", "level": 1}, {"value": "<div class=\"innerText\">If there are any questions regarding this privacy policy, you may contact us using the information below.<br/><br/></div>", "level": 0}, {"value": "<div class=\"innerText\">BonBonGame</div>", "level": 0}, {"value": "<div class=\"innerText\">Dong Da</div>", "level": 0}, {"value": "<div class=\"innerText\">Viet Nam</div>", "level": 0}, {"value": "<div class=\"innerText\">edugamesstudio@gmail.com</div>", "level": 0}, {"value": "<div class=\"innerText\"><br/>Last Edited on 2016-09-24</div>", "level": 0}]]