[[{"value": "<h2><a dir=\"ltr\" href=\"https://sites.google.com/a/vinagis.vn/privacy_policy/\" id=\"sites-chrome-userheader-title\">privacy_policy</a></h2>", "level": 8}, {"value": "<td class=\"sites-layout-searchbox \"><div class=\"sites-header-cell-buffer-wrapper\"><form action=\"/a/vinagis.vn/privacy_policy/system/app/pages/search\" id=\"sites-searchbox-form\" role=\"search\"><input id=\"sites-searchbox-scope\" name=\"scope\" type=\"hidden\" value=\"search-site\"/><input aria-label=\"Search this site\" id=\"jot-ui-searchInput\" name=\"q\" size=\"20\" type=\"text\" value=\"\"/><div class=\"goog-inline-block\" id=\"sites-searchbox-button-set\"><div class=\"goog-inline-block jfk-button jfk-button-standard\" id=\"sites-searchbox-search-button\" role=\"button\" tabindex=\"0\">Search this site</div></div></form></div></td>", "level": 0}, {"value": "<div class=\"sites-embed\" id=\"COMP_2bd\" role=\"navigation\" xmlns=\"http://www.w3.org/1999/xhtml\"><div class=\"sites-embed-content sites-sidebar-nav\"><ul jotid=\"navList\" role=\"navigation\"><li class=\"nav-first \"><div class=\"current-bg\" dir=\"ltr\" jotid=\"wuid:gx:206c2655a0ea1f28\" style=\"padding-left: 5px;\">Privacy Policy</div></li><li class=\"\"><div dir=\"ltr\" style=\"padding-left: 5px;\"><a class=\"sites-navigation-link\" href=\"/a/vinagis.vn/privacy_policy/system/app/pages/sitemap/hierarchy\" jotid=\"wuid:gx:4c7023b66420af34\">Sitemap</a></div></li></ul></div></div>", "level": 0}, {"value": "<div id=\"sites-canvas\" role=\"main\">\n<div id=\"goog-ws-editor-toolbar-container\"> </div>\n<div id=\"title-crumbs\" style=\"\" xmlns=\"http://www.w3.org/1999/xhtml\">\n</div>\n<h3 align=\"left\" id=\"sites-page-title-header\" style=\"\" xmlns=\"http://www.w3.org/1999/xhtml\">\n<span dir=\"ltr\" id=\"sites-page-title\" style=\"outline: none\" tabindex=\"-1\">Privacy Policy</span>\n</h3>\n<div class=\"sites-canvas-main\" id=\"sites-canvas-main\">\n<div id=\"sites-canvas-main-content\">\n<table cellspacing=\"0\" class=\"sites-layout-name-one-column sites-layout-hbox\" xmlns=\"http://www.w3.org/1999/xhtml\"><tbody><tr><td class=\"sites-layout-tile sites-tile-name-content-1\"><div dir=\"ltr\"> <h2><a name=\"TOC-Privacy-Policy\"></a>Privacy Policy</h2> <p> Vinagis built the [App Name] app as a Free app. This SERVICE is provided by Vinagis at no cost and is intended for use as is.\n                  </p> <p>This page is used to inform website visitors regarding our policies with the collection, use, and\n                    disclosure of Personal Information if anyone decided to use our Service.\n                  </p> <p>If you choose to use our Service, then you agree to the collection and use of information in relation\n                    to this policy. The Personal Information that we collect is used for providing and improving the\n                    Service. We will not use or share your information with anyone except as described\n                    in this Privacy Policy.\n                  </p> <p>The terms used in this Privacy Policy have the same meanings as in our Terms and Conditions, which is accessible\n                    at [App Name] unless otherwise defined in this Privacy Policy.\n                  </p> <p><strong>Information Collection and Use</strong></p> <p>For a better experience, while using our Service, we may require you to provide us with certain\n                    personally identifiable information. The information that we request is will be retained by us and used as described in this privacy policy.\n                  </p> <p>The app does use third party services that may collect information used to identify you.</p> <div><p>Link to privacy policy of third party service providers used by the app </p> <ul><li><a href=\"https://www.google.com/policies/privacy/\" target=\"_blank\">Google Play Services</a></li> </ul></div> <p><strong>Log Data</strong></p> <p> We want to inform you that whenever you use our Service, in a case of an\n                    error in the app we collect data and information (through third party products) on your phone\n                    called Log Data. This Log Data may include information such as your device Internet Protocol (\u00e2\u0080\u009cIP\u00e2\u0080\u009d) address,\n                    device name, operating system version, the configuration of the app when utilizing our Service,\n                    the time and date of your use of the Service, and other statistics.\n                  </p> <p><strong>Cookies</strong></p> <p>Cookies are files with small amount of data that is commonly used an anonymous unique identifier. These\n                    are sent to your browser from the website that you visit and are stored on your device internal memory.\n                  </p> <p>This Service does not use these \u00e2\u0080\u009ccookies\u00e2\u0080\u009d explicitly. However, the app may use third party code and libraries\n                    that use \u00e2\u0080\u009ccookies\u00e2\u0080\u009d to collection information and to improve their services. You have the option to either\n                    accept or refuse these cookies and know when a cookie is being sent to your device. If you choose to\n                    refuse our cookies, you may not be able to use some portions of this Service.\n                  </p> <p><strong>Service Providers</strong></p> <p> We may employ third-party companies and individuals due to the following reasons:</p> <ul><li>To facilitate our Service;</li> <li>To provide the Service on our behalf;</li> <li>To perform Service-related services; or</li> <li>To assist us in analyzing how our Service is used.</li></ul> <p> We want to inform users of this Service that these third parties have access to your\n                    Personal Information. The reason is to perform the tasks assigned to them on our behalf. However, they\n                    are obligated not to disclose or use the information for any other purpose.\n                  </p> <p><strong>Security</strong></p> <p> We value your trust in providing us your Personal Information, thus we are striving\n                    to use commercially acceptable means of protecting it. But remember that no method of transmission over\n                    the internet, or method of electronic storage is 100% secure and reliable, and we cannot guarantee\n                    its absolute security.\n                  </p> <p><strong>Links to Other Sites</strong></p> <p>This Service may contain links to other sites. If you click on a third-party link, you will be directed\n                    to that site. Note that these external sites are not operated by us. Therefore, we strongly\n                    advise you to review the Privacy Policy of these websites. We have no control over\n                    and assume no responsibility for the content, privacy policies, or practices of any third-party sites\n                    or services.\n                  </p> <p><strong>Children\u00e2\u0080\u0099s Privacy</strong></p> <p>These Services do not address anyone under the age of 13. We do not knowingly collect\n                    personally identifiable information from children under 13. In the case we discover that a child\n                    under 13 has provided us with personal information, we immediately delete this from\n                    our servers. If you are a parent or guardian and you are aware that your child has provided us with personal\n                    information, please contact us so that we will be able to do necessary actions.\n                  </p> <p><strong>Changes to This Privacy Policy</strong></p> <p> We may update our Privacy Policy from time to time. Thus, you are advised to review\n                    this page periodically for any changes. We will notify you of any changes by posting\n                    the new Privacy Policy on this page. These changes are effective immediately after they are posted on\n                    this page.\n                  </p> <p><strong>Contact Us</strong></p> <p>If you have any questions or suggestions about our Privacy Policy, do not hesitate to contact\n                    us.\n                  </p> <p>This privacy policy page was created at <a href=\"https://privacypolicytemplate.net\" rel=\"nofollow\" target=\"_blank\">privacypolicytemplate.net</a>                    and modified/generated by <a href=\"https://app-privacy-policy-generator.firebaseapp.com/\" rel=\"nofollow\" target=\"_blank\">App Privacy Policy Generator</a></p></div></td></tr></tbody></table>\n</div>\n</div>\n<div id=\"sites-canvas-bottom-panel\">\n<div id=\"COMP_page-subpages\" xmlns=\"http://www.w3.org/1999/xhtml\"> </div>\n<div id=\"sites-attachments-container\">\n</div>\n</div>\n</div>", "level": 0}], [{"value": "<h3 align=\"left\" id=\"sites-page-title-header\" style=\"\" xmlns=\"http://www.w3.org/1999/xhtml\">\n<span dir=\"ltr\" id=\"sites-page-title\" style=\"outline: none\" tabindex=\"-1\">Privacy Policy</span>\n</h3>", "level": 7}], [{"value": "<h2><a name=\"TOC-Privacy-Policy\"></a>Privacy Policy</h2>", "level": 8}, {"value": "<p> Vinagis built the [App Name] app as a Free app. This SERVICE is provided by Vinagis at no cost and is intended for use as is.\n                  </p>", "level": 0}, {"value": "<p>This page is used to inform website visitors regarding our policies with the collection, use, and\n                    disclosure of Personal Information if anyone decided to use our Service.\n                  </p>", "level": 0}, {"value": "<p>If you choose to use our Service, then you agree to the collection and use of information in relation\n                    to this policy. The Personal Information that we collect is used for providing and improving the\n                    Service. We will not use or share your information with anyone except as described\n                    in this Privacy Policy.\n                  </p>", "level": 0}, {"value": "<p>The terms used in this Privacy Policy have the same meanings as in our Terms and Conditions, which is accessible\n                    at [App Name] unless otherwise defined in this Privacy Policy.\n                  </p>", "level": 0}], [{"value": "<p><strong>Information Collection and Use</strong></p>", "level": 1}, {"value": "<p>For a better experience, while using our Service, we may require you to provide us with certain\n                    personally identifiable information. The information that we request is will be retained by us and used as described in this privacy policy.\n                  </p>", "level": 0}, {"value": "<p>The app does use third party services that may collect information used to identify you.</p>", "level": 0}, {"value": "<div><p>Link to privacy policy of third party service providers used by the app </p> <ul><li><a href=\"https://www.google.com/policies/privacy/\" target=\"_blank\">Google Play Services</a></li> </ul></div>", "level": 0}], [{"value": "<p><strong>Log Data</strong></p>", "level": 1}, {"value": "<p> We want to inform you that whenever you use our Service, in a case of an\n                    error in the app we collect data and information (through third party products) on your phone\n                    called Log Data. This Log Data may include information such as your device Internet Protocol (\u00e2\u0080\u009cIP\u00e2\u0080\u009d) address,\n                    device name, operating system version, the configuration of the app when utilizing our Service,\n                    the time and date of your use of the Service, and other statistics.\n                  </p>", "level": 0}], [{"value": "<p><strong>Cookies</strong></p>", "level": 1}, {"value": "<p>Cookies are files with small amount of data that is commonly used an anonymous unique identifier. These\n                    are sent to your browser from the website that you visit and are stored on your device internal memory.\n                  </p>", "level": 0}, {"value": "<p>This Service does not use these \u00e2\u0080\u009ccookies\u00e2\u0080\u009d explicitly. However, the app may use third party code and libraries\n                    that use \u00e2\u0080\u009ccookies\u00e2\u0080\u009d to collection information and to improve their services. You have the option to either\n                    accept or refuse these cookies and know when a cookie is being sent to your device. If you choose to\n                    refuse our cookies, you may not be able to use some portions of this Service.\n                  </p>", "level": 0}], [{"value": "<p><strong>Service Providers</strong></p>", "level": 1}, {"value": "<p> We may employ third-party companies and individuals due to the following reasons:</p>", "level": 0}, {"value": "<ul><li>To facilitate our Service;</li> <li>To provide the Service on our behalf;</li> <li>To perform Service-related services; or</li> <li>To assist us in analyzing how our Service is used.</li></ul>", "level": 0}, {"value": "<p> We want to inform users of this Service that these third parties have access to your\n                    Personal Information. The reason is to perform the tasks assigned to them on our behalf. However, they\n                    are obligated not to disclose or use the information for any other purpose.\n                  </p>", "level": 0}], [{"value": "<p><strong>Security</strong></p>", "level": 1}, {"value": "<p> We value your trust in providing us your Personal Information, thus we are striving\n                    to use commercially acceptable means of protecting it. But remember that no method of transmission over\n                    the internet, or method of electronic storage is 100% secure and reliable, and we cannot guarantee\n                    its absolute security.\n                  </p>", "level": 0}], [{"value": "<p><strong>Links to Other Sites</strong></p>", "level": 1}, {"value": "<p>This Service may contain links to other sites. If you click on a third-party link, you will be directed\n                    to that site. Note that these external sites are not operated by us. Therefore, we strongly\n                    advise you to review the Privacy Policy of these websites. We have no control over\n                    and assume no responsibility for the content, privacy policies, or practices of any third-party sites\n                    or services.\n                  </p>", "level": 0}], [{"value": "<p><strong>Children\u00e2\u0080\u0099s Privacy</strong></p>", "level": 1}, {"value": "<p>These Services do not address anyone under the age of 13. We do not knowingly collect\n                    personally identifiable information from children under 13. In the case we discover that a child\n                    under 13 has provided us with personal information, we immediately delete this from\n                    our servers. If you are a parent or guardian and you are aware that your child has provided us with personal\n                    information, please contact us so that we will be able to do necessary actions.\n                  </p>", "level": 0}], [{"value": "<p><strong>Changes to This Privacy Policy</strong></p>", "level": 1}, {"value": "<p> We may update our Privacy Policy from time to time. Thus, you are advised to review\n                    this page periodically for any changes. We will notify you of any changes by posting\n                    the new Privacy Policy on this page. These changes are effective immediately after they are posted on\n                    this page.\n                  </p>", "level": 0}], [{"value": "<p><strong>Contact Us</strong></p>", "level": 1}, {"value": "<p>If you have any questions or suggestions about our Privacy Policy, do not hesitate to contact\n                    us.\n                  </p>", "level": 0}, {"value": "<p>This privacy policy page was created at <a href=\"https://privacypolicytemplate.net\" rel=\"nofollow\" target=\"_blank\">privacypolicytemplate.net</a>                    and modified/generated by <a href=\"https://app-privacy-policy-generator.firebaseapp.com/\" rel=\"nofollow\" target=\"_blank\">App Privacy Policy Generator</a></p>", "level": 0}, {"value": "<div id=\"sites-chrome-adminfooter-container\">\n<div class=\"sites-adminfooter\" role=\"navigation\" xmlns=\"http://www.w3.org/1999/xhtml\"><p><a class=\"sites-system-link\" href=\"https://accounts.google.com/ServiceLogin?continue=https://sites.google.com/a/vinagis.vn/privacy_policy/home&amp;service=jotspot\">Sign in</a><span aria-hidden=\"true\">|</span><a class=\"sites-system-link\" href=\"/a/vinagis.vn/privacy_policy/system/app/pages/recentChanges\">Recent Site Activity</a><span aria-hidden=\"true\">|</span><a class=\"sites-system-link\" href=\"https://sites.google.com/a/vinagis.vn/privacy_policy/system/app/pages/reportAbuse\" target=\"_blank\">Report Abuse</a><span aria-hidden=\"true\">|</span><a class=\"sites-system-link\" href=\"javascript:;\" onclick=\"window.open(webspace.printUrl)\">Print Page</a><span aria-hidden=\"true\">|</span><span class=\"sites-system-link\">Powered By</span> <b class=\"powered-by\"><a href=\"http://sites.google.com/site\">Google Sites</a></b></p></div>\n</div>", "level": 0}]]