[[{"value": "<h3> <a href=\"https://play.google.com/store/apps/details?id=vwebtech.com.hdstatus\">GET ANDROID APP NOW</a></h3>", "level": 7}], [{"value": "<h1 class=\"entry-title entry-title-page\">Privacy Policy</h1>", "level": 9}, {"value": "<p>Your privacy is important to us. Sometimes we need information to provide services that you request, this privacy statement applies to\u00c2\u00a0LoveVideos.in\u00c2\u00a0 Website\u00c2\u00a0Apps and its product Video Status for\u00c2\u00a0Whatsapp.</p>", "level": 0}, {"value": "<p>Video Status for\u00c2\u00a0Whatsapp\u00c2\u00a0offers its users contacts management solutions such as: creating groups with contacts for Video Status for\u00c2\u00a0Whatsapping, backup and restore Video Status for\u00c2\u00a0Whatsapp\u00c2\u00a0data via google drive, read contacts and call log,\u00c2\u00a0dialing\u00c2\u00a0numbers.</p>", "level": 0}, {"value": "<p><strong>Personal Information</strong><br/>\nWe DO NOT collect, store or use any personal information while you visit, download or upgrade our products.<br/>\nWe may use personal information submitted by you only for the following purposes: help us develop, deliver, and improve our products and services and supply higher quality service; manage online surveys and other activities you\u00e2\u0080\u0099ve participated in.<br/>\nIn the following circumstances, we may disclose your personal information according to your wish or regulations by law:</p>", "level": 0}, {"value": "<p>\u00c2\u00b7\u00c2\u00a0 (1) Your prior permission;</p>", "level": 0}, {"value": "<p>\u00c2\u00b7\u00c2\u00a0 (2) By the applicable law within or outside your country of residence, legal process, litigation requests;</p>", "level": 0}, {"value": "<p>\u00c2\u00b7\u00c2\u00a0 (3) By requests from public and governmental authorities;</p>", "level": 0}, {"value": "<p>\u00c2\u00b7\u00c2\u00a0 (4) To protect our legal rights and interests.</p>", "level": 0}, {"value": "<p><strong>Non- Personal Information</strong><br/>\nWe may collect and use non-personal information in the following circumstances. To have a better understanding in user\u00e2\u0080\u0099s\u00c2\u00a0behavior, solve problems in products and services, improve our products, services and advertising, we may collect non-personal information such as installed application name and package name, the data of install, frequency of use, country, equipment and channel.<br/>\nIf non-personal information is combined with personal information, we treat the combined information as personal information for the purposes of this Privacy Policy.</p>", "level": 0}, {"value": "<p><strong>Information we get from your use of our services</strong><br/>\nWe may collect information about the services that you use and how you use them, such as when you view and interact with our content. We may collect device-specific information (such as your hardware model, operating system version, unique device identifiers, device settings, device language and mobile network information). We will not share that information with third parties.</p>", "level": 0}], [{"value": "<p><strong>Permissions in the Video Status for\u00c2\u00a0Whatsapp\u00c2\u00a0App are the following:</strong></p>", "level": 1}], [{"value": "<p><strong>Get Accounts</strong></p>", "level": 1}, {"value": "<p>This permission is needed for\u00c2\u00a0making a selection\u00c2\u00a0list with your google accounts in the app, when you are exporting/importing Video Status for\u00c2\u00a0Whatsapp\u00c2\u00a0data to/from google drive.</p>", "level": 0}], [{"value": "<p><strong>Access Network State</strong></p>", "level": 1}, {"value": "<p>This permission is needed for checking if you are connected to the internet when you are exporting/importing Video Status for\u00c2\u00a0Whatsapp\u00c2\u00a0data to/from google drive.</p>", "level": 0}], [{"value": "<p><strong>Internet</strong></p>", "level": 1}, {"value": "<p>This permission is needed for exporting/importing Video Status for\u00c2\u00a0Whatsapp\u00c2\u00a0data to/from google drive.</p>", "level": 0}], [{"value": "<p><strong>Call Phone</strong></p>", "level": 1}, {"value": "<p>This permission is needed for starting a call from the Video Status for\u00c2\u00a0Whatsapp\u00c2\u00a0app.</p>", "level": 0}], [{"value": "<p><strong>Send SMS</strong></p>", "level": 1}, {"value": "<p>This permission is needed for starting the default SMS app for sending a message from the Video Status for\u00c2\u00a0Whatsapp\u00c2\u00a0app.</p>", "level": 0}], [{"value": "<p><strong>Receive Boot Completed</strong></p>", "level": 1}, {"value": "<p>This permission is needed for checking if the device is rebooted, and if you enabled the \u201cStart on phone reboot\u201d option in the \u201cSystem settings\u201d of the Video Status for\u00c2\u00a0Whatsapp\u00c2\u00a0app then the app will start automatically when the device is rebooted.</p>", "level": 0}], [{"value": "<p><strong>Read Contacts</strong></p>", "level": 1}, {"value": "<p>This permission is needed for reading contacts from the phone book and insert in the Video Status for\u00c2\u00a0Whatsapp\u00c2\u00a0app\u2019s groups.</p>", "level": 0}], [{"value": "<p><strong>Write Contacts</strong></p>", "level": 1}, {"value": "<p>This permission is needed for deleting a contact from the phone book if the user taps on the delete icon from the Video Status for\u00c2\u00a0Whatsapp\u00c2\u00a0app\u2019s \u201cContacts\u201d function.</p>", "level": 0}], [{"value": "<p><strong>Read Call Log</strong></p>", "level": 1}, {"value": "<p>This permission is needed for reading the call log from your device and displaying in a custom way in the Video Status for\u00c2\u00a0Whatsapp\u00c2\u00a0app\u2019s \u201cCall Log\u201d function.</p>", "level": 0}], [{"value": "<p><strong>Write Call Log</strong></p>", "level": 1}, {"value": "<p>This permission is needed for deleting all the call logs from the device if the \u201cClear Call Log\u201d button is taped in the \u201cCall Log\u201d function of the Video Status for\u00c2\u00a0Whatsapp\u00c2\u00a0app.</p>", "level": 0}], [{"value": "<p><strong>Read Phone State</strong></p>", "level": 1}, {"value": "<p>This permission is needed for checking if a call was started from the Video Status for\u00c2\u00a0Whatsapp\u00c2\u00a0app and when the call ends and you enabled the \u201cKeep app on call\u201d option in the \u201cSystem settings\u201d of the app the Video Status for\u00c2\u00a0Whatsapp\u00c2\u00a0app will be resumed.<br/>\nAlso needed for checking if your device has single or multiple sim cards.</p>", "level": 0}], [{"value": "<p><strong>Write External Storage</strong></p>", "level": 1}, {"value": "<p>This permission is needed for writing to the external storage of your device when exporting Video Status for\u00c2\u00a0Whatsapp\u00c2\u00a0data to the device\u2019s internal storage.</p>", "level": 0}], [{"value": "<p><strong>Vibrate</strong></p>", "level": 1}, {"value": "<p>This permission is needed for vibrating on some touch events.</p>", "level": 0}, {"value": "<p><strong>WE WILL NOT SHARE ANY INFORMATION FROM YOUR DEVICE WITH THIRD PARTIES.</strong></p>", "level": 0}, {"value": "<p><strong>IF YOU DO NOT UNDERSTAND AND/OR AGREE TO THE PRIVACY, YOU SHOULD IMMEDIATELY EXIT AND AVOID MAKING ANY USE OF VIDEO STATUS FOR WHATSAPP\u2019S SERVICES<br/>\n</strong><br/>\n<strong>Privacy Policy Update</strong><br/>\nLoveVideos.in\u00c2\u00a0will occasionally update this privacy statement. When we do so, we will also revise the \u201clast modified\u201d date of the privacy statement.</p>", "level": 0}, {"value": "<p><strong>User Content.</strong></p>", "level": 0}, {"value": "<p>All Content added, uploaded, submitted, distributed, posted to, or created using the Services by users (collectively \u201cUser Content\u201d), whether publicly posted or privately transmitted, is the sole responsibility of the person who originated such User Content. You represent that all User Content provided by you is accurate, complete, up-to-date, and in compliance with all applicable laws, rules and regulations. Without limiting the generality of the foregoing, you represent that any User Content you create using tools accessible on the Services does not infringe upon the intellectual property rights of any third party and is otherwise in compliance with all applicable laws, rules and regulations. You acknowledge that all Content, including User Content, accessed by you using the Services is at your own risk and you will be solely responsible for any damage or loss to you or any other party resulting therefrom. We do not guarantee that any Content you access on or through the Services is or will continue to be accurate.</p>", "level": 0}, {"value": "<p><strong>Availability of Content.</strong></p>", "level": 0}, {"value": "<p>We do not guarantee that any Content will be made available on the Site or through the Services. We reserve the right to, but do not have any obligation to, (i) remove, edit, modify, or block from the Services any Content in our sole discretion, at any time, without notice to you and for any reason (including, but not limited to, upon receipt of claims or allegations from third parties or authorities relating to such Content or if we are concerned that you may have breached the final sentence of the immediately foregoing paragraph), or for no reason at all.</p>", "level": 0}, {"value": "<div class=\"widget widget_categories\" id=\"categories-2\"><h4 class=\"widget-title\">Categories</h4> <ul>\n<li class=\"cat-item cat-item-11\"><a href=\"https://lovevideos.in/category/birthday-wish-status-video/\" title=\"Birthday Wish Video for whatsapp, birthday status videos, Happy Birthday Wish Video download. Birthday status video download, birthday status video song,\u00c2\u00a0birthday status video for whatsapp,\u00c2\u00a0birthday status video song download,birthday status video for brother &amp; Sister, birthday status video for friend.\"><span class=\"category-text\">Birthday Wish Status Video</span></a>\n</li>\n<li class=\"cat-item cat-item-4\"><a href=\"https://lovevideos.in/category/english-status-videos/\" title=\"English love video greetings for share, free download love greeting videos for whatsapp. English love status video download\nenglish love status video, english love video download,\u00c2\u00a0english love video free download,\u00c2\u00a0english love video mp4.\"><span class=\"category-text\">English Status Videos</span></a>\n</li>\n<li class=\"cat-item cat-item-15\"><a href=\"https://lovevideos.in/category/good-morning-wish-videos/\" title=\"Good morning wish videos for whatsapp. Good Mornign Greetings Videos For Mobile.\u00c2\u00a0good morning status video download,\u00c2\u00a0good morning status video song,\u00c2\u00a0good morning status video tamil,\u00c2\u00a0good morning status video hd.\"><span class=\"category-text\">Good Morning Wish Videos</span></a>\n</li>\n<li class=\"cat-item cat-item-68\"><a href=\"https://lovevideos.in/category/good-night-wish-videos/\" title=\"Good night wish videos for whatsapp. Good night Greetings Videos For Mobile. good night status video download, good night status video song, good night status video tamil, good night status video hd.\"><span class=\"category-text\">Good Night Wish Videos</span></a>\n</li>\n<li class=\"cat-item cat-item-43\"><a href=\"https://lovevideos.in/category/gujarati-love-videos/\" title=\"Romantic Gujarati Love Videos Download. Love Videos in Gujarati. Gujarati Status Videos. Gujarati Whatsapp Videos. Love Videos Gujarati ma.\"><span class=\"category-text\">Gujarati Love Videos</span></a>\n</li>\n<li class=\"cat-item cat-item-2\"><a href=\"https://lovevideos.in/category/hindi-love-shayari-videos/\" title=\"love shayari video free download for mobile. Shayari videos for whatsapp\"><span class=\"category-text\">Hindi Love Shayari Videos</span></a>\n</li>\n<li class=\"cat-item cat-item-54\"><a href=\"https://lovevideos.in/category/hindi-love-videos/\"><span class=\"category-text\">Hindi Love Videos</span></a>\n</li>\n<li class=\"cat-item cat-item-18\"><a href=\"https://lovevideos.in/category/hindi-status-videos/\" title=\"Hindi love video greetings, Hindi Whatsapp Love Status, Love videos download for share on social network.\nFree hindi love videos for girlfriend. Videos For GF, hindi romantic love videos download.\"><span class=\"category-text\">Hindi Status Videos</span></a>\n</li>\n<li class=\"cat-item cat-item-41\"><a href=\"https://lovevideos.in/category/kannada-status-videos/\" title=\"Romantic Kannada Love Videos Download. Love Videos in Kannada. Kannada Status Videos. Kannada Whatsapp Videos.\"><span class=\"category-text\">Kannada Status Videos</span></a>\n</li>\n<li class=\"cat-item cat-item-55\"><a href=\"https://lovevideos.in/category/marathi-love-videos/\"><span class=\"category-text\">Marathi Love Videos</span></a>\n</li>\n<li class=\"cat-item cat-item-36\"><a href=\"https://lovevideos.in/category/marathi-status-videos/\" title=\"Romantic Marathi Love Videos Download. Love Videos in Marathi. Marathi Status Videos. Marathi Whatsapp Videos.\"><span class=\"category-text\">Marathi Status Videos</span></a>\n</li>\n<li class=\"cat-item cat-item-56\"><a href=\"https://lovevideos.in/category/punjabi-love-videos/\"><span class=\"category-text\">Punjabi Love Videos</span></a>\n</li>\n<li class=\"cat-item cat-item-33\"><a href=\"https://lovevideos.in/category/punjabi-status-videos/\" title=\"Romantic Punjabi love video status for share with punjabi kudi and punjabi munda. Love de video download kara. Apne apne girlfriend, boyfriend vich share kara.\"><span class=\"category-text\">Punjabi Status Videos</span></a>\n</li>\n<li class=\"cat-item cat-item-38\"><a href=\"https://lovevideos.in/category/tamil-status-videos/\" title=\"Romantic Tamil Love Videos Download. Love Videos in Tamil. Tamil Status Videos. Tamil Whatsapp Videos.\"><span class=\"category-text\">Tamil Status Videos</span></a>\n</li>\n<li class=\"cat-item cat-item-1\"><a href=\"https://lovevideos.in/category/xyz-videos/\"><span class=\"category-text\">XYZ Videos</span></a>\n</li>\n</ul>\n</div>", "level": 0}], [{"value": "<h4 class=\"widget-title\">Categories</h4>", "level": 6}, {"value": "<ul>\n<li class=\"cat-item cat-item-11\"><a href=\"https://lovevideos.in/category/birthday-wish-status-video/\" title=\"Birthday Wish Video for whatsapp, birthday status videos, Happy Birthday Wish Video download. Birthday status video download, birthday status video song,\u00c2\u00a0birthday status video for whatsapp,\u00c2\u00a0birthday status video song download,birthday status video for brother &amp; Sister, birthday status video for friend.\"><span class=\"category-text\">Birthday Wish Status Video</span></a>\n</li>\n<li class=\"cat-item cat-item-4\"><a href=\"https://lovevideos.in/category/english-status-videos/\" title=\"English love video greetings for share, free download love greeting videos for whatsapp. English love status video download\nenglish love status video, english love video download,\u00c2\u00a0english love video free download,\u00c2\u00a0english love video mp4.\"><span class=\"category-text\">English Status Videos</span></a>\n</li>\n<li class=\"cat-item cat-item-15\"><a href=\"https://lovevideos.in/category/good-morning-wish-videos/\" title=\"Good morning wish videos for whatsapp. Good Mornign Greetings Videos For Mobile.\u00c2\u00a0good morning status video download,\u00c2\u00a0good morning status video song,\u00c2\u00a0good morning status video tamil,\u00c2\u00a0good morning status video hd.\"><span class=\"category-text\">Good Morning Wish Videos</span></a>\n</li>\n<li class=\"cat-item cat-item-68\"><a href=\"https://lovevideos.in/category/good-night-wish-videos/\" title=\"Good night wish videos for whatsapp. Good night Greetings Videos For Mobile. good night status video download, good night status video song, good night status video tamil, good night status video hd.\"><span class=\"category-text\">Good Night Wish Videos</span></a>\n</li>\n<li class=\"cat-item cat-item-43\"><a href=\"https://lovevideos.in/category/gujarati-love-videos/\" title=\"Romantic Gujarati Love Videos Download. Love Videos in Gujarati. Gujarati Status Videos. Gujarati Whatsapp Videos. Love Videos Gujarati ma.\"><span class=\"category-text\">Gujarati Love Videos</span></a>\n</li>\n<li class=\"cat-item cat-item-2\"><a href=\"https://lovevideos.in/category/hindi-love-shayari-videos/\" title=\"love shayari video free download for mobile. Shayari videos for whatsapp\"><span class=\"category-text\">Hindi Love Shayari Videos</span></a>\n</li>\n<li class=\"cat-item cat-item-54\"><a href=\"https://lovevideos.in/category/hindi-love-videos/\"><span class=\"category-text\">Hindi Love Videos</span></a>\n</li>\n<li class=\"cat-item cat-item-18\"><a href=\"https://lovevideos.in/category/hindi-status-videos/\" title=\"Hindi love video greetings, Hindi Whatsapp Love Status, Love videos download for share on social network.\nFree hindi love videos for girlfriend. Videos For GF, hindi romantic love videos download.\"><span class=\"category-text\">Hindi Status Videos</span></a>\n</li>\n<li class=\"cat-item cat-item-41\"><a href=\"https://lovevideos.in/category/kannada-status-videos/\" title=\"Romantic Kannada Love Videos Download. Love Videos in Kannada. Kannada Status Videos. Kannada Whatsapp Videos.\"><span class=\"category-text\">Kannada Status Videos</span></a>\n</li>\n<li class=\"cat-item cat-item-55\"><a href=\"https://lovevideos.in/category/marathi-love-videos/\"><span class=\"category-text\">Marathi Love Videos</span></a>\n</li>\n<li class=\"cat-item cat-item-36\"><a href=\"https://lovevideos.in/category/marathi-status-videos/\" title=\"Romantic Marathi Love Videos Download. Love Videos in Marathi. Marathi Status Videos. Marathi Whatsapp Videos.\"><span class=\"category-text\">Marathi Status Videos</span></a>\n</li>\n<li class=\"cat-item cat-item-56\"><a href=\"https://lovevideos.in/category/punjabi-love-videos/\"><span class=\"category-text\">Punjabi Love Videos</span></a>\n</li>\n<li class=\"cat-item cat-item-33\"><a href=\"https://lovevideos.in/category/punjabi-status-videos/\" title=\"Romantic Punjabi love video status for share with punjabi kudi and punjabi munda. Love de video download kara. Apne apne girlfriend, boyfriend vich share kara.\"><span class=\"category-text\">Punjabi Status Videos</span></a>\n</li>\n<li class=\"cat-item cat-item-38\"><a href=\"https://lovevideos.in/category/tamil-status-videos/\" title=\"Romantic Tamil Love Videos Download. Love Videos in Tamil. Tamil Status Videos. Tamil Whatsapp Videos.\"><span class=\"category-text\">Tamil Status Videos</span></a>\n</li>\n<li class=\"cat-item cat-item-1\"><a href=\"https://lovevideos.in/category/xyz-videos/\"><span class=\"category-text\">XYZ Videos</span></a>\n</li>\n</ul>", "level": 0}], [{"value": "<h4 class=\"widget-title\">Video Tags</h4>", "level": 6}, {"value": "<div class=\"tagcloud\"><a class=\"tag-link-49 tag-link-position-1\" href=\"https://lovevideos.in/tag/apologize/\" style=\"font-size: 8pt;\" title=\"1 topic\">Apologize</a>\n<a class=\"tag-link-25 tag-link-position-2\" href=\"https://lovevideos.in/tag/bewafa/\" style=\"font-size: 16.5789473684pt;\" title=\"84 topics\">Bewafa</a>\n<a class=\"tag-link-12 tag-link-position-3\" href=\"https://lovevideos.in/tag/birthday/\" style=\"font-size: 9.57894736842pt;\" title=\"3 topics\">Birthday</a>\n<a class=\"tag-link-52 tag-link-position-4\" href=\"https://lovevideos.in/tag/break-up/\" style=\"font-size: 11.4210526316pt;\" title=\"8 topics\">Break up</a>\n<a class=\"tag-link-63 tag-link-position-5\" href=\"https://lovevideos.in/tag/chocolate-day/\" style=\"font-size: 11.1578947368pt;\" title=\"7 topics\">Chocolate day</a>\n<a class=\"tag-link-45 tag-link-position-6\" href=\"https://lovevideos.in/tag/college/\" style=\"font-size: 12.7368421053pt;\" title=\"15 topics\">College</a>\n<a class=\"tag-link-28 tag-link-position-7\" href=\"https://lovevideos.in/tag/cute/\" style=\"font-size: 16.6315789474pt;\" title=\"86 topics\">Cute</a>\n<a class=\"tag-link-35 tag-link-position-8\" href=\"https://lovevideos.in/tag/dialogue/\" style=\"font-size: 12.2631578947pt;\" title=\"12 topics\">Dialogue</a>\n<a class=\"tag-link-40 tag-link-position-9\" href=\"https://lovevideos.in/tag/english/\" style=\"font-size: 13.2631578947pt;\" title=\"19 topics\">English</a>\n<a class=\"tag-link-29 tag-link-position-10\" href=\"https://lovevideos.in/tag/friendship/\" style=\"font-size: 11.4210526316pt;\" title=\"8 topics\">Friendship</a>\n<a class=\"tag-link-46 tag-link-position-11\" href=\"https://lovevideos.in/tag/funny/\" style=\"font-size: 11.1578947368pt;\" title=\"7 topics\">Funny</a>\n<a class=\"tag-link-66 tag-link-position-12\" href=\"https://lovevideos.in/tag/good-night/\" style=\"font-size: 8pt;\" title=\"1 topic\">Good Night</a>\n<a class=\"tag-link-59 tag-link-position-13\" href=\"https://lovevideos.in/tag/goodnight/\" style=\"font-size: 8pt;\" title=\"1 topic\">GoodNight</a>\n<a class=\"tag-link-44 tag-link-position-14\" href=\"https://lovevideos.in/tag/gujarati/\" style=\"font-size: 13.9473684211pt;\" title=\"26 topics\">Gujarati</a>\n<a class=\"tag-link-21 tag-link-position-15\" href=\"https://lovevideos.in/tag/hindi/\" style=\"font-size: 21.3157894737pt;\" title=\"670 topics\">Hindi</a>\n<a class=\"tag-link-23 tag-link-position-16\" href=\"https://lovevideos.in/tag/impress/\" style=\"font-size: 15.8947368421pt;\" title=\"62 topics\">Impress</a>\n<a class=\"tag-link-47 tag-link-position-17\" href=\"https://lovevideos.in/tag/instrumental/\" style=\"font-size: 13.1578947368pt;\" title=\"18 topics\">Instrumental</a>\n<a class=\"tag-link-42 tag-link-position-18\" href=\"https://lovevideos.in/tag/kannada/\" style=\"font-size: 15.6842105263pt;\" title=\"57 topics\">Kannada</a>\n<a class=\"tag-link-20 tag-link-position-19\" href=\"https://lovevideos.in/tag/love/\" style=\"font-size: 22pt;\" title=\"908 topics\">Love</a>\n<a class=\"tag-link-26 tag-link-position-20\" href=\"https://lovevideos.in/tag/lyrical/\" style=\"font-size: 21.7894736842pt;\" title=\"832 topics\">Lyrical</a>\n<a class=\"tag-link-57 tag-link-position-21\" href=\"https://lovevideos.in/tag/male/\" style=\"font-size: 8.94736842105pt;\" title=\"2 topics\">Male</a>\n<a class=\"tag-link-37 tag-link-position-22\" href=\"https://lovevideos.in/tag/marathi/\" style=\"font-size: 15.4210526316pt;\" title=\"50 topics\">Marathi</a>\n<a class=\"tag-link-71 tag-link-position-23\" href=\"https://lovevideos.in/tag/message/\" style=\"font-size: 8.94736842105pt;\" title=\"2 topics\">Message</a>\n<a class=\"tag-link-31 tag-link-position-24\" href=\"https://lovevideos.in/tag/miss-you/\" style=\"font-size: 19pt;\" title=\"242 topics\">Miss You</a>\n<a class=\"tag-link-70 tag-link-position-25\" href=\"https://lovevideos.in/tag/monsoon/\" style=\"font-size: 10.1052631579pt;\" title=\"4 topics\">Monsoon</a>\n<a class=\"tag-link-51 tag-link-position-26\" href=\"https://lovevideos.in/tag/navratri-special/\" style=\"font-size: 10.5263157895pt;\" title=\"5 topics\">Navratri Special</a>\n<a class=\"tag-link-67 tag-link-position-27\" href=\"https://lovevideos.in/tag/notify/\" style=\"font-size: 8pt;\" title=\"1 topic\">notify</a>\n<a class=\"tag-link-65 tag-link-position-28\" href=\"https://lovevideos.in/tag/promise-day/\" style=\"font-size: 8pt;\" title=\"1 topic\">Promise Day</a>\n<a class=\"tag-link-53 tag-link-position-29\" href=\"https://lovevideos.in/tag/propose/\" style=\"font-size: 13.2631578947pt;\" title=\"19 topics\">Propose</a>\n<a class=\"tag-link-34 tag-link-position-30\" href=\"https://lovevideos.in/tag/punjabi/\" style=\"font-size: 16.3157894737pt;\" title=\"74 topics\">Punjabi</a>\n<a class=\"tag-link-16 tag-link-position-31\" href=\"https://lovevideos.in/tag/romantic/\" style=\"font-size: 21.1052631579pt;\" title=\"614 topics\">Romantic</a>\n<a class=\"tag-link-24 tag-link-position-32\" href=\"https://lovevideos.in/tag/sad/\" style=\"font-size: 18.4210526316pt;\" title=\"191 topics\">Sad</a>\n<a class=\"tag-link-32 tag-link-position-33\" href=\"https://lovevideos.in/tag/shayari/\" style=\"font-size: 8pt;\" title=\"1 topic\">Shayari</a>\n<a class=\"tag-link-60 tag-link-position-34\" href=\"https://lovevideos.in/tag/sister/\" style=\"font-size: 8pt;\" title=\"1 topic\">Sister</a>\n<a class=\"tag-link-48 tag-link-position-35\" href=\"https://lovevideos.in/tag/status/\" style=\"font-size: 11.4210526316pt;\" title=\"8 topics\">Status</a>\n<a class=\"tag-link-50 tag-link-position-36\" href=\"https://lovevideos.in/tag/status-video/\" style=\"font-size: 20.4210526316pt;\" title=\"460 topics\">Status Video</a>\n<a class=\"tag-link-39 tag-link-position-37\" href=\"https://lovevideos.in/tag/tamil/\" style=\"font-size: 13.5789473684pt;\" title=\"22 topics\">Tamil</a>\n<a class=\"tag-link-64 tag-link-position-38\" href=\"https://lovevideos.in/tag/teddy-day/\" style=\"font-size: 10.8947368421pt;\" title=\"6 topics\">Teddy Day</a>\n<a class=\"tag-link-61 tag-link-position-39\" href=\"https://lovevideos.in/tag/valentineday/\" style=\"font-size: 8.94736842105pt;\" title=\"2 topics\">ValentineDay</a>\n<a class=\"tag-link-69 tag-link-position-40\" href=\"https://lovevideos.in/tag/wife/\" style=\"font-size: 8pt;\" title=\"1 topic\">wife</a></div>", "level": 0}, {"value": "<div class=\"textwidget\"><h2><a href=\"http://funnytube.in\" target=\"_blank\"> Whatsapp Funny Videos</a></h2></div>", "level": 0}], [{"value": "<h2><a href=\"http://funnytube.in\" target=\"_blank\"> Whatsapp Funny Videos</a></h2>", "level": 8}], [{"value": "<h4 class=\"widget-title\">Most Viewed</h4>", "level": 6}, {"value": "<ul class=\"vce-post-list\">\n<li>\n<a class=\"featured_image_sidebar\" href=\"https://lovevideos.in/i-love-you-video-for-whatsapp/\" title=\"I Love You Video For Whatsapp\"><span class=\"vce-post-img\"></span></a>\n<div class=\"vce-posts-wrap\">\n<a class=\"vce-post-link\" href=\"https://lovevideos.in/i-love-you-video-for-whatsapp/\" title=\"I Love You Video For Whatsapp\">I Love You Video For Whatsapp</a>\n</div>\n</li>\n<li>\n<a class=\"featured_image_sidebar\" href=\"https://lovevideos.in/hindi-shayari-video-greetings-hd/\" title=\"Hindi Shayari Video Greetings HD\"><span class=\"vce-post-img\"></span></a>\n<div class=\"vce-posts-wrap\">\n<a class=\"vce-post-link\" href=\"https://lovevideos.in/hindi-shayari-video-greetings-hd/\" title=\"Hindi Shayari Video Greetings HD\">Hindi Shayari Video Greetings HD</a>\n</div>\n</li>\n<li>\n<a class=\"featured_image_sidebar\" href=\"https://lovevideos.in/romantic-hindi-shayari-love/\" title=\"Romantic Hindi Shayari For Your Love\"><span class=\"vce-post-img\"></span></a>\n<div class=\"vce-posts-wrap\">\n<a class=\"vce-post-link\" href=\"https://lovevideos.in/romantic-hindi-shayari-love/\" title=\"Romantic Hindi Shayari For Your Love\">Romantic Hindi Shayari For Your Love</a>\n</div>\n</li>\n<li>\n<a class=\"featured_image_sidebar\" href=\"https://lovevideos.in/i-love-you-sweetheart-whatsapp-video/\" title=\"I Love You SweetHeart Whatsapp Video\"><span class=\"vce-post-img\"></span></a>\n<div class=\"vce-posts-wrap\">\n<a class=\"vce-post-link\" href=\"https://lovevideos.in/i-love-you-sweetheart-whatsapp-video/\" title=\"I Love You SweetHeart Whatsapp Video\">I Love You SweetHeart Whatsapp Video</a>\n</div>\n</li>\n<li>\n<a class=\"featured_image_sidebar\" href=\"https://lovevideos.in/i-miss-you-greeting-video/\" title=\"I Miss You Greeting Video\"><span class=\"vce-post-img\"></span></a>\n<div class=\"vce-posts-wrap\">\n<a class=\"vce-post-link\" href=\"https://lovevideos.in/i-miss-you-greeting-video/\" title=\"I Miss You Greeting Video\">I Miss You Greeting Video</a>\n</div>\n</li>\n</ul>", "level": 0}, {"value": "<footer class=\"site-footer\" id=\"footer\">\n<div class=\"container\">\n<div class=\"container-fix\">\n<div class=\"bit-3\">\n</div>\n<div class=\"bit-3\">\n</div>\n<div class=\"bit-3\">\n</div>\n</div>\n</div>\n<div class=\"container-full site-info\">\n<div class=\"container\">\n<div class=\"vce-wrap-left\">\n<p>Copyright \u00a9 2014. Created by <a href=\"#\" target=\"_blank\">VWEBTECH</a>. Powered by <a href=\"http://mobking.org\" target=\"_blank\">Mobking.org</a>.</p> </div>\n<div class=\"vce-wrap-right\">\n<ul class=\"bottom-nav-menu\" id=\"vce_footer_menu\"><li class=\"menu-item menu-item-type-post_type menu-item-object-page current-menu-item page_item page-item-104 current_page_item menu-item-106\" id=\"menu-item-106\"><a href=\"https://lovevideos.in/privacy-policy/\">Privacy Policy</a></li>\n</ul> </div>\n</div>\n</div>\n</footer>", "level": 0}]]