[[{"value": "<h1 id=\"logo\">\n<a href=\"/en-us/\" rel=\"home\" title=\"Cheetah Mobile\">Cheetah Mobile</a>\n</h1>", "level": 9}, {"value": "<div id=\"menus\">\n<a href=\"/en-us/clean-master/\" onclick=\"ga('send', 'event', 'V3.menu.cm', 'click', 'cm',1);\" title=\"Clean Master\"><span class=\"cm\">Clean Master</span></a>\n<a href=\"/en-us/cm-security/\" onclick=\"ga('send', 'event', 'V3.menu.cms', 'click', 'cms',1);\" title=\"Security Master\"><span class=\"cms\">Security Master</span></a>\n<a href=\"/en-us/piano-tiles/\" onclick=\"ga('send', 'event', 'V3.menu.pt2', 'click', 'pt2',1);\" title=\"Piano Tiles 2\"><span class=\"pt2\">PIANO TILES 2</span></a>\n<a href=\"http://www.liveme.com/\" onclick=\"ga('send', 'event', 'V3.menu.lvm', 'click', 'lvm',1);\" target=\"_blank\" title=\"Live.me\"><span class=\"lvm\">LIVE.ME</span></a>\n<a href=\"#\" id=\"more\" onclick=\"ga('send', 'event', 'V3.menu.more'+__FROM, 'click', 'more',1);\"><span class=\"more\">More</span></a>\n</div>", "level": 0}, {"value": "<li class=\"menu-item clearfix\">\n<h2 class=\"menu-name\">Products</h2>\n<div class=\"menu-box clearfix\">\n<a href=\"/en-us/clean-master/\" onclick=\"ga('send', 'event', 'V3.menu.cm', 'click', 'cm',1);\"><span></span>Clean Master</a>\n<a href=\"/en-us/cm-security/\" onclick=\"ga('send', 'event', 'V3.menu.cms', 'click', 'cms',1);\"><span></span>Security Master</a>\n<a href=\"http://www.liveme.com/?f=cmcm\" onclick=\"ga('send', 'event', 'V3.menu.liveme', 'click', 'liveme',1);\" target=\"_blank\"><span></span>Live.me</a>\n<a href=\"/en-us/whatscall/\" onclick=\"ga('send', 'event', 'V3.menu.whatscall', 'click', 'whatscall',1);\"><span></span>WhatsCall</a>\n<a href=\"/en-us/piano-tiles/\" onclick=\"ga('send', 'event', 'V3.menu.pt2', 'click', 'pt2',1);\"><span></span>Piano Tiles 2</a>\n<a href=\"/en-us/photo-grid/\" onclick=\"ga('send', 'event', 'V3.menu.pg', 'click', 'pg',1);\" title=\"PhotoGrid\"><span></span>PhotoGrid</a>\n<a href=\"http://www.news-republic.com/\" onclick=\"ga('send', 'event', 'V3.menu.nrp', 'click', 'nrp',1);\" target=\"_blank\" title=\"News Republic\"><span></span>News Republic</a>\n<a href=\"/en-us/keyboard/\" onclick=\"ga('send', 'event', 'menu.keyboard', 'click', 'keyboard',1);\"><span></span>Cheetah Keyboard</a>\n<a href=\"/en-us/battery-doctor/\" onclick=\"ga('send', 'event', 'V3.menu.bd', 'click', 'bd',1);\" title=\"Battery Doctor\"><span></span>Battery Doctor</a>\n<a href=\"/en-us/cm-launcher/\" onclick=\"ga('send', 'event', 'V3.menu.cml', 'click', 'cml',1);\" title=\"CM Launcher\"><span></span>CM Launcher</a>\n<a href=\"/en-us/cm-browser/\" onclick=\"ga('send', 'event', 'V3.menu.cmbs', 'click', 'cmbs',1);\" title=\"CM Browser\"><span></span>CM Browser</a>\n<a href=\"/en-us/cm-locker/\" onclick=\"ga('send', 'event', 'V3.menu.cmlk', 'click', 'cmlk',1);\" title=\"CM Locker\"><span></span>CM Locker</a>\n<!-- a href=\"/en-us/cm-backup/\" title=\"CM Backup\" onClick=\"ga('send', 'event', 'V3.menu.cmbu', 'click', 'cmbu',1);\"><span></span>CM Backup</a -->\n<a href=\"/en-us/cm-behavior-cloud/\" onclick=\"ga('send', 'event', 'V3.menu.cmbc', 'click', 'cmbc',1);\" title=\"CM Behavior Cloud\"><span></span>CM Behavior Cloud</a>\n<a href=\"https://www.cleanmasterofficial.com/en-us/?f=cmweb\" onclick=\"ga('send', 'event', 'V3.menu.cmpc', 'click', 'cmpc',1);\"><span></span>Clean Master for PC</a>\n</div><!-- menu-box -->\n</li>", "level": 0}], [{"value": "<h2 class=\"menu-name\">Products</h2>", "level": 8}, {"value": "<div class=\"menu-box clearfix\">\n<a href=\"/en-us/clean-master/\" onclick=\"ga('send', 'event', 'V3.menu.cm', 'click', 'cm',1);\"><span></span>Clean Master</a>\n<a href=\"/en-us/cm-security/\" onclick=\"ga('send', 'event', 'V3.menu.cms', 'click', 'cms',1);\"><span></span>Security Master</a>\n<a href=\"http://www.liveme.com/?f=cmcm\" onclick=\"ga('send', 'event', 'V3.menu.liveme', 'click', 'liveme',1);\" target=\"_blank\"><span></span>Live.me</a>\n<a href=\"/en-us/whatscall/\" onclick=\"ga('send', 'event', 'V3.menu.whatscall', 'click', 'whatscall',1);\"><span></span>WhatsCall</a>\n<a href=\"/en-us/piano-tiles/\" onclick=\"ga('send', 'event', 'V3.menu.pt2', 'click', 'pt2',1);\"><span></span>Piano Tiles 2</a>\n<a href=\"/en-us/photo-grid/\" onclick=\"ga('send', 'event', 'V3.menu.pg', 'click', 'pg',1);\" title=\"PhotoGrid\"><span></span>PhotoGrid</a>\n<a href=\"http://www.news-republic.com/\" onclick=\"ga('send', 'event', 'V3.menu.nrp', 'click', 'nrp',1);\" target=\"_blank\" title=\"News Republic\"><span></span>News Republic</a>\n<a href=\"/en-us/keyboard/\" onclick=\"ga('send', 'event', 'menu.keyboard', 'click', 'keyboard',1);\"><span></span>Cheetah Keyboard</a>\n<a href=\"/en-us/battery-doctor/\" onclick=\"ga('send', 'event', 'V3.menu.bd', 'click', 'bd',1);\" title=\"Battery Doctor\"><span></span>Battery Doctor</a>\n<a href=\"/en-us/cm-launcher/\" onclick=\"ga('send', 'event', 'V3.menu.cml', 'click', 'cml',1);\" title=\"CM Launcher\"><span></span>CM Launcher</a>\n<a href=\"/en-us/cm-browser/\" onclick=\"ga('send', 'event', 'V3.menu.cmbs', 'click', 'cmbs',1);\" title=\"CM Browser\"><span></span>CM Browser</a>\n<a href=\"/en-us/cm-locker/\" onclick=\"ga('send', 'event', 'V3.menu.cmlk', 'click', 'cmlk',1);\" title=\"CM Locker\"><span></span>CM Locker</a>\n<!-- a href=\"/en-us/cm-backup/\" title=\"CM Backup\" onClick=\"ga('send', 'event', 'V3.menu.cmbu', 'click', 'cmbu',1);\"><span></span>CM Backup</a -->\n<a href=\"/en-us/cm-behavior-cloud/\" onclick=\"ga('send', 'event', 'V3.menu.cmbc', 'click', 'cmbc',1);\" title=\"CM Behavior Cloud\"><span></span>CM Behavior Cloud</a>\n<a href=\"https://www.cleanmasterofficial.com/en-us/?f=cmweb\" onclick=\"ga('send', 'event', 'V3.menu.cmpc', 'click', 'cmpc',1);\"><span></span>Clean Master for PC</a>\n</div>", "level": 0}], [{"value": "<h2 class=\"menu-name\">Business</h2>", "level": 8}, {"value": "<div class=\"menu-box clearfix\">\n<a href=\"http://ads.cmcm.com/?lang=en\" onclick=\"ga('send', 'event', 'V3.menu.ad', 'click', 'ad',1);\" title=\"Cheetah Ads\"><span></span>Cheetah Ads</a>\n<a href=\"http://publishers.cmcm.com/?lang=en\" onclick=\"ga('send', 'event', 'V3.menu.peg', 'click', 'peg',1);\" title=\"Cheetah for Publishers\"><span></span>Cheetah for Publishers</a>\n<!-- a href=\"http://libra.cmcm.com/?lang=en\" title=\"Libra CheetahMobile\" onClick=\"ga('send', 'event', 'V3.menu.libra', 'click', 'libra',1);\"><span></span>Libra</a -->\n</div>", "level": 0}], [{"value": "<h2 class=\"menu-name\">Media</h2>", "level": 8}, {"value": "<div class=\"menu-box clearfix\">\n<a href=\"http://blog.cmcm.com/\" onclick=\"ga('send', 'event', 'V3.menu.blog', 'click', 'blog',1);\" title=\"Blog\"><span></span>Blog</a>\n<a href=\"http://www.cmcm.com/blog/en/\" onclick=\"ga('send', 'event', 'V3.menu.st', 'click', 'st',1);\" title=\"Security Topics\"><span></span>Security Topics</a>\n<!-- a href=\"http://blog.cmcm.com/category/ceotalks\" title=\"CEO Talks\" onClick=\"ga('send', 'event', 'V3.menu.ceotalks', 'click', 'ceotalks',1);\"><span></span>CEO Talks</a -->\n<a href=\"http://blog.cmcm.com/en/category/press/\" onclick=\"ga('send', 'event', 'V3.menu.press', 'click', 'press',1);\" title=\"Press\"><span></span>Press</a>\n</div>", "level": 0}], [{"value": "<h2 class=\"menu-name\">About</h2>", "level": 8}, {"value": "<div class=\"menu-box clearfix\">\n<a href=\"/en-us/about/\"><span></span>Company</a>\n<a href=\"http://ir.cmcm.com\"><span></span>Investor Relations</a>\n<a href=\"/about/promotion-policy.html\"><span></span>Promotion Policy</a>\n<a href=\"/en-us/job/\"><span></span>Global Talent</a>\n<a href=\"/en-us/contact/\"><span></span>Contact Us</a>\n</div>", "level": 0}], [{"value": "<h2 class=\"menu-name\">Legal</h2>", "level": 8}, {"value": "<div class=\"menu-box clearfix\">\n<a href=\"http://www.cmcm.com/protocol/site/privacy.html\"><span></span>Privacy Policy</a>\n<a href=\"http://www.cmcm.com/protocol/site/tos.html\"><span></span>Terms of Service</a>\n<a href=\"http://www.cmcm.com/protocol/site/ad-choice.html\"><span></span>Ad Choice</a>\n<a href=\"http://www.cmcm.com/en-us/opt-out/\"><span></span>Opt-out</a>\n</div>", "level": 0}], [{"value": "<h2 class=\"menu-name\">Follow Us</h2>", "level": 8}, {"value": "<div class=\"menu-box clearfix\">\n<a class=\"menu-share-btn menu-share-fb\" href=\"https://www.facebook.com/cmcmglobal/\" onclick=\"ga('send', 'event', 'V3.menu.share', 'click', 'facebook',1);\" target=\"_blank\">Facebook</a>\n<a class=\"menu-share-btn menu-share-tt\" href=\"https://twitter.com/CheetahMobile\" onclick=\"ga('send', 'event', 'V3.menu.share', 'click', 'twitter',1);\" target=\"_blank\">Twitter</a>\n<a class=\"menu-share-btn menu-share-li\" href=\"https://www.linkedin.com/company/cheetah-mobile\" onclick=\"ga('send', 'event', 'V3.menu.share', 'click', 'LinkedIn',1);\" target=\"_blank\">LinkedIn</a>\n</div>", "level": 0}], [{"value": "<h1 class=\"title\">CM Launcher Theme Privacy Policy</h1>", "level": 9}], [{"value": "<h2></h2>", "level": 8}, {"value": "<p>Updated: February 10th, 2015</p>", "level": 0}, {"value": "<p>As you use a CM Theme to beautify your phone, we collect information from you in order to provide corresponding service and better user experience to you. When participating in CM Theme User Experience Improvement Program (UX Improvement Program), as appropriate, your usage, statistics, input while using CM Theme, and crash reports would be collected.</p>", "level": 0}, {"value": "<p>Here we explain what information we collect, why, and how we use the information:</p>", "level": 0}, {"value": "<p><strong>What do we use your information for? </strong><br/> Any of the information we collect from you may be used in one of the following ways:<br style=\"text-align: left;\"/> \u00e2\u0080\u00a2 To personalize your experience<br style=\"text-align: left;\"/> (Your information helps us to better respond to your individual needs)<br/> \u00e2\u0080\u00a2 To improve our application<br style=\"text-align: left;\"/> (We continually strive to improve our application based on the information and feedback we receive from you)<br style=\"text-align: left;\"/> \u00e2\u0080\u00a2 To improve customer service<br style=\"text-align: left;\"/> (Your information helps us to more effectively respond to your customer service requests and support needs)</p>", "level": 0}, {"value": "<p><strong>What access do we have to get on your phone? </strong><br/> We collect information to improve our application and provide better services to all of our users - including:<br style=\"text-align: left;\"/> \u00e2\u0080\u00a2 read-only access to your phone state;<br style=\"text-align: left;\"/> \u00e2\u0080\u00a2 access to information about mobile networks;<br/> \u00e2\u0080\u00a2 access to information about Wi-Fi networks;<br/> \u00e2\u0080\u00a2 access to open network sockets; </p>", "level": 0}, {"value": "<p><strong>Do we disclose any information to outside parties? </strong><br/> \u00e2\u0080\u00a2 We do not sell, trade, or otherwise transfer to outside parties your personal identifiable information. This does not include:<br style=\"text-align: left;\"/> \u00e2\u0080\u00a2 Trusted third parties who assist us in operating our website, conducting our business, or servicing you, as long as those parties agree to keep this information confidential;<br style=\"text-align: left;\"/> \u00e2\u0080\u00a2 We will access, use or disclose your information with other organizations or entities for reasons that required by any applicable law, regulation, legal process or enforceable governmental request; <br/> \u00e2\u0080\u00a2 Detect, prevent, or otherwise fraud, security or technical issues;<br style=\"text-align: left;\"/> \u00e2\u0080\u00a2 Protect against harm to the rights, property or safety of Cheetah Mobile, our users or the public as required or permitted by law</p>", "level": 0}, {"value": "<p><strong>Security</strong><br/> We are very concerned about safeguarding the confidentiality of your information. We do not collect Personal Information, and we employ administrative, physical and electronic measures designed to protect your Non-Personal Information from unauthorized access and use. Please be aware that no security measures that we take to protect your information is absolutely guaranteed to avoid unauthorized access or use of your Non-Personal Information which is impenetrable.</p>", "level": 0}, {"value": "<p><strong>Sensitive Information</strong><br/> We ask that you not send us, and you not disclose, any sensitive Personal Information (e.g., information related to racial or ethnic origin, political opinions, religion or other beliefs, health, sexual orientation, criminal background or membership in past organizations, including trade union memberships) on or through an Application, the Services or the Site or otherwise to us.</p>", "level": 0}, {"value": "<p><strong>Children</strong><br/> We do not provide service focus on Children. If you are under 13, you may use our application or services when you are with a parent or guardian.</p>", "level": 0}], [{"value": "<p><strong>CONTACTING US / REPORTING VIOLATIONS</strong></p>", "level": 1}, {"value": "<p>If you have any questions or comments about this Policy or our privacy practices, or to report any violations of the Policy or abuse of an Application, the Services or the Site, please contact us at <a href=\"mailto:launcher@cmcm.com\">launcher@cmcm.com</a>.</p>", "level": 0}, {"value": "<p><strong>Changes to our Privacy Policy </strong><br/> Our Privacy Policy may change from time to time, we will post any privacy policy changes on our website <a href=\"http://www.cmcm.com/\">http://www.cmcm.com/</a> under our application page, so please review it periodically. We may provide you additional forms of notice of modifications or updates as appropriate under the circumstances.</p>", "level": 0}, {"value": "<div id=\"footer-wrap\">\n<div class=\"content\" id=\"footer\">\n<span class=\"foot-copy\">\n<a class=\"show-in-desktop-only\" href=\"/protocol/site/tos.html\">Terms of Service</a>\u00a0\n              <a class=\"show-in-desktop-only\" href=\"/protocol/site/ad-choice.html\">Ad Choice</a>\u00a0\n              <a href=\"/protocol/site/privacy.html\">Privacy Policy</a>\u00a0\n              <em>|</em>\u00a0Cheetah Mobile \u00a9 2017\n            </span>\n<span class=\"foot-lang\"> \u00c2\u00b7 <em class=\"lang-current\">English</em><em class=\"lang-list\"><a href=\"/en-us/\">English</a><a href=\"/es-es/\">Espa\u00c3\u00b1ol</a><a href=\"/fr-fr/\">Fran\u00c3\u00a7ais</a><a href=\"/ru-ru/\">P\u00d1\u0083\u00d1\u0081\u00d1\u0081\u00d0\u00ba\u00d0\u00b8\u00d0\u00b9</a><a href=\"/pt-pt/\">Portugu\u00c3\u00aas</a><a href=\"/ja-jp/\">\u00e6\u0097\u00a5\u00e6\u009c\u00ac\u00e8\u00aa\u009e</a><a href=\"/ko-kr/\">\u00ed\u0095\u009c\u00ea\u00b5\u00ad\u00ec\u0096\u00b4</a><a href=\"/zh-tw/\">\u00e7\u00b9\u0081\u00e9\u00ab\u0094\u00e4\u00b8\u00ad\u00e6\u0096\u0087</a><a href=\"/zh-cn/\">\u00e7\u00ae\u0080\u00e4\u00bd\u0093\u00e4\u00b8\u00ad\u00e6\u0096\u0087</a></em></span>\n</div>\n</div>", "level": 0}]]