[[{"value": "<h1>Privacy Policy of <strong>Apps by White Simplicity LLC</strong></h1>", "level": 9}, {"value": "<p>This Application collects some Personal Data from its Users.</p>", "level": 0}], [{"value": "<h2 id=\"owner_of_the_data\">Owner and Data Controller</h2>", "level": 8}, {"value": "<p>White Simplicity 8020 S. Rainbow Blvd Ste 100-103 Las Vegas, NV 89139</p>", "level": 0}, {"value": "<p><b>Owner contact email:</b> whsimplicity@gmail.com</p>", "level": 0}], [{"value": "<h2 id=\"types_of_data\">Types of Data collected</h2>", "level": 8}, {"value": "<p>\n      Among the types of Personal Data that this Application collects, by itself or through third parties, there are:\n       Cookies, Usage Data, unique device identifiers for advertising (Google Advertiser ID or IDFA, for example) and geographic position.\n    </p>", "level": 0}, {"value": "<p>Complete details on each type of Personal Data collected are provided in the dedicated sections of this privacy policy or by specific explanation texts displayed prior to the Data collection.<br/>Personal Data may be freely provided by the User, or, in case of Usage Data, collected automatically when using this Application.<br/>Unless specified otherwise, all Data requested by this Application is mandatory and failure to provide this Data may make it impossible for this Application to provide its services. In cases where this Application specifically states that some Data is not mandatory, Users are free not to communicate this Data without consequences to the availability or the functioning of the Service.<br/>Users who are uncertain about which Personal Data is mandatory are welcome to contact the Owner.<br/>Any use of Cookies \u00e2\u0080\u0093 or of other tracking tools \u00e2\u0080\u0093 by this Application or by the owners of third-party services used by this Application serves the purpose of providing the Service required by the User, in addition to any other purposes described in the present document and in the Cookie Policy, if available.</p>", "level": 0}, {"value": "<p>Users are responsible for any third-party Personal Data obtained, published or shared through this Application and confirm that they have the third party's consent to provide the Data to the Owner.</p>", "level": 0}], [{"value": "<h2 id=\"place_of_processing\">Mode and place of processing the Data</h2>", "level": 8}], [{"value": "<h3>Methods of processing</h3>", "level": 7}, {"value": "<p>The Owner takes appropriate security measures to prevent unauthorized access, disclosure, modification, or unauthorized destruction of the Data.<br/>The Data processing is carried out using computers and/or IT enabled tools, following organizational procedures and modes strictly related to the purposes indicated. In addition to the Owner, in some cases, the Data may be accessible to certain types of persons in charge, involved with the operation of this Application (administration, sales, marketing, legal, system administration) or external parties (such as third-party technical service providers, mail carriers, hosting providers, IT companies, communications agencies) appointed, if necessary, as Data Processors by the Owner. The updated list of these parties may be requested from the Owner at any time.</p>", "level": 0}], [{"value": "<h3>Legal basis of processing</h3>", "level": 7}, {"value": "<p>The Owner may process Personal Data relating to Users if one of the following applies:</p>", "level": 0}, {"value": "<ul>\n<li>Users have given their consent for one or more specific purposes. Note: Under some legislations the Owner may be allowed to process Personal Data until the User objects to such processing (\u00e2\u0080\u009copt-out\u00e2\u0080\u009d), without having to rely on consent or any other of the following legal bases. This, however, does not apply, whenever the processing of Personal Data is subject to European data protection law;</li>\n<li>provision of Data is necessary for the performance of an agreement with the User and/or for any pre-contractual obligations thereof;</li>\n<li>processing is necessary for compliance with a legal obligation to which the Owner is subject;</li>\n<li>processing is related to a task that is carried out in the public interest or in the exercise of official authority vested in the Owner;</li>\n<li>processing is necessary for the purposes of the legitimate interests pursued by the Owner or by a third party.</li>\n</ul>", "level": 0}, {"value": "<p>In any case, the Owner will gladly help to clarify the specific legal basis that applies to the processing, and in particular whether the provision of Personal Data is a statutory or contractual requirement, or a requirement necessary to enter into a contract. </p>", "level": 0}], [{"value": "<h3>Place</h3>", "level": 7}, {"value": "<p>The Data is processed at the Owner's operating offices and in any other places where the parties involved in the processing are located.<br/><br/>\nDepending on the User's location, data transfers may involve transferring the User's Data to a country other than their own. To find out more about the place of processing of such transferred Data, Users can check the section containing details about the processing of Personal Data.</p>", "level": 0}, {"value": "<p>Users are also entitled to learn about the legal basis of Data transfers to a country outside the European Union or to any international organization governed by public international law or set up by two or more countries, such as the UN, and about the security measures taken by the Owner to safeguard their Data.<br/><br/>\nIf any such transfer takes place, Users can find out more by checking the relevant sections of this document or inquire with the Owner using the information provided in the contact section.</p>", "level": 0}], [{"value": "<h3>Retention time</h3>", "level": 7}, {"value": "<p>Personal Data shall be processed and stored for as long as required by the purpose they have been collected for.</p>", "level": 0}, {"value": "<p>Therefore:</p>", "level": 0}, {"value": "<ul>\n<li>Personal Data collected for purposes related to the performance of a contract between the Owner and the User shall be retained until such contract has been fully performed.</li>\n<li>Personal Data collected for the purposes of the Owner\u00e2\u0080\u0099s legitimate interests shall be retained as long as needed to fulfill such purposes. Users may find specific information regarding the legitimate interests pursued by the Owner within the relevant sections of  this document or by contacting the Owner.</li>\n</ul>", "level": 0}, {"value": "<p>The Owner may be allowed to retain Personal Data for a longer period whenever the User has given consent to such processing, as long as such consent is not withdrawn. Furthermore, the Owner may be obliged to retain Personal Data for a longer period whenever required to do so for the performance of a legal obligation or upon order of an authority.<br/><br/>\nOnce the retention period expires, Personal Data shall be deleted. Therefore, the right to access, the right to erasure, the right to rectification and the right to data portability cannot be enforced after expiration of the retention period.</p>", "level": 0}], [{"value": "<h2 id=\"use_collected_data\">The purposes of processing</h2>", "level": 8}, {"value": "<p>\n      The Data concerning the User is collected to allow the Owner to provide its Services, as well as for the following purposes:\n         Advertising, Interaction with external social networks and platforms, Remarketing and behavioral targeting, Analytics, Access to third party services' accounts, Location-based interactions and Registration and authentication.\n      </p>", "level": 0}, {"value": "<p>Users can find further detailed information about such purposes of processing and about the specific Personal Data used for each purpose in the respective sections of this document.</p>", "level": 0}], [{"value": "<h2 id=\"facebook_permissions\">Facebook permissions asked by this Application</h2>", "level": 8}, {"value": "<p>This Application may ask for some Facebook permissions allowing it to perform actions with the User's Facebook account and to retrieve information, including Personal Data, from it. This service allows this Application to connect with the User's account on the Facebook social network, provided by Facebook Inc.</p>", "level": 0}, {"value": "<p>For more information about the following permissions, refer to the <a href=\"https://developers.facebook.com/docs/authentication/permissions/\" target=\"_blank\">Facebook permissions documentation</a> and to the <a href=\"https://www.facebook.com/about/privacy/\" target=\"_blank\">Facebook privacy policy</a>.</p>", "level": 0}, {"value": "<p>The permissions asked are the following:</p>", "level": 0}], [{"value": "<h3>Basic information</h3>", "level": 7}, {"value": "<p>By default, this includes certain User\u2019s Data such as id, name, picture, gender, and their locale. Certain connections of the User, such as the Friends, are also available. If the User has made more of their Data public, more information will be available.</p>", "level": 0}], [{"value": "<h3>About Me</h3>", "level": 7}, {"value": "<p>Provides access to the 'About Me' section of the profile.</p>", "level": 0}], [{"value": "<h3>Access Friend Lists</h3>", "level": 7}, {"value": "<p>Provides access to any friend lists the user created</p>", "level": 0}], [{"value": "<h3>Email</h3>", "level": 7}, {"value": "<p>Provides access to the User's primary email address.</p>", "level": 0}], [{"value": "<h2 id=\"data_processing_detailed_info\">Detailed information on the processing of Personal Data</h2>", "level": 8}, {"value": "<p>Personal Data is collected for the following purposes and using the following services:</p>", "level": 0}], [{"value": "<h3 class=\"expand-click w_icon_24 policyicon_purpose_332764\">Access to third party services' accounts</h3>", "level": 7}, {"value": "<p>This type of services allows this Application to access Data from your account on a third party service and perform actions with it.<br/>\nThese services are not activated automatically, but require explicit authorization by the User.</p>", "level": 0}], [{"value": "<h4>Access to the Facebook account (This Application)</h4>", "level": 6}, {"value": "<div class=\"wrap\">\n<p>This service allows this Application to connect with the User's account on the Facebook social network, provided by Facebook, Inc.</p>\n</div>", "level": 0}, {"value": "<p>\n                      Permissions asked:\n                       About Me, Access Friend Lists and Email.\n                     </p>", "level": 0}, {"value": "<p>\nPlace of processing:\nUS\n\u2013\n<a href=\"https://www.facebook.com/policy.php\" rel=\"noopener noreferrer\" target=\"_blank\">Privacy Policy</a>.\n\n</p>", "level": 0}, {"value": "<div class=\"box_primary box_10 expand\">\n<h3 class=\"expand-click w_icon_24 policyicon_purpose_4146880\">Advertising</h3>\n<div class=\"expand-content\">\n<p>This type of service allows User Data to be utilized for advertising communication purposes displayed in the form of banners and other advertisements on this Application, possibly based on User interests.<br/>\nThis does not mean that all Personal Data are used for this purpose. Information and conditions of use are shown below.<br/>\nSome of the services listed below may use Cookies to identify Users or they may use the behavioral retargeting technique, i.e. displaying ads tailored to the User\u00e2\u0080\u0099s interests and behavior, including those detected outside this Application. For more information, please check the privacy policies of the relevant services.<br/>\nIn addition to any opt out offered by any of the services below, the User may opt out of a third-party service's use of cookies by visiting the <a href=\"http://optout.networkadvertising.org/\">Network Advertising Initiative opt-out page</a>.</p>\n<h4>AdMob (AdMob Google Inc.)</h4>\n<div class=\"wrap\">\n<p>AdMob is an advertising service provided by AdMob Google Inc.<br/>\n<strong>In order to understand Google's use of Data, consult <a href=\"https://www.google.com/policies/privacy/partners/\">Google's partner policy</a></strong>.</p>\n</div>\n<p>\n                      Personal Data collected:\n                       Cookies, unique device identifiers for advertising (Google Advertiser ID or IDFA, for example) and Usage Data.\n                     </p>\n<p>\nPlace of processing:\nUS\n\u2013\n<a href=\"https://www.google.com/policies/technologies/ads/\" rel=\"noopener noreferrer\" target=\"_blank\">Privacy Policy</a> \u2013 <a href=\"https://www.google.com/settings/ads\">Opt Out</a>.\n\n</p>\n<h4>Google AdSense (Google Inc.)</h4>\n<div class=\"wrap\">\n<p>Google AdSense is an advertising service provided by Google Inc. This service uses the \u00e2\u0080\u009cDoubleclick\u00e2\u0080\u009d Cookie, which tracks use of this Application and User behavior concerning ads, products and services offered.<br/>\nUsers may decide to disable all the Doubleclick Cookies by clicking on: <a href=\"https://www.google.com/settings/ads/onweb/optout\">google.com/settings/ads/onweb/optout</a>.</p>\n</div>\n<p>\n                      Personal Data collected:\n                       Cookies and Usage Data.\n                     </p>\n<p>\nPlace of processing:\nUS\n\u2013\n<a href=\"https://www.google.com/policies/technologies/ads/\" rel=\"noopener noreferrer\" target=\"_blank\">Privacy Policy</a> \u2013 <a href=\"https://www.google.com/settings/ads/onweb/optout\">Opt Out</a>.\n\n</p>\n</div> <!-- /expand-content -->\n</div>", "level": 0}], [{"value": "<h3 class=\"expand-click w_icon_24 policyicon_purpose_4146880\">Advertising</h3>", "level": 7}, {"value": "<p>This type of service allows User Data to be utilized for advertising communication purposes displayed in the form of banners and other advertisements on this Application, possibly based on User interests.<br/>\nThis does not mean that all Personal Data are used for this purpose. Information and conditions of use are shown below.<br/>\nSome of the services listed below may use Cookies to identify Users or they may use the behavioral retargeting technique, i.e. displaying ads tailored to the User\u00e2\u0080\u0099s interests and behavior, including those detected outside this Application. For more information, please check the privacy policies of the relevant services.<br/>\nIn addition to any opt out offered by any of the services below, the User may opt out of a third-party service's use of cookies by visiting the <a href=\"http://optout.networkadvertising.org/\">Network Advertising Initiative opt-out page</a>.</p>", "level": 0}], [{"value": "<h4>AdMob (AdMob Google Inc.)</h4>", "level": 6}, {"value": "<div class=\"wrap\">\n<p>AdMob is an advertising service provided by AdMob Google Inc.<br/>\n<strong>In order to understand Google's use of Data, consult <a href=\"https://www.google.com/policies/privacy/partners/\">Google's partner policy</a></strong>.</p>\n</div>", "level": 0}, {"value": "<p>\n                      Personal Data collected:\n                       Cookies, unique device identifiers for advertising (Google Advertiser ID or IDFA, for example) and Usage Data.\n                     </p>", "level": 0}, {"value": "<p>\nPlace of processing:\nUS\n\u2013\n<a href=\"https://www.google.com/policies/technologies/ads/\" rel=\"noopener noreferrer\" target=\"_blank\">Privacy Policy</a> \u2013 <a href=\"https://www.google.com/settings/ads\">Opt Out</a>.\n\n</p>", "level": 0}], [{"value": "<h4>Google AdSense (Google Inc.)</h4>", "level": 6}, {"value": "<div class=\"wrap\">\n<p>Google AdSense is an advertising service provided by Google Inc. This service uses the \u00e2\u0080\u009cDoubleclick\u00e2\u0080\u009d Cookie, which tracks use of this Application and User behavior concerning ads, products and services offered.<br/>\nUsers may decide to disable all the Doubleclick Cookies by clicking on: <a href=\"https://www.google.com/settings/ads/onweb/optout\">google.com/settings/ads/onweb/optout</a>.</p>\n</div>", "level": 0}, {"value": "<p>\n                      Personal Data collected:\n                       Cookies and Usage Data.\n                     </p>", "level": 0}, {"value": "<p>\nPlace of processing:\nUS\n\u2013\n<a href=\"https://www.google.com/policies/technologies/ads/\" rel=\"noopener noreferrer\" target=\"_blank\">Privacy Policy</a> \u2013 <a href=\"https://www.google.com/settings/ads/onweb/optout\">Opt Out</a>.\n\n</p>", "level": 0}, {"value": "<div class=\"box_primary box_10 expand\">\n<h3 class=\"expand-click w_icon_24 policyicon_purpose_131122\">Analytics</h3>\n<div class=\"expand-content\">\n<p>The services contained in this section enable the Owner to monitor and analyze web traffic and can be used to keep track of User behavior.</p>\n<h4>Google Analytics (Google Inc.)</h4>\n<div class=\"wrap\">\n<p>Google Analytics is a web analysis service provided by Google Inc. (\u00e2\u0080\u009cGoogle\u00e2\u0080\u009d). Google utilizes the Data collected to track and examine the use of this Application, to prepare reports on its activities and share them with other Google services.<br/>\nGoogle may use the Data collected to contextualize and personalize the ads of its own advertising network.</p>\n</div>\n<p>\n                      Personal Data collected:\n                       Cookies and Usage Data.\n                     </p>\n<p>\nPlace of processing:\nUS\n\u2013\n<a href=\"https://www.google.com/intl/en/policies/privacy/\" rel=\"noopener noreferrer\" target=\"_blank\">Privacy Policy</a> \u2013 <a href=\"https://tools.google.com/dlpage/gaoptout?hl=en\" onclick=\"javascript:return tryFunc('tryGaOptOut',{href:'https://tools.google.com/dlpage/gaoptout?hl=en'})\" target=\"_blank\">Opt Out</a>.\n\n</p>\n</div> <!-- /expand-content -->\n</div>", "level": 0}], [{"value": "<h3 class=\"expand-click w_icon_24 policyicon_purpose_131122\">Analytics</h3>", "level": 7}, {"value": "<p>The services contained in this section enable the Owner to monitor and analyze web traffic and can be used to keep track of User behavior.</p>", "level": 0}], [{"value": "<h4>Google Analytics (Google Inc.)</h4>", "level": 6}, {"value": "<div class=\"wrap\">\n<p>Google Analytics is a web analysis service provided by Google Inc. (\u00e2\u0080\u009cGoogle\u00e2\u0080\u009d). Google utilizes the Data collected to track and examine the use of this Application, to prepare reports on its activities and share them with other Google services.<br/>\nGoogle may use the Data collected to contextualize and personalize the ads of its own advertising network.</p>\n</div>", "level": 0}, {"value": "<p>\n                      Personal Data collected:\n                       Cookies and Usage Data.\n                     </p>", "level": 0}, {"value": "<p>\nPlace of processing:\nUS\n\u2013\n<a href=\"https://www.google.com/intl/en/policies/privacy/\" rel=\"noopener noreferrer\" target=\"_blank\">Privacy Policy</a> \u2013 <a href=\"https://tools.google.com/dlpage/gaoptout?hl=en\" onclick=\"javascript:return tryFunc('tryGaOptOut',{href:'https://tools.google.com/dlpage/gaoptout?hl=en'})\" target=\"_blank\">Opt Out</a>.\n\n</p>", "level": 0}, {"value": "<div class=\"box_primary box_10 expand\">\n<h3 class=\"expand-click w_icon_24 policyicon_purpose_131119\">Interaction with external social networks and platforms</h3>\n<div class=\"expand-content\">\n<p>This type of services allow interaction with social networks or other external platforms directly from the pages of this Application.<br/>\nThe interaction and information obtained through this Application are always subject to the User\u00e2\u0080\u0099s privacy settings for each social network.<br/>\nThis type of service might still collect traffic data for the pages where the service is installed, even when Users do not use it.</p>\n<h4>Google+ +1 button and social widgets (Google Inc.)</h4>\n<div class=\"wrap\">\n<p>The Google+ +1 button and social widgets are services allowing interaction with the Google+ social network provided by Google Inc.</p>\n</div>\n<p>\n                      Personal Data collected:\n                       Cookies and Usage Data.\n                     </p>\n<p>\nPlace of processing:\nUS\n\u2013\n<a href=\"https://www.google.com/intl/policies/privacy/\" rel=\"noopener noreferrer\" target=\"_blank\">Privacy Policy</a>.\n\n</p>\n<h4>Facebook Like button and social widgets (Facebook, Inc.)</h4>\n<div class=\"wrap\">\n<p>The Facebook Like button and social widgets are services allowing interaction with the Facebook social network provided by Facebook, Inc.</p>\n</div>\n<p>\n                      Personal Data collected:\n                       Cookies and Usage Data.\n                     </p>\n<p>\nPlace of processing:\nUS\n\u2013\n<a href=\"https://www.facebook.com/privacy/explanation\" rel=\"noopener noreferrer\" target=\"_blank\">Privacy Policy</a>.\n\n</p>\n<h4>Google Friend Connect (Google Inc.)</h4>\n<div class=\"wrap\">\n<p>Google Friend Connect is a social interaction service provided by Google Inc.</p>\n</div>\n<p>\n                      Personal Data collected:\n                       Cookies and Usage Data.\n                     </p>\n<p>\nPlace of processing:\nUS\n\u2013\n<a href=\"https://www.google.com/intl/policies/privacy/\" rel=\"noopener noreferrer\" target=\"_blank\">Privacy Policy</a>.\n\n</p>\n</div> <!-- /expand-content -->\n</div>", "level": 0}], [{"value": "<h3 class=\"expand-click w_icon_24 policyicon_purpose_131119\">Interaction with external social networks and platforms</h3>", "level": 7}, {"value": "<p>This type of services allow interaction with social networks or other external platforms directly from the pages of this Application.<br/>\nThe interaction and information obtained through this Application are always subject to the User\u00e2\u0080\u0099s privacy settings for each social network.<br/>\nThis type of service might still collect traffic data for the pages where the service is installed, even when Users do not use it.</p>", "level": 0}], [{"value": "<h4>Google+ +1 button and social widgets (Google Inc.)</h4>", "level": 6}, {"value": "<div class=\"wrap\">\n<p>The Google+ +1 button and social widgets are services allowing interaction with the Google+ social network provided by Google Inc.</p>\n</div>", "level": 0}, {"value": "<p>\n                      Personal Data collected:\n                       Cookies and Usage Data.\n                     </p>", "level": 0}, {"value": "<p>\nPlace of processing:\nUS\n\u2013\n<a href=\"https://www.google.com/intl/policies/privacy/\" rel=\"noopener noreferrer\" target=\"_blank\">Privacy Policy</a>.\n\n</p>", "level": 0}], [{"value": "<h4>Facebook Like button and social widgets (Facebook, Inc.)</h4>", "level": 6}, {"value": "<div class=\"wrap\">\n<p>The Facebook Like button and social widgets are services allowing interaction with the Facebook social network provided by Facebook, Inc.</p>\n</div>", "level": 0}, {"value": "<p>\n                      Personal Data collected:\n                       Cookies and Usage Data.\n                     </p>", "level": 0}, {"value": "<p>\nPlace of processing:\nUS\n\u2013\n<a href=\"https://www.facebook.com/privacy/explanation\" rel=\"noopener noreferrer\" target=\"_blank\">Privacy Policy</a>.\n\n</p>", "level": 0}], [{"value": "<h4>Google Friend Connect (Google Inc.)</h4>", "level": 6}, {"value": "<div class=\"wrap\">\n<p>Google Friend Connect is a social interaction service provided by Google Inc.</p>\n</div>", "level": 0}, {"value": "<p>\n                      Personal Data collected:\n                       Cookies and Usage Data.\n                     </p>", "level": 0}, {"value": "<p>\nPlace of processing:\nUS\n\u2013\n<a href=\"https://www.google.com/intl/policies/privacy/\" rel=\"noopener noreferrer\" target=\"_blank\">Privacy Policy</a>.\n\n</p>", "level": 0}, {"value": "<div class=\"box_primary box_10 expand\">\n<h3 class=\"expand-click w_icon_24 policyicon_purpose_332767\">Location-based interactions</h3>\n<div class=\"expand-content\">\n<h4>Geolocation (This Application)</h4>\n<div class=\"wrap\">\n<p>This Application may collect, use, and share User location Data in order to provide location-based services.<br/>\nMost browsers and devices provide tools to opt out from this feature by default. If explicit authorization has been provided, the User\u00e2\u0080\u0099s location data may be tracked by this Application.</p>\n</div>\n<p>\n                      Personal Data collected:\n                       geographic position.\n                     </p>\n</div> <!-- /expand-content -->\n</div>", "level": 0}], [{"value": "<h3 class=\"expand-click w_icon_24 policyicon_purpose_332767\">Location-based interactions</h3>", "level": 7}], [{"value": "<h4>Geolocation (This Application)</h4>", "level": 6}, {"value": "<div class=\"wrap\">\n<p>This Application may collect, use, and share User location Data in order to provide location-based services.<br/>\nMost browsers and devices provide tools to opt out from this feature by default. If explicit authorization has been provided, the User\u00e2\u0080\u0099s location data may be tracked by this Application.</p>\n</div>", "level": 0}, {"value": "<p>\n                      Personal Data collected:\n                       geographic position.\n                     </p>", "level": 0}, {"value": "<div class=\"box_primary box_10 expand\">\n<h3 class=\"expand-click w_icon_24 policyicon_purpose_332768\">Registration and authentication</h3>\n<div class=\"expand-content\">\n<p>By registering or authenticating, Users allow this Application to identify them and give them access to dedicated services.<br/>\nDepending on what is described below, third parties may provide registration and authentication services. In this case, this Application will be able to access some Data, stored by these third party services, for registration or identification purposes.</p>\n<h4>Google OAuth (Google Inc.)</h4>\n<div class=\"wrap\">\n<p>Google OAuth is a registration and authentication service provided by Google Inc. and is connected to the Google network.</p>\n</div>\n<p>\n                      Personal Data collected:\n                       various types of Data as specified in the privacy policy of the service.\n                     </p>\n<p>\nPlace of processing:\nUS\n\u2013\n<a href=\"https://developers.google.com/accounts/docs/OAuth2\" rel=\"noopener noreferrer\" target=\"_blank\">Privacy Policy</a>.\n\n</p>\n</div> <!-- /expand-content -->\n</div>", "level": 0}], [{"value": "<h3 class=\"expand-click w_icon_24 policyicon_purpose_332768\">Registration and authentication</h3>", "level": 7}, {"value": "<p>By registering or authenticating, Users allow this Application to identify them and give them access to dedicated services.<br/>\nDepending on what is described below, third parties may provide registration and authentication services. In this case, this Application will be able to access some Data, stored by these third party services, for registration or identification purposes.</p>", "level": 0}], [{"value": "<h4>Google OAuth (Google Inc.)</h4>", "level": 6}, {"value": "<div class=\"wrap\">\n<p>Google OAuth is a registration and authentication service provided by Google Inc. and is connected to the Google network.</p>\n</div>", "level": 0}, {"value": "<p>\n                      Personal Data collected:\n                       various types of Data as specified in the privacy policy of the service.\n                     </p>", "level": 0}, {"value": "<p>\nPlace of processing:\nUS\n\u2013\n<a href=\"https://developers.google.com/accounts/docs/OAuth2\" rel=\"noopener noreferrer\" target=\"_blank\">Privacy Policy</a>.\n\n</p>", "level": 0}, {"value": "<div class=\"box_primary box_10 expand\">\n<h3 class=\"expand-click w_icon_24 policyicon_purpose_131120\">Remarketing and behavioral targeting</h3>\n<div class=\"expand-content\">\n<p>This type of service allows this Application and its partners to inform, optimize and serve advertising based on past use of this Application by the User.<br/>\nThis activity is performed by tracking Usage Data and by using Cookies, information that is transferred to the partners that manage the remarketing and behavioral targeting activity.<br/>\nIn addition to any opt out offered by any of the services below, the User may opt out of a third-party service's use of cookies by visiting the <a href=\"http://optout.networkadvertising.org/\">Network Advertising Initiative opt-out page</a>.</p>\n<h4>Remarketing through Google Analytics for Display Advertising (Google Inc.)</h4>\n<div class=\"wrap\">\n<p>Google Analytics for Display Advertising is a remarketing and behavioral targeting service provided by Google Inc. that connects the tracking activity performed by Google Analytics and its Cookies with the Adwords advertising network and the Doubleclick Cookie.</p>\n</div>\n<p>\n                      Personal Data collected:\n                       Cookies and Usage Data.\n                     </p>\n<p>\nPlace of processing:\nUS\n\u2013\n<a href=\"https://www.google.com/intl/en/policies/privacy/\" rel=\"noopener noreferrer\" target=\"_blank\">Privacy Policy</a> \u2013 <a href=\"https://www.google.com/settings/ads/onweb/optout\">Opt Out</a>.\n\n</p>\n</div> <!-- /expand-content -->\n</div>", "level": 0}], [{"value": "<h3 class=\"expand-click w_icon_24 policyicon_purpose_131120\">Remarketing and behavioral targeting</h3>", "level": 7}, {"value": "<p>This type of service allows this Application and its partners to inform, optimize and serve advertising based on past use of this Application by the User.<br/>\nThis activity is performed by tracking Usage Data and by using Cookies, information that is transferred to the partners that manage the remarketing and behavioral targeting activity.<br/>\nIn addition to any opt out offered by any of the services below, the User may opt out of a third-party service's use of cookies by visiting the <a href=\"http://optout.networkadvertising.org/\">Network Advertising Initiative opt-out page</a>.</p>", "level": 0}], [{"value": "<h4>Remarketing through Google Analytics for Display Advertising (Google Inc.)</h4>", "level": 6}, {"value": "<div class=\"wrap\">\n<p>Google Analytics for Display Advertising is a remarketing and behavioral targeting service provided by Google Inc. that connects the tracking activity performed by Google Analytics and its Cookies with the Adwords advertising network and the Doubleclick Cookie.</p>\n</div>", "level": 0}, {"value": "<p>\n                      Personal Data collected:\n                       Cookies and Usage Data.\n                     </p>", "level": 0}, {"value": "<p>\nPlace of processing:\nUS\n\u2013\n<a href=\"https://www.google.com/intl/en/policies/privacy/\" rel=\"noopener noreferrer\" target=\"_blank\">Privacy Policy</a> \u2013 <a href=\"https://www.google.com/settings/ads/onweb/optout\">Opt Out</a>.\n\n</p>", "level": 0}], [{"value": "<h2 id=\"further_data\">Further information about Personal Data</h2>", "level": 8}], [{"value": "<h3 class=\"expand-click w_icon_24 icon_general\">Pier39 - Analytics</h3>", "level": 7}, {"value": "<div class=\"expand-content\">\n<p>\n                             Gathering app list for ads targeting.<br/>This type of services allows this Application and its partners to inform, optimize and serve advertising based on app list of the User.<br/>This activity is performed by tracking device installed apps, information that is transferred to the partners that manage the remarketing and behavioral targeting activity.\n                         </p>\n</div>", "level": 0}], [{"value": "<h2>The rights of Users</h2>", "level": 8}, {"value": "<p>Users may exercise certain rights regarding their Data processed by the Owner.</p>", "level": 0}, {"value": "<p>In particular, Users have the right to do the following:</p>", "level": 0}, {"value": "<ul>\n<li><b>Withdraw their consent at any time.</b> Users have the right to withdraw consent where they have previously given their consent to the processing of their Personal Data.</li>\n<li><b>Object to processing of their Data.</b> Users have the right to object to the processing of their Data if the processing is carried out on a legal basis other than consent. Further details are provided in the dedicated section below.</li>\n<li><b>Access their Data.</b> Users have the right to learn if Data is being processed by the Owner, obtain disclosure regarding certain aspects of the processing and obtain a copy of the Data undergoing processing.</li>\n<li><b>Verify and seek rectification.</b> Users have the right to verify the accuracy of their Data and ask for it to be updated or corrected.</li>\n<li><b>Restrict the processing of their Data.</b> Users have the right, under certain circumstances, to restrict the processing of their Data. In this case, the Owner will not process their Data for any purpose other than storing it.\n</li>\n<li><b>Have their Personal Data deleted or otherwise removed.</b> Users have the right, under certain circumstances, to obtain the erasure of their Data from the Owner.</li>\n<li><b>Receive their Data and have it transferred to another controller.</b> Users have the right to receive their Data in a structured, commonly used and machine readable format and, if technically feasible, to have it transmitted to another controller without any hindrance. This provision is applicable provided that the Data is processed by automated means and that the processing is based on the User's consent, on a contract which the User is part of or on pre-contractual obligations thereof.</li>\n<li><b>Lodge a complaint.</b> Users have the right to bring a claim before their competent data protection authority.</li>\n</ul>", "level": 0}], [{"value": "<h3>Details about the right to object to processing</h3>", "level": 7}, {"value": "<p>Where Personal Data is processed for a public interest, in the exercise of an official authority vested in the Owner or for the purposes of the legitimate interests pursued by the Owner, Users may object to such processing by providing a ground related to their particular situation to justify the objection.</p>", "level": 0}, {"value": "<p>Users must know that, however, should their Personal Data be processed for direct marketing purposes, they can object to that processing at any time without providing any justification. To learn, whether the Owner is processing Personal Data for direct marketing purposes, Users may refer to the relevant sections of this document. </p>", "level": 0}], [{"value": "<h3>How to exercise these rights</h3>", "level": 7}, {"value": "<p>Any requests to exercise User rights can be directed to the Owner through the contact details provided in this document. These requests can be exercised free of charge and will be addressed by the Owner as early as possible and always within one month.</p>", "level": 0}], [{"value": "<h2 id=\"cookie_policy\">Cookie Policy</h2>", "level": 8}, {"value": "<p>This Application uses Cookies. To learn more and for a detailed cookie notice, the User may consult the <a class=\"show_comp_link iframe-preserve an-preserve\" href=\"//www.iubenda.com/privacy-policy/858073/cookie-policy\" title=\"Cookie Policy\">Cookie Policy</a>.</p>", "level": 0}], [{"value": "<h2 id=\"further_data_processing_info\">Additional information about Data collection and processing</h2>", "level": 8}], [{"value": "<h3>Legal action</h3>", "level": 7}, {"value": "<p>\n    The User's Personal Data may be used for legal purposes by the Owner in Court or in the stages leading to possible legal action arising from improper use of this Application or the related Services.<br/>The User declares to be aware that the Owner may be required to reveal personal data upon request of public authorities.\n  </p>", "level": 0}], [{"value": "<h3>Additional information about User's Personal Data</h3>", "level": 7}, {"value": "<p>\n    In addition to the information contained in this privacy policy, this Application may provide the User with additional and contextual information concerning particular Services or the collection and processing of Personal Data upon request.\n  </p>", "level": 0}], [{"value": "<h3>System logs and maintenance</h3>", "level": 7}, {"value": "<p>\n    For operation and maintenance purposes, this Application and any third-party services may collect files that record interaction with this Application (System logs) use other Personal Data (such as the IP Address) for this purpose.\n  </p>", "level": 0}], [{"value": "<h3>Information not contained in this policy</h3>", "level": 7}, {"value": "<p>\n    More details concerning the collection or processing of Personal Data may be requested from the Owner at any time. Please see the contact information at the beginning of this document.\n  </p>", "level": 0}], [{"value": "<h3>How \u00e2\u0080\u009cDo Not Track\u00e2\u0080\u009d requests are handled</h3>", "level": 7}, {"value": "<p>\n      This Application does not support \u00e2\u0080\u009cDo Not Track\u00e2\u0080\u009d requests.<br/>To determine whether any of the third-party services it uses honor the \u00e2\u0080\u009cDo Not Track\u00e2\u0080\u009d requests, please read their privacy policies.\n    </p>", "level": 0}], [{"value": "<h3>Changes to this privacy policy</h3>", "level": 7}, {"value": "<p>\n    The Owner reserves the right to make changes to this privacy policy at any time by giving notice to its Users on this page and possibly within this Application and/or - as far as technically and legally feasible - sending a notice to Users via any contact information available to the Owner. It is strongly recommended to check this page often, referring to the date of the last modification listed at the bottom. <br/><br/>\nShould the changes affect processing activities performed on the basis of the User\u00e2\u0080\u0099s consent, the Owner shall collect new consent from the User, where required.\n  </p>", "level": 0}, {"value": "<div class=\"box_primary box_10 definitions expand\">\n<h3 class=\"expand-click w_icon_24 icon_ribbon\">\n      Definitions and legal references\n    </h3>\n<div class=\"expand-content\">\n<h4>Personal Data (or Data)</h4>\n<p>Any information that directly, indirectly, or in connection with other information \u00e2\u0080\u0094 including a personal identification number \u00e2\u0080\u0094 allows for the identification or identifiability of a natural person.</p>\n<h4>Usage Data</h4>\n<p>Information collected automatically through this Application (or third-party services employed in this Application), which can include: the IP addresses or domain names of the computers utilized by the Users who use this Application, the URI addresses (Uniform Resource Identifier), the time of the request, the method utilized to submit the request to the server, the size of the file received in response, the numerical code indicating the status of the server's answer (successful outcome, error, etc.), the country of origin, the features of the browser and the operating system utilized by the User, the various time details per visit (e.g., the time spent on each page within the Application) and the details about the path followed within the Application with special reference to the sequence of pages visited, and other parameters about the device operating system and/or the User's IT environment.</p>\n<h4>User</h4>\n<p>The individual using this Application who, unless otherwise specified, coincides with the Data Subject.</p>\n<h4>Data Subject</h4>\n<p>The natural person to whom the Personal Data refers.</p>\n<h4>Data Processor (or Data Supervisor)</h4>\n<p>The natural or legal person, public authority, agency or other body which processes Personal Data on behalf of the Controller, as described in this privacy policy.</p>\n<h4>Data Controller (or Owner)</h4>\n<p>The natural or legal person, public authority, agency or other body which, alone or jointly with others, determines the purposes and means of the processing of Personal Data, including the security measures concerning the operation and use of this Application. The Data Controller, unless otherwise specified, is the Owner of this Application.</p>\n<h4>\n        This Application\n        \n      </h4>\n<p>The means by which the Personal Data of the User is collected and processed.</p>\n<h4>Service</h4>\n<p>The service provided by this Application as described in the relative terms (if available) and on this site/application.</p>\n<h4>European Union (or EU)\n</h4>\n<p>Unless otherwise specified, all references made within this document to the European Union include all current member states to the European Union and the European Economic Area.\n</p>\n<h4>Cookies</h4>\n<p>Small piece of data stored in the User's device.</p>\n<hr/>\n<h4>Legal information</h4>\n<p>This privacy statement has been prepared based on provisions of multiple legislations, including Art. 13/14 of Regulation (EU) 2016/679 (General Data Protection Regulation).</p>\n<p>This privacy policy relates solely to this Application, if not stated otherwise within this document.</p>\n</div> <!-- /expand-content -->\n</div>", "level": 0}], [{"value": "<h3 class=\"expand-click w_icon_24 icon_ribbon\">\n      Definitions and legal references\n    </h3>", "level": 7}], [{"value": "<h4>Personal Data (or Data)</h4>", "level": 6}, {"value": "<p>Any information that directly, indirectly, or in connection with other information \u00e2\u0080\u0094 including a personal identification number \u00e2\u0080\u0094 allows for the identification or identifiability of a natural person.</p>", "level": 0}], [{"value": "<h4>Usage Data</h4>", "level": 6}, {"value": "<p>Information collected automatically through this Application (or third-party services employed in this Application), which can include: the IP addresses or domain names of the computers utilized by the Users who use this Application, the URI addresses (Uniform Resource Identifier), the time of the request, the method utilized to submit the request to the server, the size of the file received in response, the numerical code indicating the status of the server's answer (successful outcome, error, etc.), the country of origin, the features of the browser and the operating system utilized by the User, the various time details per visit (e.g., the time spent on each page within the Application) and the details about the path followed within the Application with special reference to the sequence of pages visited, and other parameters about the device operating system and/or the User's IT environment.</p>", "level": 0}], [{"value": "<h4>User</h4>", "level": 6}, {"value": "<p>The individual using this Application who, unless otherwise specified, coincides with the Data Subject.</p>", "level": 0}], [{"value": "<h4>Data Subject</h4>", "level": 6}, {"value": "<p>The natural person to whom the Personal Data refers.</p>", "level": 0}], [{"value": "<h4>Data Processor (or Data Supervisor)</h4>", "level": 6}, {"value": "<p>The natural or legal person, public authority, agency or other body which processes Personal Data on behalf of the Controller, as described in this privacy policy.</p>", "level": 0}], [{"value": "<h4>Data Controller (or Owner)</h4>", "level": 6}, {"value": "<p>The natural or legal person, public authority, agency or other body which, alone or jointly with others, determines the purposes and means of the processing of Personal Data, including the security measures concerning the operation and use of this Application. The Data Controller, unless otherwise specified, is the Owner of this Application.</p>", "level": 0}], [{"value": "<h4>\n        This Application\n        \n      </h4>", "level": 6}, {"value": "<p>The means by which the Personal Data of the User is collected and processed.</p>", "level": 0}], [{"value": "<h4>Service</h4>", "level": 6}, {"value": "<p>The service provided by this Application as described in the relative terms (if available) and on this site/application.</p>", "level": 0}], [{"value": "<h4>European Union (or EU)\n</h4>", "level": 6}, {"value": "<p>Unless otherwise specified, all references made within this document to the European Union include all current member states to the European Union and the European Economic Area.\n</p>", "level": 0}], [{"value": "<h4>Cookies</h4>", "level": 6}, {"value": "<p>Small piece of data stored in the User's device.</p>", "level": 0}], [{"value": "<h4>Legal information</h4>", "level": 6}, {"value": "<p>This privacy statement has been prepared based on provisions of multiple legislations, including Art. 13/14 of Regulation (EU) 2016/679 (General Data Protection Regulation).</p>", "level": 0}, {"value": "<p>This privacy policy relates solely to this Application, if not stated otherwise within this document.</p>", "level": 0}, {"value": "<div class=\"iub_footer\">\n<p>\n    Latest update: May 24, 2018\n  </p>\n<p>\n<a href=\"//www.iubenda.com\" title=\"iubenda - Privacy Policy generator\">iubenda</a> hosts this content and only collects\n\t\t\t<a href=\"//www.iubenda.com/privacy-policy/877900\">the Personal Data strictly necessary</a> for it to be provided\n\t\t</p>\n</div>", "level": 0}]]