[[{"value": "<h1>\n                       MY STOCK TW \n                    </h1>", "level": 9}, {"value": "<p>\n                        Privacy Policy of https://play.google.com/store/apps/details?id=whitebird.MY_STOCK_TW\n                    </p>", "level": 0}, {"value": "<p>This Privacy Policy governs the manner in which MY STOCK TW collects, uses, maintains and discloses information collected from users (each, a \"User\") of the https://play.google.com/store/apps/details?id=whitebird.MY_STOCK_TW website (\"Site\").</p>", "level": 0}], [{"value": "<h3>Personal identification information</h3>", "level": 7}, {"value": "<p>We may collect personal identification information from Users in a variety of ways in connection with activities, services, features or resources we make available on our Site. Users may visit our Site anonymously. We will collect personal identification information from Users only if they voluntarily submit such information to us. Users can always refuse to supply personally identification information, except that it may prevent them from engaging in certain Site related activities.</p>", "level": 0}], [{"value": "<h3>Non-personal identification information</h3>", "level": 7}, {"value": "<p>We may collect non-personal identification information about Users whenever they interact with our Site. Non-personal identification information may include the browser name, the type of computer and technical information about Users means of connection to our Site, such as the operating system and the Internet service providers utilized and other similar information.</p>", "level": 0}], [{"value": "<h3>Web browser cookies</h3>", "level": 7}, {"value": "<p>Our Site may use \"cookies\" to enhance User experience. User's web browser places cookies on their hard drive for record-keeping purposes and sometimes to track information about them. User may choose to set their web browser to refuse cookies, or to alert you when cookies are being sent. If they do so, note that some parts of the Site may not function properly.</p>", "level": 0}], [{"value": "<h3>How we use collected information</h3>", "level": 7}, {"value": "<p>MY STOCK TW may collect and use Users personal information for the following purposes:</p>", "level": 0}, {"value": "<ul>\n<li>\n<i>To run and operate our Site</i><br/>\n    We may need your information display content on the Site correctly.\n  </li>\n<li>\n<i>To improve customer service</i><br/>\n    Information you provide helps us respond to your customer service requests and support needs more efficiently.\n  </li>\n</ul>", "level": 0}], [{"value": "<h3>How we protect your information</h3>", "level": 7}, {"value": "<p>We adopt appropriate data collection, storage and processing practices and security measures to protect against unauthorized access, alteration, disclosure or destruction of your personal information, username, password, transaction information and data stored on our Site.</p>", "level": 0}], [{"value": "<h3>Sharing your personal information</h3>", "level": 7}, {"value": "<p>We do not sell, trade, or rent Users personal identification information to others. We may share generic aggregated demographic information not linked to any personal identification information regarding visitors and users with our business partners, trusted affiliates and advertisers for the purposes outlined above. </p>", "level": 0}], [{"value": "<h3>Advertising</h3>", "level": 7}, {"value": "<p>Ads appearing on our site may be delivered to Users by advertising partners, who may set cookies. These cookies allow the ad server to recognize your computer each time they send you an online advertisement to compile non personal identification information about you or others who use your computer. This information allows ad networks to, among other things, deliver targeted advertisements that they believe will be of most interest to you. This privacy policy does not cover the use of cookies by any advertisers. You may learn more about opting out of major ad networks at <a href=\"https://websitebuilders.com/tools/advertiser-opt-out/\">https://websitebuilders.com/tools/advertiser-opt-out/</a>.</p>", "level": 0}], [{"value": "<h3>Google Adsense</h3>", "level": 7}, {"value": "<p>Some of the ads may be served by Google. Google's use of the DART cookie enables it to serve ads to Users based on their visit to our Site and other sites on the Internet. DART uses \"non personally identifiable information\" and does NOT track personal information about you, such as your name, email address, physical address, etc. You may opt out of the use of the DART cookie by visiting the Google ad and content network privacy policy at <a href=\"http://www.google.com/privacy_ads.html\">http://www.google.com/privacy_ads.html</a></p>", "level": 0}], [{"value": "<h3>Changes to this privacy policy</h3>", "level": 7}, {"value": "<p>MY STOCK TW has the discretion to update this privacy policy at any time. When we do, we will post a notification on the main page of our Site. We encourage Users to frequently check this page for any changes to stay informed about how we are helping to protect the personal information we collect. You acknowledge and agree that it is your responsibility to review this privacy policy periodically and become aware of modifications.</p>", "level": 0}], [{"value": "<h3>Your acceptance of these terms</h3>", "level": 7}, {"value": "<p>By using this Site, you signify your acceptance of this policy. If you do not agree to this policy, please do not use our Site. Your continued use of the Site following the posting of changes to this policy will be deemed your acceptance of those changes.</p>", "level": 0}], [{"value": "<h3>Contacting us</h3>", "level": 7}, {"value": "<p>If you have any questions about this Privacy Policy, the practices of this site, or your dealings with this site, please contact us.</p>", "level": 0}, {"value": "<p>This document was last updated on January 03, 2017</p>", "level": 0}, {"value": "<p>Generated by <a href=\"https://privacypolicies.com\">PrivacyPolicies.com</a></p>", "level": 0}]]