[[{"value": "<h1 class=\"project-name\">linformatique_privacy</h1>", "level": 9}], [{"value": "<h2 class=\"project-tagline\">Privacy Policy for mobile app L'informatique</h2>", "level": 8}, {"value": "<a class=\"btn\" href=\"https://github.com/williems/linformatique_privacy\">View on GitHub</a>", "level": 0}], [{"value": "<h1 id=\"privacy-policy-for-linformatiquemobile-app\">Privacy Policy For \u00e2\u0080\u009c<strong>L\u00e2\u0080\u0099Informatique</strong>\u00e2\u0080\u009c\u00c2\u00a0Mobile App</h1>", "level": 9}, {"value": "<p>\u00c2\u00a0 This privacy policy governs your use of the software application <span class=\"field\" data-default=\"\" data-name=\"App Name\" data-owner=\"sender\" data-type=\"short\">L\u00e2\u0080\u0099Informatique</span> (\u00e2\u0080\u009cApplication\u00e2\u0080\u009d) for mobile devices that was created by\u00c2\u00a0<span class=\"field\" data-auto=\"YourCompany\" data-default=\"\" data-name=\"Developer Company Name\" data-owner=\"sender\" data-type=\"short\">WStudio</span>.\u00c2\u00a0The Application is\u00c2\u00a0<span class=\"field\" data-default=\"\" data-name=\"Basic description of the app (features, functionality and content)\" data-owner=\"sender\" data-type=\"long\">for learning purpose. It offers to learn computer science and other topicswill be added with app updates.</span>\u00c2\u00a0</p>", "level": 0}], [{"value": "<h2 id=\"what-information-does-the-application-obtain-and-how-is-it-used\">What information does the Application obtain and how is it used?</h2>", "level": 8}, {"value": "<p>\u00c2\u00a0 \u00c2\u00a0 <strong>User Provided Information</strong> The Application obtains the information you provide when you download and register the Application.\u00c2\u00a0Registration with us is optional. However, please keep in mind that you may not be able to use some of the features offered by the Application unless you register with us. When you register with us and use the Application, you generally provide\u00c2\u00a0(a) your name, email address, age, user name, password and other registration information; (b) transaction-related information, such as when you make purchases, respond to any offers, or download or use applications from us; (c) information you provide us when you contact us for help; (d) credit card information for purchase and use of the Application, and; (e) information you enter into our system when using the Application, such as contact information and project management information. We may also use the information you provided us to contact you from time to time to provide you with important information, required notices and marketing promotions. \u00c2\u00a0 \u00c2\u00a0 <strong>Automatically Collected Information</strong> In addition, the Application may collect certain information automatically, including, but not limited to, the type of mobile device you use, your mobile devices unique device ID, the IP address of your mobile device, your mobile operating system, the type of mobile Internet browsers you use, and information about the way you use the Application.</p>", "level": 0}], [{"value": "<h2 id=\"does-the-application-collect-precise-real-time-location-information-of-the-device\">Does the Application collect precise real time location information of the device?</h2>", "level": 8}, {"value": "<p>This Application does not collect precise information about the location of your mobile device.</p>", "level": 0}], [{"value": "<h2 id=\"do-third-parties-see-andor-have-access-to-information-obtained-by-the-application\">Do third parties see and/or have access to information obtained by the Application?</h2>", "level": 8}, {"value": "<p>Only aggregated, anonymized data is periodically transmitted to external services to help us improve the Application and our service.\u00c2\u00a0We will share your information with third parties only in the ways that are described in this privacy statement. We may disclose User Provided and Automatically Collected Information:</p>", "level": 0}, {"value": "<ul>\n<li>as required by law, such as to comply with a subpoena, or similar legal process;</li>\n<li>when we believe in good faith that disclosure is necessary to protect our rights, protect your safety or the safety of others, investigate fraud, or respond to a\u00c2\u00a0government request;</li>\n<li>with our trusted services providers who work on our behalf, do not have an\u00c2\u00a0independent use of the information we disclose to them, and have agreed to adhere\u00c2\u00a0to the rules set forth in this privacy statement.</li>\n<li>if\u00c2\u00a0<span class=\"field\" data-default=\"\" data-name=\"Developer Company Name\" data-owner=\"sender\" data-type=\"short\">WStudio</span>\u00c2\u00a0is involved in a merger, acquisition, or sale of all or a\u00c2\u00a0portion of its assets, you will be notified via email and/or a prominent notice on our Web site of any change in ownership or uses of this information, as well as any choices you may have regarding this information.</li>\n</ul>", "level": 0}], [{"value": "<h2 id=\"what-are-my-opt-out-rights\">What are my opt-out rights?</h2>", "level": 8}, {"value": "<p>You can stop all collection of information by the Application easily by uninstalling the Application. You may use the standard uninstall processes as may be available as part of your mobile device or via the mobile application marketplace or network. You can also request to opt-out via email, at <span class=\"field\" data-default=\"\" data-name=\"privacy@applicationsite.com\" data-owner=\"sender\" data-type=\"short\">yo@williems.com</span>.</p>", "level": 0}], [{"value": "<h2 id=\"data-retention-policy-managing-your-information\"><strong>Data Retention Policy, Managing Your Information</strong></h2>", "level": 8}, {"value": "<p>We will retain User Provided data for as long as you use the Application and for a reasonable time thereafter. We will retain Automatically Collected information for up to <span class=\"field\" data-default=\"24 months\" data-name=\"Retention period\" data-owner=\"sender\" data-type=\"short\">24 months</span>\u00c2\u00a0and thereafter may store it in aggregate. If you\u00e2\u0080\u0099d like us to delete User Provided Data that you have provided via the Application, please contact us at\u00c2\u00a0<span class=\"field\" data-default=\"privacy@applicationsite.com\u00a0\" data-name=\"Email address\" data-owner=\"sender\" data-type=\"short\">yo@williems.com</span>and we will respond in a reasonable time. Please note that some or all of the User Provided Data may be required in order for the Application to function properly.</p>", "level": 0}], [{"value": "<h2 id=\"children\"><strong>Children</strong></h2>", "level": 8}, {"value": "<p>We do not use the Application to knowingly solicit data from or market to children under the age of 13. If a parent or guardian becomes aware that his or her child has provided us with information without their consent, he or she should contact us at\u00c2\u00a0<span class=\"field\" data-default=\"privacy@applicationsite.com\" data-name=\"Email address\" data-owner=\"sender\" data-type=\"short\">yo@williems.com</span>. We will delete such information from our files within a reasonable time.</p>", "level": 0}], [{"value": "<h2 id=\"security\"><strong>Security</strong></h2>", "level": 8}, {"value": "<p>We are concerned about safeguarding the confidentiality of your information. We provide physical, electronic, and procedural safeguards to protect information we process and maintain. For example, we limit access to this information to authorized employees and contractors who need to know that information in order to operate, develop or improve our Application. Please be aware that, although we endeavor provide reasonable security for information we process and maintain, no security system can prevent all potential security breaches.</p>", "level": 0}], [{"value": "<h2 id=\"changes\"><strong>Changes</strong></h2>", "level": 8}, {"value": "<p>This Privacy Policy may be updated from time to time for any reason. We will notify you of any changes to our Privacy Policy by posting the new Privacy Policy\u00c2\u00a0<span class=\"field\" data-default=\"here\" data-name=\"Insert URL\" data-owner=\"sender\" data-type=\"short\">here</span>\u00c2\u00a0and\u00c2\u00a0<span class=\"field\" data-default=\"informing you via email or text message\" data-name=\"IF THE APPLICATION OBTAINS EMAIL AND/OR PHONE #\" data-owner=\"sender\" data-type=\"short\">informing you via email or text message</span>. You are advised to consult this Privacy Policy regularly for any changes, as continued use is deemed approval of all changes. You can check the history of this policy by <span class=\"field\" data-default=\"clicking here\" data-name=\"Insert the link of the version history on Docracy, available under \" data-owner=\"sender\" data-type=\"short\">Insert the link of the version history on Docracy, available under</span>.</p>", "level": 0}], [{"value": "<h2 id=\"your-consent\"><strong>Your Consent</strong></h2>", "level": 8}, {"value": "<p>By using the Application, you are consenting to our processing of your information as set forth in this Privacy Policy now and as amended by us. \u00e2\u0080\u009cProcessing,\u00e2\u0080\u009d means using cookies on a computer/hand held device or using or touching information in any way, including, but not limited to, collecting, storing, deleting, using, combining and disclosing information, all of which activities will take place in the <span class=\"field\" data-default=\"United States\" data-name=\"State of Residence\" data-owner=\"sender\" data-type=\"short\">Ivory Coast</span>. If you reside outside the <span class=\"field\" data-default=\"United States\" data-name=\"State of Residence\" data-owner=\"sender\" data-type=\"short\">Ivory Coast</span>\u00c2\u00a0your information will be transferred, processed and stored there under <span class=\"field\" data-default=\"United States\" data-name=\"State of Residence\" data-owner=\"sender\" data-type=\"short\">Ivory Coast</span>\u00c2\u00a0privacy standards.</p>", "level": 0}], [{"value": "<h2 id=\"contact-us\">Contact us</h2>", "level": 8}, {"value": "<p>If you have any questions regarding privacy while using the Application, or have questions about our practices, please contact us via email at\u00c2\u00a0<span class=\"field\" data-default=\"privacy@applicationsite.com\" data-name=\"Email address\" data-owner=\"sender\" data-type=\"short\">yo@williems.com</span>.</p>", "level": 0}, {"value": "<p>You can translate this page into your languange by using <a href=\"https://translate.google.com/\">Google Translate</a></p>", "level": 0}, {"value": "<footer class=\"site-footer\">\n<span class=\"site-footer-owner\"><a href=\"https://github.com/williems/linformatique_privacy\">linformatique_privacy</a> is maintained by <a href=\"https://github.com/williems\">williems</a>.</span>\n<span class=\"site-footer-credits\">This page was generated by <a href=\"https://pages.github.com\">GitHub Pages</a>.</span>\n</footer>", "level": 0}]]