[[{"value": "<h1 class=\"entry-title\">Privacy Policy</h1>", "level": 9}, {"value": "<div class=\"fusion-page-title-secondary\"><div class=\"fusion-breadcrumbs\"><span itemscope=\"\" itemtype=\"http://data-vocabulary.org/Breadcrumb\"><a href=\"http://world2gether.com\" itemprop=\"url\"><span itemprop=\"title\">Home</span></a></span><span class=\"fusion-breadcrumb-sep\">/</span><span class=\"breadcrumb-leaf\">Privacy Policy</span></div></div>", "level": 0}, {"value": "<span class=\"vcard\" style=\"display: none;\">\n<span class=\"fn\">\n<a href=\"http://world2gether.com/author/admin/\" rel=\"author\" title=\"Posts by admin\">admin</a> </span>\n</span>", "level": 0}, {"value": "<span class=\"updated\" style=\"display:none;\">\n\t\t\t2017-12-19T13:36:29+00:00\t\t</span>", "level": 0}, {"value": "<p>World2Gether Inc built free app. This SERVICE is provided by World2Gether Inc at no cost and is intended for use as is.</p>", "level": 0}, {"value": "<p>This page is used to inform website visitors regarding our policies with the collection, use, and disclosure of Personal Information if anyone decided to use our Service.</p>", "level": 0}, {"value": "<p>If you choose to use our Service, then you agree to the collection and use of information in relation to this policy. The Personal Information that we collect is used for providing and improving the Service. We will not use or share your information with anyone except as described in this Privacy Policy.</p>", "level": 0}, {"value": "<p>The terms used in this Privacy Policy have the same meanings as in our Terms and Conditions, which is accessible at app unless otherwise defined in this Privacy Policy.</p>", "level": 0}], [{"value": "<p><strong>Information Collection and Use</strong></p>", "level": 1}, {"value": "<p>For a better experience, while using our Service, we may require you to provide us with certain personally identifiable information, including but not limited to Read phone status, Write phone status identity, Camera, Gallery. The information that we request is will be retained by us and used as described in this privacy policy.</p>", "level": 0}, {"value": "<p>The app does use third party services that may collect information used to identify you.</p>", "level": 0}, {"value": "<p>Link to privacy policy of third party service providers used by the app</p>", "level": 0}, {"value": "<ul>\n<li><a href=\"https://www.google.com/policies/privacy/\">Google Play Services</a></li>\n</ul>", "level": 0}], [{"value": "<p><strong>Log Data</strong></p>", "level": 1}, {"value": "<p>We want to inform you that whenever you use our Service, in a case of an error in the app we collect data and information (through third party products) on your phone called Log Data. This Log Data may include information such as your device Internet Protocol (\u00e2\u0080\u009cIP\u00e2\u0080\u009d) address, device name, operating system version, the configuration of the app when utilizing our Service, the time and date of your use of the Service, and other statistics.</p>", "level": 0}], [{"value": "<p><strong>Cookies</strong></p>", "level": 1}, {"value": "<p>Cookies are files with small amount of data that is commonly used an anonymous unique identifier. These are sent to your browser from the website that you visit and are stored on your device internal memory.</p>", "level": 0}, {"value": "<p>This Service does not use these \u00e2\u0080\u009ccookies\u00e2\u0080\u009d explicitly. However, the app may use third party code and libraries that use \u00e2\u0080\u009ccookies\u00e2\u0080\u009d to collection information and to improve their services. You have the option to either accept or refuse these cookies and know when a cookie is being sent to your device. If you choose to refuse our cookies, you may not be able to use some portions of this Service.</p>", "level": 0}], [{"value": "<p><strong>Service Providers</strong></p>", "level": 1}, {"value": "<p>We may employ third-party companies and individuals due to the following reasons:</p>", "level": 0}, {"value": "<ul>\n<li>To facilitate our Service;</li>\n<li>To provide the Service on our behalf;</li>\n<li>To perform Service-related services; or</li>\n<li>To assist us in analyzing how our Service is used.</li>\n</ul>", "level": 0}, {"value": "<p>We want to inform users of this Service that these third parties have access to your Personal Information. The reason is to perform the tasks assigned to them on our behalf. However, they are obligated not to disclose or use the information for any other purpose.</p>", "level": 0}], [{"value": "<p><strong>Security</strong></p>", "level": 1}, {"value": "<p>We value your trust in providing us your Personal Information, thus we are striving to use commercially acceptable means of protecting it. But remember that no method of transmission over the internet, or method of electronic storage is 100% secure and reliable, and we cannot guarantee its absolute security.</p>", "level": 0}], [{"value": "<p><strong>Links to Other Sites</strong></p>", "level": 1}, {"value": "<p>This Service may contain links to other sites. If you click on a third-party link, you will be directed to that site. Note that these external sites are not operated by us. Therefore, we strongly advise you to review the Privacy Policy of these websites. We have no control over and assume no responsibility for the content, privacy policies, or practices of any third-party sites or services.</p>", "level": 0}], [{"value": "<p><strong>Children\u00e2\u0080\u0099s Privacy</strong></p>", "level": 1}, {"value": "<p>These Services do not address anyone under the age of 13. We do not knowingly collect personally identifiable information from children under 13. In the case we discover that a child under 13 has provided us with personal information, we immediately delete this from our servers. If you are a parent or guardian and you are aware that your child has provided us with personal information, please contact us so that we will be able to do necessary actions.</p>", "level": 0}], [{"value": "<p><strong>Changes to This Privacy Policy</strong></p>", "level": 1}, {"value": "<p>We may update our Privacy Policy from time to time. Thus, you are advised to review this page periodically for any changes. We will notify you of any changes by posting the new Privacy Policy on this page. These changes are effective immediately after they are posted on this page.</p>", "level": 0}], [{"value": "<p><strong>Contact Us</strong></p>", "level": 1}, {"value": "<p>If you have any questions or suggestions about our Privacy Policy, do not hesitate to contact us at <a href=\"mailto:dave@world2gether.com\">dave@world2gether.com</a></p>", "level": 0}]]