[[{"value": "<h3 class=\"widget-title\">Share this page!</h3>", "level": 7}], [{"value": "<h3 class=\"widget-title\">Recent featured jobs</h3>", "level": 7}, {"value": "<div class=\"title_holder2\">\n<h2><a href=\"https://buckget.com/jobs/graphics/i-will-draw-the-worlds-most-beautiful-flowers-for-you/\" rel=\"bookmark\" title=\"Permanent Link to I will draw the world\u2019s most beautiful flowers for you\">\nI will draw the world\u2019s most beautiful flowers for you</a></h2>\n<p class=\"mypostedon2\">\nPosted in <a href=\"https://buckget.com/section/graphics/\" rel=\"tag\">Graphics</a></p>\n</div>", "level": 0}], [{"value": "<h2><a href=\"https://buckget.com/jobs/graphics/i-will-draw-the-worlds-most-beautiful-flowers-for-you/\" rel=\"bookmark\" title=\"Permanent Link to I will draw the world\u2019s most beautiful flowers for you\">\nI will draw the world\u2019s most beautiful flowers for you</a></h2>", "level": 8}, {"value": "<p class=\"mypostedon2\">\nPosted in <a href=\"https://buckget.com/section/graphics/\" rel=\"tag\">Graphics</a></p>", "level": 0}, {"value": "<div class=\"title_holder2\">\n<h2><a href=\"https://buckget.com/jobs/advertising/i-will-answer-any-question/\" rel=\"bookmark\" title=\"Permanent Link to I will answer any question\">\nI will answer any question</a></h2>\n<p class=\"mypostedon2\">\nPosted in <a href=\"https://buckget.com/section/advertising/\" rel=\"tag\">Advertising</a>, <a href=\"https://buckget.com/section/business/\" rel=\"tag\">Business</a>, <a href=\"https://buckget.com/section/fun-stuff/\" rel=\"tag\">Fun Stuff</a>, <a href=\"https://buckget.com/section/gift-ideas/\" rel=\"tag\">Gift Ideas</a>, <a href=\"https://buckget.com/section/graphics/\" rel=\"tag\">Graphics</a>, <a href=\"https://buckget.com/section/miscellaneous/\" rel=\"tag\">Miscellaneous</a>, <a href=\"https://buckget.com/section/music-and-audio/\" rel=\"tag\">Music and Audio</a>, <a href=\"https://buckget.com/section/other/\" rel=\"tag\">Other</a>, <a href=\"https://buckget.com/section/technology/\" rel=\"tag\">Technology</a>, <a href=\"https://buckget.com/section/travel/\" rel=\"tag\">Travel</a>, <a href=\"https://buckget.com/section/video/\" rel=\"tag\">Video</a>, <a href=\"https://buckget.com/section/writing/\" rel=\"tag\">Writing</a></p>\n</div>", "level": 0}], [{"value": "<h2><a href=\"https://buckget.com/jobs/advertising/i-will-answer-any-question/\" rel=\"bookmark\" title=\"Permanent Link to I will answer any question\">\nI will answer any question</a></h2>", "level": 8}, {"value": "<p class=\"mypostedon2\">\nPosted in <a href=\"https://buckget.com/section/advertising/\" rel=\"tag\">Advertising</a>, <a href=\"https://buckget.com/section/business/\" rel=\"tag\">Business</a>, <a href=\"https://buckget.com/section/fun-stuff/\" rel=\"tag\">Fun Stuff</a>, <a href=\"https://buckget.com/section/gift-ideas/\" rel=\"tag\">Gift Ideas</a>, <a href=\"https://buckget.com/section/graphics/\" rel=\"tag\">Graphics</a>, <a href=\"https://buckget.com/section/miscellaneous/\" rel=\"tag\">Miscellaneous</a>, <a href=\"https://buckget.com/section/music-and-audio/\" rel=\"tag\">Music and Audio</a>, <a href=\"https://buckget.com/section/other/\" rel=\"tag\">Other</a>, <a href=\"https://buckget.com/section/technology/\" rel=\"tag\">Technology</a>, <a href=\"https://buckget.com/section/travel/\" rel=\"tag\">Travel</a>, <a href=\"https://buckget.com/section/video/\" rel=\"tag\">Video</a>, <a href=\"https://buckget.com/section/writing/\" rel=\"tag\">Writing</a></p>", "level": 0}, {"value": "<li class=\"widget-container request-widget\" id=\"request-widget-15\"> <div class=\"request_div_widget\">\n<form action=\"https://buckget.com/?jb_action=submit_request\" method=\"post\">\n<div class=\"request_span\">I am looking for <br/>someone who will:</div>\n<textarea class=\"request_mainbox big-search-select\" name=\"request\"></textarea> <br/>\nin<select class=\"big-search-select\" id=\"big-search-select\" name=\"request_cat_cat\"><option value=\"advertising\">Advertising</option><option value=\"business\">Business</option><option value=\"free-stuff\">Free Stuff</option><option value=\"fun-stuff\">Fun Stuff</option><option value=\"gifts\">Gifts</option><option value=\"graphics-and-design\">Graphics and Design</option><option value=\"lifestyle\">Lifestyle</option><option value=\"miscellaneous\">Miscellaneous</option><option value=\"music-and-audio\">Music and Audio</option><option value=\"online-marketing\">Online marketing</option><option value=\"other\">Other</option><option value=\"programming-and-tech\">Programming and Tech</option><option value=\"video-and-animation\">Video and Animation</option><option value=\"writing-and-translation\">Writing and Translation</option></select> <input class=\"i_will_continue\" id=\"suggest_job_btn\" name=\"submit_prepare_request\" type=\"submit\" value=\"Suggest\"/>\n</form>\n</div>\n<a href=\"https://buckget.com/?post_type=request\">See All Requests</a><br/><br/>\n<ul id=\"suggest_jobs\"><li><span><a href=\"https://buckget.com/my-account/private-messages/?priv_act=send&amp;pid=9148&amp;uid=506703\">Albert Whale</a> needs:</span><br/>Introduce me to investors<br/> <span>Posted in <a href=\"https://buckget.com/request_cat/programming-and-tech/\" rel=\"tag\">Programming and Tech</a></span></li></ul></li>", "level": 0}], [{"value": "<h3 class=\"widget-title\">Categories</h3>", "level": 7}], [{"value": "<h3><a href=\"https://buckget.com/section/advertising/\">Advertising(52)</a></h3>", "level": 7}, {"value": "<li>\n<h3><a href=\"https://buckget.com/section/business/\">Business(104)</a></h3></li>", "level": 0}], [{"value": "<h3><a href=\"https://buckget.com/section/business/\">Business(104)</a></h3>", "level": 7}, {"value": "<li>\n<h3><a href=\"https://buckget.com/section/free-stuff/\">Free Stuff(32)</a></h3></li>", "level": 0}], [{"value": "<h3><a href=\"https://buckget.com/section/free-stuff/\">Free Stuff(32)</a></h3>", "level": 7}, {"value": "<li>\n<h3><a href=\"https://buckget.com/section/fun-stuff/\">Fun Stuff(14)</a></h3></li>", "level": 0}], [{"value": "<h3><a href=\"https://buckget.com/section/fun-stuff/\">Fun Stuff(14)</a></h3>", "level": 7}, {"value": "<li>\n<h3><a href=\"https://buckget.com/section/gift-ideas/\">Gift Ideas(35)</a></h3></li>", "level": 0}], [{"value": "<h3><a href=\"https://buckget.com/section/gift-ideas/\">Gift Ideas(35)</a></h3>", "level": 7}, {"value": "<li>\n<h3><a href=\"https://buckget.com/section/graphics/\">Graphics(43)</a></h3></li>", "level": 0}], [{"value": "<h3><a href=\"https://buckget.com/section/graphics/\">Graphics(43)</a></h3>", "level": 7}, {"value": "<li>\n<h3><a href=\"https://buckget.com/section/miscellaneous/\">Miscellaneous(29)</a></h3></li>", "level": 0}], [{"value": "<h3><a href=\"https://buckget.com/section/miscellaneous/\">Miscellaneous(29)</a></h3>", "level": 7}, {"value": "<li>\n<h3><a href=\"https://buckget.com/section/music-and-audio/\">Music and Audio(27)</a></h3></li>", "level": 0}], [{"value": "<h3><a href=\"https://buckget.com/section/music-and-audio/\">Music and Audio(27)</a></h3>", "level": 7}, {"value": "<li>\n<h3><a href=\"https://buckget.com/section/other/\">Other(43)</a></h3></li>", "level": 0}], [{"value": "<h3><a href=\"https://buckget.com/section/other/\">Other(43)</a></h3>", "level": 7}, {"value": "<li>\n<h3><a href=\"https://buckget.com/section/technology/\">Technology(114)</a></h3></li>", "level": 0}], [{"value": "<h3><a href=\"https://buckget.com/section/technology/\">Technology(114)</a></h3>", "level": 7}, {"value": "<li>\n<h3><a href=\"https://buckget.com/section/travel/\">Travel(52)</a></h3></li>", "level": 0}], [{"value": "<h3><a href=\"https://buckget.com/section/travel/\">Travel(52)</a></h3>", "level": 7}, {"value": "<li>\n<h3><a href=\"https://buckget.com/section/video/\">Video(12)</a></h3></li>", "level": 0}], [{"value": "<h3><a href=\"https://buckget.com/section/video/\">Video(12)</a></h3>", "level": 7}, {"value": "<li>\n<h3><a href=\"https://buckget.com/section/writing/\">Writing(87)</a></h3></li>", "level": 0}], [{"value": "<h3><a href=\"https://buckget.com/section/writing/\">Writing(87)</a></h3>", "level": 7}], [{"value": "<h3 class=\"widget-title\">Locations</h3>", "level": 7}], [{"value": "<h3><a href=\"https://buckget.com/job_location/worldwide/\">Worldwide(479)</a></h3>", "level": 7}, {"value": "<ul class=\"\" id=\"taxe_project_cat_33\">\n<li><a href=\"https://buckget.com/job_location/africa/\">Africa (27)</a></li>\n<li><a href=\"https://buckget.com/job_location/asia/\">Asia (41)</a></li>\n<li><a href=\"https://buckget.com/job_location/australia/\">Australia (12)</a></li>\n<li><a href=\"https://buckget.com/job_location/europe/\">Europe (15)</a></li>\n<li><a href=\"https://buckget.com/job_location/north-america/\">North America (105)</a></li>\n<li><a href=\"https://buckget.com/job_location/south-america/\">South America (12)</a></li>\n</ul>", "level": 0}], [{"value": "<h3 class=\"widget-title\"><a href=\"https://buckget.com/members/\">Members</a></h3>", "level": 7}, {"value": "<div class=\"item-options\" id=\"members-list-options\">\n<a href=\"https://buckget.com/members/\" id=\"newest-members\">Newest</a>\n<span class=\"bp-separator\" role=\"separator\">|</span>\n<a class=\"selected\" href=\"https://buckget.com/members/\" id=\"recently-active-members\">Active</a>\n<span class=\"bp-separator\" role=\"separator\">|</span>\n<a href=\"https://buckget.com/members/\" id=\"popular-members\">Popular</a>\n</div>", "level": 0}, {"value": "<ul class=\"item-list\" id=\"members-list\">\n<li class=\"vcard\">\n<div class=\"item-avatar\">\n<a href=\"https://buckget.com/members/ericskaggs/\" title=\"Eric Skaggs\"><img alt=\"Profile picture of Eric Skaggs\" class=\"avatar user-1-avatar avatar-50 photo\" height=\"50\" src=\"/wp-content/uploads/avatars/1/5ae9be8e9cd75-bpthumb.jpg\" width=\"50\"/></a>\n</div>\n<div class=\"item\">\n<div class=\"item-title fn\"><a href=\"https://buckget.com/members/ericskaggs/\" title=\"Eric Skaggs\">Eric Skaggs</a></div>\n<div class=\"item-meta\">\n<span class=\"activity\">active 1 hour, 11 minutes ago</span>\n</div>\n</div>\n</li>\n<li class=\"vcard\">\n<div class=\"item-avatar\">\n<a href=\"https://buckget.com/members/post/\" title=\"Thomas Wenning\"><img alt=\"Profile picture of Thomas Wenning\" class=\"avatar user-526449-avatar avatar-50 photo\" height=\"50\" src=\"/wp-content/uploads/avatars/526449/e30c8b6b6656a3f3172bb02a97c31eec-bpthumb.png\" width=\"50\"/></a>\n</div>\n<div class=\"item\">\n<div class=\"item-title fn\"><a href=\"https://buckget.com/members/post/\" title=\"Thomas Wenning\">Thomas Wenning</a></div>\n<div class=\"item-meta\">\n<span class=\"activity\">active 5 hours, 30 minutes ago</span>\n</div>\n</div>\n</li>\n</ul>", "level": 0}, {"value": "<div id=\"stretch_footer_area\">\n<div id=\"stretch_footer_area_inner\">\n<div class=\"padd10\"><ul class=\"xoxo\"><li class=\"widget-container widget_thechampfollow\" id=\"thechampfollow-8\"><div>Like, Follow and Friend us:</div><div class=\"heateor_ss_follow_icons_container\"><ul class=\"heateor_ss_follow_ul\"><li class=\"theChampSharingRound\"><i alt=\"Facebook\" class=\"theChampSharing theChampFacebookBackground\" style=\"width:32px;height:32px;border-radius:999px;\" title=\"Facebook\"><a href=\"https://www.facebook.com/BuckGet\" rel=\"noopener\" target=\"_blank\"><ss class=\"theChampSharingSvg theChampFacebookSvg\" style=\"display:block\"></ss></a></i></li><li class=\"theChampSharingRound\"><i alt=\"Twitter\" class=\"theChampSharing theChampTwitterBackground\" style=\"width:32px;height:32px;border-radius:999px;\" title=\"Twitter\"><a href=\"https://twitter.com/BuckGet\" rel=\"noopener\" target=\"_blank\"><ss class=\"theChampSharingSvg theChampTwitterSvg\" style=\"display:block\"></ss></a></i></li><li class=\"theChampSharingRound\"><i alt=\"Instagram\" class=\"theChampSharing theChampInstagramBackground\" style=\"width:32px;height:32px;border-radius:999px;\" title=\"Instagram\"><a href=\"https://www.instagram.com/BuckGet\" rel=\"noopener\" target=\"_blank\"><ss class=\"theChampSharingSvg theChampInstagramSvg\" style=\"display:block\"></ss></a></i></li><li class=\"theChampSharingRound\"><i alt=\"Pinterest\" class=\"theChampSharing theChampPinterestBackground\" style=\"width:32px;height:32px;border-radius:999px;\" title=\"Pinterest\"><a href=\"https://www.pinterest.com/buckget\" rel=\"noopener\" target=\"_blank\"><ss class=\"theChampSharingSvg theChampPinterestSvg\" style=\"display:block\"></ss></a></i></li><li class=\"theChampSharingRound\"><i alt=\"Google+\" class=\"theChampSharing theChampGoogleplusBackground\" style=\"width:32px;height:32px;border-radius:999px;\" title=\"Google+\"><a href=\"https://plus.google.com/+BuckGet\" rel=\"noopener\" target=\"_blank\"><ss class=\"theChampSharingSvg theChampGoogleplusSvg\" style=\"display:block\"></ss></a></i></li><li class=\"theChampSharingRound\"><i alt=\"Linkedin Company\" class=\"theChampSharing theChampLinkedinBackground\" style=\"width:32px;height:32px;border-radius:999px;\" title=\"Linkedin Company\"><a href=\"https://www.linkedin.com/company/BuckGet/\" rel=\"noopener\" target=\"_blank\"><ss class=\"theChampSharingSvg theChampLinkedinSvg\" style=\"display:block\"></ss></a></i></li><li class=\"theChampSharingRound\"><i alt=\"Tumblr\" class=\"theChampSharing theChampTumblrBackground\" style=\"width:32px;height:32px;border-radius:999px;\" title=\"Tumblr\"><a href=\"https://buckget.tumblr.com/\" rel=\"noopener\" target=\"_blank\"><ss class=\"theChampSharingSvg theChampTumblrSvg\" style=\"display:block\"></ss></a></i></li><li class=\"theChampSharingRound\"><i alt=\"Youtube\" class=\"theChampSharing theChampYoutubeBackground\" style=\"width:32px;height:32px;border-radius:999px;\" title=\"Youtube\"><a href=\"https://www.youtube.com/c/Buckget\" rel=\"noopener\" target=\"_blank\"><ss class=\"theChampSharingSvg theChampYoutubeSvg\" style=\"display:block\"></ss></a></i></li><ul><div style=\"clear:both\"></div></ul></ul></div></li></ul></div>\n</div>\n</div>", "level": 0}, {"value": "<div id=\"site-info-left\">\n<h3>Copyright \u00a9 <a href=\"https://buckget.com\">BuckGet.com</a></h3>\n</div>", "level": 0}], [{"value": "<h3>Copyright \u00a9 <a href=\"https://buckget.com\">BuckGet.com</a></h3>", "level": 7}, {"value": "<div id=\"site-info-right\">\n<a href=\"https://buckget.com/terms-and-conditions\">Terms and conditions</a><br/>\n<a href=\"https://buckget.com/privacy-policy\">Privacy policy</a> </div>", "level": 0}]]