[[{"value": "<div class=\"grayText\"><strong>When do we collect information?</strong></div>", "level": 1}, {"value": "<div class=\"innerText\">We collect information from you when you or enter information on our site.</div>", "level": 0}, {"value": "<div class=\"grayText\"><strong>How do we use your information? </strong></div>", "level": 0}, {"value": "<div class=\"innerText\"> We may use the information we collect from you when you register, make a purchase, sign up for our newsletter, respond to a survey or marketing communication, surf the website, or use certain other site features in the following ways:<br/><br/></div>", "level": 0}, {"value": "<div class=\"innerText\">\u00a0\u00a0\u00a0\u00a0\u00a0 <strong>\u2022</strong> To personalize your experience and to allow us to deliver the type of content and product offerings in which you are most interested.</div>", "level": 0}, {"value": "<div class=\"innerText\">\u00a0\u00a0\u00a0\u00a0\u00a0 <strong>\u2022</strong> To improve our website in order to better serve you.</div>", "level": 0}, {"value": "<div class=\"innerText\">\u00a0\u00a0\u00a0\u00a0\u00a0 <strong>\u2022</strong> To allow us to better service you in responding to your customer service requests.</div>", "level": 0}], [{"value": "<div class=\"grayText\"><strong>Do we use 'cookies'?</strong></div>", "level": 1}, {"value": "<div class=\"innerText\">We do not use cookies for tracking purposes </div>", "level": 0}, {"value": "<div class=\"innerText\"><br/>You can choose to have your computer warn you each time a cookie is being sent, or you can choose to turn off all cookies. You do this through your browser settings. Since browser is a little different, look at your browser's Help Menu to learn the correct way to modify your cookies.<br/></div>", "level": 0}, {"value": "<div class=\"innerText\">If you turn cookies off, some features will be disabled. that make your site experience more efficient and may not function properly.</div>", "level": 0}, {"value": "<div class=\"innerText\">However, you will still be able to place orders .</div>", "level": 0}], [{"value": "<div class=\"grayText\"><strong>Third-party disclosure</strong></div>", "level": 1}, {"value": "<div class=\"innerText\">We do not sell, trade, or otherwise transfer to outside parties your Personally Identifiable Information.</div>", "level": 0}], [{"value": "<div class=\"grayText\"><strong>Third-party links</strong></div>", "level": 1}, {"value": "<div class=\"innerText\">We do not include or offer third-party products or services on our website.</div>", "level": 0}], [{"value": "<div class=\"blueText\"><strong>Google</strong></div>", "level": 1}, {"value": "<div class=\"innerText\">Google's advertising requirements can be summed up by Google's Advertising Principles. They are put in place to provide a positive experience for users. https://support.google.com/adwordspolicy/answer/1316548?hl=en <br/><br/></div>", "level": 0}, {"value": "<div class=\"innerText\">We use Google AdSense Advertising on our website.</div>", "level": 0}, {"value": "<div class=\"innerText\"><br/>Google, as a third-party vendor, uses cookies to serve ads on our site. Google's use of the DART cookie enables it to serve ads to our users based on previous visits to our site and other sites on the Internet. Users may opt-out of the use of the DART cookie by visiting the Google Ad and Content Network privacy policy.<br/></div>", "level": 0}], [{"value": "<div class=\"innerText\"><br/><strong>We have implemented the following:</strong></div>", "level": 1}, {"value": "<div class=\"innerText\">\u00a0\u00a0\u00a0\u00a0\u00a0 <strong>\u2022</strong> Google Display Network Impression Reporting</div>", "level": 0}, {"value": "<div class=\"innerText\">We, along with third-party vendors such as Google use first-party cookies (such as the Google Analytics cookies) and third-party cookies (such as the DoubleClick cookie) or other third-party identifiers together to compile data regarding user interactions with ad impressions and other ad service functions as they relate to our website. </div>", "level": 0}, {"value": "<div class=\"innerText\"><br/><strong>Opting out:<strong><br/>\n\t\t\t\t\tUsers can set preferences for how Google advertises to you using the Google Ad Settings page. Alternatively, you can opt out by visiting the Network Advertising Initiative Opt Out page or by using the Google Analytics Opt Out Browser add on.</strong></strong></div>", "level": 0}], [{"value": "<div class=\"blueText\"><strong>COPPA (Children Online Privacy Protection Act)</strong></div>", "level": 1}, {"value": "<div class=\"innerText\">When it comes to the collection of personal information from children under the age of 13 years old, the Children's Online Privacy Protection Act (COPPA) puts parents in control.  The Federal Trade Commission, United States' consumer protection agency, enforces the COPPA Rule, which spells out what operators of websites and online services must do to protect children's privacy and safety online.<br/><br/></div>", "level": 0}, {"value": "<div class=\"innerText\">We do not specifically market to children under the age of 13 years old.</div>", "level": 0}], [{"value": "<div class=\"blueText\"><strong>CAN SPAM Act</strong></div>", "level": 1}, {"value": "<div class=\"innerText\">The CAN-SPAM Act is a law that sets the rules for commercial email, establishes requirements for commercial messages, gives recipients the right to have emails stopped from being sent to them, and spells out tough penalties for violations.<br/><br/></div>", "level": 0}], [{"value": "<div class=\"innerText\"><strong>We collect your email address in order to:</strong></div>", "level": 1}], [{"value": "<div class=\"innerText\"><br/><strong>To be in accordance with CANSPAM, we agree to the following:</strong></div>", "level": 1}, {"value": "<div class=\"innerText\"><strong><br/>If at any time you would like to unsubscribe from receiving future emails, you can email us at</strong></div>", "level": 0}, {"value": "<strong>ALL</strong>", "level": 0}], [{"value": "<div class=\"blueText\"><strong>Contacting Us</strong></div>", "level": 1}, {"value": "<div class=\"innerText\">If there are any questions regarding this privacy policy, you may contact us using the information below.<br/><br/></div>", "level": 0}, {"value": "<div class=\"innerText\">https://console.physique44.hasura-app.io/</div>", "level": 0}, {"value": "<div class=\"innerText\">9043259944</div>", "level": 0}, {"value": "<div class=\"innerText\"><br/>Last Edited on 2017-02-10</div>", "level": 0}]]