[[{"value": "<h2 class=\"entry-title\">Privacy Policy for Android Apps</h2>", "level": 8}, {"value": "<div id=\"ppHeader\">\u00c2\u00a0The CAN-SPAM Act is a law that sets the rules for commercial email, establishes requirements for commercial messages, gives recipients the right to have emails stopped from being sent to them, and spells out tough penalties for violations.</div>", "level": 0}, {"value": "<div class=\"grayText\"><strong>What personal information do we collect from the people that visit our blog, website or app?</strong></div>", "level": 0}, {"value": "<div class=\"innerText\">When installing the APP, the\u00c2\u00a0<strong>READ_PHONE_STATE</strong>\u00c2\u00a0or other permissions required to run the App\u2019s functionality, will be requested and used solely for the purpose of the App.</div>", "level": 0}], [{"value": "<div class=\"grayText\"><strong>When do we collect information?</strong></div>", "level": 1}, {"value": "<div class=\"innerText\">We collect information from you when you or enter information on our site.</div>", "level": 0}, {"value": "<p>Normal operation of the App <span id=\"infoUs\"></span></p>", "level": 0}], [{"value": "<div class=\"grayText\"><strong>How do we use your information?</strong></div>", "level": 1}, {"value": "<div class=\"innerText\">\n<p>We may use the information we collect from you when you register, make a purchase, sign up for our newsletter, respond to a survey or marketing communication, surf the website, or use certain other site features in the following ways:</p>\n</div>", "level": 0}, {"value": "<div class=\"innerText\">\u00c2\u00a0\u00c2\u00a0\u00c2\u00a0\u00c2\u00a0\u00c2\u00a0 <strong>\u00e2\u0080\u00a2</strong> To personalize your experience and to allow us to deliver the type of content and product offerings in which you are most interested.</div>", "level": 0}], [{"value": "<div class=\"grayText\"><strong>How do we protect your information?</strong></div>", "level": 1}, {"value": "<div class=\"innerText\">\n<p>Our website is scanned on a regular basis for security holes and known vulnerabilities in order to make your visit to our site as safe as possible.</p>\n</div>", "level": 0}, {"value": "<div class=\"innerText\">\n<p>We use regular Malware Scanning.</p>\n</div>", "level": 0}, {"value": "<div class=\"innerText\">We do not use an SSL certificate</div>", "level": 0}, {"value": "<div class=\"innerText\">\u00c2\u00a0\u00c2\u00a0\u00c2\u00a0\u00c2\u00a0\u00c2\u00a0 <strong>\u00e2\u0080\u00a2</strong> We do not need an SSL because:</div>", "level": 0}, {"value": "<div class=\"innerText\">We are an App registered under the Google Play Store and we don\u2019t use the information for anything other than running the app</div>", "level": 0}], [{"value": "<div class=\"grayText\"><strong>Do we use \u2018cookies\u2019?</strong></div>", "level": 1}, {"value": "<div class=\"innerText\">We do not use cookies for tracking purposes</div>", "level": 0}, {"value": "<div class=\"innerText\">You can choose to have your computer warn you each time a cookie is being sent, or you can choose to turn off all cookies. You do this through your browser settings. Since browser is a little different, look at your browser\u2019s Help Menu to learn the correct way to modify your cookies.</div>", "level": 0}, {"value": "<div class=\"innerText\">If you turn cookies off, some features will be disabled. that make your site experience more efficient and may not function properly.</div>", "level": 0}, {"value": "<div class=\"innerText\">However, you will still be able to place orders .</div>", "level": 0}], [{"value": "<div class=\"grayText\"><strong>Third-party disclosure</strong></div>", "level": 1}, {"value": "<div class=\"innerText\">We do not sell, trade, or otherwise transfer to outside parties your Personally Identifiable Information.</div>", "level": 0}], [{"value": "<div class=\"grayText\"><strong>Third-party links</strong></div>", "level": 1}, {"value": "<div class=\"innerText\">We do not include or offer third-party products or services on our website.</div>", "level": 0}], [{"value": "<div class=\"blueText\"><strong>Google</strong></div>", "level": 1}, {"value": "<div class=\"innerText\">\n<p>Google\u2019s advertising requirements can be summed up by Google\u2019s Advertising Principles. They are put in place to provide a positive experience for users. https://support.google.com/adwordspolicy/answer/1316548?hl=en</p>\n</div>", "level": 0}, {"value": "<div class=\"innerText\">We use Google AdSense Advertising on our website.</div>", "level": 0}, {"value": "<div class=\"innerText\">Google, as a third-party vendor, uses cookies to serve ads on our site. Google\u2019s use of the DART cookie enables it to serve ads to our users based on previous visits to our site and other sites on the Internet. Users may opt-out of the use of the DART cookie by visiting the Google Ad and Content Network privacy policy.</div>", "level": 0}], [{"value": "<div class=\"innerText\"><strong>We have implemented the following:</strong></div>", "level": 1}, {"value": "<div class=\"innerText\">\u00c2\u00a0\u00c2\u00a0\u00c2\u00a0\u00c2\u00a0\u00c2\u00a0 <strong>\u00e2\u0080\u00a2</strong> Demographics and Interests Reporting</div>", "level": 0}, {"value": "<div class=\"innerText\">We, along with third-party vendors such as Google use first-party cookies (such as the Google Analytics cookies) and third-party cookies (such as the DoubleClick cookie) or other third-party identifiers together to compile data regarding user interactions with ad impressions and other ad service functions as they relate to our website.</div>", "level": 0}, {"value": "<div class=\"innerText\"><strong>Opting out:<br/>\nUsers can set preferences for how Google advertises to you using the Google Ad Settings page. Alternatively, you can opt out by visiting the Network Advertising Initiative Opt Out page or by using the Google Analytics Opt Out Browser add on.</strong></div>", "level": 0}], [{"value": "<div class=\"blueText\"><strong>California Online Privacy Protection Act</strong></div>", "level": 1}, {"value": "<div class=\"innerText\">CalOPPA is the first state law in the nation to require commercial websites and online services to post a privacy policy. The law\u2019s reach stretches well beyond California to require any person or company in the United States (and conceivably the world) that operates websites collecting Personally Identifiable Information from California consumers to post a conspicuous privacy policy on its website stating exactly the information being collected and those individuals or companies with whom it is being shared. \u2013 See more at: http://consumercal.org/california-online-privacy-protection-act-caloppa/#sthash.0FdRbT51.dpuf</div>", "level": 0}], [{"value": "<div class=\"innerText\"><strong>According to CalOPPA, we agree to the following:</strong></div>", "level": 1}, {"value": "<div class=\"innerText\">Users can visit our site anonymously.</div>", "level": 0}, {"value": "<div class=\"innerText\">Once this privacy policy is created, we will add a link to it on our home page or as a minimum, on the first significant page after entering our website.</div>", "level": 0}, {"value": "<div class=\"innerText\">Our Privacy Policy link includes the word \u2018Privacy\u2019 and can easily be found on the page specified above.</div>", "level": 0}, {"value": "<div class=\"innerText\">You will be notified of any Privacy Policy changes:</div>", "level": 0}, {"value": "<div class=\"innerText\">\u00c2\u00a0\u00c2\u00a0\u00c2\u00a0\u00c2\u00a0\u00c2\u00a0 <strong>\u00e2\u0080\u00a2</strong> On our Privacy Policy Page</div>", "level": 0}, {"value": "<div class=\"innerText\">Can change your personal information:</div>", "level": 0}, {"value": "<div class=\"innerText\">\u00c2\u00a0\u00c2\u00a0\u00c2\u00a0\u00c2\u00a0\u00c2\u00a0 <strong>\u00e2\u0080\u00a2</strong> By chatting with us or by sending us a support ticket</div>", "level": 0}], [{"value": "<div class=\"innerText\"><strong>How does our site handle Do Not Track signals?</strong></div>", "level": 1}, {"value": "<div class=\"innerText\">We honor Do Not Track signals and Do Not Track, plant cookies, or use advertising when a Do Not Track (DNT) browser mechanism is in place.</div>", "level": 0}], [{"value": "<div class=\"innerText\"><strong>Does our site allow third-party behavioral tracking?</strong></div>", "level": 1}, {"value": "<div class=\"innerText\">It\u2019s also important to note that we do not allow third-party behavioral tracking</div>", "level": 0}], [{"value": "<div class=\"blueText\"><strong>COPPA (Children Online Privacy Protection Act)</strong></div>", "level": 1}, {"value": "<div class=\"innerText\">\n<p>When it comes to the collection of personal information from children under the age of 13 years old, the Children\u2019s Online Privacy Protection Act (COPPA) puts parents in control. The Federal Trade Commission, United States\u2019 consumer protection agency, enforces the COPPA Rule, which spells out what operators of websites and online services must do to protect children\u2019s privacy and safety online.</p>\n</div>", "level": 0}, {"value": "<div class=\"innerText\">We do not specifically market to children under the age of 13 years old.</div>", "level": 0}], [{"value": "<div class=\"blueText\"><strong>Fair Information Practices</strong></div>", "level": 1}, {"value": "<div class=\"innerText\">\n<p>The Fair Information Practices Principles form the backbone of privacy law in the United States and the concepts they include have played a significant role in the development of data protection laws around the globe. Understanding the Fair Information Practice Principles and how they should be implemented is critical to comply with the various privacy laws that protect personal information.</p>\n</div>", "level": 0}, {"value": "<div class=\"innerText\"><strong>In order to be in line with Fair Information Practices we will take the following responsive action, should a data breach occur:</strong></div>", "level": 0}, {"value": "<div class=\"innerText\">We will notify the users via in-site notification</div>", "level": 0}, {"value": "<div class=\"innerText\">\u00c2\u00a0\u00c2\u00a0\u00c2\u00a0\u00c2\u00a0\u00c2\u00a0 <strong>\u00e2\u0080\u00a2</strong> Within 1 business day</div>", "level": 0}, {"value": "<div class=\"innerText\">We also agree to the Individual Redress Principle which requires that individuals have the right to legally pursue enforceable rights against data collectors and processors who fail to adhere to the law. This principle requires not only that individuals have enforceable rights against data users, but also that individuals have recourse to courts or government agencies to investigate and/or prosecute non-compliance by data processors.</div>", "level": 0}], [{"value": "<h3 class=\"widget-title\"><span>Be a Part of ThaiYuly.Com</span></h3>", "level": 7}, {"value": "<div style=\"text-align: center !important;font-size: 18px;margin-top: 10px;margin-bottom: 10px;\">Support  Thailand With Yuly on Patreon!</div>", "level": 0}], [{"value": "<h3 class=\"widget-title\"><span>Buy me a Beer</span></h3>", "level": 7}, {"value": "<div class=\"textwidget\"><center>Be a Sport - Support ;)\n<a href=\"https://www.paypal.com/cgi-bin/webscr?cmd=_donations&amp;business=yulypis%40gmail%2ecom&amp;lc=US&amp;item_name=Thai%20Yuly&amp;currency_code=USD&amp;bn=PP%2dDonationsBF%3abtn_donateCC_LG%2egif%3aNonHosted\" rel=\"nofollow\" target=\"_blank\"><img alt=\"Buy me a Beer\" class=\"alignnone\" data-recalc-dims=\"1\" height=\"47\" src=\"https://i2.wp.com/www.paypalobjects.com/en_US/i/btn/btn_donateCC_LG.gif?resize=147%2C47&amp;ssl=1\" width=\"147\"/></a></center></div>", "level": 0}, {"value": "<div class=\"easy_bitcoin_donate_widget_wrapper\"><h3 class=\"widget-title\"><span><span class=\"easy_bitcoin_donate_widget_title\">Buy Me a Beer with Bitcoin</span></span></h3><span class=\"easy_bitcoin_donate_widget_text_above\">Support me with a Bitcoin donation</span><a class=\"easy_bitcoin_donate_widget_qr_link\" href=\"bitcoin:3GpiX15q7AnFZcp58FF5yHxb7v1pTAy4Tg\" target=\"_blank\"><img class=\"easy_bitcoin_donate_widget_qr\" src=\"https://chart.googleapis.com/chart?cht=qr&amp;chs=300x300&amp;choe=utf-8&amp;chld=L%7C1&amp;chl=bitcoin%3A3GpiX15q7AnFZcp58FF5yHxb7v1pTAy4Tg\" style=\"max-width:100%\"/></a><br/><span class=\"easy_bitcoin_donate_widget_text_below\">Click QR code to buy me a Beer</span></div>", "level": 0}], [{"value": "<h3 class=\"widget-title\"><span><span class=\"easy_bitcoin_donate_widget_title\">Buy Me a Beer with Bitcoin</span></span></h3>", "level": 7}, {"value": "<span class=\"easy_bitcoin_donate_widget_text_above\">Support me with a Bitcoin donation</span>", "level": 0}, {"value": "<span class=\"easy_bitcoin_donate_widget_text_below\">Click QR code to buy me a Beer</span>", "level": 0}], [{"value": "<h3 class=\"widget-title\"><span>Recent Posts</span></h3>", "level": 7}, {"value": "<ul>\n<li>\n<a href=\"http://www.thaiyuly.com/learn-thai-alphabet-app/\">Learn Thai Alphabet App</a>\n</li>\n</ul>", "level": 0}], [{"value": "<h3 class=\"widget-title\"><span>Recent Comments</span></h3>", "level": 7}], [{"value": "<h3 class=\"widget-title\"><span>Categories</span></h3>", "level": 7}, {"value": "<ul>\n<li class=\"cat-item cat-item-4\"><a href=\"http://www.thaiyuly.com/category/online-income/\" title=\"Online Income\">Online Income</a>\n</li>\n</ul>", "level": 0}], [{"value": "<h3 class=\"widget-title\"><span>Archives</span></h3>", "level": 7}, {"value": "<ul>\n<li><a href=\"http://www.thaiyuly.com/2016/11/\">November 2016</a></li>\n</ul>", "level": 0}], [{"value": "<h3 class=\"widget-title\"><span>Meta</span></h3>", "level": 7}, {"value": "<ul>\n<li><a href=\"http://www.thaiyuly.com/yuly-admin/\" rel=\"nofollow\">Log in</a></li>\n<li><a href=\"http://www.thaiyuly.com/feed/\">Entries <abbr title=\"Really Simple Syndication\">RSS</abbr></a></li>\n<li><a href=\"http://www.thaiyuly.com/comments/feed/\">Comments <abbr title=\"Really Simple Syndication\">RSS</abbr></a></li>\n<li><a href=\"https://wordpress.org/\" title=\"Powered by WordPress, state-of-the-art semantic personal publishing platform.\">WordPress.org</a></li> </ul>", "level": 0}, {"value": "<footer class=\"main-footer\" id=\"main-footer\">\n<div class=\"row sidebar-footer\">\n<ul class=\"block-grid four-up mobile\">\n</ul>\n</div>\n<div id=\"footer-bottom\">\n<div class=\"row\">\n<div class=\"four columns\">\n</div>\n<div class=\"twelve columns footer-navigation\">\n<div class=\"menu\"><ul>\n<li><a href=\"http://www.thaiyuly.com/\">Home</a></li><li class=\"page_item page-item-49 current_page_item\"><a href=\"http://www.thaiyuly.com/privacy_policy_for_android_app/\">Privacy Policy for Android Apps</a></li>\n<li class=\"page_item page-item-35\"><a href=\"http://www.thaiyuly.com/support/\">Support Us</a></li>\n</ul></div>\n</div>\n</div>\n</div>\n</footer>", "level": 0}]]