[[{"value": "<div class=\"grayText\"><strong>What information do we collect?</strong></div>", "level": 1}, {"value": "<div class=\"innerText\">When ordering or registering on our site, as appropriate, you may be asked to enter your Name, Email address,<div class=\"innerText\">Publicly available Facebook profile</div>or other details to help you with your experience.</div>", "level": 0}], [{"value": "<div class=\"grayText\"><strong>When do we collect information?</strong></div>", "level": 1}, {"value": "<div class=\"innerText\">We collect information from you when you register on our site or enter information on our site.</div>", "level": 0}, {"value": "<div class=\"grayText\"><strong>How do we use your information? </strong></div>", "level": 0}, {"value": "<div class=\"innerText\"> We may use the information we collect from you when you register, make a purchase, sign up for our newsletter, respond to a survey or marketing communication, surf the website, or use certain other site features in the following ways:<br/><br/></div>", "level": 0}, {"value": "<div class=\"innerText\">\u00a0\u00a0\u00a0\u00a0\u00a0 <strong>\u2022</strong> To personalize user's experience and to allow us to deliver the type of content and product offerings in which you are most interested.</div>", "level": 0}, {"value": "<div class=\"innerText\">\u00a0\u00a0\u00a0\u00a0\u00a0 <strong>\u2022</strong> To allow us to better service you in responding to your customer service requests.</div>", "level": 0}], [{"value": "<div class=\"grayText\"><strong>How do we protect visitor information?</strong></div>", "level": 1}, {"value": "<div class=\"innerText\">We use vulnerability scanning and/or scanning to PCI standards.</div>", "level": 0}, {"value": "<div class=\"innerText\">We use an SSL certificate</div>", "level": 0}], [{"value": "<div class=\"innerText\"><br/><strong>We implement security measures when a user:</strong></div>", "level": 1}, {"value": "<div class=\"innerText\">\u00a0\u00a0\u00a0\u00a0\u00a0 <strong>\u2022</strong> enters, submits, or accesses their information.</div>", "level": 0}, {"value": "<div class=\"innerText\">We use a payment gateway provider.</div>", "level": 0}], [{"value": "<div class=\"grayText\"><strong>Do we use 'cookies'?</strong></div>", "level": 1}, {"value": "<div class=\"innerText\">We do not use cookies for tracking purposes </div>", "level": 0}, {"value": "<div class=\"innerText\"><br/>You can choose to have your computer warn you each time a cookie is being sent, or you can choose to turn off all cookies. You do this through your browser (like Internet Explorer) settings. Each browser is a little different, so look at your browser's Help menu to learn the correct way to modify your cookies.<br/></div>", "level": 0}, {"value": "<div class=\"innerText\">If you disable cookies off, some features will be disabled that make your site experience more efficient and some of our services will not function properly.</div>", "level": 0}, {"value": "<div class=\"innerText\">However, you can still place orders .</div>", "level": 0}], [{"value": "<div class=\"grayText\"><strong>Third Party Disclosure</strong></div>", "level": 1}, {"value": "<div class=\"innerText\">We may transfer your non-identifiable information to third parties. We may also transfer your identifiable information, but only to trusted third parties</div>", "level": 0}], [{"value": "<div class=\"grayText\"><strong>Third party links</strong></div>", "level": 1}, {"value": "<div class=\"innerText\">We do not include or offer third party products or services on our website.</div>", "level": 0}], [{"value": "<div class=\"blueText\"><strong>Google</strong></div>", "level": 1}, {"value": "<div class=\"innerText\">Google's advertising requirements can be summed up by Google's Advertising Principles. They are put in place to provide a positive experience for users. https://support.google.com/adwordspolicy/answer/1316548?hl=en <br/><br/></div>", "level": 0}, {"value": "<div class=\"innerText\">We have not enabled Google AdSense on our site but we may do so in the future.</div>", "level": 0}], [{"value": "<div class=\"blueText\"><strong>California Online Privacy Protection Act</strong></div>", "level": 1}, {"value": "<div class=\"innerText\">CalOPPA is the first state law in the nation to require commercial websites and online services to post a privacy policy.  The law's reach stretches well beyond California to require a person or company in the United States (and conceivably the world) that operates websites collecting personally identifiable information from California consumers to post a conspicuous privacy policy on its website stating exactly the information being collected and those individuals with whom it is being shared, and to comply with this policy. -  See more at: http://consumercal.org/california-online-privacy-protection-act-caloppa/#sthash.0FdRbT51.dpuf<br/></div>", "level": 0}], [{"value": "<div class=\"innerText\"><br/><strong>According to CalOPPA we agree to the following:</strong></div>", "level": 1}, {"value": "<div class=\"innerText\">Users can visit our site anonymously</div>", "level": 0}, {"value": "<div class=\"innerText\">Once this privacy policy is created, we will add a link to it on our home page, or as a minimum on the first significant page after entering our website.</div>", "level": 0}, {"value": "<div class=\"innerText\">Our Privacy Policy link includes the word 'Privacy', and can be easily be found on the page specified above.</div>", "level": 0}, {"value": "<div class=\"innerText\"><br/>Users will be notified of any privacy policy changes:</div>", "level": 0}, {"value": "<div class=\"innerText\">\u00a0\u00a0\u00a0\u00a0\u00a0 <strong>\u2022</strong> On our Privacy Policy Page</div>", "level": 0}, {"value": "<div class=\"innerText\">Users are able to change their personal information:</div>", "level": 0}, {"value": "<div class=\"innerText\">\u00a0\u00a0\u00a0\u00a0\u00a0 <strong>\u2022</strong> By emailing us</div>", "level": 0}], [{"value": "<div class=\"innerText\"><br/><strong>How does our site handle do not track signals?</strong></div>", "level": 1}, {"value": "<div class=\"innerText\">We honor do not track signals and do not track, plant cookies, or use advertising when a Do Not Track (DNT) browser mechanism is in place. </div>", "level": 0}], [{"value": "<div class=\"innerText\"><br/><strong>Does our site allow third party behavioral tracking?</strong></div>", "level": 1}, {"value": "<div class=\"innerText\">It's also important to note that we do not allow third party behavioral tracking</div>", "level": 0}], [{"value": "<div class=\"blueText\"><strong>COPPA (Children Online Privacy Protection Act)</strong></div>", "level": 1}, {"value": "<div class=\"innerText\">When it comes to the collection of personal information from children under 13, the Children\u00e2\u0080\u0099s Online Privacy Protection Act (COPPA) puts parents in control.  The Federal Trade Commission, the nation\u00e2\u0080\u0099s consumer protection agency, enforces the COPPA Rule, which spells out what operators of websites and online services must do to protect children\u00e2\u0080\u0099s privacy and safety online.<br/><br/></div>", "level": 0}, {"value": "<div class=\"innerText\">We do not specifically market to children under 13.</div>", "level": 0}], [{"value": "<div class=\"blueText\"><strong>Fair Information Practices</strong></div>", "level": 1}, {"value": "<div class=\"innerText\">The Fair Information Practices Principles form the backbone of privacy law in the United States and the Descriptions they include have played a significant role in the development of data protection laws around the globe. Understanding the Fair Information Practice Principles and how they should be implemented is critical to comply with the various privacy laws that protect personal information.<br/><br/></div>", "level": 0}, {"value": "<div class=\"innerText\"><strong>In order to be in line with Fair Information Practices we will take the following responsive action, should a data breach occur:</strong></div>", "level": 0}, {"value": "<div class=\"innerText\">We will notify the users via in site notification</div>", "level": 0}, {"value": "<div class=\"innerText\">\u00a0\u00a0\u00a0\u00a0\u00a0 <strong>\u2022</strong> Within 7 business days</div>", "level": 0}, {"value": "<div class=\"innerText\"><br/>We also agree to the individual redress principle, which requires that individuals have a right to pursue legally enforceable rights against data collectors and processors who fail to adhere to the law. This principle requires not only that individuals have enforceable rights against data users, but also that individuals have recourse to courts or a government agency to investigate and/or prosecute non-compliance by data processors.</div>", "level": 0}], [{"value": "<div class=\"blueText\"><strong>Contacting Us</strong></div>", "level": 1}, {"value": "<div class=\"innerText\">If there are any questions regarding this privacy policy you may contact us using the information below.<br/><br/></div>", "level": 0}, {"value": "<div class=\"innerText\">www.runninghill.co.za</div>", "level": 0}, {"value": "<div class=\"innerText\">Randfontein</div>", "level": 0}, {"value": "<div class=\"innerText\">South Africa</div>", "level": 0}, {"value": "<div class=\"innerText\">40 Coetzee Street, Randpoort</div>", "level": 0}, {"value": "<div class=\"innerText\">Gauteng</div>", "level": 0}, {"value": "<div class=\"innerText\">1760</div>", "level": 0}, {"value": "<div class=\"innerText\">info@runninghill.co.za</div>", "level": 0}]]