[[{"value": "<h1>Property24.com Terms &amp; Conditions</h1>", "level": 9}], [{"value": "<h3>Introduction</h3>", "level": 7}, {"value": "<div class=\"lead\">\n                        This page states the terms and conditions under which you may use the website <a href=\"https://www.property24.com/\" title=\"Property for sale: Houses for sale: Property24\">www.property24.com</a>, PropCtrl and all related apps and services. Property24 is owned and operated by HomeFind24 (Pty) Ltd, registration number: 2008/019235/07.\n                    </div>", "level": 0}, {"value": "<dl>\n<dt>Our physical address is:</dt>\n<dd>Great Westerford, 240 Main Road, Rondebosch, Cape Town, South Africa, 7725.</dd>\n<dt>Our postal address is:</dt>\n<dd>P.O. Box 234, Newlands, Cape Town, 7725, South Africa</dd>\n</dl>", "level": 0}], [{"value": "<h3>Definitions</h3>", "level": 7}, {"value": "<ol>\n<li>\n                                The terms \"you\" and \"user\" as used herein refer to all individuals and/or entities accessing the website.\n                            </li>\n<li>\n                                The term \"website\" as used herein refers to <a href=\"/\" title=\"Property for sale: Houses for sale: Property24\">www.property24.com</a>\n</li>\n</ol>", "level": 0}], [{"value": "<h3>General</h3>", "level": 7}, {"value": "<p>By using the website, you are indicating your acceptance to be bound by these terms and conditions. The website may revise these terms and conditions at any time by updating this page. You should visit this page periodically to review the terms and conditions, to which you are bound.</p>", "level": 0}], [{"value": "<h3>Terms of Use</h3>", "level": 7}, {"value": "<ol>\n<li>\n                                Users may not use the website in order to transmit, distribute, store or destroy material:\n                                    <ul>\n<li>\n<i class=\"fa fa-arrow-circle-right text-primary\"></i> in violation of any applicable law or regulation;\n                                            </li>\n<li>\n<i class=\"fa fa-arrow-circle-right text-primary\"></i> in a manner that will infringe the copyright, trademark, trade secret or other intellectual property rights of others or violate the privacy, publicity or other personal rights of others;\n                                            </li>\n<li>\n<i class=\"fa fa-arrow-circle-right text-primary\"></i> that is defamatory, obscene, threatening, abusive or hateful.\n                                            </li>\n</ul>\n</li>\n<li>\n                                The following is prohibited with respect to the website:\n                                    <ul>\n<li>\n<i class=\"fa fa-arrow-circle-right text-primary\"></i> Using any robot, spider, other automatic device or manual process to monitor or copy any part of the website;\n                                            </li>\n<li>\n<i class=\"fa fa-arrow-circle-right text-primary\"></i> Using any device, software or routine or the like to interfere or attempt to interfere with the proper working of the website.\n                                            </li>\n<li>\n<i class=\"fa fa-arrow-circle-right text-primary\"></i> Taking any action that imposes an unreasonable or disproportionately large load on the website infrastructure;\n                                            </li>\n<li>\n<i class=\"fa fa-arrow-circle-right text-primary\"></i> Copying, reproducing, altering, modifying, creating derivative works, or publicly displaying any content from the website without Property24's prior written permission;\n                                            </li>\n<li>\n<i class=\"fa fa-arrow-circle-right text-primary\"></i> Reverse assembling or otherwise attempting to discover any source code relating to the website or any tool therein, except to the extent that such activity is expressly permitted by applicable law notwithstanding this limitation; and\n                                            </li>\n<li>\n<i class=\"fa fa-arrow-circle-right text-primary\"></i> Attempting to access any area of the website to which access is not authorized.\n                                            </li>\n</ul>\n</li>\n</ol>", "level": 0}], [{"value": "<h3>Copyright and Intellectual Property Rights</h3>", "level": 7}, {"value": "<ol>\n<li>\n                                All content, trademarks and data on this website, including but not limited to, software, databases, text, graphics, icons, hyperlinks, private information, and designs are the property of or licensed to the website.\n                            </li>\n<li>\n                                Users of this website are not granted a licence or any other right including without limitation under Copyright, Trade Mark, Patent or Intellectual Property Rights in/or to the content.\n                            </li>\n</ol>", "level": 0}], [{"value": "<h3>Privacy Policy</h3>", "level": 7}, {"value": "<ol>\n<li>\n                                While using this website, information about you may be either collected by us or provided by you. Such information will become the property of Property24.\n                            </li>\n<li>\n                                Property24 may use this information to provide you with information regarding our products, services, or events from time-to-time.\n                            </li>\n<li>\n                                You may request that Property24 cease sending you such information or request that your personal information be removed from our database or mailing list at any time.\n                            </li>\n<li>\n                                Property24 will not disclose any personal information to anyone except as provided for in this policy. We may however need to disclose personal information to Property24 employees or agents who require such information to carry out their duties. There may also be situations where the law requires us to disclose your personal information. In all other situations, except in the case of the sale of Property24 or its associated services or web site(s), Property24 will not disclose your personal information without giving you prior notice thereof and an opportunity to give your consent thereto.\n                            </li>\n<li>\n                                Property24 makes use of first-party and third-party cookies, as well as web beacons and similar technologies to deliver measurement services and targeted advertising to visitors. Cookies may include <a href=\"http://www.google.com/\">Google</a> Analytics cookies, a DoubleClick cookie, and a <a href=\"http://www.facebook.com/\">Facebook</a> Event Tracking cookie. No personal information is shared with any third party when providing these targeted services.\n                            </li>\n<li>\n                                If you prefer not to receive interest-based advertising in web browsers from <a href=\"http://www.google.com/\">Google</a>, <a href=\"http://www.facebook.com/\">Facebook</a> or other participating advertisers, you can make use of mechanisms such as the Digital Advertising Alliance's (DAA) Self-Regulatory Program for Online Behavioural Advertising (<a href=\"http://www.aboutads.info/choices\">www.aboutads.info/choices</a>).\n                            </li>\n<li>\n                                For detail regarding the information <a href=\"http://www.google.com/\">Google</a> collects and how it is used to deliver targeted advertising please visit http://www.google.com/policies/privacy/ads/\n                            </li>\n<li>\n                                Property24 is not responsible for and gives no warranties or makes any representations in respect of the privacy policies or practices of linked or any third party or advertised web sites.\n                            </li>\n<li>\n                                Property24 may at its discretion and from time to time disclose your personal information gathered through the site to selected partners for the purposes of marketing property, finance or insurance related services, consent for which is given by you utilising the site. Should you want Property24 to cease disclosing your information you may send an e-mail to the following address and your details will be removed from the list: <a href=\"mailto:support@property24.com\" title=\"Property24: Support\">support@property24.com</a>. Personal information excludes, Physical address, Sold price and Date of property transfer.\n                            </li>\n<li>\n                                Property24 makes use of the Google Invisible ReCAPTCHA service. Use of the Google Invisible ReCAPTCHA service is subject to the <a href=\"https://www.google.com/intl/en/policies/privacy/\">Google Privacy Policy</a> and <a href=\"https://www.google.com/intl/en/policies/terms/\">Terms of Use</a>.\n                            </li>\n</ol>", "level": 0}], [{"value": "<h3>Security</h3>", "level": 7}, {"value": "<ol>\n<li>\n                                    Users are prohibited from violating or attempting to violate the security of the Website, including, but without limitation:\n                                        <ul>\n<li>\n<i class=\"fa fa-arrow-circle-right text-primary\"></i> accessing data not intended for such user or logging into a server or account which the user is not authorized to access;\n                                                </li>\n<li>\n<i class=\"fa fa-arrow-circle-right text-primary\"></i> attempting to probe, scan or test the vulnerability of a system or network or to breach security or authentication measures without proper authorization;\n                                                </li>\n<li>\n<i class=\"fa fa-arrow-circle-right text-primary\"></i> attempting to interfere with service to any user, host or network, including, without limitation, via means of submitting a virus to the website, overloading, \"flooding\", \"spamming\", \"mail bombing\" or \"crashing\";\n                                                </li>\n<li>\n<i class=\"fa fa-arrow-circle-right text-primary\"></i> sending unsolicited email, including promotions and/or advertising of products or services;\n                                                </li>\n<li>\n<i class=\"fa fa-arrow-circle-right text-primary\"></i> forging any TCP/IP packet header or any part of the header information in any email or newsgroup posting;\n                                                </li>\n<li>\n<i class=\"fa fa-arrow-circle-right text-primary\"></i> deleting or revising any material posted by any other person or entity;\n                                                </li>\n<li>\n<i class=\"fa fa-arrow-circle-right text-primary\"></i> using any device, software or routine to interfere or attempt to interfere with the proper working of this website or any activity being conducted on this site.\n                                                </li>\n</ul>\n</li>\n<li>\n                                    Violations of system or network security may result in civil or criminal liability. Property24 will investigate occurrences, which may involve such violations and may involve, and cooperate with, law enforcement authorities in prosecuting users who are involved in such violations.\n                                </li>\n</ol>", "level": 0}], [{"value": "<h3>Disclaimer</h3>", "level": 7}, {"value": "<ol>\n<li>\n                                The website carries property advertisements, news, reviews and other content independently published by third parties on the website. The website is not involved in the buying, selling or development of the property process and must not be considered to be an agent, buyer and/or a developer with respect to the use of the website.\n                            </li>\n<li>\n                                Property24 shall not be responsible for any user entering into agreements or making decision whatever nature in connection with the posting of property ads, property information, personal owned property information, use of financial calculators and/or the contents thereof and/or any other information obtained on the website.\n                            </li>\n<li>\n                                Whilst Property24 has taken reasonable measures to ensure the integrity of the website and its contents, no warranty, whether express or implied, is given that the website will operate error-free or that any files, downloads or applications available via the website are free of viruses, trojans, bombs, time-locks or any other data, code or harmful mechanisms which has the ability to corrupt or affect the operation of your system.\n                            </li>\n<li>\n                                In no event shall Property24, and/or any third party contributors of material to the website be liable for any costs, expenses, losses and damages of any nature (whether direct, indirect, punitive, incidental, special or consequential) arising out of or in any way connected with your use of the website, your inability to use the website and/or the operational failure of the website, and whether or not such costs, expenses, losses and damages are based on contract, delict, strict liability or otherwise.\n                            </li>\n<li>\n                                Insofar as the website contains links to any other internet websites, you acknowledge and agree that Property24 does not have control over any such website and Property24 shall therefore not be liable in any way for the contents of any such linked website, nor for any costs, expenses, losses or damages of any nature whatsoever arising from your access and/or use of any such website.\n                            </li>\n</ol>", "level": 0}], [{"value": "<h3>Severability</h3>", "level": 7}, {"value": "<ol>\n<li>\n                                These Terms &amp; Conditions constitute the entire agreement between Property24 and you. Any failure by Property24 to exercise or enforce any right or provision of these Terms &amp; Conditions shall in no way constitute a waiver of such right or provision.\n                            </li>\n<li>\n                                In the event that any term or condition is not fully enforceable or valid for any reason, such term(s) or condition(s) shall be severable from the remaining terms and conditions. The remaining terms and conditions shall not be affected by such unenforceability or invalidity and shall remain enforceable and applicable.\n                            </li>\n</ol>", "level": 0}], [{"value": "<h3>Applicable Law</h3>", "level": 7}, {"value": "<p>\n                        This website is hosted, controlled and managed in the Republic of South Africa, and thus, South African law and jurisdiction govern the use or inability to use this website, or any other matter related to this website.\n                    </p>", "level": 0}], [{"value": "<h3>Disputes</h3>", "level": 7}, {"value": "<p>\n                        All disputes in terms of this agreement or relating to the use or inability to use this web site shall be settled by arbitration conducted in English in terms of the rules of the South African Arbitration Foundation. Such arbitration shall be held in Cape Town, and the unsuccessful party shall pay all costs incurred by the successful party in attending and preparing for such arbitration.\n                    </p>", "level": 0}], [{"value": "<h3>Property24 E-mail Disclaimer</h3>", "level": 7}, {"value": "<ol>\n<li>\n                                This message and any accompanying attachment(s) may contain confidential and copyrighted information. If you are not the addressee(s) indicated in this message or responsible for delivery of the message to the addressee(s), do not copy or deliver this message or the attachments to any other person including the intended recipient. Please destroy this message and notify Property24 if this is the case.\n                            </li>\n<li>\n                                Any comments and statements contained within this message should be seen as opinions only and not statements of fact. Property24 will not accept liability for any loss suffered as a result of relying on this message unless the message indicates that the information is subject to an express warranty and has been authenticated by a digital signature capable of verifying the integrity of the message.\n                            </li>\n<li>\n                                An e-mail is deemed to have been sent as soon as it is reflected in our service provider's mail server logs and is deemed to be received once we have either sent a delivery receipt or confirmed receipt by way of e-mail.\n                            </li>\n<li>\n                                Property24 takes all reasonable steps to ensure that this e-mail message is free from destructive code (such as viruses) but cannot guarantee the message is free from destructive code and so cannot be held liable for any loss or damage due to destructive code. Please inform us as soon as possible should you become aware of any destructive code that originated from this e-mail.\n                            </li>\n<li>\n                                Property24 may monitor e-mails in an attempt to ensure the quality of communications as well as for purposes of investigating or detecting the unauthorised use of the e-mail system. Please do not communicate via this e-mail system if you do not wish for your communications to be subjected to such scrutiny.\n                            </li>\n</ol>", "level": 0}], [{"value": "<h3>Property Listing Service</h3>", "level": 7}, {"value": "<ol>\n<li>\n                                    If you use the Property24 property listing service (Listing Service) then, in addition to the terms and conditions above, the following terms and conditions apply.\n                                </li>\n<li>\n                                    In the following, \"material\" includes any text, photographs, floor plans or other material prepared and submitted by any third party service provider on your behalf.\n                                </li>\n<li>\n                                    Property24 is not, and does not hold itself out to be:\n                                        <ul>\n<li>\n<i class=\"fa fa-arrow-circle-right text-primary\"></i> an estate agent generally, or an \"estate agent\" as defined and contemplated in the Estate Agency Affairs Act, 1976, as amended, or any replacement legislation, in particular; or\n                                                </li>\n<li>\n<i class=\"fa fa-arrow-circle-right text-primary\"></i> an attorney, conveyancer, financial or tax advisor, mortgage bond originator, or valuer.\n                                                </li>\n</ul>\n</li>\n<li>\n                                    Property24 has no power as agent or otherwise to negotiate or conclude any agreement on your behalf, and no such power must be inferred.  You are liable for all obligations and consequences howsoever arising from your negotiation or conclusion of any agreement pursuant to the use of the Listing Service.  You are strongly urged to make detailed enquiries about any party that you intend negotiating or contracting with, and to obtain advice from a qualified professional before concluding any contract.\n                                </li>\n<li>\n                                    You use the Listing Service at your own risk.\n                                </li>\n<li>\n                                    When using the Listing Service you may not submit any material that:\n                                        <ul>\n<li>\n<i class=\"fa fa-arrow-circle-right text-primary\"></i> is unlawful;\n                                                </li>\n<li>\n<i class=\"fa fa-arrow-circle-right text-primary\"></i> is harmful to minors;\n                                                </li>\n<li>\n<i class=\"fa fa-arrow-circle-right text-primary\"></i> is fraudulent, false or misleading;\n                                                </li>\n<li>\n<i class=\"fa fa-arrow-circle-right text-primary\"></i> infringes any third party intellectual property, personal, confidentiality, or other rights; or\n                                                </li>\n<li>\n<i class=\"fa fa-arrow-circle-right text-primary\"></i> is defamatory or obscene.\n                                                </li>\n</ul>\n</li>\n<li>\n                                    You are solely responsible for all material that you submit and any consequences that may result from your submission.  Property24 has the right (but not the obligation), in its sole discretion and without notice, to refuse or to delete any material that Property24 in its sole discretion considers to be in breach of these terms and conditions.\n                                </li>\n<li>\n                                    You must submit all material in the format and detail determined by Property24 from time to time.\n                                </li>\n<li>\n                                    Property24 has the right (but not the obligation), without notice:\n                                        <ul>\n<li>\n<i class=\"fa fa-arrow-circle-right text-primary\"></i> to monitor and moderate all material submitted on the Listing Service; and\n                                                </li>\n<li>\n<i class=\"fa fa-arrow-circle-right text-primary\"></i> to refuse or to restrict any user's use of the Listing Service, temporarily or permanently.\n                                                </li>\n</ul>\n</li>\n<li>\n                                    Property24:\n                                        <ul>\n<li>\n<i class=\"fa fa-arrow-circle-right text-primary\"></i> is not responsible for the accuracy of any material that is submitted; and\n                                                </li>\n<li>\n<i class=\"fa fa-arrow-circle-right text-primary\"></i> does not endorse any material submitted or product listed, and no such endorsement must be inferred, or claimed by you.\n                                                </li>\n</ul>\n</li>\n<li>\n                                    You grant Property24 a perpetual, royalty-free, transferable right to publish all material submitted by you.\n                                </li>\n<li>\n                                    You must comply with all applicable laws, including (without limitation) the Consumer Protection Act, 2008 (in particular, sections 29 to 39 of that act) and the Alienation of Land Act, 1981.\n                                </li>\n<li>\n                                    If you instruct Property24 to contract with any third party to prepare and submit material on your behalf, Property24 is not liable to you for any damages or costs howsoever arising as a result of any act or omission on the part of the third party, including (without limitation) any deficiency in the material, or damage or loss incurred at your premises when the third party renders the service; and you indemnify Property24 accordingly.\n                                </li>\n<li>\n                                    You agree to pay all fees and other amounts charged by Property24 for using the Listing Service from time to time.  If you fail to pay the fees when due, Property24 may (without prejudice to any other rights it may have), without notice, suspend your use of the Listing Service temporarily or permanently.  Fees are not refundable.\n                                </li>\n<li>\n                                    OTP Service. Property24 includes in the Listing Service a service (OTP Service) that enables you to obtain (i) a blank offer to purchase agreement (OTP) for completion, and (ii) the free services of an attorney (OTP Attorney) to help you to complete the OTP. If you use the OTP Service then, in addition to, and without limiting any of the terms and conditions above, the following terms and conditions apply:\n                                        <ul>\n<li>\n<i class=\"fa fa-arrow-circle-right text-primary\"></i> As noted above Property24 is not an attorney, conveyancer or estate agent, and does not purport to be any of those.\n                                                </li>\n<li>\n<i class=\"fa fa-arrow-circle-right text-primary\"></i> Property24 is not able to, does not, and does not purport to provide any legal services.\n                                                </li>\n<li>\n<i class=\"fa fa-arrow-circle-right text-primary\"></i> The OTP and the information about the OTP Attorney is provided to you for information purposes only.\n                                                </li>\n<li>\n<i class=\"fa fa-arrow-circle-right text-primary\"></i> If you decide to use the OTP and/or the services of the OTP Attorney you do so entirely at your own risk. Property24 gives no warranties and makes no representations about the OTP or the OTP Attorney.\n                                                </li>\n<li>\n<i class=\"fa fa-arrow-circle-right text-primary\"></i> Property24 does not endorse the Attorney.\n                                                </li>\n<li>\n<i class=\"fa fa-arrow-circle-right text-primary\"></i> In no event shall Property24 be liable for any costs, expenses, losses and damages of any nature (whether direct, indirect, punitive, incidental, special or consequential) howsoever arising out of or in any way connected with your use of the OTP Service, and whether or not such costs, expenses, losses and damages are based on contract, delict, strict liability or otherwise.  You indemnify Property24 accordingly.\n                                                </li>\n</ul>\n</li>\n</ol>", "level": 0}, {"value": "<div class=\"col-xs-3\">\n<div class=\"hidden-print p24_sidebar\">\n<div class=\"panel panel-primary\">\n<div class=\"panel-heading\">Quick Links</div>\n<div class=\"panel-body\">\n<a href=\"/\" title=\"Search for property\">Search for property</a>\n<div class=\"clearfix\"></div>\n<a href=\"/MyProperty24/Alerts\" id=\"AlertsLink\" title=\"Sign up for Property alerts\">Sign up for Property alerts</a>\n<div class=\"clearfix\"></div>\n<a href=\"/articles/news\" id=\"NewsLink\" title=\"Property News\">Property News</a>\n<div class=\"clearfix\"></div>\n<a href=\"/estate-agencies\" id=\"SearchAgencyLink\" title=\"Find an agent\">Find an agent</a>\n<div class=\"clearfix\"></div>\n<a href=\"https://manage.property24.com/\" id=\"AgentZoneLink\" title=\"Get your properties listed\">Get your properties listed</a>\n</div>\n</div>\n</div>\n<!-- END: sidebar -->\n</div>", "level": 0}, {"value": "<div class=\"hidden-print p24_footer\">\n<div class=\"p24_areas\">\n<div class=\"container\">\n<div class=\"row\">\n<div class=\"col-xs-2-4\">\n<a class=\"p24_bold\" href=\"/for-sale/gauteng/1\" title=\"Property for sale in Gauteng : Property and houses for sale in Gauteng : Property24.com\">Property for sale in Gauteng</a>\n</div>\n<div class=\"col-xs-2-4\">\n</div>\n<div class=\"col-xs-2-4\">\n<a class=\"p24_bold\" href=\"/for-sale/western-cape/9\" title=\"Property for sale in Western Cape : Property and houses for sale in Western Cape : Property24.com\">Property for sale in Western Cape</a>\n</div>\n<div class=\"col-xs-2-4\">\n<a class=\"p24_bold\" href=\"/for-sale/kwazulu-natal/2\" title=\"Property for sale in KwaZulu Natal : Property and houses for sale in KwaZulu Natal : Property24.com\">Property for sale in KwaZulu Natal</a>\n</div>\n<div class=\"col-xs-2-4\">\n<span class=\"p24_bold\">Rest of South Africa</span>\n</div>\n</div>\n<div class=\"row\">\n<div class=\"col-xs-2-4\">\n<ul>\n<li>\n<a href=\"/for-sale/alberton/gauteng/19\" title=\"Property and houses for sale in Alberton : Alberton Property : Property24.com\">Alberton</a>\n</li>\n<li>\n<a href=\"/for-sale/benoni/gauteng/22\" title=\"Property and houses for sale in Benoni : Benoni Property : Property24.com\">Benoni</a>\n</li>\n<li>\n<a href=\"/for-sale/boksburg/gauteng/20\" title=\"Property and houses for sale in Boksburg : Boksburg Property : Property24.com\">Boksburg</a>\n</li>\n<li>\n<a href=\"/for-sale/centurion/gauteng/3\" title=\"Property and houses for sale in Centurion : Centurion Property : Property24.com\">Centurion</a>\n</li>\n<li>\n<a href=\"/for-sale/edenvale/gauteng/14\" title=\"Property and houses for sale in Edenvale : Edenvale Property : Property24.com\">Edenvale</a>\n</li>\n<li>\n<a href=\"/for-sale/johannesburg/gauteng/100\" title=\"Property and houses for sale in Johannesburg : Johannesburg Property : Property24.com\">Johannesburg</a>\n</li>\n<li>\n<a href=\"/for-sale/kempton-park/gauteng/12\" title=\"Property and houses for sale in Kempton Park : Kempton Park Property : Property24.com\">Kempton Park</a>\n</li>\n</ul>\n</div>\n<div class=\"col-xs-2-4\">\n<ul>\n<li>\n<a href=\"/for-sale/midrand/gauteng/16\" title=\"Property and houses for sale in Midrand : Midrand Property : Property24.com\">Midrand</a>\n</li>\n<li>\n<a href=\"/for-sale/pretoria/gauteng/1\" title=\"Property and houses for sale in Pretoria : Pretoria Property : Property24.com\">Pretoria</a>\n</li>\n<li>\n<a href=\"/for-sale/randburg/gauteng/8\" title=\"Property and houses for sale in Randburg : Randburg Property : Property24.com\">Randburg</a>\n</li>\n<li>\n<a href=\"/for-sale/roodepoort/gauteng/5\" title=\"Property and houses for sale in Roodepoort : Roodepoort Property : Property24.com\">Roodepoort</a>\n</li>\n<li>\n<a href=\"/for-sale/sandton/gauteng/109\" title=\"Property and houses for sale in Sandton : Sandton Property : Property24.com\">Sandton</a>\n</li>\n<li>\n<a href=\"/for-sale/soweto/gauteng/102\" title=\"Property and houses for sale in Soweto : Soweto Property : Property24.com\">Soweto</a>\n</li>\n</ul>\n</div>\n<div class=\"col-xs-2-4\">\n<ul>\n<li>\n<a href=\"/for-sale/bellville/western-cape/441\" title=\"Property and houses for sale in Bellville : Bellville Property : Property24.com\">Bellville</a>\n</li>\n<li>\n<a href=\"/for-sale/cape-town/western-cape/432\" title=\"Property and houses for sale in Cape Town : Cape Town Property : Property24.com\">Cape Town</a>\n</li>\n<li>\n<a href=\"/for-sale/durbanville/western-cape/439\" title=\"Property and houses for sale in Durbanville : Durbanville Property : Property24.com\">Durbanville</a>\n</li>\n<li>\n<a href=\"/for-sale/hermanus/western-cape/400\" title=\"Property and houses for sale in Hermanus : Hermanus Property : Property24.com\">Hermanus</a>\n</li>\n<li>\n<a href=\"/for-sale/paarl/western-cape/344\" title=\"Property and houses for sale in Paarl : Paarl Property : Property24.com\">Paarl</a>\n</li>\n<li>\n<a href=\"/for-sale/somerset-west/western-cape/390\" title=\"Property and houses for sale in Somerset West : Somerset West Property : Property24.com\">Somerset West</a>\n</li>\n<li>\n<a href=\"/for-sale/stellenbosch/western-cape/459\" title=\"Property and houses for sale in Stellenbosch : Stellenbosch Property : Property24.com\">Stellenbosch</a>\n</li>\n</ul>\n</div>\n<div class=\"col-xs-2-4\">\n<ul>\n<li>\n<a href=\"/for-sale/ballito/kwazulu-natal/361\" title=\"Property and houses for sale in Ballito : Ballito Property : Property24.com\">Ballito</a>\n</li>\n<li>\n<a href=\"/for-sale/durban/kwazulu-natal/169\" title=\"Property and houses for sale in Durban : Durban Property : Property24.com\">Durban</a>\n</li>\n<li>\n<a href=\"/for-sale/pietermaritzburg/kwazulu-natal/147\" title=\"Property and houses for sale in Pietermaritzburg : Pietermaritzburg Property : Property24.com\">Pietermaritzburg</a>\n</li>\n<li>\n<a href=\"/for-sale/pinetown/kwazulu-natal/173\" title=\"Property and houses for sale in Pinetown : Pinetown Property : Property24.com\">Pinetown</a>\n</li>\n<li>\n<a href=\"/for-sale/umhlanga/kwazulu-natal/185\" title=\"Property and houses for sale in Umhlanga : Umhlanga Property : Property24.com\">Umhlanga</a>\n</li>\n</ul>\n</div>\n<div class=\"col-xs-2-4\">\n<ul>\n<li>\n<a href=\"/for-sale/bloemfontein/free-state/18\" title=\"Property and houses for sale in Bloemfontein : Bloemfontein Property : Property24.com\">Bloemfontein</a>\n</li>\n<li>\n<a href=\"/for-sale/east-london/eastern-cape/216\" title=\"Property and houses for sale in East London : East London Property : Property24.com\">East London</a>\n</li>\n<li>\n<a href=\"/for-sale/nelspruit/mpumalanga/60\" title=\"Property and houses for sale in Nelspruit : Nelspruit Property : Property24.com\">Nelspruit</a>\n</li>\n<li>\n<a href=\"/for-sale/polokwane/limpopo/703\" title=\"Property and houses for sale in Polokwane : Polokwane Property : Property24.com\">Polokwane</a>\n</li>\n<li>\n<a href=\"/for-sale/port-elizabeth/eastern-cape/270\" title=\"Property and houses for sale in Port Elizabeth : Port Elizabeth Property : Property24.com\">Port Elizabeth</a>\n</li>\n<li>\n<a href=\"/for-sale/rustenburg/north-west/82\" title=\"Property and houses for sale in Rustenburg : Rustenburg Property : Property24.com\">Rustenburg</a>\n</li>\n<li>\n<a href=\"/for-sale/witbank/mpumalanga/44\" title=\"Property and houses for sale in Witbank : Witbank Property : Property24.com\">Witbank</a>\n</li>\n</ul>\n</div>\n</div>\n</div>\n</div>\n<div class=\"container\">\n<div class=\"row\">\n<div class=\"col-xs-8\">\n<a href=\"/\" title=\"Property for sale: Houses for sale: Property24\">\n<img alt=\"Property for sale: Houses for sale: Property24\" class=\"Content-images-Optimized-Logos-logo_desktop-png\" src=\"/blank.gif\"/>\n</a>\n</div>\n<div class=\"col-xs-4\">\n<div class=\"pull-right\">\n<a class=\"Content-images-optimized-icons-icon_facebook-png Content-images-optimized-icons-icon_facebook_hover-png\" href=\"https://www.facebook.com/property24\" target=\"_blank\" title=\"Find Property 24 on Facebook\"></a>\n<a class=\"Content-images-optimized-icons-icon_twitter-png Content-images-optimized-icons-icon_twitter_hover-png\" href=\"https://twitter.com/Property24\" target=\"_blank\" title=\"Find Property 24 on Twitter\"></a>\n<a class=\"Content-images-optimized-icons-icon_pinterest-png Content-images-optimized-icons-icon_pinterest_hover-png\" href=\"https://www.pinterest.com/property24/\" target=\"_blank\" title=\"Find Property 24 on Pinterest\"></a>\n<a class=\"Content-images-optimized-icons-icon_youtube-png Content-images-optimized-icons-icon_youtube_hover-png\" href=\"https://www.youtube.com/user/Property24\" target=\"_blank\" title=\"Find Property 24 on Youtube\"></a>\n<a class=\"Content-images-optimized-icons-icon_google_plus-png Content-images-optimized-icons-icon_google_plus_hover-png\" href=\"https://plus.google.com/u/0/+property24/posts\" target=\"_blank\" title=\"Find Property 24 on Google Plus\"></a>\n</div>\n</div>\n</div>\n<div class=\"row\">\n<div class=\"col-xs-12\">\n<hr/>\n</div>\n</div>\n<div class=\"row\">\n<div class=\"col-xs-8\">\n<ul>\n<li>\n<a href=\"/General/AboutUs\">About Us</a>\n</li>\n<li>\n<a href=\"/contact-us\">Contact Us</a>\n</li>\n<li>\n<a href=\"/careers\">Join Our Team</a>\n</li>\n<li>\n<a href=\"/terms-and-conditions\">Terms &amp; Conditions</a>\n</li>\n<li>\n<a href=\"/sitemap\">Sitemap</a>\n</li>\n<li>\n<a href=\"https://manage.property24.com/\">Agent Zone</a>\n</li>\n</ul>\n<div class=\"p24_copyright\">Copyright \u00a9 2018 Property24 - All rights reserved.</div>\n</div>\n<div class=\"col-xs-4\">\n<div class=\"pull-right\">\n<span class=\"p24_bold\">Download the App</span>\n<div class=\"clearfix\"></div>\n<a alt=\"Available on the App Store\" class=\"Content-images-optimized-icons-icon_apple-png Content-images-optimized-icons-icon_apple_hover-png\" href=\"https://itunes.apple.com/za/app/property24.com-property-for/id486012121?mt=8\"></a>\n<a alt=\"Android app on Google play\" class=\"Content-images-optimized-icons-icon_android-png Content-images-optimized-icons-icon_android_hover-png\" href=\"https://play.google.com/store/apps/details?id=com.korbitec.property24\"></a>\n</div>\n</div>\n</div>\n</div>\n</div>", "level": 0}, {"value": "<div class=\"col-xs-6\">\n<div class=\"pull-right\">\n<a href=\"http://m.property24.com\" title=\"Property 24 Mobile\">Mobile Version</a>\n<a href=\"https://itunes.apple.com/us/app/property24.com-property-for/id486012121?mt=8\" target=\"_blank\" title=\"Download the Property 24 Property Search App\">Get the iPhone App</a>\n<a href=\"https://play.google.com/store/apps/details?id=com.korbitec.property24\" target=\"_blank\" title=\"Download the Property 24 Android App\">Get the Android App</a>\n</div>\n</div>", "level": 0}, {"value": "<div class=\"col-xs-8\">\n<h4 class=\"p24_mTXL\">Your browser is out of date!</h4>\n<h5>It looks like you are using an outdated version of Internet Explorer.</h5>\n<p>If you are using Internet Explorer 8 or higher, please verify that your Internet Explorer compatibility view settings are not enabled.</p>\n<p>For the best browsing experience, update to the latest Version of Internet Explorer or try out Google Chrome or Mozilla Firefox.</p>\n</div>", "level": 0}], [{"value": "<h4 class=\"p24_mTXL\">Your browser is out of date!</h4>", "level": 6}], [{"value": "<h5>It looks like you are using an outdated version of Internet Explorer.</h5>", "level": 5}, {"value": "<p>If you are using Internet Explorer 8 or higher, please verify that your Internet Explorer compatibility view settings are not enabled.</p>", "level": 0}, {"value": "<p>For the best browsing experience, update to the latest Version of Internet Explorer or try out Google Chrome or Mozilla Firefox.</p>", "level": 0}, {"value": "<div class=\"col-xs-3\">\n<div class=\"p24_mTXL\">\n<a class=\"btn btn-lg btn-block btn-primary\" href=\"https://www.google.com/intl/en/chrome/browser/\" target=\"_blank\" title=\"Download Google Chrome\">Download Google Chrome</a>\n<a class=\"btn btn-lg btn-block btn-primary\" href=\"http://www.mozilla.org/en-US/firefox/\" target=\"_blank\" title=\"Download Mozilla Firefox\">Download Mozilla Firefox</a>\n<a class=\"btn btn-lg btn-block btn-primary\" href=\"http://windows.microsoft.com/en-us/internet-explorer/download-ie\" target=\"_blank\" title=\"Download Internet Explorer\">Download Internet Explorer</a>\n</div>\n</div>", "level": 0}, {"value": "<div class=\"row\">\n<div class=\"col-xs-12\">\n<hr/>\n<p class=\"p24_f20\">Please contact our Property24 Support Team for further assistance. <span class=\"p24_bold\">Tel. +27 (0)861 111 724</span></p>\n</div>\n</div>", "level": 0}, {"value": "<div class=\"p24_footer\">\n<div class=\"container\">\n<div class=\"row\">\n<div class=\"col-xs-4\">\n<img alt=\"Property24 logo\" class=\"Content-images-Optimized-Logos-logo_desktop-png\" src=\"/blank.gif\"/>\n</div>\n<div class=\"col-xs-7\">\n<div class=\"pull-right\">\n<span>Stay in touch</span>\n<a class=\"pull-left Content-images-optimized-icons-icon_facebook-png Content-images-optimized-icons-icon_facebook_hover-png\" href=\"https://www.facebook.com/property24\" target=\"_blank\" title=\"Find Property 24 on Facebook\"></a>\n<a class=\"pull-left Content-images-optimized-icons-icon_twitter-png Content-images-optimized-icons-icon_twitter_hover-png\" href=\"https://twitter.com/Property24\" target=\"_blank\" title=\"Find Property 24 on Twitter\"></a>\n<a class=\"pull-left Content-images-optimized-icons-icon_pinterest-png Content-images-optimized-icons-icon_pinterest_hover-png\" href=\"https://pinterest.com/property24/\" target=\"_blank\" title=\"Find Property 24 on Pinterest\"></a>\n<a class=\"pull-left Content-images-optimized-icons-icon_youtube-png Content-images-optimized-icons-icon_youtube_hover-png\" href=\"https://www.youtube.com/user/Property24\" target=\"_blank\" title=\"Find Property 24 on Youtube\"></a>\n<a class=\"pull-left Content-images-optimized-icons-icon_google_plus-png Content-images-optimized-icons-icon_google_plus_hover-png\" href=\"https://plus.google.com/u/0/100917904089803312185\" target=\"_blank\" title=\"Find Property 24 on Google Plus\"></a>\n</div>\n</div>\n</div>\n</div>\n</div>", "level": 0}, {"value": "<div class=\"modal fade p24_modal\" id=\"globalModal\">\n<div class=\"modal-dialog\">\n<div class=\"modal-content\">\n<div class=\"modal-body\">\n<div class=\"panel panel-default\">\n<div class=\"panel-body\">\n<img alt=\"Close\" aria-label=\"Close\" class=\"p24_close\" data-dismiss=\"modal\" src=\"/Content/images/Optimized/Icons/icon_close_grey.png?54759d\"/>\n<div class=\"clearfix\"></div>\n<div><span class=\"p24_title\">set at runtime</span> - Property24</div>\n<div class=\"p24_devMessage\">\n                                set at runtime\n                            </div>\n<div class=\"p24_liveMessage\">\n                                set at runtime\n                            </div>\n<hr class=\"p24_margin\"/>\n<a aria-hidden=\"true\" class=\"pull-right btn btn-primary\" data-dismiss=\"modal\" href=\"javascript:;\">Close</a>\n</div>\n</div>\n</div>\n</div>\n</div>\n</div>", "level": 0}, {"value": "<ul class=\"nav nav-tabs\" role=\"tablist\">\n<li class=\"active text-right\" role=\"presentation\">\n<a aria-controls=\"home\" data-toggle=\"tab\" href=\"#loginTab\" role=\"tab\">Login</a>\n</li>\n<li role=\"presentation\">\n<a aria-controls=\"messages\" data-toggle=\"tab\" href=\"#registerTab\" role=\"tab\">Sign Up</a>\n</li>\n</ul>", "level": 0}, {"value": "<div class=\"tab-pane fade in active\" id=\"loginTab\" role=\"tabpanel\">\n<form id=\"loginFormModal\" name=\"loginFormModal\">\n<div class=\"form-group\">\n<label class=\"control-label\">Email</label>\n<input class=\"form-control\" id=\"loginUsername\" name=\"loginUsername\" placeholder=\"Email\" type=\"email\"/>\n</div>\n<div class=\"form-group\">\n<label class=\"control-label\">Password</label>\n<input class=\"form-control\" id=\"loginPassword\" name=\"loginPassword\" placeholder=\"Password\" type=\"password\"/>\n<div class=\"text-danger p24_bold\" hidden=\"hidden\" id=\"loginShowError\">\n<span id=\"loginModalInnerError\"></span>\n</div>\n</div>\n<div class=\"checkbox\">\n<div class=\"row\">\n<div class=\"col-xs-12 text-center\">\n<label>\n<input checked=\"checked\" id=\"loginRememberMe\" name=\"loginRememberMe\" type=\"checkbox\" value=\"true\"/><input name=\"loginRememberMe\" type=\"hidden\" value=\"false\"/> Stay signed in\n                                                            </label>\n</div>\n</div>\n<div class=\"row p24_fpsw\">\n<div class=\"col-xs-12 text-center\">\n<a href=\"/reset-password\">Forgot your password?</a>\n</div>\n</div>\n</div>\n<button class=\"btn btn-block btn-success\" id=\"loginSubmit\" name=\"loginSubmit\" type=\"submit\">\n                                                    Sign In <i class=\"fa fa-spinner fa-spin\" hidden=\"hidden\" id=\"loginSpinner\"></i>\n</button>\n</form>\n<form class=\"p24_verificationCodeModal\" id=\"verificationCodeFormModal\" name=\"verificationCodeFormModal\" style=\"display: none\">\n<div class=\"text-center\"><span id=\"verificationCodeContact\"></span>.</div>\n<div class=\"form-group p24_mT\">\n<label class=\"control-label\">Enter verificationCode</label>\n<input autocomplete=\"off\" class=\"form-control\" id=\"loginVerificationCode\" name=\"loginVerificationCode\" placeholder=\"Enter verification code\" type=\"text\"/>\n<div class=\"text-danger p24_bold\" hidden=\"hidden\" id=\"verificationCodeShowError\">\n<span id=\"verificationCodeModalInnerError\"></span>\n</div>\n</div>\n<div class=\"row p24_mTS\">\n<div class=\"col-xs-12 text-center\">\n<a href=\"javascript:;\" id=\"resendVerificationCode\">Resend</a>\n<div class=\"text-success hide\" id=\"verificationCodesuccessful\">\n                                                            Verification code re-sent.\n                                                        </div>\n</div>\n</div>\n<button class=\"btn btn-block btn-success\" id=\"verificationCodeSubmit\" name=\"verificationCodeSubmit\" type=\"submit\">\n                                                    Verify <i class=\"fa fa-spinner fa-spin\" hidden=\"hidden\" id=\"verificationCodeSpinner\"></i>\n</button>\n</form>\n<hr/>\n</div>", "level": 0}, {"value": "<div id=\"registerPane\">\n<form id=\"regFormModal\" name=\"regFormModal\">\n<div class=\"form-group\">\n<label class=\"control-label\">Email</label>\n<input class=\"form-control\" id=\"regUsername\" name=\"regUsername\" placeholder=\"Email\" type=\"email\"/>\n</div>\n<div class=\"form-group\">\n<label class=\"control-label\">Password</label>\n<input class=\"form-control\" id=\"regPassword\" name=\"regPassword\" placeholder=\"Password\" type=\"password\"/>\n</div>\n<div class=\"text-danger p24_bold\" hidden=\"hidden\" id=\"regShowError\">\n<span id=\"regModalInnerError\"></span>\n</div>\n<div class=\"checkbox\">\n<label>\n<input id=\"regTermsAndConditions\" name=\"regTermsAndConditions\" type=\"checkbox\" value=\"true\"/><input name=\"regTermsAndConditions\" type=\"hidden\" value=\"false\"/>\n                                                            I understand and agree with property24.com's <a href=\"/terms-and-conditions\" title=\"Terms and Conditions\">Terms and Conditions</a>.\n                                                        </label>\n<div class=\"errorTxt\"></div>\n</div>\n<button class=\"btn btn-block btn-success\" id=\"regSubmit\" type=\"submit\">\n                                                        Register <i class=\"fa fa-spinner fa-spin\" hidden=\"hidden\" id=\"regSpinner\"></i>\n</button>\n</form>\n</div>", "level": 0}], [{"value": "<h3 class=\"text-success\">Account Registered!</h3>", "level": 7}, {"value": "<p>Activate your account now.</p>", "level": 0}, {"value": "<p>Please check your email to activate your myproperty24 account.</p>", "level": 0}, {"value": "<div class=\"text-center\">\n<div>Or sign in with:</div>\n<form action=\"/User/OpenAuthLogin\" id=\"facebookForm\" method=\"get\" name=\"facebookForm\">\n<a href=\"javascript:$('#facebookForm').submit();\">\n<img src=\"/Content/images/Optimized/Icons/icon_facebook_hover.png?54759d\"/>\n<input name=\"logintype\" type=\"hidden\" value=\"Facebook\"/>\n<input name=\"onportal\" type=\"hidden\" value=\"true\"/>\n<input name=\"returnurl\" type=\"hidden\" value=\"https://www.property24.com/terms-and-conditions\"/>\n</a>\n</form>\n<form action=\"/User/OpenAuthLogin\" id=\"googleForm\" method=\"get\" name=\"googleForm\">\n<a href=\"javascript:$('#googleForm').submit();\">\n<img src=\"/Content/images/Optimized/Icons/icon_google_plus_hover.png?54759d\"/>\n<input name=\"logintype\" type=\"hidden\" value=\"Google\"/>\n<input name=\"onportal\" type=\"hidden\" value=\"true\"/>\n<input name=\"returnurl\" type=\"hidden\" value=\"https://www.property24.com/terms-and-conditions\"/>\n</a>\n</form>\n</div>", "level": 0}]]