[[{"value": "<h1 class=\"title\">\n<a href=\"http://zealmobiles.blogspot.com/\">\nZeal Mobiles\n</a>\n</h1>", "level": 9}], [{"value": "<h2 class=\"date-header\"><span>Tuesday, 7 February 2017</span></h2>", "level": 8}, {"value": "<div class=\"post-body entry-content\" id=\"post-body-2340791796996380486\" itemprop=\"description articleBody\">\n<div dir=\"ltr\" style=\"text-align: left;\" trbidi=\"on\">\n<br/>\n<br/>\n<strong><span style=\"color: black;\"><span style=\"font-family: Times New Roman, serif;\"><span style=\"font-size: large;\">Privacy\nPolicy</span></span></span></strong><br/>\n<br/>\n<span style=\"color: black;\"><span style=\"font-family: Times New Roman, serif;\"><span style=\"font-size: medium;\">Zeal\nMobiles\u00a0respect your preferences concerning the treatment of\nInformation that we may collect. This Privacy Policy explains what\nkind of information we collect, use, share and the\u00a0security of\nyour information in relation to our mobile applications\n(\u201cApplications\u201d or \u201cApps\u201d) and mobile services\n(\u201cServices\u201d).\u00a0Please take a moment to familiarize yourself\nwith our privacy practices.</span></span></span><br/>\n<br/>\n<span style=\"color: black;\"><span style=\"font-family: Times New Roman, serif;\"><span style=\"font-size: medium;\">BY\nINSTALLING THE APPS ON YOUR MOBILE DEVICE, ENTERING INTO, CONNECTING\nTO, ACCESSING AND/OR USING THE APPS, YOU AGREE TO THE TERMS AND\nCONDITIONS SET FORTH IN\u00a0THIS PRIVACY POLICY, INCLUDING TO THE\nPOSSIBLE COLLECTION AND PROCESSING OF YOUR INFORMATION AND YOU ARE\nCONSENTING TO THE USE OF COOKIES AND OTHER TRACKING\u00a0TECHNOLOGIES\nON YOUR DEVICE. PLEASE NOTE: IF YOU OR, AS APPLICABLE, YOUR LEGAL\nGUARDIAN, DISAGREE TO ANY TERM PROVIDED HEREIN, YOU MAY NOT INSTALL,\nACCESS AND/OR\u00a0USE THE APPS AND YOU ARE REQUESTED TO PROMPTLY\nERASE THEM, AND ANY PART THEREOF, FROM YOUR MOBILE DEVICE.</span></span></span><br/>\n<br/>\n<strong><span style=\"color: black;\"><span style=\"font-family: Times New Roman, serif;\"><span style=\"font-size: medium;\">What\ninformation we collect</span></span></span></strong><br/>\n<br/>\n<span style=\"color: black;\"><span style=\"font-family: Times New Roman, serif;\"><span style=\"font-size: medium;\">Our\nprimary purpose in collecting information is to provide you with a\nsafe, efficient and customized experience and to provide you with\nServices and features that better meet your needs or requests.\u00a0</span></span></span><br/>\n<span style=\"color: black;\"><span style=\"font-family: Times New Roman, serif;\"><span style=\"font-size: medium;\"><i><u>1.\nPersonal Information\u00a0</u></i></span></span></span><br/>\n<span style=\"color: black;\"><span style=\"font-family: Times New Roman, serif;\"><span style=\"font-size: medium;\">We\ndo NOT collect any Personal Information about you. \"Personal\nInformation\" means personally identifiable information, such as\nyour name, email address, physical address, calendar entries,\ncontact\u00a0entries, files, photos, etc.\u00a0</span></span></span><br/>\n<span style=\"color: black;\"><span style=\"font-family: Times New Roman, serif;\"><span style=\"font-size: medium;\"><i><u>2.\nNon-Personal Information</u></i></span></span></span><br/>\n<span style=\"color: black;\"><span style=\"font-family: Times New Roman, serif;\"><span style=\"font-size: medium;\">We\ncollect non-personal information about your use of our Apps and\naggregated information regarding the usages of the Apps.\n\"Non-Personal Information\" means information that is of an\nanonymous\u00a0nature, such as the type of mobile device you use,\nyour mobile devices unique device ID, the IP address of your mobile\ndevice, your mobile operating system, and information about the way\nyou use the\u00a0Applications.\u00a0\u00a0</span></span></span><br/>\n<br/>\n<strong><span style=\"color: black;\"><span style=\"font-family: Times New Roman, serif;\"><span style=\"font-size: medium;\">How\nwe use your information we collect</span></span></span></strong><br/>\n<br/>\n<span style=\"color: black;\"><span style=\"font-family: Times New Roman, serif;\"><span style=\"font-size: medium;\"><i><u>1.\nPersonal Information.\u00a0</u></i></span></span></span><br/>\n<span style=\"color: black;\"><span style=\"font-family: Times New Roman, serif;\"><span style=\"font-size: medium;\">We\ndo NOT collect and use Personal Information in any way.</span></span></span><br/>\n<span style=\"color: black;\"><span style=\"font-family: Times New Roman, serif;\"><span style=\"font-size: medium;\"><i><u>2.\nNon-personal Information.</u></i></span></span></span><br/>\n<span style=\"color: black;\"><span style=\"font-family: Times New Roman, serif;\"><span style=\"font-size: medium;\">Generally\nnon-personal information is used internally to monitor and improve\nthe Services, to perform analyses of the behavior of our users, to\nmeasure user demographics and interests, to describe our\u00a0services\nto third parties such as advertisers and to analyze how and where\nbest to use our resources. We do not combine Non-Personal Information\nwith Personal Information.</span></span></span><br/>\n<br/>\n<strong><span style=\"color: black;\"><span style=\"font-family: Times New Roman, serif;\"><span style=\"font-size: medium;\">How\nwe share the information we collect</span></span></span></strong><br/>\n<br/>\n<span style=\"color: black;\"><span style=\"font-family: Times New Roman, serif;\"><span style=\"font-size: medium;\"><i><u>1.\nPersonal Information.</u></i></span></span></span><span style=\"color: black;\"><span style=\"font-family: Times New Roman, serif;\"><span style=\"font-size: medium;\"><u>\u00a0</u></span></span></span><br/>\n<span style=\"color: black;\"><span style=\"font-family: Times New Roman, serif;\"><span style=\"font-size: medium;\">We\ndo NOT collect and share Personal Information in any way.</span></span></span><br/>\n<span style=\"color: black;\"><span style=\"font-family: Times New Roman, serif;\"><span style=\"font-size: medium;\"><i><u>2.\nNon-personal information.\u00a0</u></i></span></span></span><br/>\n<span style=\"color: black;\"><span style=\"font-family: Times New Roman, serif;\"><span style=\"font-size: medium;\">We\naccept advertisements from Third Parties ad networks which may be\ndisplayed in our Apps. We may share certain information with\nthird-party advertisers, ad networks and ad platforms\n(\"Advertising\u00a0Entities\") to develop and deliver\ntargeted advertising in the Apps. We may also allow Advertising\nEntities to collect non-personal information within the Services\nwhich they may share with us, including\u00a0your device identifier,\ndevice type, device brand, device model, network type, device\nlanguage, and IP address. Advertising entities may also collect\nnon-personal information related to the performance of\u00a0the\nadvertisements, such as how many times an advertisement is shown, how\nlong an advertisement is viewed, and any click-throughs of an\nadvertisement.\u00a0</span></span></span><br/>\n<br/>\n<strong><span style=\"color: black;\"><span style=\"font-family: Times New Roman, serif;\"><span style=\"font-size: medium;\">Links\nto third-party websites and services</span></span></span></strong><br/>\n<br/>\n<span style=\"color: black;\"><span style=\"font-family: Times New Roman, serif;\"><span style=\"font-size: medium;\">The\nApps may contain links to other websites and online services,\nincluding third-party advertisements. If you choose to click through\nto one of these other websites or online services, please note\nthat\u00a0any information you may provide will be subject to the\nprivacy policy and other terms and conditions of that websites or\nservice, and not to this Privacy Policy. We do not control\nthird-party websites or\u00a0services, and the fact that a link to\nsuch a website or service appears in the Apps does not mean that we\nendorse them or have approved their policies or practices relating to\nuser information. Before\u00a0providing any information to any\nthird-party website or service, we encourage you to review the\nprivacy policy and other terms and conditions of that website or\nservice. You agree that zeal mobiles\u00a0will have no\u00a0liability\nfor any matters relating to a third-party website or service that you\nprovide information to, including their collection and handling of\nthat information.</span></span></span><br/>\n<br/>\n<strong><span style=\"color: black;\"><span style=\"font-family: Times New Roman, serif;\"><span style=\"font-size: medium;\">Compliance\nwith laws and law enforcement</span></span></span></strong><br/>\n<br/>\n<span style=\"color: black;\"><span style=\"font-family: Times New Roman, serif;\"><span style=\"font-size: medium;\">Zeal\nMobiles reserves the right to share your information with third\nparties if we believe such action is necessary in order to: (1)\nconform with the requirements of the law or to comply with legal\nprocess served\u00a0upon us; (2) protect or defend our legal rights\nor property (3) investigate, prevent or take action regarding illegal\nactivities, suspected fraud, situations involving potential threats\nto the physical safety of\u00a0any person or violations of the terms\nand conditions of using our Apps and Services.</span></span></span><br/>\n<br/>\n<strong><span style=\"color: black;\"><span style=\"font-family: Times New Roman, serif;\"><span style=\"font-size: medium;\">Changes\nto our Privacy Policy</span></span></span></strong><br/>\n<br/>\n<span style=\"color: black;\"><span style=\"font-family: Times New Roman, serif;\"><span style=\"font-size: medium;\">This\nPrivacy Policy may be updated from time to time for any reason. We\nwill notify you of any changes to our Privacy Policy by posting the\nnew Privacy Policy .\u00a0</span></span></span><br/>\n<br/>\n<strong><span style=\"color: black;\"><span style=\"font-family: Times New Roman, serif;\"><span style=\"font-size: medium;\">Contact\nus</span></span></span></strong><br/>\n<br/>\n<span style=\"color: black;\"><span style=\"font-family: Times New Roman, serif;\"><span style=\"font-size: medium;\">If\nyou have any questions regarding privacy while using the Apps, or\nhave questions about our practices, please contact us via email\nat\u00a0</span></span></span><span style=\"color: blue;\"><span style=\"font-family: Times New Roman, serif;\"><span style=\"font-size: medium;\">zeal.mobiles</span></span></span><span style=\"color: navy;\"><span lang=\"zxx\"><u><a href=\"mailto:zeal.mobiles@gmail.com\"><span style=\"color: blue;\"><span style=\"font-family: Times New Roman, serif;\"><span style=\"font-size: medium;\">@</span></span></span></a></u></span></span><span style=\"color: blue;\"><span style=\"font-family: Times New Roman, serif;\"><span style=\"font-size: medium;\">gmail.com</span></span></span><br/>\n<br/>\n<div style=\"margin-bottom: 0in;\">\n<br/>\n</div>\n</div>\n<div style=\"clear: both;\"></div>\n</div>", "level": 0}, {"value": "<div class=\"post-footer\">\n<div class=\"post-footer-line post-footer-line-1\">\n<span class=\"post-author vcard\">\nPosted by\n<span class=\"fn\" itemprop=\"author\" itemscope=\"itemscope\" itemtype=\"http://schema.org/Person\">\n<meta content=\"https://plus.google.com/104013407981720322757\" itemprop=\"url\"/>\n<a class=\"g-profile\" href=\"https://plus.google.com/104013407981720322757\" rel=\"author\" title=\"author profile\">\n<span itemprop=\"name\">zeal johnson</span>\n</a>\n</span>\n</span>\n<span class=\"post-timestamp\">\nat\n<meta content=\"http://zealmobiles.blogspot.com/2017/02/privacypolicy-zealmobiles-your.html\" itemprop=\"url\"/>\n<a class=\"timestamp-link\" href=\"http://zealmobiles.blogspot.com/2017/02/privacypolicy-zealmobiles-your.html\" rel=\"bookmark\" title=\"permanent link\"><abbr class=\"published\" itemprop=\"datePublished\" title=\"2017-02-07T01:46:00-08:00\">01:46</abbr></a>\n</span>\n<span class=\"reaction-buttons\">\n</span>\n<span class=\"post-comment-link\">\n</span>\n<span class=\"post-backlinks post-comment-link\">\n</span>\n<span class=\"post-icons\">\n<span class=\"item-control blog-admin pid-1698662813\">\n<a href=\"https://www.blogger.com/post-edit.g?blogID=3035717525846260452&amp;postID=2340791796996380486&amp;from=pencil\" title=\"Edit Post\">\n<img alt=\"\" class=\"icon-action\" height=\"18\" src=\"https://resources.blogblog.com/img/icon18_edit_allbkg.gif\" width=\"18\"/>\n</a>\n</span>\n</span>\n<div class=\"post-share-buttons goog-inline-block\">\n<a class=\"goog-inline-block share-button sb-email\" href=\"https://www.blogger.com/share-post.g?blogID=3035717525846260452&amp;postID=2340791796996380486&amp;target=email\" target=\"_blank\" title=\"Email This\"><span class=\"share-button-link-text\">Email This</span></a><a class=\"goog-inline-block share-button sb-blog\" href=\"https://www.blogger.com/share-post.g?blogID=3035717525846260452&amp;postID=2340791796996380486&amp;target=blog\" onclick='window.open(this.href, \"_blank\", \"height=270,width=475\"); return false;' target=\"_blank\" title=\"BlogThis!\"><span class=\"share-button-link-text\">BlogThis!</span></a><a class=\"goog-inline-block share-button sb-twitter\" href=\"https://www.blogger.com/share-post.g?blogID=3035717525846260452&amp;postID=2340791796996380486&amp;target=twitter\" target=\"_blank\" title=\"Share to Twitter\"><span class=\"share-button-link-text\">Share to Twitter</span></a><a class=\"goog-inline-block share-button sb-facebook\" href=\"https://www.blogger.com/share-post.g?blogID=3035717525846260452&amp;postID=2340791796996380486&amp;target=facebook\" onclick='window.open(this.href, \"_blank\", \"height=430,width=640\"); return false;' target=\"_blank\" title=\"Share to Facebook\"><span class=\"share-button-link-text\">Share to Facebook</span></a><a class=\"goog-inline-block share-button sb-pinterest\" href=\"https://www.blogger.com/share-post.g?blogID=3035717525846260452&amp;postID=2340791796996380486&amp;target=pinterest\" target=\"_blank\" title=\"Share to Pinterest\"><span class=\"share-button-link-text\">Share to Pinterest</span></a><div class=\"goog-inline-block google-plus-share-container\"><g:plusone annotation=\"inline\" href=\"http://zealmobiles.blogspot.com/2017/02/privacypolicy-zealmobiles-your.html\" size=\"medium\" source=\"blogger:blog:plusone\" width=\"300\"></g:plusone></div>\n</div>\n</div>\n<div class=\"post-footer-line post-footer-line-2\">\n<span class=\"post-labels\">\n</span>\n</div>\n<div class=\"post-footer-line post-footer-line-3\">\n<span class=\"post-location\">\n</span>\n</div>\n</div>", "level": 0}], [{"value": "<h4>No comments:</h4>", "level": 6}], [{"value": "<h4 id=\"comment-post-message\">Post a Comment</h4>", "level": 6}, {"value": "<div class=\"blog-pager\" id=\"blog-pager\">\n<a class=\"home-link\" href=\"http://zealmobiles.blogspot.com/\">Home</a>\n</div>", "level": 0}, {"value": "<div class=\"post-feeds\">\n<div class=\"feed-links\">\nSubscribe to:\n<a class=\"feed-link\" href=\"http://zealmobiles.blogspot.com/feeds/2340791796996380486/comments/default\" target=\"_blank\" type=\"application/atom+xml\">Post Comments (Atom)</a>\n</div>\n</div>", "level": 0}], [{"value": "<h2>About Me</h2>", "level": 8}, {"value": "<div class=\"widget-content\">\n<dl class=\"profile-datablock\">\n<dt class=\"profile-data\">\n<a class=\"profile-name-link g-profile\" href=\"https://plus.google.com/104013407981720322757\" rel=\"author\" style=\"background-image: url(//www.google.com/images/icons/ui/gprofile_button-16.png);\">\nzeal johnson\n</a>\n<br/>\n<div class=\"g-follow\" data-annotation=\"bubble\" data-height=\"20\" data-href=\"https://plus.google.com/104013407981720322757\"></div>\n</dt>\n</dl>\n<a class=\"profile-link\" href=\"https://plus.google.com/104013407981720322757\" rel=\"author\">View my complete profile</a>\n<div class=\"clear\"></div>\n<span class=\"widget-item-control\">\n<span class=\"item-control blog-admin\">\n<a class=\"quickedit\" href=\"//www.blogger.com/rearrange?blogID=3035717525846260452&amp;widgetType=Profile&amp;widgetId=Profile1&amp;action=editWidget&amp;sectionId=sidebar-right-1\" onclick='return _WidgetManager._PopupConfig(document.getElementById(\"Profile1\"));' target=\"configProfile1\" title=\"Edit\">\n<img alt=\"\" height=\"18\" src=\"https://resources.blogblog.com/img/icon18_wrench_allbkg.png\" width=\"18\"/>\n</a>\n</span>\n</span>\n<div class=\"clear\"></div>\n</div>", "level": 0}], [{"value": "<h2>Blog Archive</h2>", "level": 8}, {"value": "<div class=\"widget-content\">\n<div id=\"ArchiveList\">\n<div id=\"BlogArchive1_ArchiveList\">\n<ul class=\"hierarchy\">\n<li class=\"archivedate expanded\">\n<a class=\"toggle\" href=\"javascript:void(0)\">\n<span class=\"zippy toggle-open\">\n\n        \u25bc\u00a0\n      \n</span>\n</a>\n<a class=\"post-count-link\" href=\"http://zealmobiles.blogspot.com/2017/\">\n2017\n</a>\n<span class=\"post-count\" dir=\"ltr\">(1)</span>\n<ul class=\"hierarchy\">\n<li class=\"archivedate expanded\">\n<a class=\"toggle\" href=\"javascript:void(0)\">\n<span class=\"zippy toggle-open\">\n\n        \u25bc\u00a0\n      \n</span>\n</a>\n<a class=\"post-count-link\" href=\"http://zealmobiles.blogspot.com/2017/02/\">\nFebruary\n</a>\n<span class=\"post-count\" dir=\"ltr\">(1)</span>\n<ul class=\"posts\">\n<li><a href=\"http://zealmobiles.blogspot.com/2017/02/privacypolicy-zealmobiles-your.html\">\n\nPrivacyPolicy\n\nZealMobiles\u00a0respect your preferen...</a></li>\n</ul>\n</li>\n</ul>\n</li>\n</ul>\n</div>\n</div>\n<div class=\"clear\"></div>\n<span class=\"widget-item-control\">\n<span class=\"item-control blog-admin\">\n<a class=\"quickedit\" href=\"//www.blogger.com/rearrange?blogID=3035717525846260452&amp;widgetType=BlogArchive&amp;widgetId=BlogArchive1&amp;action=editWidget&amp;sectionId=sidebar-right-1\" onclick='return _WidgetManager._PopupConfig(document.getElementById(\"BlogArchive1\"));' target=\"configBlogArchive1\" title=\"Edit\">\n<img alt=\"\" height=\"18\" src=\"https://resources.blogblog.com/img/icon18_wrench_allbkg.png\" width=\"18\"/>\n</a>\n</span>\n</span>\n<div class=\"clear\"></div>\n</div>", "level": 0}, {"value": "<footer>\n<div class=\"footer-outer\">\n<div class=\"footer-cap-top cap-top\">\n<div class=\"cap-left\"></div>\n<div class=\"cap-right\"></div>\n</div>\n<div class=\"fauxborder-left footer-fauxborder-left\">\n<div class=\"fauxborder-right footer-fauxborder-right\"></div>\n<div class=\"region-inner footer-inner\">\n<div class=\"foot no-items section\" id=\"footer-1\"></div>\n<table border=\"0\" cellpadding=\"0\" cellspacing=\"0\" class=\"section-columns columns-2\">\n<tbody>\n<tr>\n<td class=\"first columns-cell\">\n<div class=\"foot no-items section\" id=\"footer-2-1\"></div>\n</td>\n<td class=\"columns-cell\">\n<div class=\"foot no-items section\" id=\"footer-2-2\"></div>\n</td>\n</tr>\n</tbody>\n</table>\n<!-- outside of the include in order to lock Attribution widget -->\n<div class=\"foot section\" id=\"footer-3\" name=\"Footer\"><div class=\"widget Attribution\" data-version=\"1\" id=\"Attribution1\">\n<div class=\"widget-content\" style=\"text-align: center;\">\nAwesome Inc. theme. Powered by <a href=\"https://www.blogger.com\" target=\"_blank\">Blogger</a>.\n</div>\n<div class=\"clear\"></div>\n<span class=\"widget-item-control\">\n<span class=\"item-control blog-admin\">\n<a class=\"quickedit\" href=\"//www.blogger.com/rearrange?blogID=3035717525846260452&amp;widgetType=Attribution&amp;widgetId=Attribution1&amp;action=editWidget&amp;sectionId=footer-3\" onclick='return _WidgetManager._PopupConfig(document.getElementById(\"Attribution1\"));' target=\"configAttribution1\" title=\"Edit\">\n<img alt=\"\" height=\"18\" src=\"https://resources.blogblog.com/img/icon18_wrench_allbkg.png\" width=\"18\"/>\n</a>\n</span>\n</span>\n<div class=\"clear\"></div>\n</div></div>\n</div>\n</div>\n<div class=\"footer-cap-bottom cap-bottom\">\n<div class=\"cap-left\"></div>\n<div class=\"cap-right\"></div>\n</div>\n</div>\n</footer>", "level": 0}]]