[[{"value": "<div class=\"grayText\"><strong>When do we collect information?</strong></div>", "level": 1}, {"value": "<div class=\"innerText\">We collect information from you when you register on our site or enter information on our site.</div>", "level": 0}, {"value": "<div class=\"grayText\"><strong>How do we use your information? </strong></div>", "level": 0}, {"value": "<div class=\"innerText\"> We may use the information we collect from you when you register, make a purchase, sign up for our newsletter, respond to a survey or marketing communication, surf the website, or use certain other site features in the following ways:<br/><br/></div>", "level": 0}, {"value": "<div class=\"innerText\">\u00a0\u00a0\u00a0\u00a0\u00a0 <strong>\u2022</strong> To improve our website in order to better serve you.</div>", "level": 0}, {"value": "<div class=\"innerText\">\u00a0\u00a0\u00a0\u00a0\u00a0 <strong>\u2022</strong> To allow us to better service you in responding to your customer service requests.</div>", "level": 0}], [{"value": "<div class=\"grayText\"><strong>How do we protect your information?</strong></div>", "level": 1}, {"value": "<div class=\"innerText\">Our website is scanned on a regular basis for security holes and known vulnerabilities in order to make your visit to our site as safe as possible.<br/><br/></div>", "level": 0}, {"value": "<div class=\"innerText\">We use regular Malware Scanning.<br/><br/></div>", "level": 0}, {"value": "<div class=\"innerText\">Your personal information is contained behind secured networks and is only accessible by a limited number of persons who have special access rights to such systems, and are required to keep the information confidential. In addition, all sensitive/credit information you supply is encrypted via Secure Socket Layer (SSL) technology. </div>", "level": 0}, {"value": "<div class=\"innerText\">We implement a variety of security measures when a user enters, submits, or accesses their information to maintain the safety of your personal information.</div>", "level": 0}, {"value": "<div class=\"innerText\">All transactions are processed through a gateway provider and are not stored or processed on our servers.</div>", "level": 0}], [{"value": "<div class=\"grayText\"><strong>Do we use 'cookies'?</strong></div>", "level": 1}, {"value": "<div class=\"innerText\">We do not use cookies for tracking purposes </div>", "level": 0}, {"value": "<div class=\"innerText\"><br/>You can choose to have your computer warn you each time a cookie is being sent, or you can choose to turn off all cookies. You do this through your browser settings. Since browser is a little different, look at your browser's Help Menu to learn the correct way to modify your cookies.<br/></div>", "level": 0}, {"value": "<div class=\"innerText\">If you turn cookies off, Some of the features that make your site experience more efficient may not function properly.that make your site experience more efficient and may not function properly.</div>", "level": 0}], [{"value": "<div class=\"grayText\"><strong>Third-party disclosure</strong></div>", "level": 1}, {"value": "<div class=\"innerText\">We do not sell, trade, or otherwise transfer to outside parties your Personally Identifiable Information unless we provide users with advance notice. This does not include website hosting partners and other parties who assist us in operating our website, conducting our business, or serving our users, so long as those parties agree to keep this information confidential. We may also release information when it's release is appropriate to comply with the law, enforce our site policies, or protect ours or others' rights, property or safety. <br/><br/> However, non-personally identifiable visitor information may be provided to other parties for marketing, advertising, or other uses. </div>", "level": 0}], [{"value": "<div class=\"grayText\"><strong>Third-party links</strong></div>", "level": 1}, {"value": "<div class=\"innerText\">Occasionally, at our discretion, we may include or offer third-party products or services on our website. These third-party sites have separate and independent privacy policies. We therefore have no responsibility or liability for the content and activities of these linked sites. Nonetheless, we seek to protect the integrity of our site and welcome any feedback about these sites.</div>", "level": 0}], [{"value": "<div class=\"blueText\"><strong>Google</strong></div>", "level": 1}, {"value": "<div class=\"innerText\">Google's advertising requirements can be summed up by Google's Advertising Principles. They are put in place to provide a positive experience for users. https://support.google.com/adwordspolicy/answer/1316548?hl=en <br/><br/></div>", "level": 0}, {"value": "<div class=\"innerText\">We have not enabled Google AdSense on our site but we may do so in the future.</div>", "level": 0}], [{"value": "<div class=\"blueText\"><strong>California Online Privacy Protection Act</strong></div>", "level": 1}, {"value": "<div class=\"innerText\">CalOPPA is the first state law in the nation to require commercial websites and online services to post a privacy policy.  The law's reach stretches well beyond California to require any person or company in the United States (and conceivably the world) that operates websites collecting Personally Identifiable Information from California consumers to post a conspicuous privacy policy on its website stating exactly the information being collected and those individuals or companies with whom it is being shared. -  See more at: http://consumercal.org/california-online-privacy-protection-act-caloppa/#sthash.0FdRbT51.dpuf<br/></div>", "level": 0}], [{"value": "<div class=\"innerText\"><br/><strong>According to CalOPPA, we agree to the following:</strong><br/></div>", "level": 1}, {"value": "<div class=\"innerText\">Users can visit our site anonymously.</div>", "level": 0}, {"value": "<div class=\"innerText\">Once this privacy policy is created, we will add a link to it on our home page or as a minimum, on the first significant page after entering our website.<br/></div>", "level": 0}, {"value": "<div class=\"innerText\">Our Privacy Policy link includes the word 'Privacy' and can easily be found on the page specified above.</div>", "level": 0}, {"value": "<div class=\"innerText\"><br/>You will be notified of any Privacy Policy changes:</div>", "level": 0}, {"value": "<div class=\"innerText\">\u00a0\u00a0\u00a0\u00a0\u00a0 <strong>\u2022</strong> Via Email</div>", "level": 0}, {"value": "<div class=\"innerText\">Can change your personal information:</div>", "level": 0}, {"value": "<div class=\"innerText\">\u00a0\u00a0\u00a0\u00a0\u00a0 <strong>\u2022</strong> By calling us</div>", "level": 0}], [{"value": "<div class=\"innerText\"><br/><strong>How does our site handle Do Not Track signals?</strong><br/></div>", "level": 1}, {"value": "<div class=\"innerText\">We honor Do Not Track signals and Do Not Track, plant cookies, or use advertising when a Do Not Track (DNT) browser mechanism is in place. </div>", "level": 0}], [{"value": "<div class=\"innerText\"><br/><strong>Does our site allow third-party behavioral tracking?</strong><br/></div>", "level": 1}, {"value": "<div class=\"innerText\">It's also important to note that we do not allow third-party behavioral tracking</div>", "level": 0}], [{"value": "<div class=\"blueText\"><strong>COPPA (Children Online Privacy Protection Act)</strong></div>", "level": 1}, {"value": "<div class=\"innerText\">When it comes to the collection of personal information from children under the age of 13 years old, the Children's Online Privacy Protection Act (COPPA) puts parents in control.  The Federal Trade Commission, United States' consumer protection agency, enforces the COPPA Rule, which spells out what operators of websites and online services must do to protect children's privacy and safety online.<br/><br/></div>", "level": 0}, {"value": "<div class=\"innerText\">We do not specifically market to children under the age of 13 years old.</div>", "level": 0}, {"value": "<div class=\"innerText\">Do we let third-parties, including ad networks or plug-ins collect PII from children under 13?</div>", "level": 0}], [{"value": "<div class=\"blueText\"><strong>Fair Information Practices</strong></div>", "level": 1}, {"value": "<div class=\"innerText\">The Fair Information Practices Principles form the backbone of privacy law in the United States and the concepts they include have played a significant role in the development of data protection laws around the globe. Understanding the Fair Information Practice Principles and how they should be implemented is critical to comply with the various privacy laws that protect personal information.<br/><br/></div>", "level": 0}, {"value": "<div class=\"innerText\"><strong>In order to be in line with Fair Information Practices we will take the following responsive action, should a data breach occur:</strong></div>", "level": 0}, {"value": "<div class=\"innerText\">We will notify you via email</div>", "level": 0}, {"value": "<div class=\"innerText\">\u00a0\u00a0\u00a0\u00a0\u00a0 <strong>\u2022</strong> Within 7 business days</div>", "level": 0}, {"value": "<div class=\"innerText\">We will notify the users via in-site notification</div>", "level": 0}, {"value": "<div class=\"innerText\">\u00a0\u00a0\u00a0\u00a0\u00a0 <strong>\u2022</strong> Within 7 business days</div>", "level": 0}, {"value": "<div class=\"innerText\"><br/>We also agree to the Individual Redress Principle which requires that individuals have the right to legally pursue enforceable rights against data collectors and processors who fail to adhere to the law. This principle requires not only that individuals have enforceable rights against data users, but also that individuals have recourse to courts or government agencies to investigate and/or prosecute non-compliance by data processors.</div>", "level": 0}], [{"value": "<div class=\"blueText\"><strong>CAN SPAM Act</strong></div>", "level": 1}, {"value": "<div class=\"innerText\">The CAN-SPAM Act is a law that sets the rules for commercial email, establishes requirements for commercial messages, gives recipients the right to have emails stopped from being sent to them, and spells out tough penalties for violations.<br/><br/></div>", "level": 0}], [{"value": "<div class=\"innerText\"><strong>We collect your email address in order to:</strong></div>", "level": 1}, {"value": "<div class=\"innerText\">\u00a0\u00a0\u00a0\u00a0\u00a0 <strong>\u2022</strong> Send information, respond to inquiries, and/or other requests or questions</div>", "level": 0}], [{"value": "<div class=\"innerText\"><br/><strong>To be in accordance with CANSPAM, we agree to the following:</strong></div>", "level": 1}, {"value": "<div class=\"innerText\">\u00a0\u00a0\u00a0\u00a0\u00a0 <strong>\u2022</strong> Not use false or misleading subjects or email addresses.</div>", "level": 0}, {"value": "<div class=\"innerText\">\u00a0\u00a0\u00a0\u00a0\u00a0 <strong>\u2022</strong> Identify the message as an advertisement in some reasonable way.</div>", "level": 0}, {"value": "<div class=\"innerText\">\u00a0\u00a0\u00a0\u00a0\u00a0 <strong>\u2022</strong> Include the physical address of our business or site headquarters.</div>", "level": 0}, {"value": "<div class=\"innerText\">\u00a0\u00a0\u00a0\u00a0\u00a0 <strong>\u2022</strong> Monitor third-party email marketing services for compliance, if one is used.</div>", "level": 0}, {"value": "<div class=\"innerText\">\u00a0\u00a0\u00a0\u00a0\u00a0 <strong>\u2022</strong> Honor opt-out/unsubscribe requests quickly.</div>", "level": 0}, {"value": "<div class=\"innerText\">\u00a0\u00a0\u00a0\u00a0\u00a0 <strong>\u2022</strong> Allow users to unsubscribe by using the link at the bottom of each email.</div>", "level": 0}, {"value": "<div class=\"innerText\"><strong><br/>If at any time you would like to unsubscribe from receiving future emails, you can email us at</strong></div>", "level": 0}, {"value": "<div class=\"innerText\">\u00a0\u00a0\u00a0\u00a0\u00a0 <strong>\u2022</strong> Follow the instructions at the bottom of each email.</div>", "level": 0}, {"value": "<strong>ALL</strong>", "level": 0}], [{"value": "<div class=\"blueText\"><strong>Contacting Us</strong></div>", "level": 1}, {"value": "<div class=\"innerText\">If there are any questions regarding this privacy policy, you may contact us using the information below.<br/><br/></div>", "level": 0}, {"value": "<div class=\"innerText\">npr-zm.com</div>", "level": 0}, {"value": "<div class=\"innerText\">Workers Compensation House, 5th Floor, Room 5.95</div>", "level": 0}, {"value": "<div class=\"innerText\">Zambia</div>", "level": 0}, {"value": "<div class=\"innerText\">info@npr-zm.com</div>", "level": 0}, {"value": "<div class=\"innerText\"><br/>Last Edited on 2018-03-26</div>", "level": 0}]]