[[{"value": "<p class=\"MsoNormal\" style=\"mso-outline-level:1\"><b><span lang=\"EN-US\" style='font-size:24.0pt;font-family:\"Times New Roman\";mso-fareast-font-family:\n\"Times New Roman\";mso-font-kerning:18.0pt;mso-fareast-language:RU'>Privacy\nPolicy<o:p></o:p></span></b></p>", "level": 1}, {"value": "<p class=\"MsoNormal\" style=\"margin-top:0cm;margin-right:12.0pt;margin-bottom:\n0cm;margin-left:12.0pt;margin-bottom:.0001pt\"><span lang=\"EN-US\" style='font-family:\"Times New Roman\";mso-fareast-language:RU'>Effective as of December\n6, 2017<o:p></o:p></span></p>", "level": 0}, {"value": "<p class=\"MsoNormal\" style=\"margin-top:0cm;margin-right:12.0pt;margin-bottom:\n0cm;margin-left:12.0pt;margin-bottom:.0001pt\"><span lang=\"EN-US\" style='font-family:\"Times New Roman\";mso-fareast-language:RU'>We are committed\nto respecting your privacy and providing transparency about our data practices.\nThis Privacy Policy (this \u00d2Privacy Policy\u00d3) explains how Codabrasoft LLC.\n(\u00d2Company\u00d3 or \u00d2we\u00d3 or \u00d2us\u00d3) collects, stores, uses, and discloses personal\ninformation from our users (\u00d2you\u00d3) in connection with the KR Kids mobile\napplication and related services (collectively, the \u00d2App\u00d3).<o:p></o:p></span></p>", "level": 0}, {"value": "<p class=\"MsoNormal\" style=\"margin-top:0cm;margin-right:12.0pt;margin-bottom:\n0cm;margin-left:12.0pt;margin-bottom:.0001pt\"><span lang=\"EN-US\" style='font-family:\"Times New Roman\";mso-fareast-language:RU'>We reserve the\nright to and may change this Privacy Policy from time to time. If we make any\nmaterial changes, we will notify you by email (sent to the email address\nspecified when you register), through the App, or by presenting you with a new\nversion of this Privacy Policy for you to accept. Your continued use of the App\nafter the effective date of an updated version of the Privacy Policy will\nindicate your acceptance of the Privacy Policy as modified. We encourage you to\nperiodically review this website for the latest information on our privacy\npractices. If you do not accept the terms of the Privacy Policy, we ask that\nyou do not use the App. Please exit the App immediately if you do not agree to\nthe terms of this Privacy Policy.<o:p></o:p></span></p>", "level": 0}, {"value": "<p class=\"MsoNormal\" style=\"mso-outline-level:2\"><b><span lang=\"EN-US\" style='font-size:18.0pt;font-family:\"Times New Roman\";mso-fareast-font-family:\n\"Times New Roman\";mso-fareast-language:RU'>1. INFORMATION WE COLLECT<o:p></o:p></span></b></p>", "level": 0}, {"value": "<p class=\"MsoNormal\" style=\"margin-top:0cm;margin-right:24.0pt;margin-bottom:\n0cm;margin-left:24.0pt;margin-bottom:.0001pt;text-indent:-18.0pt;mso-outline-level:\n3;mso-list:l1 level1 lfo1;tab-stops:list 36.0pt\"><b><span lang=\"EN-US\" style='font-size:13.5pt;font-family:\"Times New Roman\";mso-fareast-font-family:\n\"Times New Roman\";mso-fareast-language:RU'><span style=\"mso-list:Ignore\">a.<span style='font:7.0pt \"Times New Roman\"'>\u00a0\u00a0\u00a0\u00a0\u00a0\u00a0\u00a0\u00a0\n</span></span></span></b><b><span lang=\"EN-US\" style='font-size:13.5pt;\nfont-family:\"Times New Roman\";mso-fareast-font-family:\"Times New Roman\";\nmso-fareast-language:RU'>Information You Provide to Us<o:p></o:p></span></b></p>", "level": 0}, {"value": "<p class=\"MsoNormal\" style=\"margin-top:0cm;margin-right:24.0pt;margin-bottom:\n0cm;margin-left:24.0pt;margin-bottom:.0001pt\"><span lang=\"EN-US\" style='font-family:\"Times New Roman\";mso-fareast-language:RU'>When you sign up\nto use the App, the types of personally identifiable information we may collect\ninclude your name, email address, gender, date of birth, and password, and as\nyou use the App, you may choose to provide personal information about your\nchild, such us name, date of birth, gender, and other, health-information such\nas weight, body temperature, and other information about health and activities\n(collectively, \u00d2Personal Information\u00d3). You will be able to modify and update\nyour Personal Information in the App.<o:p></o:p></span></p>", "level": 0}, {"value": "<p class=\"MsoNormal\" style=\"margin-top:0cm;margin-right:24.0pt;margin-bottom:\n0cm;margin-left:24.0pt;margin-bottom:.0001pt\"><span lang=\"EN-US\" style='font-family:\"Times New Roman\";mso-fareast-language:RU'>The App will\nallow you to share personal stories with us and other users of the App.<o:p></o:p></span></p>", "level": 0}, {"value": "<p class=\"MsoNormal\" style=\"margin-top:0cm;margin-right:24.0pt;margin-bottom:\n0cm;margin-left:24.0pt;margin-bottom:.0001pt\"><span lang=\"EN-US\" style='font-family:\"Times New Roman\";mso-fareast-language:RU'>You will also\nhave an option to permit us to import into the App data from third-party\nservices such as Apple HealthKit and Google Fit, among others. We will not use\nthe information gained through your use of the HealthKit and Google Fit\nframework for advertising or similar services, or sell it to advertising\nplatforms, data brokers, or information resellers. You expressly consent that\nwe may only share such information to a third party if they are also providing\na health or fitness service to you, or for medical research purposes, or for\nother purposes specified in this Privacy Policy and permitted under applicable\nagreements governing the use of Apple HealthKit and Google Fit frameworks.\nPermitting us to access third party information can help you to maximize your\nApp experience, and we will handle any such third-party information in\naccordance with this Privacy Policy.<o:p></o:p></span></p>", "level": 0}, {"value": "<p class=\"MsoNormal\" style=\"margin-top:0cm;margin-right:24.0pt;margin-bottom:\n0cm;margin-left:24.0pt;margin-bottom:.0001pt\"><span lang=\"EN-US\" style='font-family:\"Times New Roman\";mso-fareast-language:RU'>All information\nthat you provide to us through the App is automatically uploaded to our servers\nand is stored there in duplicate to the information stored on your device. If\nyou remove data from your account, you will no longer see it in the App, but\nsome backups of the data may remain in our archive servers.<o:p></o:p></span></p>", "level": 0}, {"value": "<p class=\"MsoNormal\" style=\"margin-top:0cm;margin-right:24.0pt;margin-bottom:\n0cm;margin-left:24.0pt;margin-bottom:.0001pt\"><span lang=\"EN-US\" style='font-family:\"Times New Roman\";mso-fareast-language:RU'>You are responsible\nfor ensuring the accuracy of the information that you submit to KR Kids. <o:p></o:p></span></p>", "level": 0}, {"value": "<p class=\"MsoNormal\" style=\"margin-top:0cm;margin-right:24.0pt;margin-bottom:\n0cm;margin-left:24.0pt;margin-bottom:.0001pt;text-indent:-18.0pt;mso-outline-level:\n3;mso-list:l1 level1 lfo1;tab-stops:list 36.0pt\"><b><span lang=\"EN-US\" style='font-size:13.5pt;font-family:\"Times New Roman\";mso-fareast-font-family:\n\"Times New Roman\";mso-fareast-language:RU'><span style=\"mso-list:Ignore\">b.<span style='font:7.0pt \"Times New Roman\"'>\u00a0\u00a0\u00a0\u00a0\u00a0\u00a0\u00a0\n</span></span></span></b><b><span lang=\"EN-US\" style='font-size:13.5pt;\nfont-family:\"Times New Roman\";mso-fareast-font-family:\"Times New Roman\";\nmso-fareast-language:RU'>Information We Collect Automatically<o:p></o:p></span></b></p>", "level": 0}, {"value": "<p class=\"MsoNormal\" style=\"margin-top:0cm;margin-right:24.0pt;margin-bottom:\n0cm;margin-left:24.0pt;margin-bottom:.0001pt\"><span lang=\"EN-US\" style='font-family:\"Times New Roman\";mso-fareast-language:RU'>When you access\nor use the App, we may automatically collect the following information:<o:p></o:p></span></p>", "level": 0}, {"value": "<p class=\"MsoNormal\" style=\"margin-top:0cm;margin-right:24.0pt;margin-bottom:\n0cm;margin-left:36.0pt;margin-bottom:.0001pt;text-indent:-18.0pt;mso-list:l1 level2 lfo1;\ntab-stops:list 72.0pt\"><span lang=\"EN-US\" style=\"font-size:\n10.0pt;mso-bidi-font-size:12.0pt;font-family:Symbol;mso-fareast-font-family:\nSymbol;mso-bidi-font-family:Symbol;mso-fareast-language:RU\"><span style=\"mso-list:Ignore\">_<span style='font:7.0pt \"Times New Roman\"'>\u00a0\u00a0\u00a0\u00a0\u00a0\u00a0\u00a0\u00a0\u00a0\u00a0\u00a0\u00a0\u00a0\n</span></span></span><b><span lang=\"EN-US\" style='font-family:\"Times New Roman\";\nmso-fareast-font-family:\"Times New Roman\";mso-fareast-language:RU'>Device\nInformation:</span></b><span lang=\"EN-US\" style='font-family:\"Times New Roman\";\nmso-fareast-font-family:\"Times New Roman\";mso-fareast-language:RU'>\u00a0We\ncollect information about the mobile device you use to access the App,\nincluding the hardware model, operating system and version, unique device\nidentifiers and mobile network information.<o:p></o:p></span></p>", "level": 0}, {"value": "<p class=\"MsoNormal\" style=\"margin-top:0cm;margin-right:24.0pt;margin-bottom:\n0cm;margin-left:36.0pt;margin-bottom:.0001pt;text-indent:-18.0pt;mso-list:l1 level2 lfo1;\ntab-stops:list 72.0pt\"><span lang=\"EN-US\" style=\"font-size:\n10.0pt;mso-bidi-font-size:12.0pt;font-family:Symbol;mso-fareast-font-family:\nSymbol;mso-bidi-font-family:Symbol;mso-fareast-language:RU\"><span style=\"mso-list:Ignore\">_<span style='font:7.0pt \"Times New Roman\"'>\u00a0\u00a0\u00a0\u00a0\u00a0\u00a0\u00a0\u00a0\u00a0\u00a0\u00a0\u00a0\u00a0\n</span></span></span><b><span lang=\"EN-US\" style='font-family:\"Times New Roman\";\nmso-fareast-font-family:\"Times New Roman\";mso-fareast-language:RU'>Location\nInformation:</span></b><span lang=\"EN-US\" style='font-family:\"Times New Roman\";\nmso-fareast-font-family:\"Times New Roman\";mso-fareast-language:RU'>\u00a0We\ncollect your IP address, time zone, and information about your mobile service\nprovider, which allows us to infer your general location.<o:p></o:p></span></p>", "level": 0}, {"value": "<p class=\"MsoNormal\" style=\"margin-top:0cm;margin-right:24.0pt;margin-bottom:\n0cm;margin-left:36.0pt;margin-bottom:.0001pt;text-indent:-18.0pt;mso-list:l1 level2 lfo1;\ntab-stops:list 72.0pt\"><span lang=\"EN-US\" style=\"font-size:\n10.0pt;mso-bidi-font-size:12.0pt;font-family:Symbol;mso-fareast-font-family:\nSymbol;mso-bidi-font-family:Symbol;mso-fareast-language:RU\"><span style=\"mso-list:Ignore\">_<span style='font:7.0pt \"Times New Roman\"'>\u00a0\u00a0\u00a0\u00a0\u00a0\u00a0\u00a0\u00a0\u00a0\u00a0\u00a0\u00a0\u00a0\n</span></span></span><b><span lang=\"EN-US\" style='font-family:\"Times New Roman\";\nmso-fareast-font-family:\"Times New Roman\";mso-fareast-language:RU'>Information\nCollected by Cookies and Other Tracking Technologies: </span></b><span lang=\"EN-US\" style='font-family:\"Times New Roman\";mso-fareast-font-family:\"Times New Roman\";\nmso-fareast-language:RU'>We use various technologies to collect information\nabout your use of the App, such as frequency of use, which areas and features\nof our App you visit and your use patterns generally, engagement tracking with\nparticular features, etc. To collect this information, we may send cookies to\nyour mobile device or computer. Cookies are small data files stored on your\nhard drive or in device memory.<o:p></o:p></span></p>", "level": 0}, {"value": "<p class=\"MsoNormal\" style=\"mso-outline-level:2\"><b><span lang=\"EN-US\" style='font-size:18.0pt;font-family:\"Times New Roman\";mso-fareast-font-family:\n\"Times New Roman\";mso-fareast-language:RU'>2. HOW WE USE INFORMATION<o:p></o:p></span></b></p>", "level": 0}, {"value": "<p class=\"MsoNormal\" style=\"margin-top:0cm;margin-right:12.0pt;margin-bottom:\n0cm;margin-left:12.0pt;margin-bottom:.0001pt\"><span lang=\"EN-US\" style='font-family:\"Times New Roman\";mso-fareast-language:RU'>We may use your\ninformation, including your Personal Information, as follows:<o:p></o:p></span></p>", "level": 0}, {"value": "<p class=\"MsoNormal\" style=\"margin-top:0cm;margin-right:24.0pt;margin-bottom:\n0cm;margin-left:24.0pt;margin-bottom:.0001pt;text-indent:-18.0pt;mso-list:l0 level1 lfo2;\ntab-stops:list 36.0pt\"><span lang=\"EN-US\" style=\"font-size:\n10.0pt;mso-bidi-font-size:12.0pt;font-family:Symbol;mso-fareast-font-family:\nSymbol;mso-bidi-font-family:Symbol;mso-fareast-language:RU\"><span style=\"mso-list:Ignore\">_<span style='font:7.0pt \"Times New Roman\"'>\u00a0\u00a0\u00a0\u00a0\u00a0\u00a0\u00a0\u00a0\u00a0\u00a0\u00a0\u00a0\u00a0\n</span></span></span><span lang=\"EN-US\" style='font-family:\"Times New Roman\";\nmso-fareast-font-family:\"Times New Roman\";mso-fareast-language:RU'>to analyze,\noperate, maintain and improve the App;<o:p></o:p></span></p>", "level": 0}, {"value": "<p class=\"MsoNormal\" style=\"margin-top:0cm;margin-right:24.0pt;margin-bottom:\n0cm;margin-left:24.0pt;margin-bottom:.0001pt;text-indent:-18.0pt;mso-list:l0 level1 lfo2;\ntab-stops:list 36.0pt\"><span lang=\"EN-US\" style=\"font-size:\n10.0pt;mso-bidi-font-size:12.0pt;font-family:Symbol;mso-fareast-font-family:\nSymbol;mso-bidi-font-family:Symbol;mso-fareast-language:RU\"><span style=\"mso-list:Ignore\">_<span style='font:7.0pt \"Times New Roman\"'>\u00a0\u00a0\u00a0\u00a0\u00a0\u00a0\u00a0\u00a0\u00a0\u00a0\u00a0\u00a0\u00a0\n</span></span></span><span lang=\"EN-US\" style='font-family:\"Times New Roman\";\nmso-fareast-font-family:\"Times New Roman\";mso-fareast-language:RU'>to customize\n<span class=\"GramE\">content</span> you see when you use the App;<o:p></o:p></span></p>", "level": 0}, {"value": "<p class=\"MsoNormal\" style=\"margin-top:0cm;margin-right:24.0pt;margin-bottom:\n0cm;margin-left:24.0pt;margin-bottom:.0001pt;text-indent:-18.0pt;mso-list:l0 level1 lfo2;\ntab-stops:list 36.0pt\"><span lang=\"EN-US\" style=\"font-size:\n10.0pt;mso-bidi-font-size:12.0pt;font-family:Symbol;mso-fareast-font-family:\nSymbol;mso-bidi-font-family:Symbol;mso-fareast-language:RU\"><span style=\"mso-list:Ignore\">_<span style='font:7.0pt \"Times New Roman\"'>\u00a0\u00a0\u00a0\u00a0\u00a0\u00a0\u00a0\u00a0\u00a0\u00a0\u00a0\u00a0\u00a0\n</span></span></span><span lang=\"EN-US\" style='font-family:\"Times New Roman\";\nmso-fareast-font-family:\"Times New Roman\";mso-fareast-language:RU'>to provide\nand deliver the products and services you request, process transactions and\nsend you related information, including confirmations and reminders;<o:p></o:p></span></p>", "level": 0}, {"value": "<p class=\"MsoNormal\" style=\"margin-top:0cm;margin-right:24.0pt;margin-bottom:\n0cm;margin-left:24.0pt;margin-bottom:.0001pt;text-indent:-18.0pt;mso-list:l0 level1 lfo2;\ntab-stops:list 36.0pt\"><span lang=\"EN-US\" style=\"font-size:\n10.0pt;mso-bidi-font-size:12.0pt;font-family:Symbol;mso-fareast-font-family:\nSymbol;mso-bidi-font-family:Symbol;mso-fareast-language:RU\"><span style=\"mso-list:Ignore\">_<span style='font:7.0pt \"Times New Roman\"'>\u00a0\u00a0\u00a0\u00a0\u00a0\u00a0\u00a0\u00a0\u00a0\u00a0\u00a0\u00a0\u00a0\n</span></span></span><span lang=\"EN-US\" style='font-family:\"Times New Roman\";\nmso-fareast-font-family:\"Times New Roman\";mso-fareast-language:RU'>to customize\nproduct and service offerings and recommendations to you, including third-party\nproducts and offerings (except data from Apple HealthKit and Google Fit);<o:p></o:p></span></p>", "level": 0}, {"value": "<p class=\"MsoNormal\" style=\"margin-top:0cm;margin-right:24.0pt;margin-bottom:\n0cm;margin-left:24.0pt;margin-bottom:.0001pt;text-indent:-18.0pt;mso-list:l0 level1 lfo2;\ntab-stops:list 36.0pt\"><span lang=\"EN-US\" style=\"font-size:\n10.0pt;mso-bidi-font-size:12.0pt;font-family:Symbol;mso-fareast-font-family:\nSymbol;mso-bidi-font-family:Symbol;mso-fareast-language:RU\"><span style=\"mso-list:Ignore\">_<span style='font:7.0pt \"Times New Roman\"'>\u00a0\u00a0\u00a0\u00a0\u00a0\u00a0\u00a0\u00a0\u00a0\u00a0\u00a0\u00a0\u00a0\n</span></span></span><span lang=\"EN-US\" style='font-family:\"Times New Roman\";\nmso-fareast-font-family:\"Times New Roman\";mso-fareast-language:RU'>to verify\nyour identity;<o:p></o:p></span></p>", "level": 0}, {"value": "<p class=\"MsoNormal\" style=\"margin-top:0cm;margin-right:24.0pt;margin-bottom:\n0cm;margin-left:24.0pt;margin-bottom:.0001pt;text-indent:-18.0pt;mso-list:l0 level1 lfo2;\ntab-stops:list 36.0pt\"><span lang=\"EN-US\" style=\"font-size:\n10.0pt;mso-bidi-font-size:12.0pt;font-family:Symbol;mso-fareast-font-family:\nSymbol;mso-bidi-font-family:Symbol;mso-fareast-language:RU\"><span style=\"mso-list:Ignore\">_<span style='font:7.0pt \"Times New Roman\"'>\u00a0\u00a0\u00a0\u00a0\u00a0\u00a0\u00a0\u00a0\u00a0\u00a0\u00a0\u00a0\u00a0\n</span></span></span><span lang=\"EN-US\" style='font-family:\"Times New Roman\";\nmso-fareast-font-family:\"Times New Roman\";mso-fareast-language:RU'>to send you\ntechnical notices, updates, security alerts and support and administrative\nmessages;<o:p></o:p></span></p>", "level": 0}, {"value": "<p class=\"MsoNormal\" style=\"margin-top:0cm;margin-right:24.0pt;margin-bottom:\n0cm;margin-left:24.0pt;margin-bottom:.0001pt;text-indent:-18.0pt;mso-list:l0 level1 lfo2;\ntab-stops:list 36.0pt\"><span lang=\"EN-US\" style=\"font-size:\n10.0pt;mso-bidi-font-size:12.0pt;font-family:Symbol;mso-fareast-font-family:\nSymbol;mso-bidi-font-family:Symbol;mso-fareast-language:RU\"><span style=\"mso-list:Ignore\">_<span style='font:7.0pt \"Times New Roman\"'>\u00a0\u00a0\u00a0\u00a0\u00a0\u00a0\u00a0\u00a0\u00a0\u00a0\u00a0\u00a0\u00a0\n</span></span></span><span lang=\"EN-US\" style='font-family:\"Times New Roman\";\nmso-fareast-font-family:\"Times New Roman\";mso-fareast-language:RU'>to respond\nto your comments, questions and requests and provide customer service;<o:p></o:p></span></p>", "level": 0}, {"value": "<p class=\"MsoNormal\" style=\"margin-top:0cm;margin-right:24.0pt;margin-bottom:\n0cm;margin-left:24.0pt;margin-bottom:.0001pt;text-indent:-18.0pt;mso-list:l0 level1 lfo2;\ntab-stops:list 36.0pt\"><span lang=\"EN-US\" style=\"font-size:\n10.0pt;mso-bidi-font-size:12.0pt;font-family:Symbol;mso-fareast-font-family:\nSymbol;mso-bidi-font-family:Symbol;mso-fareast-language:RU\"><span style=\"mso-list:Ignore\">_<span style='font:7.0pt \"Times New Roman\"'>\u00a0\u00a0\u00a0\u00a0\u00a0\u00a0\u00a0\u00a0\u00a0\u00a0\u00a0\u00a0\u00a0\n</span></span></span><span lang=\"EN-US\" style='font-family:\"Times New Roman\";\nmso-fareast-font-family:\"Times New Roman\";mso-fareast-language:RU'>to monitor\nand analyze trends, usage and activities in connection with our App;<o:p></o:p></span></p>", "level": 0}, {"value": "<p class=\"MsoNormal\" style=\"margin-top:0cm;margin-right:24.0pt;margin-bottom:\n0cm;margin-left:24.0pt;margin-bottom:.0001pt;text-indent:-18.0pt;mso-list:l0 level1 lfo2;\ntab-stops:list 36.0pt\"><span lang=\"EN-US\" style=\"font-size:\n10.0pt;mso-bidi-font-size:12.0pt;font-family:Symbol;mso-fareast-font-family:\nSymbol;mso-bidi-font-family:Symbol;mso-fareast-language:RU\"><span style=\"mso-list:Ignore\">_<span style='font:7.0pt \"Times New Roman\"'>\u00a0\u00a0\u00a0\u00a0\u00a0\u00a0\u00a0\u00a0\u00a0\u00a0\u00a0\u00a0\u00a0\n</span></span></span><span lang=\"EN-US\" style='font-family:\"Times New Roman\";\nmso-fareast-font-family:\"Times New Roman\";mso-fareast-language:RU'>solely with\nrespect to information that you mark for sharing, for Company promotional\npurposes (except data from Apple HealthKit and Google Fit);<o:p></o:p></span></p>", "level": 0}, {"value": "<p class=\"MsoNormal\" style=\"margin-top:0cm;margin-right:24.0pt;margin-bottom:\n0cm;margin-left:24.0pt;margin-bottom:.0001pt;text-indent:-18.0pt;mso-list:l0 level1 lfo2;\ntab-stops:list 36.0pt\"><span lang=\"EN-US\" style=\"font-size:\n10.0pt;mso-bidi-font-size:12.0pt;font-family:Symbol;mso-fareast-font-family:\nSymbol;mso-bidi-font-family:Symbol;mso-fareast-language:RU\"><span style=\"mso-list:Ignore\">_<span style='font:7.0pt \"Times New Roman\"'>\u00a0\u00a0\u00a0\u00a0\u00a0\u00a0\u00a0\u00a0\u00a0\u00a0\u00a0\u00a0\u00a0\n</span></span></span><span lang=\"EN-US\" style='font-family:\"Times New Roman\";\nmso-fareast-font-family:\"Times New Roman\";mso-fareast-language:RU'>to link or\ncombine with information we get from others to help understand your needs and\nprovide you with better service; and<o:p></o:p></span></p>", "level": 0}, {"value": "<p class=\"MsoNormal\" style=\"margin-top:0cm;margin-right:24.0pt;margin-bottom:\n0cm;margin-left:24.0pt;margin-bottom:.0001pt;text-indent:-18.0pt;mso-list:l0 level1 lfo2;\ntab-stops:list 36.0pt\"><span lang=\"EN-US\" style=\"font-size:\n10.0pt;mso-bidi-font-size:12.0pt;font-family:Symbol;mso-fareast-font-family:\nSymbol;mso-bidi-font-family:Symbol;mso-fareast-language:RU\"><span style=\"mso-list:Ignore\">_<span style='font:7.0pt \"Times New Roman\"'>\u00a0\u00a0\u00a0\u00a0\u00a0\u00a0\u00a0\u00a0\u00a0\u00a0\u00a0\u00a0\u00a0\n</span></span></span><span lang=\"EN-US\" style='font-family:\"Times New Roman\";\nmso-fareast-font-family:\"Times New Roman\";mso-fareast-language:RU'>for any\nother purposes disclosed to you at the time we collect Personal Information.<o:p></o:p></span></p>", "level": 0}, {"value": "<p class=\"MsoNormal\" style=\"mso-outline-level:2\"><b><span lang=\"EN-US\" style='font-size:18.0pt;font-family:\"Times New Roman\";mso-fareast-font-family:\n\"Times New Roman\";mso-fareast-language:RU'>3. DISCLOSURE OF INFORMATION<o:p></o:p></span></b></p>", "level": 0}, {"value": "<p class=\"MsoNormal\" style=\"margin-top:0cm;margin-right:24.0pt;margin-bottom:\n0cm;margin-left:24.0pt;margin-bottom:.0001pt;text-indent:-18.0pt;mso-outline-level:\n3;mso-list:l2 level1 lfo3;tab-stops:list 36.0pt\"><b><span lang=\"EN-US\" style='font-size:13.5pt;font-family:\"Times New Roman\";mso-fareast-font-family:\n\"Times New Roman\";mso-fareast-language:RU'><span style=\"mso-list:Ignore\">a.<span style='font:7.0pt \"Times New Roman\"'>\u00a0\u00a0\u00a0\u00a0\u00a0\u00a0\u00a0\u00a0\n</span></span></span></b><b><span lang=\"EN-US\" style='font-size:13.5pt;\nfont-family:\"Times New Roman\";mso-fareast-font-family:\"Times New Roman\";\nmso-fareast-language:RU'>Information We Share with Third Parties<o:p></o:p></span></b></p>", "level": 0}, {"value": "<p class=\"MsoNormal\" style=\"margin-top:0cm;margin-right:24.0pt;margin-bottom:\n0cm;margin-left:24.0pt;margin-bottom:.0001pt\"><span lang=\"EN-US\" style='font-family:\"Times New Roman\";mso-fareast-language:RU'>We may share\ncertain Personal Information with third party vendors who supply software\napplications, web hosting and other technologies for the App. We will only\nprovide these third parties with access to information that is reasonably\nnecessary to perform their work or comply with the law. Those third parties\nwill never use such information for any other purpose except to provide\nservices in connection with the App.<o:p></o:p></span></p>", "level": 0}, {"value": "<p class=\"MsoNormal\" style=\"margin-top:0cm;margin-right:24.0pt;margin-bottom:\n0cm;margin-left:24.0pt;margin-bottom:.0001pt;text-indent:-18.0pt;mso-outline-level:\n3;mso-list:l2 level1 lfo3;tab-stops:list 36.0pt\"><b><span lang=\"EN-US\" style='font-size:13.5pt;font-family:\"Times New Roman\";mso-fareast-font-family:\n\"Times New Roman\";mso-fareast-language:RU'><span style=\"mso-list:Ignore\">b.<span style='font:7.0pt \"Times New Roman\"'>\u00a0\u00a0\u00a0\u00a0\u00a0\u00a0\u00a0\n</span></span></span></b><b><span lang=\"EN-US\" style='font-size:13.5pt;\nfont-family:\"Times New Roman\";mso-fareast-font-family:\"Times New Roman\";\nmso-fareast-language:RU'>Aggregated Information<o:p></o:p></span></b></p>", "level": 0}, {"value": "<p class=\"MsoNormal\" style=\"margin-top:0cm;margin-right:24.0pt;margin-bottom:\n0cm;margin-left:24.0pt;margin-bottom:.0001pt\"><span lang=\"EN-US\" style='font-family:\"Times New Roman\";mso-fareast-language:RU'>We may also share\naggregated, anonymized or de-identified information, which cannot reasonably be\nused to identify you. For example, we may share, including, without limitation,\nin articles, blog posts and scientific publications, general age demographic\ninformation and aggregate statistics about certain activities or symptoms from\ndata collected to help identify patterns across users.<o:p></o:p></span></p>", "level": 0}, {"value": "<p class=\"MsoNormal\" style=\"margin-top:0cm;margin-right:24.0pt;margin-bottom:\n0cm;margin-left:24.0pt;margin-bottom:.0001pt;text-indent:-18.0pt;mso-outline-level:\n3;mso-list:l2 level1 lfo3;tab-stops:list 36.0pt\"><b><span lang=\"EN-US\" style='font-size:13.5pt;font-family:\"Times New Roman\";mso-fareast-font-family:\n\"Times New Roman\";mso-fareast-language:RU'><span style=\"mso-list:Ignore\">c.<span style='font:7.0pt \"Times New Roman\"'>\u00a0\u00a0\u00a0\u00a0\u00a0\u00a0\u00a0\u00a0\u00a0\n</span></span></span></b><b><span lang=\"EN-US\" style='font-size:13.5pt;\nfont-family:\"Times New Roman\";mso-fareast-font-family:\"Times New Roman\";\nmso-fareast-language:RU'>Special Circumstances<o:p></o:p></span></b></p>", "level": 0}, {"value": "<p class=\"MsoNormal\" style=\"margin-top:0cm;margin-right:24.0pt;margin-bottom:\n0cm;margin-left:24.0pt;margin-bottom:.0001pt\"><span lang=\"EN-US\" style='font-family:\"Times New Roman\";mso-fareast-language:RU'>We will not share\nor sell any of your Personal Information to any third party except as otherwise\nstated in this Privacy Policy and in the following circumstances: (i) in\nresponse to subpoenas, court orders or legal processes, to the extent permitted\nand as restricted by law; (ii) when disclosure is required to maintain the\nsecurity and integrity of the App, or to protect any user\u00d5s security or the\nsecurity of other persons, consistent with applicable laws; (iii) when disclosure\nis directed or consented to by the user who has input the Personal Information;\nor (iv) in the event that we go through a business transition, such as a\nmerger, divestiture, acquisition, liquidation or sale of all or a portion of\nits assets, your information will, in most instances, be part of the assets\ntransferred.<o:p></o:p></span></p>", "level": 0}, {"value": "<p class=\"MsoNormal\" style=\"margin-top:0cm;margin-right:24.0pt;margin-bottom:\n0cm;margin-left:24.0pt;margin-bottom:.0001pt;text-indent:-18.0pt;mso-outline-level:\n3;mso-list:l2 level1 lfo3;tab-stops:list 36.0pt\"><b><span lang=\"EN-US\" style='font-size:13.5pt;font-family:\"Times New Roman\";mso-fareast-font-family:\n\"Times New Roman\";mso-fareast-language:RU'><span style=\"mso-list:Ignore\">d.<span style='font:7.0pt \"Times New Roman\"'>\u00a0\u00a0\u00a0\u00a0\u00a0\u00a0\u00a0\n</span></span></span></b><b><span lang=\"EN-US\" style='font-size:13.5pt;\nfont-family:\"Times New Roman\";mso-fareast-font-family:\"Times New Roman\";\nmso-fareast-language:RU'>Retained Information<o:p></o:p></span></b></p>", "level": 0}, {"value": "<p class=\"MsoNormal\" style=\"margin-top:0cm;margin-right:24.0pt;margin-bottom:\n0cm;margin-left:24.0pt;margin-bottom:.0001pt\"><span lang=\"EN-US\" style='font-family:\"Times New Roman\";mso-fareast-language:RU'>We will retain\nyour Personal Information as long as your account is active or needed to\nprovide you services. At any time you can remove your Personal Information or\ninstruct us to remove it by emailing us at\u00a0<b><u><span style=\"color:blue\"><a href=\"mailto:info@codabrasoft.com\">info@codabrasoft.com</a></span></u></b>, but\nyou should be aware that we may retain certain personal information after your\naccount has been terminated in an aggregated, anonymized form. We reserve the\nright to use your information in any aggregated data collection after you have\nterminated your account, however we will ensure that the use of such\ninformation will not identify you personally. We will also retain your Personal\nInformation as necessary to comply with legal obligations, resolve disputes and\nenforce our agreements.<o:p></o:p></span></p>", "level": 0}, {"value": "<p class=\"MsoNormal\" style=\"mso-outline-level:2\"><b><span lang=\"EN-US\" style='font-size:18.0pt;font-family:\"Times New Roman\";mso-fareast-font-family:\n\"Times New Roman\";mso-fareast-language:RU'>4. INFORMATION YOU ELECT TO SHARE\nWITH THIRD PARTIES<o:p></o:p></span></b></p>", "level": 0}, {"value": "<p class=\"MsoNormal\" style=\"margin-top:0cm;margin-right:12.0pt;margin-bottom:\n0cm;margin-left:12.0pt;margin-bottom:.0001pt\"><span lang=\"EN-US\" style='font-family:\"Times New Roman\";mso-fareast-language:RU'>You can direct us\nto share data from the App with other parties. For example, you can permit us\nto share data with other health apps and services like Google Fit and Apple\nHealthKit. Once you direct us to share your data with a third party, that third\nparty will have their own privacy policy and we do not control how the third party\nuses or handles the information. You can revoke your consent to share\ninformation with such a third party at any time in your App account settings.<o:p></o:p></span></p>", "level": 0}, {"value": "<p class=\"MsoNormal\" style=\"mso-outline-level:2\"><b><span lang=\"EN-US\" style='font-size:18.0pt;font-family:\"Times New Roman\";mso-fareast-font-family:\n\"Times New Roman\";mso-fareast-language:RU'>5. SECURITY<o:p></o:p></span></b></p>", "level": 0}, {"value": "<p class=\"MsoNormal\" style=\"margin-top:0cm;margin-right:12.0pt;margin-bottom:\n0cm;margin-left:12.0pt;margin-bottom:.0001pt\"><span lang=\"EN-US\" style='font-family:\"Times New Roman\";mso-fareast-language:RU'>We take\ncommercially reasonable measures to protect all collected information from\nloss, theft, misuse and unauthorized access, disclosure, alteration and\ndestruction. Please understand that you can help keep your information secure\nby choosing and protecting your password appropriately, not sharing your\npassword and preventing others from using your mobile device. Please understand\nthat no security system is perfect and, as such, we cannot guarantee the\nsecurity of the App, or that your information won\u00d5t be intercepted while being\ntransmitted to us. If we learn of a security systems breach, we may either post\na notice, or attempt to notify you by email and will take reasonable steps to\nremedy the breach.<o:p></o:p></span></p>", "level": 0}, {"value": "<p class=\"MsoNormal\" style=\"margin-top:0cm;margin-right:12.0pt;margin-bottom:\n0cm;margin-left:12.0pt;margin-bottom:.0001pt\"><span lang=\"EN-US\" style='font-family:\"Times New Roman\";mso-fareast-language:RU'>We process\ninformation in a way that is compatible with and relevant for the purpose for\nwhich it was collected. To the extent necessary for those purposes, we take\nreasonable steps to ensure that any information in our care is accurate,\ncomplete, current and reliable for its intended use.<o:p></o:p></span></p>", "level": 0}, {"value": "<p class=\"MsoNormal\" style=\"mso-outline-level:2\"><b><span lang=\"EN-US\" style='font-size:18.0pt;font-family:\"Times New Roman\";mso-fareast-font-family:\n\"Times New Roman\";mso-fareast-language:RU'>6. CHILDREN\u00d5S PRIVACY<o:p></o:p></span></b></p>", "level": 0}, {"value": "<p class=\"MsoNormal\" style=\"margin-left:14.2pt;mso-outline-level:2\"><span lang=\"EN-US\" style='font-family:\"Times New Roman\";mso-fareast-language:RU'>This APP\nis not intended for children under the age of 13. We will not knowingly collect\npersonally identifiable information via this APP from visitors in this age\ngroup. We do, however, collect information about children and babies from their\nparents or their caregivers (nannies, baby-sitters, ...). We ask that our users\nnot provide information about a baby or child without first getting the\nparents' consent.<o:p></o:p></span></p>", "level": 0}, {"value": "<p class=\"MsoNormal\" style=\"mso-outline-level:2\"><b><span lang=\"EN-US\" style='font-size:18.0pt;font-family:\"Times New Roman\";mso-fareast-font-family:\n\"Times New Roman\";mso-fareast-language:RU'>7. THIRD PARTY LINKS<o:p></o:p></span></b></p>", "level": 0}, {"value": "<p class=\"MsoNormal\" style=\"margin-top:0cm;margin-right:12.0pt;margin-bottom:\n0cm;margin-left:12.0pt;margin-bottom:.0001pt\"><span lang=\"EN-US\" style='font-family:\"Times New Roman\";mso-fareast-language:RU'>Although the App\nmay contain links to third party websites or services, we are not responsible\nfor the privacy policies and/or practices on those third-party websites or\nservices. Please understand that this Privacy Policy applies only to\ninformation we collect from you. Where we have linked to a third-party website\nor service, you should read the privacy policy stated on that third-party\nwebsite or service.<o:p></o:p></span></p>", "level": 0}, {"value": "<p class=\"MsoNormal\" style=\"mso-outline-level:2\"><b><span lang=\"EN-US\" style='font-size:18.0pt;font-family:\"Times New Roman\";mso-fareast-font-family:\n\"Times New Roman\";mso-fareast-language:RU'>8. EMAIL COMMUNICATIONS<o:p></o:p></span></b></p>", "level": 0}, {"value": "<p class=\"MsoNormal\" style=\"margin-top:0cm;margin-right:12.0pt;margin-bottom:\n0cm;margin-left:12.0pt;margin-bottom:.0001pt\"><span lang=\"EN-US\" style='font-family:\"Times New Roman\";mso-fareast-language:RU'>We may contact\nyou from time to time via email to communicate with you about products,\nservices, offers, promotions, rewards, and events offered by us and others, and\nprovide news and information that we think will be of interest to you. You can\nalways opt out of receiving emails by unsubscribing via the \u00d2Unsubscribe\u00d3 link\ncontained in the email. Opting-out of these emails will not end transmission of\nimportant service-related emails that are necessary to your use of the App.<o:p></o:p></span></p>", "level": 0}, {"value": "<p class=\"MsoNormal\" style=\"margin-top:0cm;margin-right:12.0pt;margin-bottom:\n0cm;margin-left:12.0pt;margin-bottom:.0001pt\"><span lang=\"EN-US\" style='font-family:\"Times New Roman\";mso-fareast-language:RU'>This Privacy\nPolicy does not apply to information, content, business information, ideas,\nconcepts or inventions that you send to the Company by email. If you want to keep\ncontent or business information, ideas, concepts or inventions private or\nproprietary, do not send them in an email to the Company.<o:p></o:p></span></p>", "level": 0}, {"value": "<p class=\"MsoNormal\" style=\"mso-outline-level:2\"><b><span lang=\"EN-US\" style='font-size:18.0pt;font-family:\"Times New Roman\";mso-fareast-font-family:\n\"Times New Roman\";mso-fareast-language:RU'>9. INTERNATIONAL TRANSFERS<o:p></o:p></span></b></p>", "level": 0}, {"value": "<p class=\"MsoNormal\" style=\"margin-top:0cm;margin-right:12.0pt;margin-bottom:\n0cm;margin-left:12.0pt;margin-bottom:.0001pt\"><span lang=\"EN-US\" style='font-family:\"Times New Roman\";mso-fareast-language:RU'>The Company is\nbased the United States and the information we collect is governed by U.S. law.\nPlease be advised that U.S. law and laws of other countries may not offer the\nsame protections as the law of your jurisdiction.<o:p></o:p></span></p>", "level": 0}, {"value": "<p class=\"MsoNormal\" style=\"margin-top:0cm;margin-right:12.0pt;margin-bottom:\n0cm;margin-left:12.0pt;margin-bottom:.0001pt\"><span lang=\"EN-US\" style='font-family:\"Times New Roman\";mso-fareast-language:RU'>In addition, you\nagree that information collected through the App may be stored and processed in\nCanada, where the Company currently rents servers, or in any other country in\nwhich the Company or its affiliates, subsidiaries or agents maintain\nfacilities, and by using the App, you consent to any such transfer of\ninformation outside of your country.<o:p></o:p></span></p>", "level": 0}, {"value": "<p class=\"MsoNormal\" style=\"mso-outline-level:2\"><b><span lang=\"EN-US\" style='font-size:18.0pt;font-family:\"Times New Roman\";mso-fareast-font-family:\n\"Times New Roman\";mso-fareast-language:RU'>10. WHAT CHOICES DO I HAVE?<o:p></o:p></span></b></p>", "level": 0}, {"value": "<p class=\"MsoNormal\" style=\"margin-top:0cm;margin-right:12.0pt;margin-bottom:\n0cm;margin-left:12.0pt;margin-bottom:.0001pt\"><span lang=\"EN-US\" style='font-family:\"Times New Roman\";mso-fareast-language:RU'>If you do not\nwant your Personal Information used by the App or the Company as provided in\nthis Privacy Policy, you should not register as a user. You may correct, update\nor review Personal Information you have submitted through registration, tools\nand applications by signing in and updating your registration information. If\nyou have registered and would like to remove your personal information from the\nsite, you may email us at\u00a0<b><u><span style=\"color:blue\"><a href=\"mailto:info@codabrasoft.com\">info@codabrasoft.com</a></span></u></b>, and\nwe will delete your Personal Information.<o:p></o:p></span></p>", "level": 0}, {"value": "<p class=\"MsoNormal\" style=\"mso-outline-level:2\"><b><span lang=\"EN-US\" style='font-size:18.0pt;font-family:\"Times New Roman\";mso-fareast-font-family:\n\"Times New Roman\";mso-fareast-language:RU'>11. CONTACT US<o:p></o:p></span></b></p>", "level": 0}, {"value": "<p class=\"MsoNormal\" style=\"margin-top:0cm;margin-right:12.0pt;margin-bottom:\n0cm;margin-left:12.0pt;margin-bottom:.0001pt\"><span lang=\"EN-US\" style='font-family:\"Times New Roman\";mso-fareast-language:RU'>If you would like\nto update your Personal Information, delete your account, change your\npreferences or have any questions or concerns about your privacy, you may\ncontact us at\u00a0<b><u><span style=\"color:blue\"><a href=\"mailto:info@codabrasoft.com\">info@codabrasoft.com</a></span></u></b>. As\nmentioned above, if you would like to remove your personal information from our\nsite, please contact us. Please note that some information may remain in our\nrecords after deletion of your account, including any information or records\nthat we are legally obligated to retain or that we elect to retain for\nlegitimate business purposes.<o:p></o:p></span></p>", "level": 0}]]