[[{"value": "<h1>Privacy Policy</h1>", "level": 9}], [{"value": "<h3>1. Who is responsible for processing your data and how to contact us</h3>", "level": 7}, {"value": "<p>This Privacy Notice applies to all of our games, websites and related services, collectively referred here as our Services. Your continued use of the Services after the effective date will be subject to the new Privacy Notice.</p>", "level": 0}, {"value": "<p>We know that you care about how your personal information is used and shared, and we take your privacy seriously.</p>", "level": 0}, {"value": "<p>For the purpose of the General Data Protection Regulation 2016/679 and any implementing legislation (the \u201cGDPR\u201d), 4Enjoy Games LLC (referred to as \u00e2\u0080\u009c4Enjoy\u00e2\u0080\u009d, \u00e2\u0080\u009cwe\u00e2\u0080\u009d, \u00e2\u0080\u009cus\u00e2\u0080\u009d, or \u00e2\u0080\u009cour\u00e2\u0080\u009d) will be the data controller responsible for any personal data we process.</p>", "level": 0}, {"value": "<p>If you have any questions or concerns about this Privacy Policy, including those related to exercise any of your rights, please contact us through the email below.</p>", "level": 0}, {"value": "<p>The data controller: 4Enjoy O\u00c3\u009c<br/>\nEmail: <a href=\"mailto:support@4enjoy.com\">support@4enjoy.com</a></p>", "level": 0}], [{"value": "<h3>2. WHAT PERSONAL DATA WE COLLECT AND WHY?</h3>", "level": 7}, {"value": "<p>We may source, use and otherwise process your personal data in different ways. In all cases we are committed to protecting your personal data.<br/>\nIn each of the sections listed below, we describe how we obtain your personal data and how we treat it.</p>", "level": 0}, {"value": "<p>A \u2013 Sources of personal data</p>", "level": 0}, {"value": "<p>We may obtain your personal data from the following sources:<br/>\na) from you directly (through the game, website or online forms); and/or<br/>\nb) from third parties, service providers that are assisting us in providing you with a service, or from your social networks accounts you used to sign in to our online services (for example, Facebook, Google, Game Circle, Weibo).</p>", "level": 0}, {"value": "<p>B \u2013 Personal data that we collect and process</p>", "level": 0}, {"value": "<p>We may collect the following categories of personal data relating to our existing or prospective individual customers:<br/>\n\u00d0\u00b0) Contact information (such as name or nickname or email you submit as part of your register for our Services or log-in or via social networks);<br/>\nb) Data about your account and game progress, we create a specific ID for you when you use the Services;<br/>\nc) Your IP address and unique mobile device identification numbers (such as your device ID, advertising ID, MAC address);<br/>\nd) Data about your device, such as manufacturer, operating system, CPU, RAM, browser type and language;<br/>\ne) Broad location data (e.g. country or city-level location);<br/>\nf) Precise geolocation data (GPS, with your consent);<br/>\ng) Data we collect with cookies and similar technologies;<br/>\nh) Data we receive if you link a third party tool with the Service (such as Facebook, Google or Weibo);<br/>\ni) details of orders (amount spent, date, time, vouchers or offers used);<br/>\nj) Data to fight fraud (such as refund abuse in games or click fraud in advertising);<br/>\nk) Data from platforms that the games run on (such as to verify payment);<br/>\nl) Data for advertising and analytics purposes, so we can provide you a better Service;<br/>\nm) Your messages to the Services (such as chat logs and player support tickets) any feedback you submitted about your experience with us; and/or<br/>\nn) Other data you choose to give us.</p>", "level": 0}, {"value": "<p>C \u2013 Why do we collect your personal data and what are our lawful bases for it?</p>", "level": 0}, {"value": "<table>\n<thead>\n<tr>\n<td><strong>We may use your personal data to:</strong></td>\n<td><strong>Our lawful basis for doing so is:</strong></td>\n</tr>\n</thead>\n<tbody>\n<tr>\n<td>Provide you with our products or services (for example, play one of our online games and make online purchases)</td>\n<td>Contract</td>\n</tr>\n</tbody>\n</table>", "level": 0}, {"value": "<table>\n<thead>\n<tr>\n<td><strong>We may use your personal data to:</strong></td>\n<td><strong>Our lawful basis for doing so is:</strong></td>\n<td><strong>Our legitimate interests in doing so are:</strong></td>\n</tr>\n</thead>\n<tbody>\n<tr>\n<td>Establish and manage our relationship (this covers making your experience with us personalised, dealing with complaints or maintaining your account with us)</td>\n<td rowspan=\"4\">Legitimate Interest</td>\n<td>Account Management<br/>\nManagement Reporting (including at an intra-group level)<br/>\nExercise or defend legal claims</td>\n</tr>\n<tr>\n<td>Learn about how our products and services are or may be used (for example, when we ask you to fill out surveys about the experience you had with us)</td>\n<td>Understand the market in which we operate<br/>\nManagement Reporting (including at an intra-group level)</td>\n</tr>\n<tr>\n<td>Security (ensuring confidentiality of personal information or preventing unauthorised access and modifications to our systems)</td>\n<td>Managing security, risk and fraud prevention<br/>\nManagement Reporting (including at an intra-group level)</td>\n</tr>\n<tr>\n<td>Let you know about our products, services and events that may be of interest to you by email or other forms of electronic communication</td>\n<td>Promote our goods and services<br/>\nManagement Reporting (including at an intra-group level)</td>\n</tr>\n</tbody>\n</table>", "level": 0}, {"value": "<p>If you object to us using your personal data for the above purposes, including direct marketing, please let us know using the email address provided in section 1.<br/>\nWhere we use your email to communicate marketing information to you we will seek your prior consent where required to do so by law.<br/>\nWe do not knowingly collect or solicit personal data about or direct or target interest based advertising to anyone under the age of 16 or knowingly allow such persons to use our Services. If you are under 16, please do not send any data about yourself to us, including your name, address, telephone number, or email address. No one under the age of 16 may provide any personal data. If we learn that we have collected personal data about a child under age 16, we will delete that data as quickly as possible. If you believe that we might have any data from or about a child under the age of 16, please contact us.</p>", "level": 0}, {"value": "<p>D \u00e2\u0080\u0093 How long do we keep your personal data?</p>", "level": 0}, {"value": "<p>We will process your personal data only for as long as is necessary for the purposes for which it was collected in connection with the provision of service to you, unless we have a legal right or obligation to retain the data for a longer period, or the data is necessary for the establishment, exercise or defence of legal claims.</p>", "level": 0}], [{"value": "<h3>3. WHO DO WE SHARE YOUR PERSONAL DATA WITH</h3>", "level": 7}, {"value": "<p>We do not sell your personal data to third parties.<br/>\n<em>Our Partner Organisations and Service Providers</em><br/>\nWe may disclose information about you to organisations that provide a service to us, ensuring that they are contractually obligated to keep your personal data confidential and will comply with the GDPR and other relevant data protection laws.<br/>\nWe may share your information with the following types of service providers:<br/>\na) technical support providers who assist with our website and IT infrastructure,<br/>\nb) third party software providers, including \u00e2\u0080\u0098software as a service\u00e2\u0080\u0099 solution providers, where the provider hosts the relevant personal data on our behalf;<br/>\nc)professional advisers such as solicitors, accountants, tax advisors, auditors and insurance brokers;<br/>\nd) providers that help us generate and collate reviews in relation to our goods and services;<br/>\ne) our advertising and promotional agencies and consultants and those organisations or online platforms selected by us to carry out marketing campaigns on our behalf and to advertise their own products or services that may be of interest to you; and/or<br/>\nf) service providers that assist us in providing our services.<br/>\n<em>Law enforcement or government bodies</em><br/>\nWe may disclose your personal data as permitted by law in order to investigate, prevent or take action regarding illegal activities, suspected fraud, violation of our intellectual property rights, situations involving potential threats to the physical safety of any person, violation of our Terms and Conditions or other agreements, or as required by law.</p>", "level": 0}], [{"value": "<h3>4. TRANSFERS OF PERSONAL DATA OUTSIDE THE EU/EUROPEAN ECONOMIC AREA</h3>", "level": 7}, {"value": "<p>We share your personal data with our affiliates in the EU and outside the EU. International transfers with 4Enjoy affiliates outside the EEA, are governed by EU Commission-approved Standard Contractual Clauses for Controllers and, where relevant, for Processors.<br/>\nWe share personal data with external vendors or service providers or suppliers that we engage to perform services or functions on our behalf and under our instructions. Where these vendors are located within the EU, we ensure that they are contractually obligated to comply with the EU data protection rules. We also ensure in our contracts with these organisations that they only Process Personal Data in accordance with our instructions and in order to provide the agreed services and protect the integrity and confidentiality of your personal data entrusted to them.<br/>\nWe may also disclose personal data to our advisers, consultants, law enforcement and other public authorities (such as tax and social security bodies), the police, prosecutors, courts and tribunals. All these recipients are themselves responsible to comply with the EU data protection rules.<br/>\nSome of the vendors that we engage to are located outside the European Economic Area. Where the EU Commission did not recognise them as locations providing adequate protection for personal data, we sign the EU Commission-approved contract (so called Standard Contractual Clauses) to protect your data.<br/>\nYou may request a copy of these agreements by contacting us using the email address in section 1.</p>", "level": 0}], [{"value": "<h3>5. Your Rights</h3>", "level": 7}, {"value": "<p>You are entitled to obtain information from us on how we handle your personal data, to see copies of all personal data held by us and to request that your personal data is amended, corrected or deleted from our systems. You can also limit, restrict or object to the processing of your data.<br/>\nWe do not carry out any decision-making based solely on automated processing, including profiling.<br/>\nIf you gave us your consent to use your data, e.g. so that we can send you marketing emails or display personalised ads, you can withdraw your consent at any time. Please note that even if you withdraw your consent, we can still rely on the consent you gave as the lawful basis for processing your personal data before you withdrew your consent.<br/>\nYou can object to our use of your personal data where we stated we rely on our legitimate business interests to do so. We explained the legitimate interests we rely on in sections \u00e2\u0080\u0098Why do we collect your personal data and what are our lawful bases for it?\u00e2\u0080\u0099 above.<br/>\nIf you would like to exercise any of your above rights, contact us using the contact details in section 1 above.</p>", "level": 0}], [{"value": "<h3>6. Personal Information</h3>", "level": 7}, {"value": "<p>All personal details that you provide to our website are absolutely safe, private, and secure. We respect the importance of information security and confidentiality, and do not disclose them to outside sources.</p>", "level": 0}, {"value": "<p>We do not share your information with any third parties, with the exception of verified and secure e-commerce payment providers. When placing orders, our e-commerce provider handles your personal information and keeps it absolutely safe and secure\u00e2\u0080\u0094in fact, even we cannot access your credit card information. Your personal information (excluding credit card data) is shared with us only for administration purposes.</p>", "level": 0}, {"value": "<p>You can always choose not to provide your personal details, though they might be needed to make a purchase or take advantage of some of 4Enjoy\u2019s specific features.</p>", "level": 0}], [{"value": "<h3>7. Information Collection and Use</h3>", "level": 7}, {"value": "<p>4Enjoy collects personal information to improve the manner in which we operate and offer our products and services, communicate with you about those products and services, and provide effective, timely customer support when needed. We may collect the following information from our users:</p>", "level": 0}, {"value": "<ul>\n<li>First name, last name, email address, billing address, and phone number</li>\n<li>For processing transactions, we also collect either credit card information or bank information, depending on your form of payment, though we do not store any credit card information once your transaction is complete</li>\n</ul>", "level": 0}, {"value": "<p>We also collect Non-Personal Information, a term that refers to data that does not identify you. Such information can be related to the Games (including but not limited to your in-game score, how long you\u00e2\u0080\u0099ve been playing, and your in-game activities) or to the general use (including but not limited to internet protocol addresses, browser types, browser languages, referring and exit URLs, and number of clicks).</p>", "level": 0}, {"value": "<p>We reserve the right to use all content generated by our users. By such content, we mean all content that users publish through the game and that is visible to other users (including but not limited to wall posts, sent messages, and other kinds of interaction with other players). Please note that 4Enjoy does not guarantee the protection of any Personal Information posted in comments and/or on user walls. With that in mind, please double-check information before publishing it in the public domain. We are in no way responsible for how that information is used by other parties.</p>", "level": 0}, {"value": "<p>Our website may use cookies to store information about your visits. While cookies contain no personal information, they help us identify you as a unique user and/or your browser session. Cookies allow you to take full advantage of some of 4Enjoy\u00e2\u0080\u0099s best features, and we recommend that you leave them turned on. In addition, our third-party advertisers may place or recognize a unique cookie on your browser while serving advertisements to this site. You can always turn cookies off in your browser settings.</p>", "level": 0}, {"value": "<p>Personal and Non-Personal Information help us improve the quality of our products, services, and content, and/or technically manage our website or applications (including but not limited to logging your IP address to monitor traffic). We will never disclose your IP address to a third party.</p>", "level": 0}, {"value": "<p>We may use your Personal Information to contact you as needed, including but not limited to by sending you notifications. If you do not want to receive further notifications from us, you can always disable this option.</p>", "level": 0}, {"value": "<p>In the event that local law requires, and/or if we believe it will help avoid liability or fraud, and/or to comply with legal processes, we may disclose or access information about you, including but not limited to sharing information with the government and other companies. 4Enjoy does not have to and will not question governmental requests and processes.</p>", "level": 0}], [{"value": "<p><em>Special Note about Children</em></p>", "level": 1}, {"value": "<p>According to our Terms of Use, you must be at least 13 years old to access and/or use our website and software.</p>", "level": 0}, {"value": "<p>We do not collect information about children under the age of 13. In the event any personal information was collected, we will delete it as soon as possible if you contact us at:\u00c2\u00a0support@4enjoy.com.</p>", "level": 0}, {"value": "<p>We strongly recommend that minors aged 13-17 seek consent from a parent or legal guardian before accessing and/or using our website or Games and providing any private information.</p>", "level": 0}], [{"value": "<h3>8. E-mail Newsletter</h3>", "level": 7}, {"value": "<p>Our newsletter is run on an opt-out basis, and we never send unsolicited emails. The only information gathered when users voluntarily sign up for our newsletter is their email address. This information is used solely by 4Enjoy and is not sold to or used by any third party. 4Enjoy uses this information exclusively to send our regular newsletter about product updates, new releases, and special offers. If you do not want to receive newsletters or other emails from us, you can unsubscribe from them at any time using the clear instructions found in every email we send.</p>", "level": 0}], [{"value": "<h3>9. Security</h3>", "level": 7}, {"value": "<p>We have taken appropriate steps and followed industry standards to secure all personal data stored by our systems. All transactions are processed in keeping with the highest security level protocols, ensuring that no one can access or use personal information in an unauthorized manner.</p>", "level": 0}, {"value": "<p>However, while we take responsible measures to protect your Personal Information, the internet is not a 100% secure environment. We cannot guarantee the absolute security of all information transmitted or electronically stored. We disclaim any liability for any unauthorized access to, disclosure or damage to, theft of, or loss of any Personal Information. By using our website and/or our software, you acknowledge that you understand and agree to assume these risks.</p>", "level": 0}, {"value": "<p>Please note that you can terminate your account at any time and request that we completely delete all of your data we have stored. Just contact us at:\u00c2\u00a0support@4enjoy.com.</p>", "level": 0}], [{"value": "<h3>10. Credit Card Transactions</h3>", "level": 7}, {"value": "<p>We do not store any credit card information (name, credit card number, and expiration date) for any purchases made on our site.</p>", "level": 0}], [{"value": "<h3>11. External Links</h3>", "level": 7}, {"value": "<p>Our website and/or software may have links to other sites. We are not responsible for their content, activities, or the way they use the information they collect and/or you may provide to them. Please review their privacy policies.</p>", "level": 0}], [{"value": "<h3>12. Third-Party Data Collection and Use of End-User Information</h3>", "level": 7}, {"value": "<p>When you use or connect to a 4Enjoy\u00e2\u0080\u0099s website or download 4Enjoy\u00e2\u0080\u0099s software via a third party platform \u00e2\u0080\u0094 including Facebook \u00e2\u0080\u0094 you allow us to access and/or collect certain information from your third-party platform profile/account. You additionally allow us to access information contained in cookies placed on your device by the third-party platform as permitted by the terms of your agreement and privacy settings with that platform. We may share this information with the third-party platform for their use as permitted by the terms of your agreement with and privacy settings on that platform.</p>", "level": 0}, {"value": "<p>Our games may contain third-party tracking tools from our service providers, for example, Google Analytics. Such third parties may use SDKs, APIs, and cookies in our games to enable them to collect and analyze user information on our behalf. In order to provide their services, the third parties may have access to information such as your IP address, MAC address, geo-location, IMEI, and device identifier.</p>", "level": 0}], [{"value": "<h3>13. Agreement with 4Enjoy Policies</h3>", "level": 7}, {"value": "<p>By using the 4Enjoy website, our products, or our services, you signify your understanding of and consent to the 4Enjoy Privacy Policy. If you do not agree to this policy, we strongly urge you to refrain from using the 4Enjoy website, products, and services.</p>", "level": 0}], [{"value": "<h3>14. Advertising ID</h3>", "level": 7}, {"value": "<p>The advertising ID is a unique, user-resettable ID for advertising, provided by the mobile device\u00e2\u0080\u0099s operating system. We may use this ID to enhance serving and taregting capabilities, re-target specific campaigns, pass the ID to our partners. Advertising ID does not reveal any information about the user or the device. If you prefer to opt-out or reset your Advertising ID please follow these standard instructions:</p>", "level": 0}, {"value": "<ul>\n<li>iOS \u2013\u00c2\u00a0<a href=\"https://support.apple.com/en-us/HT202074\">Opt out of interest-based ads in the App Store and Apple News</a></li>\n<li>Android \u2013\u00c2\u00a0<a href=\"https://support.google.com/ads/answer/2662922?hl=en\">Opt out of seeing personalized ads</a></li>\n</ul>", "level": 0}], [{"value": "<h3>15. Contact Us about Privacy</h3>", "level": 7}, {"value": "<p>If for any reason you are concerned with the way that we may be using your personal information, you have questions about the privacy aspects of our products or services, or you wish to file a complaint, please contact us at:\u00c2\u00a0support@4enjoy.com.</p>", "level": 0}, {"value": "<section class=\"widget clearfix widget_pages\" id=\"pages-3\"><h3 class=\"widgettitle\">Pages</h3> <ul>\n<li class=\"page_item page-item-3497\"><a href=\"https://4enjoy.com/\">4Enjoy Games</a></li>\n<li class=\"page_item page-item-1195\"><a href=\"https://4enjoy.com/about-us/\">About Us</a></li>\n<li class=\"page_item page-item-3385\"><a href=\"https://4enjoy.com/contact-us/\">Contact Us</a></li>\n<li class=\"page_item page-item-2270\"><a href=\"https://4enjoy.com/games/\">Games</a></li>\n<li class=\"page_item page-item-4168 current_page_item\"><a href=\"https://4enjoy.com/privacy-policy/\">Privacy Policy</a></li>\n<li class=\"page_item page-item-6808\"><a href=\"https://4enjoy.com/terms-of-use/\">Terms of Use</a></li>\n</ul>\n<span class=\"seperator extralight-border\"></span></section>", "level": 0}], [{"value": "<h3 class=\"widgettitle\">Pages</h3>", "level": 7}, {"value": "<ul>\n<li class=\"page_item page-item-3497\"><a href=\"https://4enjoy.com/\">4Enjoy Games</a></li>\n<li class=\"page_item page-item-1195\"><a href=\"https://4enjoy.com/about-us/\">About Us</a></li>\n<li class=\"page_item page-item-3385\"><a href=\"https://4enjoy.com/contact-us/\">Contact Us</a></li>\n<li class=\"page_item page-item-2270\"><a href=\"https://4enjoy.com/games/\">Games</a></li>\n<li class=\"page_item page-item-4168 current_page_item\"><a href=\"https://4enjoy.com/privacy-policy/\">Privacy Policy</a></li>\n<li class=\"page_item page-item-6808\"><a href=\"https://4enjoy.com/terms-of-use/\">Terms of Use</a></li>\n</ul>", "level": 0}, {"value": "<footer class=\"container_wrap socket_color\" id=\"socket\" itemscope=\"itemscope\" itemtype=\"https://schema.org/WPFooter\" role=\"contentinfo\">\n<div class=\"container\">\n<span class=\"copyright\">\u00c2\u00a9 4Enjoy 2012 - 2018</span>\n</div>\n</footer>", "level": 0}, {"value": "<a aria-hidden=\"true\" data-av_icon=\"\u00ee\u00a1\u00b6\" data-av_iconfont=\"entypo-fontello\" href=\"#top\" id=\"scroll-top-link\" title=\"Scroll to top\"><span class=\"avia_hidden_link_text\">Scroll to top</span></a>", "level": 0}]]