[[{"value": "<h1 class=\"text single-title\">Term of Use</h1>", "level": 9}, {"value": "<div class=\"well sidebar-nav\">\n<ul class=\"nav nav-list menu-left-page\">\n<li> <a href=\"https://tenga-thengisa.co.zw/about-us/\">\n                                About us</a> </li>\n<li><a href=\"https://tenga-thengisa.co.zw/about-us/advert-plan/\">Advert Plan</a></li><li><a href=\"https://tenga-thengisa.co.zw/about-us/contact-us/\">Contact us</a></li><li><a href=\"https://tenga-thengisa.co.zw/about-us/our-team/\">Our Team</a></li><li class=\"active\"><a href=\"https://tenga-thengisa.co.zw/about-us/term-of-use/\">Term of Use</a></li> </ul>\n</div>", "level": 0}, {"value": "<p>Acceptance Through Use. This website (www.tenga-thengisa.co.zw) is operated by Tenga-Thengisa. By using the Site, you agree to be bound by all of the terms, conditions and notices contained or referenced in these Terms of Use. You should review the Terms of Use from time to time. Operator may change any of the Terms of Use at any time without notice by posting revisions to the Site. Your continued use of the Site constitutes your acceptance of the revised Terms of Use. If you do not accept all of the Terms of Use, you must exit the Site immediately.</p>", "level": 0}, {"value": "<p>No Use by Children. The Site is not directed to, or intended for use by, children (defined as anyone age twelve (12) or younger). Children should not use the Site or submit any information to Operator.</p>", "level": 0}, {"value": "<p>Privacy.\u00c2\u00a0 You should review the Privacy Statement posted elsewhere at the Site before using the Site.</p>", "level": 0}, {"value": "<p>Links to Third Party Sites. The Site may contain links to websites operated by third parties. These links do not constitute or imply an endorsement of the linked site. The linked sites may appear to be integrated into the Site, but are not under Operator\u2019s control. Operator is not responsible for the operation or content of any linked site or subsequent links from that site. The policies that govern the use of a linked site will differ from these Terms of Use. You should review the policies of a linked site before making a decision to use that site.</p>", "level": 0}, {"value": "<p>User Submitted Content. By posting or submitting any content or other materials to the Site, including any audio or video files, classified advertisements or personal information (collectively, \u201cYour Content\u201d), you affirm, represent and warrant that (1) you own or otherwise control all right, title and interest in and to Your Content, including the copyright thereto, (2) none of the materials included in Your Content are defamatory, libellous, obscene or pornographic, and (3) use of Your Content as provided in these Terms of Use will not violate any legal rights (tangible or intangible) of any third party. You hereby grant Operator and its designees a worldwide, royalty-free, non- exclusive, transferable, sublicense able license (the \u201cLicense\u201d) to sell, license, rent, modify, distribute, copy, reproduce, transmit, publicly display, publicly perform, publish, adapt, edit and prepare derivative works of Your Content in connection with the Site or the conduct of Operator\u2019s business in any formats and through any media channels. Operator may monitor Your Content as it appears on the Site and may edit or delete Your Content at any time and for any or no reason without your permission.</p>", "level": 0}, {"value": "<p>Indemnification. You will indemnify, defend, reimburse and hold harmless Operator, and each parent company, subsidiary, affiliate, division, officer, director, employee, contractor and agent of Operator, for, from and against any and all liabilities, claims and expenses of any type or nature, including costs and attorneys\u2019 fees, that arise from the exercise of the License set forth above or from your use of the Site.</p>", "level": 0}, {"value": "<p><b><strong>Intellectual Property</strong></b>. You acknowledge that all content and materials available at the Site other than Your Content (collectively, the \u201cContent\u201d) are owned or controlled by Operator and protected by national and international copyrights, trademarks, service marks, patents, patent registration rights, trade secrets, know-how or other proprietary rights and laws. You may only use the Site and the Content as expressly permitted in these Terms of Use and for no other purpose. You may download, print or view individual pages at the Site for private, non-commercial use, provided you do not delete, change or otherwise modify any of the Content, including any copyright or trademark notices. You may not use the site for any commercial purpose, including but not limited to, sending unsolicited commercial email or making unsolicited commercial phone calls. Except as authorized by Operator in writing on a case by case basis, you will not sell, license, rent, modify, distribute, copy, reproduce, transmit, publicly display, publicly perform, publish, adapt, edit or create derivative works from any of the Content. The systematic retrieval of any of the Content to create or compile, directly or indirectly, a collection, compilation, database or directory without the written permission of Operator is prohibited. Unless otherwise indicated, all logos, names, package designs and marks on the Site are trademarks or service marks and may not be used without Operator\u2019s permission. Operator\u2019s policy is to terminate the online privileges of individuals who repeatedly violate the copyrights of others.</p>", "level": 0}, {"value": "<p><b><strong>Notice and Procedure for Making Claims of Copyright Infringement</strong></b>. Pursuant to federal copyright law, if you believe copyrighted work is available at the Site in a way that constitutes copyright infringement, please see the Notice and Take Down materials posted elsewhere at the Site.</p>", "level": 0}, {"value": "<p><b><strong>Disclaimer of Warranties</strong></b>. YOU AGREE THAT THE SOFTWARE, PRODUCTS AND SERVICES INCLUDED IN OR AVAILABLE THROUGH THE SITE, INCLUDING THE CONTENT (COLLECTIVELY, THE \u201cSITE MATERIALS\u201d), ARE PROVIDED ON AN \u201cAS IS/WHERE IS/AS AVAILABLE\u201d BASIS. OTHER THAN THOSE WARRANTIES THAT ARE INCAPABLE OF EXCLUSION, RESTRICTION OR MODIFICATION UNDER APPLICABLE LAW, THE SITE MATERIALS ARE PROVIDED FOR YOUR USE WITHOUT WARRANTY OF ANY KIND, EXPRESS OR IMPLIED, INCLUDING THE WARRANTIES OF TITLE AND NON-INFRINGEMENT AND THE IMPLIED WARRANTIES OF MERCHANTABILITY AND FITNESS FOR A PARTICULAR PURPOSE. OPERATOR DOES NOT MAKE ANY WARRANTY THAT ANY OF THE SITE MATERIALS ARE ACCURATE, RELIABLE OR CORRECT, THAT THE SITE WILL BE AVAILABLE AT ANY PARTICULAR TIME OR LOCATION, THAT ANY DEFECTS OR ERRORS WILL BE CORRECTED, THAT THE SITE MATERIALS ARE FREE OF VIRUSES OR OTHER HARMFUL COMPONENTS OR THAT YOU WILL ACHIEVE SUCCESSFUL RESULTS FROM FOLLOWING ANY INSTRUCTIONS, DIRECTIONS OR RECOMMENDATIONS AVAILABLE AT THE SITE.</p>", "level": 0}, {"value": "<p><b><strong>Limitation of Liability</strong></b>. UNDER NO CIRCUMSTANCES WILL OPERATOR, OR ANY PARENT COMPANY, SUBSIDIARY, AFFILIATE, DIVISION, OFFICER, DIRECTOR, EMPLOYEE, CONTRACTOR OR AGENT OF OPERATOR, BE LIABLE FOR ANY DAMAGES OF ANY KIND OR NATURE WHATSOEVER, WHETHER DIRECT, INDIRECT, PUNITIVE, INCIDENTAL, SPECIAL, CONSEQUENTIAL OR OTHERWISE, THAT RESULT FROM THE USE OF, OR THE INABILITY TO USE, THE SITE OR FROM ANY INFORMATION PROVIDED AT THE SITE, INCLUDING THE CONTENT AND YOUR CONTENT. THIS LIMITATION APPLIES WHETHER THE ALLEGED LIABILITY IS BASED ON CONTRACT, TORT, NEGLIGENCE, STRICT LIABILITY OR ANY OTHER BASIS, AND EVEN IF OPERATOR HAS BEEN ADVISED OF THE POSSIBILITY OF SUCH DAMAGES.</p>", "level": 0}, {"value": "<p><b><strong>International Use</strong></b>. The Site is intended for use by legal Zimbabwe residents residing within the geographic borders of Zimbabwe. If you choose to access the Site from any location other than Zimbabwe, you accept full responsibility for compliance with the laws of the jurisdiction where the access occurs. Operator makes no representation that the Site or the Site Materials are appropriate or available for use in locations outside Zimbabwe. Accessing the Site or using any of the Site Materials from any jurisdiction where access or use is illegal is prohibited.</p>", "level": 0}, {"value": "<p><b><strong>Choice of Law</strong></b>. This Agreement will, for all domestic and international purposes, be governed, interpreted, construed and enforced solely and exclusively in accordance with the laws of Zimbabwe, without regard to its conflicts of law provisions. You expressly agree that the exclusive jurisdiction for any claim or action arising out of or relating to these Terms of Use or your use of the Site will be filed only in Zimbabwe courts\u00c2\u00a0 and you further agree and submit to the exercise of personal jurisdiction of these courts for the purpose of litigating any such claim or action.</p>", "level": 0}, {"value": "<p><b><strong>Integration and Severability</strong></b>. These Terms of Use, along with the Privacy Statement , the Notice and Take Down and the Classifieds Terms of Use, if any, posted elsewhere at the Site, constitute the entire agreement between Operator and you with respect to the Site and supersede all prior or contemporaneous communications and proposals with respect to the Site. If any provision of these Terms of Use,\u00c2\u00a0 the Privacy Statement, the Notice and Take Down or the Classifieds Terms of Use, if any, are determined to be invalid or unenforceable, all other provisions thereof will remain in full force and effect.</p>", "level": 0}, {"value": "<p>Unauthorized Use and Termination. You agree to use the Site only for authorized and legal activities. Operator reserves the right, in its sole discretion, to terminate your access to all or part of the Site at any time and for any or no reason.</p>", "level": 0}, {"value": "<p>**THIS SITE DOES NOT PROVIDE MEDICAL ADVICE The contents of this site, such as text, graphics, images, information obtained from, or contained on this site (\u201cContent\u201d) are for informational purposes only. The Content is not intended to be a substitute for professional medical advice, diagnosis, or treatment. Always seek the advice of your physician or other qualified health provider with any questions you may have regarding a medical condition. Never disregard professional medical advice or delay in seeking it because of something you have read on this site!</p>", "level": 0}, {"value": "<p>The owner and operator of this site do not recommend or endorse any specific tests, physicians, products, procedures, opinions, or other information that may be mentioned on the site. Reliance on any information provided by the site owner and operator, including their employees, contractors or others appearing on the site at the invitation of the owner and operator, or other visitors to the site is solely at your own risk.</p>", "level": 0}, {"value": "<p>If you think you may have a medical emergency, call your doctor or 911 immediately.**</p>", "level": 0}, {"value": "<p>Contact Information. Questions concerning these Terms of Use or the Site should be directed to\u00c2\u00a0<a href=\"mailto:hello@tenga-thengisa.co.zw\" target=\"_blank\">hello@tenga-thengisa.co.zw</a>.</p>", "level": 0}, {"value": "<div class=\"rev_slider_wrapper fullwidthbanner-container\" id=\"rev_slider_2_1_wrapper\" style=\"margin:0px auto;background-color:#E9E9E9;padding:0px;margin-top:0px;margin-bottom:0px;\">\n<!-- START REVOLUTION SLIDER 5.2.6 auto mode -->\n<div class=\"rev_slider fullwidthabanner\" data-version=\"5.2.6\" id=\"rev_slider_2_1\" style=\"display:none;\">\n<ul> <!-- SLIDE  -->\n<li data-description=\"\" data-easein=\"default,default\" data-easeout=\"default,default\" data-hideafterloop=\"0\" data-hideslideonmobile=\"off\" data-index=\"rs-21\" data-masterspeed=\"default,default\" data-param1=\"\" data-param10=\"\" data-param2=\"\" data-param3=\"\" data-param4=\"\" data-param5=\"\" data-param6=\"\" data-param7=\"\" data-param8=\"\" data-param9=\"\" data-rotate=\"0,0\" data-saveperformance=\"off\" data-slotamount=\"default,default\" data-thumb=\"\" data-title=\"TT Blog\" data-transition=\"fadefromright,fade\">\n<!-- MAIN IMAGE -->\n<img alt=\"\" class=\"rev-slidebg\" data-bgfit=\"cover\" data-bgposition=\"center center\" data-bgrepeat=\"no-repeat\" data-no-retina=\"\" data-recalc-dims=\"1\" src=\"https://i1.wp.com/tenga-thengisa.co.zw/wp-content/plugins/revslider/admin/assets/images/transparent.png\" title=\"Term of Use\"/>\n<!-- LAYERS -->\n<!-- LAYER NR. 1 -->\n<div class=\"tp-caption tp-resizeme\" data-height=\"['none','none','none','none']\" data-responsive_offset=\"on\" data-start=\"500\" data-transform_idle=\"o:1;\" data-transform_in=\"opacity:0;s:300;e:Power2.easeInOut;\" data-transform_out=\"opacity:0;s:300;\" data-width=\"['none','none','none','none']\" data-x=\"\" data-y=\"\" id=\"slide-21-layer-1\" style=\"z-index: 5;text-transform:left;\">\n<div class=\"rs-looped disabled\"><img alt=\"\" data-hh=\"400\" data-no-retina=\"\" data-recalc-dims=\"1\" data-ww=\"1050\" height=\"400\" src=\"https://i1.wp.com/tenga-thengisa.co.zw/wp-content/uploads/2016/04/tt-blog.jpg?resize=1050%2C400\" width=\"1050\"/> </div></div>\n<!-- LAYER NR. 2 -->\n<div class=\"tp-caption tp-resizeme\" data-height=\"['none','none','none','none']\" data-responsive_offset=\"on\" data-start=\"1309.89593506\" data-transform_idle=\"o:1;\" data-transform_in=\"x:50px;opacity:0;s:300;e:Power2.easeInOut;\" data-transform_out=\"opacity:0;s:300;e:Power0.easeOut;\" data-width=\"['none','none','none','none']\" data-x=\"648\" data-y=\"\" id=\"slide-21-layer-4\" style=\"z-index: 6;text-transform:left;\"><img alt=\"\" data-hh=\"400px\" data-no-retina=\"\" data-recalc-dims=\"1\" data-ww=\"402px\" height=\"400\" src=\"https://i2.wp.com/tenga-thengisa.co.zw/wp-content/uploads/2016/04/part5.jpg?resize=402%2C400\" width=\"402\"/> </div>\n<!-- LAYER NR. 3 -->\n<div class=\"tp-caption rev-btn rev-hiddenicon \" data-end=\"7770.00030518\" data-height=\"['auto']\" data-responsive=\"off\" data-responsive_offset=\"on\" data-splitin=\"none\" data-splitout=\"none\" data-start=\"2150.00030518\" data-style_hover=\"c:rgba(0, 0, 0, 1.00);bg:rgba(255, 255, 255, 1.00);\" data-transform_hover=\"o:1;rX:0;rY:0;rZ:0;z:0;s:0;e:Linear.easeNone;\" data-transform_idle=\"o:1;\" data-transform_in=\"opacity:0;s:300;e:Power2.easeInOut;\" data-transform_out=\"opacity:0;s:300;\" data-width=\"['auto']\" data-x=\"244\" data-y=\"353\" id=\"slide-21-layer-5\" style=\"z-index: 7; white-space: nowrap; font-size: 15px; line-height: 15px; font-weight: 900; color: rgba(255, 255, 255, 1.00);font-family:Roboto;text-transform:uppercase;background-color:rgba(0, 0, 0, 0.75);padding:12px 35px 12px 35px;border-color:rgba(0, 0, 0, 1.00);border-radius:30px 30px 30px 30px;outline:none;box-shadow:none;box-sizing:border-box;-moz-box-sizing:border-box;-webkit-box-sizing:border-box;letter-spacing:1px;cursor:pointer;\"><a href=\"http://blog.tenga-thengisa.co.zw\" target=\"_blank\">Click Here <i class=\"fa-icon-chevron-right\"></i></a> </div>\n</li>\n<!-- SLIDE  -->\n<li data-description=\"\" data-easein=\"default\" data-easeout=\"default\" data-hideafterloop=\"0\" data-hideslideonmobile=\"off\" data-index=\"rs-7\" data-masterspeed=\"300\" data-param1=\"\" data-param10=\"\" data-param2=\"\" data-param3=\"\" data-param4=\"\" data-param5=\"\" data-param6=\"\" data-param7=\"\" data-param8=\"\" data-param9=\"\" data-rotate=\"0\" data-saveperformance=\"off\" data-slotamount=\"7\" data-thumb=\"http://tenga-thengisa.co.zw/wp-content/\" data-title=\"Slide\" data-transition=\"random\">\n<!-- MAIN IMAGE -->\n<img alt=\"\" class=\"rev-slidebg\" data-bgfit=\"cover\" data-bgposition=\"right bottom\" data-bgrepeat=\"repeat-y\" data-no-retina=\"\" data-recalc-dims=\"1\" src=\"https://i1.wp.com/tenga-thengisa.co.zw/wp-content/plugins/revslider/admin/assets/images/transparent.png\" style=\"background-color:#dfdfdf\"/>\n<!-- LAYERS -->\n<!-- LAYER NR. 1 -->\n<div class=\"tp-caption tp-resizeme\" data-height=\"['none','none','none','none']\" data-responsive_offset=\"on\" data-start=\"1000\" data-transform_idle=\"o:1;rZ:inherit;\" data-transform_in=\"x:right;s:1200;e:easeOutExpo;\" data-transform_out=\"x:right;s:1200;\" data-width=\"['none','none','none','none']\" data-x=\"691\" data-y=\"57\" id=\"slide-7-layer-1\" style=\"z-index: 5;text-transform:left;\"><img alt=\"\" data-hh=\"auto\" data-no-retina=\"\" data-recalc-dims=\"1\" data-ww=\"auto\" src=\"https://i1.wp.com/enginethemes.com/demo/classifiedengine/technology/wp-content/uploads/sites/4/revslider/home-slider/slide-ipad-1.png\"/> </div>\n<!-- LAYER NR. 2 -->\n<div class=\"tp-caption tp-resizeme\" data-height=\"['none','none','none','none']\" data-responsive_offset=\"on\" data-start=\"1200\" data-transform_idle=\"o:1;rZ:inherit;\" data-transform_in=\"x:left;s:1200;e:easeOutExpo;\" data-transform_out=\"x:left;s:1200;\" data-width=\"['none','none','none','none']\" data-x=\"427\" data-y=\"57\" id=\"slide-7-layer-2\" style=\"z-index: 6;text-transform:left;\"><img alt=\"\" data-hh=\"auto\" data-no-retina=\"\" data-recalc-dims=\"1\" data-ww=\"auto\" src=\"https://i1.wp.com/enginethemes.com/demo/classifiedengine/technology/wp-content/uploads/sites/4/revslider/home-slider/slide-ipad-2.png\"/> </div>\n<!-- LAYER NR. 3 -->\n<div class=\"tp-caption demo-1 tp-resizeme\" data-height=\"['auto']\" data-responsive_offset=\"on\" data-splitin=\"none\" data-splitout=\"none\" data-start=\"2000\" data-transform_idle=\"o:1;rZ:inherit;\" data-transform_in=\"x:-50px;opacity:0;s:1200;e:easeOutExpo;\" data-transform_out=\"x:-50px;opacity:0;s:1200;\" data-width=\"['auto']\" data-x=\"74\" data-y=\"140\" id=\"slide-7-layer-3\" style=\"z-index: 7; white-space: nowrap; color: rgba(0, 0, 0, 1.00);text-transform:left;border-color:rgba(0, 0, 0, 1.00);\">\n<div class=\"rs-looped disabled\">Smarter and more <br/>\nbeautiful adverts </div></div>\n<!-- LAYER NR. 4 -->\n<div class=\"tp-caption tp-resizeme\" data-height=\"['auto']\" data-responsive_offset=\"on\" data-splitin=\"none\" data-splitout=\"none\" data-start=\"2500\" data-transform_idle=\"o:1;rZ:inherit;\" data-transform_in=\"y:50px;opacity:0;s:1200;e:easeOutExpo;\" data-transform_out=\"y:50px;opacity:0;s:1200;\" data-width=\"['auto']\" data-x=\"77\" data-y=\"255\" id=\"slide-7-layer-4\" style=\"z-index: 8; white-space: nowrap; font-size: 20px; line-height: 22px; font-weight: 400; color: rgba(255, 255, 255, 1.00);text-transform:left;\"><a class=\"tp-button btn-demo\" href=\"http://tenga-thengisa.co.zw/advertise-rates/\">Read more</a> </div>\n<!-- LAYER NR. 5 -->\n<div class=\"tp-caption Fashion-BigDisplay tp-resizeme\" data-height=\"['62']\" data-responsive_offset=\"on\" data-splitin=\"none\" data-splitout=\"none\" data-start=\"2500\" data-transform_idle=\"o:1;\" data-transform_in=\"opacity:0;s:300;e:Power2.easeInOut;\" data-transform_out=\"opacity:0;s:300;\" data-width=\"['463']\" data-x=\"10\" data-y=\"3\" id=\"slide-7-layer-5\" style=\"z-index: 9; min-width: 463px; max-width: 463px; max-width: 62px; max-width: 62px; white-space: normal;text-transform:left;\">Tenga-Thengisa </div>\n</li>\n<!-- SLIDE  -->\n<li data-description=\"\" data-easein=\"default\" data-easeout=\"default\" data-hideafterloop=\"0\" data-hideslideonmobile=\"off\" data-index=\"rs-8\" data-masterspeed=\"300\" data-param1=\"\" data-param10=\"\" data-param2=\"\" data-param3=\"\" data-param4=\"\" data-param5=\"\" data-param6=\"\" data-param7=\"\" data-param8=\"\" data-param9=\"\" data-rotate=\"0\" data-saveperformance=\"off\" data-slotamount=\"7\" data-thumb=\"http://tenga-thengisa.co.zw/wp-content/\" data-title=\"Slide\" data-transition=\"random\">\n<!-- MAIN IMAGE -->\n<img alt=\"\" class=\"rev-slidebg\" data-bgfit=\"cover\" data-bgposition=\"center top\" data-bgrepeat=\"no-repeat\" data-no-retina=\"\" data-recalc-dims=\"1\" src=\"https://i1.wp.com/tenga-thengisa.co.zw/wp-content/plugins/revslider/admin/assets/images/transparent.png\" style=\"background-color:#dfdfdf\" title=\"Term of Use\"/>\n<!-- LAYERS -->\n<!-- LAYER NR. 1 -->\n<div class=\"tp-caption tp-resizeme\" data-height=\"['none','none','none','none']\" data-responsive_offset=\"on\" data-start=\"1000\" data-transform_idle=\"o:1;rZ:inherit;\" data-transform_in=\"x:50px;opacity:0;s:1200;e:easeOutExpo;\" data-transform_out=\"x:50px;opacity:0;s:1200;\" data-width=\"['none','none','none','none']\" data-x=\"352\" data-y=\"-77\" id=\"slide-8-layer-1\" style=\"z-index: 5;text-transform:left;\"><img alt=\"\" data-hh=\"auto\" data-no-retina=\"\" data-recalc-dims=\"1\" data-ww=\"auto\" src=\"https://i1.wp.com/enginethemes.com/demo/classifiedengine/technology/wp-content/uploads/sites/4/revslider/home-slider/iphone-slider.png\"/> </div>\n<!-- LAYER NR. 2 -->\n<div class=\"tp-caption demo-1 tp-resizeme\" data-height=\"['auto']\" data-responsive_offset=\"on\" data-splitin=\"none\" data-splitout=\"none\" data-start=\"1500\" data-transform_idle=\"o:1;rZ:inherit;\" data-transform_in=\"x:left;s:1200;e:easeOutExpo;\" data-transform_out=\"x:left;s:1200;\" data-width=\"['auto']\" data-x=\"39\" data-y=\"169\" id=\"slide-8-layer-2\" style=\"z-index: 6; white-space: nowrap; color: rgba(0, 0, 0, 1.00);text-transform:left;border-color:rgba(0, 0, 0, 1.00);\">\n<div class=\"rs-looped disabled\">Display beautifully <br/>\non any devices </div></div>\n<!-- LAYER NR. 3 -->\n<div class=\"tp-caption tp-resizeme\" data-height=\"['auto']\" data-responsive_offset=\"on\" data-splitin=\"none\" data-splitout=\"none\" data-start=\"2000\" data-transform_idle=\"o:1;\" data-transform_in=\"x:50px;opacity:0;s:1200;e:easeOutExpo;\" data-transform_out=\"x:50px;opacity:0;s:1200;\" data-width=\"['auto']\" data-x=\"43\" data-y=\"277\" id=\"slide-8-layer-3\" style=\"z-index: 7; white-space: nowrap; font-size: 20px; line-height: 22px; font-weight: 400; color: rgba(255, 255, 255, 1.00);text-transform:left;\"><a class=\"tp-button btn-demo\" href=\"http://tenga-thengisa.co.zw/advertise-rates/\">Read more</a> </div>\n<!-- LAYER NR. 4 -->\n<div class=\"tp-caption Fashion-BigDisplay tp-resizeme\" data-height=\"['auto']\" data-responsive_offset=\"on\" data-splitin=\"none\" data-splitout=\"none\" data-start=\"2000\" data-transform_idle=\"o:1;\" data-transform_in=\"opacity:0;s:300;e:Power2.easeInOut;\" data-transform_out=\"opacity:0;s:300;\" data-width=\"['auto']\" data-x=\"86\" data-y=\"25\" id=\"slide-8-layer-4\" style=\"z-index: 8; white-space: nowrap;text-transform:left;\">Tenga-Thengisa </div>\n</li>\n</ul>\n\n<div class=\"tp-bannertimer tp-bottom\" style=\"visibility: hidden !important;\"></div> </div>\n\n\n\n</div>", "level": 0}], [{"value": "<p><b><strong>Notice and Take Down Procedure for Making Claims of Copyright Infringement</strong></b></p>", "level": 1}, {"value": "<p>If you believe copyrighted work is available on this website in a way that constitutes copyright infringement, you may notify the following designated agent of Tenga-Thengisa (\u201cOperator\u201d) in writing:</p>", "level": 0}, {"value": "<p>Your written notification (the \u201cNotification\u201d) to the above-referenced designated agent must include substantially all of the following:</p>", "level": 0}, {"value": "<ol>\n<li>Identification of the copyrighted work that is the subject of the claimed infringement or, if multiple copyrighted works are involved, a representative list of such works;</li>\n</ol>", "level": 0}, {"value": "<ol>\n<li>Identification of the allegedly infringing material, together with information reasonably sufficient to permit Operator to locate such material;</li>\n</ol>", "level": 0}, {"value": "<ol>\n<li>Information reasonably sufficient to permit Operator to contact you, such as your name, address, telephone number and email address;</li>\n</ol>", "level": 0}, {"value": "<ol>\n<li>A statement by you that you have a good faith belief that the copyrighted work identified in the Notification is being used in a manner that is not authorized by the copyright owner, its agent or the law;</li>\n<li>A statement by you, signed under penalty of perjury, that the information contained in the Notification is accurate and that you are authorized to act on behalf of the owner of the copyrighted work that is allegedly being infringed; and</li>\n<li>A physical or electronic signature of the owner of the copyrighted work or a person authorized to act on its behalf.</li>\n</ol>", "level": 0}, {"value": "<p>Upon receipt of a Notification containing substantially all of the foregoing, Operator will take the following steps:</p>", "level": 0}, {"value": "<ol>\n<li>Remove or disable access to the allegedly infringing material;</li>\n</ol>", "level": 0}, {"value": "<ol>\n<li>Forward the Notification to the alleged infringer (the \u201cImpacted Party\u201d); and</li>\n</ol>", "level": 0}, {"value": "<ol>\n<li>Take reasonable steps to promptly notify the Impacted Party that Operator has removed or disabled access to the allegedly infringing material.</li>\n</ol>", "level": 0}, {"value": "<p>The Impacted Party may submit a counter notification in writing to the above-referenced designated agent of Operator. The written counter notification (the \u201cCounter Notification\u201d) must include substantially all of the following:</p>", "level": 0}, {"value": "<ol>\n<li>Identification of the allegedly infringing material that was removed or disabled by Operator and the location where the material appeared before it was removed or access to it was disabled;</li>\n</ol>", "level": 0}, {"value": "<ol>\n<li>A statement under penalty of perjury that the Impacted Party has a good faith belief that the allegedly infringing material was removed or disabled as a result of mistake or misidentification of the material to be removed or disabled;</li>\n</ol>", "level": 0}, {"value": "<ol>\n<li>The Impacted Party\u2019s name, address and telephone number and a statement that the Impacted Party consents to the jurisdiction of Zimbabwe court for the judicial district in which the address provided by the Impacted Party is located and will accept service of process from you. If the Impacted Party is located outside the Zimbabwe, the Impacted Party must include a statement that it consents to the jurisdiction of any Zimbabwe court in which Operator may be found; and</li>\n</ol>", "level": 0}, {"value": "<ol>\n<li>A physical or electronic signature of the Impacted Party.</li>\n</ol>", "level": 0}, {"value": "<p>Upon receipt of a Counter Notification containing substantially all of the foregoing, Operator will take the following steps:</p>", "level": 0}, {"value": "<ol>\n<li>Send you a copy of the Counter Notification;</li>\n</ol>", "level": 0}, {"value": "<ol>\n<li>Inform you that it will replace the allegedly infringing material or cease disabling access to it within ten (10) business days; and</li>\n</ol>", "level": 0}, {"value": "<ol>\n<li>Replace the removed allegedly infringing material or cease disabling access to it not less than ten (10) nor more than fourteen (14) business days following receipt of the Counter Notification; provided you have not supplied the designated agent with evidence that you have filed an action seeking a court order to restrain the Impacted Party from engaging in the infringing activity that was the subject of the Notification.</li>\n</ol>", "level": 0}, {"value": "<p>Operator\u2019s policy is to terminate the online privileges of individuals who repeatedly violate the copyrights of others.</p>", "level": 0}], [{"value": "<p><b><strong>Privacy Statement</strong></b></p>", "level": 1}, {"value": "<p><b><strong>\u00c2\u00a0</strong></b></p>", "level": 0}], [{"value": "<p><b><strong>Privacy Policy</strong></b></p>", "level": 1}, {"value": "<p>The following Privacy Policy (the \u201cPolicy\u201d) describes how Tenga-Thengisa collects, uses, and shares personally identified information and non-personally identifiable information collected through the web sites (collectively referred to as \u201cData\u201d), mobile web sites and mobile applications we operate (collectively, the \u201cSite\u201d) and the services, features, or content we offer (collectively with the Site, the \u201cServices\u201d). The Policy supplements the\u00c2\u00a0Terms of Use\u00c2\u00a0posted elsewhere within the Site. You should read the Policy and the Terms of Use before you use the Site. By visiting the Site or using the Services, you agree to be bound by all of the terms, conditions and notices contained or referenced in the Policy and consent to having your Data transferred to and/or processed in Zimbabwe. If you do not agree to this Privacy Policy, please do not use the Services.</p>", "level": 0}, {"value": "<p><b><strong>We may change the Policy at any time by posting revisions to the Policy on the Site.\u00c2\u00a0</strong></b>Therefore, you should review the Policy from time to time. Your continued use of the Site constitutes your acceptance of the revised Policy. If you do not accept all of the terms, conditions and notices set forth in the Policy, you must exit the Site immediately. We will post a notice for 30 days at the top of this page notifying users when this Policy has been updated or modified in a material way.</p>", "level": 0}, {"value": "<p><b><strong>Collection of Information from Children.</strong></b>\u00c2\u00a0The Site is not directed to, or intended for use by, children (defined as anyone under twelve (12) years old). Children should not use or submit any information through the Site or its Services. If you are under the age of 12, you only may use the Services with permission from your parents or guardians. Tenga-Thengisa does not knowingly collect personally identifiable information from users under the age of 12. If a child under 12 submits information through any part of the Services, and we become aware that the person submitting the information is a child, we will attempt to delete this information as soon as possible.</p>", "level": 0}, {"value": "<p><b><strong>Information Collected.</strong></b>\u00c2\u00a0<em>Type of Information Collected</em>.\u00c2\u00a0We may collect two general types of information when you use the Site:</p>", "level": 0}, {"value": "<ol>\n<li>Personally Identifiable Information (\u201cPII\u201d), which includes your first and last name, home or other physical address, telephone number, email address, user id, other identifiers that permit physical or online contact with you, or any information about you collected online and maintained in personally identifiable form in combination with any of the preceding categories. You also may view or engage with our Site and its Services through third-party social networking sites or social media plug-ins and applications. When you engage with the Site and its content through such third-party sites, plug-ins or applications, we may have access to certain information from your social media profile, such as your name, photo, gender, birthday, location, videos, your list of friends, etc. This information is included in the definition of PII.</li>\n</ol>", "level": 0}, {"value": "<ol>\n<li>Non-personally identifiable information (\u201cnon-PII\u201d) such as your IP address (a number used to identify your computer when you are on the Internet), the type of browser you are using, the type of operating system you are using, the web pages you have visited, sites visited before and after you visit the Site, the type of handheld or mobile device used to access the Site or other device-specific information.</li>\n</ol>", "level": 0}, {"value": "<p>Certain features available within the Site will require you to submit PII about yourself as a condition of participation. Some of the features may be offered by us, while others may be offered by third parties. (For example, you may be required to submit PII in order to enter a contest we conduct, to order certain products and services we offer, \u00c2\u00a0or to receive news updates by email from a third-party news source.) When you choose to submit PII to a third party in connection with your use of the Site, the third party\u2019s privacy policy, rather than this Policy, will control the use of your PII. YOU CAN ALWAYS REFUSE TO PROVIDE PII TO US, BUT THIS MAY RESULT IN DECREASED FUNCTIONALITY OF THE SITE FOR YOU AND LIMIT YOUR ABILITY TO RECEIVE INFORMATION ABOUT PRODUCTS OR SERVICES THAT MAY BE OF PARTICULAR INTEREST TO YOU.</p>", "level": 0}, {"value": "<p><em>How Information is Collected</em>. We collect information both actively and passively. For example, we will collect information about you that you voluntarily provide while on the Site. In addition to information provided directly by you, we (and third parties that offer features through the Site) may collect non-PII through the use of \u201ccookies,\u201d \u201cweb beacons,\u201d \u201cFlash cookies\u201d or by other electronic means.</p>", "level": 0}, {"value": "<ul>\n<li>Cookies. In general, a cookie is a small amount of data sent to your browser from a web server and stored on your computer\u2019s hard drive, where it can be used to identify your computer. Cookies can be used to measure web site usage, improve navigation around web sites, and personalize a returning visitor\u2019s experience on the web site. In most cases, you can set your browser to turn off cookies or to notify you before you receive one so that you can decide whether to accept it or not. Because cookies allow you to take advantage of some of the features on the Site, we recommend that you leave them turned on. If you block or reject our cookies, some of the features on the Site may not work for you. You can refer to the instructions for your browser to learn more about these functions.</li>\n</ul>", "level": 0}, {"value": "<ul>\n<li>Web Beacons. We, our third-party service providers, advertisers and partners also may use \u201cweb beacons\u201d or similar technologies. Web beacons are small strings of code placed on a web page to collect data about how visitors use the Site. For example, web beacons may be used to count the number of users who visit the Site or to deliver a cookie to the browser of a visitor to the Site. If you set your browser to turn off cookies, web beacons and similar technologies will detect your visits to the Site, but they will not associate your activity on the Site with information that otherwise would be stored in cookies. We do not control tracking technologies used by third parties on the Site.</li>\n</ul>", "level": 0}, {"value": "<ul>\n<li>Flash Cookies. The Site uses locally stored objects, also called \u201cFlash cookies,\u201d when it uses Adobe Flash Player (\u201cFlash\u201d) to provide special content such as video streaming, video on demand, video clips or animation. Flash, and similar applications, use Flash cookies to remember visitors\u2019 Site settings, preferences and usages. Flash cookies are managed directly through Adobe\u2019s website, rather than through your web browser.</li>\n</ul>", "level": 0}, {"value": "<p><b><strong>Third-Party Advertising and Third-Party Web Sites.\u00c2\u00a0</strong></b>This Site allows advertising by third parties that provide links to third-party web sites. Internet advertising companies and the third-party websites on whose behalf they advertise (collectively \u201cThird Parties\u201d) may use the technology described above to send (or \u201cserve\u201d) directly to your browser the advertisements that appear on our Site. When this happens, Third Parties automatically receive non-PII, such as your IP address, and other information from your computer and browser, including your cookie information. They also may use cookies, Javascript, Pixel Tags and other technologies to deliver advertisements; collect information about the effectiveness of their advertisements; collect anonymous information about your visits to the Site, such as the number of times you have viewed an ad; or customize the advertising content you see. Third Parties will not collect your name, address, or other PII, unless you affirmatively provide it to them. We let Third Parties set and access their cookies on your computer. Third Parties\u2019 use of their own cookies is subject to their own privacy policies.\u00c2\u00a0<b><strong>\u00c2\u00a0</strong></b></p>", "level": 0}, {"value": "<p>Please note that this Site contains links to other web sites that do not follow our Privacy Policy. For instance, clicking on an advertisement, links or other elements on the Site may take you to an entirely different site. Links to other sites may use our Site logo or style as a result of a co-branding agreement. These sites may send their own cookies to you and may collect data and make use of that data in ways that this Site would not. After you leave our Site, this Privacy Policy will no longer apply to PII or any other data collected from or provided by you. You should check the other web site\u2019s applicable privacy policy to determine how it will handle such data.</p>", "level": 0}, {"value": "<p><b><strong>How Information Is Used and Shared.</strong></b>\u00c2\u00a0We may use information we collect to do the following, among other things:</p>", "level": 0}, {"value": "<ul>\n<li>Create and manage your account;</li>\n<li>Provide the products and services you request;</li>\n<li>Enroll you in contests, programs or other offers you request;</li>\n<li>Tell you about other products and services that may be of interest to you;</li>\n<li>Process payment for purchases you have made;</li>\n<li>Protect against or identify possible fraudulent transactions;</li>\n<li>Analyse the use of our Site;</li>\n<li>Develop new products and services;</li>\n<li>Understand how you arrived at the Site;</li>\n<li>Manage the Site and Services;</li>\n<li>Enforce our Terms of Use; and</li>\n<li>Enforce the terms of this Policy.</li>\n</ul>", "level": 0}, {"value": "<p>In the event that Tenga-Thengisa is considering a sale of its business, in its entirety or a component thereof, or substantially all of its assets are acquired, or a portion thereof, Data, including PII, may be one of the transferred assets, and may therefore be used by a third party acquirer in accordance with this Privacy Policy. Such use by a third party may include review of PII, using such PII to contact you either before or after such a transfer or sale, use or transfer of non-PII before or after such a transfer or sale, or for other purposes.</p>", "level": 0}, {"value": "<p><b><strong>WE, THE</strong></b>\u00c2\u00a0<b><strong>OPERATOR, MAY CHOOSE TO DISCLOSE NONPUBLIC PERSONAL INFORMATION ABOUT YOU, THE CONSUMER, TO A THIRD PARTY FOR COMPENSATION.</strong></b></p>", "level": 0}, {"value": "<p>In addition, we may share your information as described below:</p>", "level": 0}, {"value": "<ul>\n<li>Information You Elect to Share: You may choose to share information with Third Parties by clicking on links to those Third Parties from within the Site. In addition, you may elect to share information, including PII, through the Services offered on the Site by, for instance, posting comments on comment boards or listing classified advertisements. Some of your activity on the Site, including content you have posted, is public by default. Some of this content may include PII.</li>\n</ul>", "level": 0}, {"value": "<ul>\n<li>Third-Party Advertisers and Web Sites: We may share your non-PII with, or make your non-PII available to, Third Parties as described in the section above titled\u00c2\u00a0<b><strong>Third-Party Advertising and Third-Party Web Sites</strong></b>.</li>\n</ul>", "level": 0}, {"value": "<ul>\n<li>Information Disclosed to Vendors, Partners, Service Providers, and Others for Business Purposes: We contract with vendors to provide services related to the Site and may share information with such vendors in order to provide products or services to you or to help maintain the Site. We also may share non-PII with our partners, service providers and other persons with whom we conduct business.</li>\n</ul>", "level": 0}, {"value": "<ul>\n<li>Information Disclosed for the Protection of the Site and for Others. We may disclose PII when (1) required by law or to respond to legal process or lawful requests, including from law enforcement; (2) when we believe it is necessary to prevent, investigate, or address (a) possible illegal activities, including fraud, (b) violation of our Terms of Use, (c) violation of this Policy, or (d) threats to the physical safety of any person; or (4) to protect our rights or property.</li>\n</ul>", "level": 0}, {"value": "<p><b><strong>Forums.</strong></b>\u00c2\u00a0The Site may include forums (such as message boards, chat rooms, comment boards, and reviews) that enable users to post a comment or communicate with each other. The Operator is under no obligation to moderate or edit the forums and will not be responsible for the content or use of any material posted on any forum within the Site. The Operator retains the right to delete at any time and for any reason any material posted within the Site.</p>", "level": 0}, {"value": "<p><b><strong>Information Security.\u00c2\u00a0</strong></b>We take information security seriously, and we use reasonable administrative, technical and physical safeguards to protect the PII we collect from unauthorized access, use or disclosure. But we have no control over the security of other websites on the Internet that you might visit even when a link may appear to those websites on our Site or through our Services. If you share your computer or use a computer that is accessed by the general public, remember to sign off and close your browser window when you have finished your session. This will help to ensure that others cannot access your PII.</p>", "level": 0}, {"value": "<p>Additionally, and as you are likely aware, no system can be completely secure. Therefore, although we take commercially reasonable steps to secure your information, we do not promise, and you should not expect, that your PII, searches or other communications always will remain secure. In the event of a breach of the confidentiality or security of your PII, we will notify you if reasonably possible and as reasonably necessary so that you can take appropriate protective steps. We may notify you under such circumstances using the e-mail address(es) we have on record for you.</p>", "level": 0}, {"value": "<p>We do not authorize the collection of your PII for third party use through advertising technologies without you providing consent directly to such third parties.</p>", "level": 0}, {"value": "<p><b><strong>Contact Information.</strong></b>\u00c2\u00a0Questions concerning the Policy or the Site, including any request to review or change your PII, should be\u00c2\u00a0<a href=\"mailto:hello@tenga-thengisa.co.zw\" target=\"_blank\">hello@tenga-thengisa.co.zw</a></p>", "level": 0}, {"value": "<div class=\"widget widget_text\"><h3 class=\"widgettitle\">Archives</h3> <ul>\n<li><a href=\"https://tenga-thengisa.co.zw/2017/06/\">June 2017</a>\u00a0(4)</li>\n<li><a href=\"https://tenga-thengisa.co.zw/2017/05/\">May 2017</a>\u00a0(23)</li>\n<li><a href=\"https://tenga-thengisa.co.zw/2017/04/\">April 2017</a>\u00a0(4)</li>\n<li><a href=\"https://tenga-thengisa.co.zw/2017/03/\">March 2017</a>\u00a0(1)</li>\n<li><a href=\"https://tenga-thengisa.co.zw/2017/02/\">February 2017</a>\u00a0(1)</li>\n<li><a href=\"https://tenga-thengisa.co.zw/2017/01/\">January 2017</a>\u00a0(18)</li>\n<li><a href=\"https://tenga-thengisa.co.zw/2016/12/\">December 2016</a>\u00a0(3)</li>\n<li><a href=\"https://tenga-thengisa.co.zw/2016/11/\">November 2016</a>\u00a0(25)</li>\n<li><a href=\"https://tenga-thengisa.co.zw/2016/10/\">October 2016</a>\u00a0(9)</li>\n<li><a href=\"https://tenga-thengisa.co.zw/2016/09/\">September 2016</a>\u00a0(12)</li>\n<li><a href=\"https://tenga-thengisa.co.zw/2016/08/\">August 2016</a>\u00a0(19)</li>\n<li><a href=\"https://tenga-thengisa.co.zw/2016/07/\">July 2016</a>\u00a0(8)</li>\n<li><a href=\"https://tenga-thengisa.co.zw/2016/06/\">June 2016</a>\u00a0(17)</li>\n<li><a href=\"https://tenga-thengisa.co.zw/2016/05/\">May 2016</a>\u00a0(16)</li>\n<li><a href=\"https://tenga-thengisa.co.zw/2016/04/\">April 2016</a>\u00a0(27)</li>\n<li><a href=\"https://tenga-thengisa.co.zw/2016/03/\">March 2016</a>\u00a0(41)</li>\n<li><a href=\"https://tenga-thengisa.co.zw/2016/02/\">February 2016</a>\u00a0(28)</li>\n<li><a href=\"https://tenga-thengisa.co.zw/2016/01/\">January 2016</a>\u00a0(23)</li>\n</ul>\n</div>", "level": 0}], [{"value": "<h3 class=\"widgettitle\">Archives</h3>", "level": 7}, {"value": "<ul>\n<li><a href=\"https://tenga-thengisa.co.zw/2017/06/\">June 2017</a>\u00a0(4)</li>\n<li><a href=\"https://tenga-thengisa.co.zw/2017/05/\">May 2017</a>\u00a0(23)</li>\n<li><a href=\"https://tenga-thengisa.co.zw/2017/04/\">April 2017</a>\u00a0(4)</li>\n<li><a href=\"https://tenga-thengisa.co.zw/2017/03/\">March 2017</a>\u00a0(1)</li>\n<li><a href=\"https://tenga-thengisa.co.zw/2017/02/\">February 2017</a>\u00a0(1)</li>\n<li><a href=\"https://tenga-thengisa.co.zw/2017/01/\">January 2017</a>\u00a0(18)</li>\n<li><a href=\"https://tenga-thengisa.co.zw/2016/12/\">December 2016</a>\u00a0(3)</li>\n<li><a href=\"https://tenga-thengisa.co.zw/2016/11/\">November 2016</a>\u00a0(25)</li>\n<li><a href=\"https://tenga-thengisa.co.zw/2016/10/\">October 2016</a>\u00a0(9)</li>\n<li><a href=\"https://tenga-thengisa.co.zw/2016/09/\">September 2016</a>\u00a0(12)</li>\n<li><a href=\"https://tenga-thengisa.co.zw/2016/08/\">August 2016</a>\u00a0(19)</li>\n<li><a href=\"https://tenga-thengisa.co.zw/2016/07/\">July 2016</a>\u00a0(8)</li>\n<li><a href=\"https://tenga-thengisa.co.zw/2016/06/\">June 2016</a>\u00a0(17)</li>\n<li><a href=\"https://tenga-thengisa.co.zw/2016/05/\">May 2016</a>\u00a0(16)</li>\n<li><a href=\"https://tenga-thengisa.co.zw/2016/04/\">April 2016</a>\u00a0(27)</li>\n<li><a href=\"https://tenga-thengisa.co.zw/2016/03/\">March 2016</a>\u00a0(41)</li>\n<li><a href=\"https://tenga-thengisa.co.zw/2016/02/\">February 2016</a>\u00a0(28)</li>\n<li><a href=\"https://tenga-thengisa.co.zw/2016/01/\">January 2016</a>\u00a0(23)</li>\n</ul>", "level": 0}, {"value": "<span class=\"copyright\"> <span class=\"enginethemes\"><a href=\"\"> Tenga-Thengisa- Powered by Clear Water Technologies</a></span><br/> <!-- <span class=\"enginethemes\">\n\t\t\t\t\t\t\t\t<a href=\"http://www.enginethemes.com/themes/classifiedengine/\" >Classified Ad SoftwarePowered by WordPress</a>\n\t\t\t\t\t\t\t</span> -->\n</span>", "level": 0}, {"value": "<div class=\"body-grid-view section-link\"><h3>Calendar</h3><div class=\"calendar_wrap\" id=\"calendar_wrap\"><table id=\"wp-calendar\">\n<caption>September 2018</caption>\n<thead>\n<tr>\n<th scope=\"col\" title=\"Monday\">M</th>\n<th scope=\"col\" title=\"Tuesday\">T</th>\n<th scope=\"col\" title=\"Wednesday\">W</th>\n<th scope=\"col\" title=\"Thursday\">T</th>\n<th scope=\"col\" title=\"Friday\">F</th>\n<th scope=\"col\" title=\"Saturday\">S</th>\n<th scope=\"col\" title=\"Sunday\">S</th>\n</tr>\n</thead>\n<tfoot>\n<tr>\n<td colspan=\"3\" id=\"prev\"><a href=\"https://tenga-thengisa.co.zw/2017/06/\">\u00ab Jun</a></td>\n<td class=\"pad\">\u00a0</td>\n<td class=\"pad\" colspan=\"3\" id=\"next\">\u00a0</td>\n</tr>\n</tfoot>\n<tbody>\n<tr>\n<td class=\"pad\" colspan=\"5\">\u00a0</td><td>1</td><td>2</td>\n</tr>\n<tr>\n<td>3</td><td>4</td><td>5</td><td>6</td><td>7</td><td>8</td><td>9</td>\n</tr>\n<tr>\n<td>10</td><td>11</td><td>12</td><td>13</td><td>14</td><td>15</td><td>16</td>\n</tr>\n<tr>\n<td id=\"today\">17</td><td>18</td><td>19</td><td>20</td><td>21</td><td>22</td><td>23</td>\n</tr>\n<tr>\n<td>24</td><td>25</td><td>26</td><td>27</td><td>28</td><td>29</td><td>30</td>\n</tr>\n</tbody>\n</table></div></div>", "level": 0}], [{"value": "<h3>Calendar</h3>", "level": 7}, {"value": "<div class=\"calendar_wrap\" id=\"calendar_wrap\"><table id=\"wp-calendar\">\n<caption>September 2018</caption>\n<thead>\n<tr>\n<th scope=\"col\" title=\"Monday\">M</th>\n<th scope=\"col\" title=\"Tuesday\">T</th>\n<th scope=\"col\" title=\"Wednesday\">W</th>\n<th scope=\"col\" title=\"Thursday\">T</th>\n<th scope=\"col\" title=\"Friday\">F</th>\n<th scope=\"col\" title=\"Saturday\">S</th>\n<th scope=\"col\" title=\"Sunday\">S</th>\n</tr>\n</thead>\n<tfoot>\n<tr>\n<td colspan=\"3\" id=\"prev\"><a href=\"https://tenga-thengisa.co.zw/2017/06/\">\u00ab Jun</a></td>\n<td class=\"pad\">\u00a0</td>\n<td class=\"pad\" colspan=\"3\" id=\"next\">\u00a0</td>\n</tr>\n</tfoot>\n<tbody>\n<tr>\n<td class=\"pad\" colspan=\"5\">\u00a0</td><td>1</td><td>2</td>\n</tr>\n<tr>\n<td>3</td><td>4</td><td>5</td><td>6</td><td>7</td><td>8</td><td>9</td>\n</tr>\n<tr>\n<td>10</td><td>11</td><td>12</td><td>13</td><td>14</td><td>15</td><td>16</td>\n</tr>\n<tr>\n<td id=\"today\">17</td><td>18</td><td>19</td><td>20</td><td>21</td><td>22</td><td>23</td>\n</tr>\n<tr>\n<td>24</td><td>25</td><td>26</td><td>27</td><td>28</td><td>29</td><td>30</td>\n</tr>\n</tbody>\n</table></div>", "level": 0}, {"value": "<a class=\"rum_sst_contents rum_sst_left\" href=\"http://tenga-thengisa.co.zw/entertainment\" id=\"rum_sst_tab\" target=\"_blank\">Entertainment</a>", "level": 0}, {"value": "<div aria-hidden=\"false\" aria-labelledby=\"myModalLabel\" class=\"modal fade modal-login\" id=\"loginModal\" role=\"dialog\" tabindex=\"-1\">\n<div class=\"modal-dialog\">\n<div class=\"modal-content\">\n<div class=\"label-signin\">\n<div class=\"signin-header\">\n<button aria-hidden=\"true\" class=\"close close-login\" data-dismiss=\"modal\" type=\"button\">\u00d7</button>\n<span class=\"title \" data-rel=\"login-body\">Sign in</span>\n<!-- link open modal register -->\n<a class=\"requestform register-request\" href=\"#\" id=\"open-register\" rel=\"register-body\">Register </a>\n</div>\n<div class=\"register-header\" style=\"display: none;\">\n<button aria-hidden=\"true\" class=\"close close-login\" data-dismiss=\"modal\" type=\"button\">\u00d7</button>\n<span class=\"title \" data-rel=\"login-body\">Register</span>\n<!-- link open modal register -->\n<a class=\"requestform signin-request\" href=\"#\" id=\"open-login\" rel=\"login-body\">Sign in </a>\n</div>\n</div>\n<div class=\"modal-body\" id=\"login-body\">\n<div class=\"login-body\">\n<div class=\"container-form-login\">\n<form class=\"form-horizontal form-login\" id=\"form-login\">\n<div class=\"control-group\">\n<div class=\"controls\">\n<input id=\"inputEmail\" name=\"username\" placeholder=\"Email or Username\" required=\"\" tabindex=\"1\" type=\"text\"/>\n</div>\n</div>\n<div class=\"control-group\">\n<div class=\"controls\">\n<input id=\"inputPassword\" name=\"password\" placeholder=\"Password\" required=\"\" tabindex=\"2\" type=\"password\"/>\n</div>\n</div>\n<div class=\"control-group button-signin\">\n<div class=\"controls\">\n<button class=\"btn btn-primary\" type=\"submit\">Sign in</button>\n</div>\n</div>\n<div class=\"control-group\">\n<div class=\"controls\">\n<a class=\"forgot-password-link\" href=\"#\"> Forgot password </a>\n</div>\n</div>\n</form>\n</div>\n<div class=\"container-forgot-password\" style=\"display:none\">\n<div class=\"label-forgot\">\n<button aria-hidden=\"true\" class=\"close close-login\" data-dismiss=\"modal\" type=\"button\">\u00d7</button>\n<span class=\"title \">Forgot password</span>\n</div>\n<form class=\"forgot-password form\" id=\"form-forgot-pass\">\n<div class=\"control-group form-group\">\n<p class=\"span-top\"> Enter your username or email address.</p>\n<div class=\"controls\">\n<input class=\"required\" id=\"user_login\" name=\"user_login\" placeholder=\"Username or E-mail\" type=\"text\"/>\n</div>\n</div>\n<div class=\"control-group form-group row-last\">\n<div class=\"controls\">\n<button class=\"btn btn-primary\" type=\"submit\">Get password</button>\n</div>\n</div>\n</form>\n</div>\n</div>\n<div class=\"control-group row-social-login \">\n<label class=\"label-social-login\">Sign in with</label>\n<div class=\"right-social right\">\n<ul>\n<li><a class=\"facebook_auth_btn btn-social btn-fb\" href=\"#\" id=\"facebook_auth_btn\"></a></li>\n</ul>\n</div>\n</div>\n</div>\n<div class=\"modal-body \" id=\"register-body\" style=\"display:none\">\n<div class=\"container-form-login\">\n<form class=\"form-horizontal form-register\" id=\"form-register\">\n<div class=\"control-group\">\n<div class=\"controls\">\n<input id=\"display_name\" name=\"display_name\" placeholder=\"Full Name\" required=\"\" type=\"text\"/>\n</div>\n</div>\n<div class=\"control-group\">\n<div class=\"controls\">\n<input id=\"user_login\" name=\"user_login\" placeholder=\"Username\" required=\"\" type=\"text\"/>\n</div>\n</div>\n<div class=\"control-group\">\n<div class=\"controls\">\n<input id=\"user_email\" name=\"user_email\" placeholder=\"Email\" required=\"\" type=\"text\"/>\n</div>\n</div>\n<div class=\"control-group\">\n<div class=\"controls\">\n<input id=\"password\" name=\"password\" placeholder=\"Password\" required=\"\" type=\"password\"/>\n</div>\n</div>\n<div class=\"control-group\">\n<div class=\"controls\">\n<input id=\"repeat_password\" name=\"repeat_password\" placeholder=\"Repeat Password\" required=\"\" type=\"password\"/>\n</div>\n</div>\n<div class=\"custom-field\">\n<div class=\"form-item\" id=\"reCaptcha\"> \n<div id=\"recaptcha_widget\" style=\"margin-top:10px;\">\n<div class=\"control-group row-captcha\">\n<label class=\"control-label customize_text\"> Enter the words </label>\n<div class=\"controls\">\n<a class=\"thumbnail\" href=\"#\" id=\"recaptcha_image\"></a>\n<div class=\"recaptcha_only_if_incorrect_sol\" style=\"color:red\">Incorrect please try again</div>\n</div>\n</div>\n<div class=\"control-group row-captcha\">\n<label class=\"recaptcha_only_if_image control-label\">Enter the words above:</label>\n<label class=\"recaptcha_only_if_audio control-label\">Enter the numbers you hear:</label>\n<div class=\"controls\">\n<div class=\"input-append\">\n<div class=\"input-captcha\">\n<input class=\"required input-recaptcha\" id=\"recaptcha_response_field\" name=\"recaptcha_response_field\" tabindex=\"3\" type=\"text\"/>\n</div>\n<span class=\"msg-custom\" style=\"display:none\"></span>\n<span class=\"google-action\">\n<a class=\"button\" href=\"javascript:Recaptcha.reload()\"><i class=\"icon\" data-icon=\"0\"></i></a>\n<a class=\"button\" href=\"javascript:Recaptcha.showhelp()\"><i class=\"icon\" data-icon=\"?\"></i></a>\n</span>\n</div>\n</div>\n</div>\n</div>\n\n<div style=\"width: 100%\"></div></div></div>\n<div class=\"control-group\">\n<div class=\"controls\">\n<button class=\"btn btn-primary\" type=\"submit\">Register</button>\n</div>\n</div>\n</form>\n</div>\n</div>\n<!-- end modal register !-->\n</div>\n</div>\n</div>", "level": 0}]]