[[{"value": "<h2>Mobility Zimbabwe Terms of Service and Privacy Policy</h2>", "level": 8}], [{"value": "<h3>1. Terms</h3>", "level": 7}, {"value": "<p>By accessing the website at <a href=\"http://www.mobility.co.zw\">http://www.mobility.co.zw</a>, or using our developed apps, you are agreeing to be bound by these terms of service, all applicable laws and regulations, and agree that you are responsible for compliance with any applicable local laws. If you do not agree with any of these terms, you are prohibited from using or accessing this site, as well as our developed applications. The materials contained in this website are protected by applicable copyright and trademark law.</p>", "level": 0}], [{"value": "<h3>2. Use License</h3>", "level": 7}, {"value": "<ol type=\"a\">\n<li>\n      Permission is granted to temporarily download one copy of the materials (information or software) on Mobility Zimbabwe's website for personal, non-commercial transitory viewing only. This is the grant of a license, not a transfer of title, and under this license you may not:\n\n      <ol type=\"i\">\n<li>modify or copy the materials;</li>\n<li>use the materials for any commercial purpose, or for any public display (commercial or non-commercial);</li>\n<li>attempt to decompile or reverse engineer any software contained on Mobility Zimbabwe's website;</li>\n<li>remove any copyright or other proprietary notations from the materials; or</li>\n<li>transfer the materials to another person or \"mirror\" the materials on any other server.</li>\n</ol>\n</li>\n<li>This license shall automatically terminate if you violate any of these restrictions and may be terminated by Mobility Zimbabwe at any time. Upon terminating your viewing of these materials or upon the termination of this license, you must destroy any downloaded materials in your possession whether in electronic or printed format.</li>\n</ol>", "level": 0}], [{"value": "<h3>3. Disclaimer</h3>", "level": 7}, {"value": "<ol type=\"a\">\n<li>The materials on Mobility Zimbabwe's website are provided on an 'as is' basis. Mobility Zimbabwe makes no warranties, expressed or implied, and hereby disclaims and negates all other warranties including, without limitation, implied warranties or conditions of merchantability, fitness for a particular purpose, or non-infringement of intellectual property or other violation of rights.</li>\n<li>Further, Mobility Zimbabwe does not warrant or make any representations concerning the accuracy, likely results, or reliability of the use of the materials on its website or otherwise relating to such materials or on any sites linked to this site.</li>\n</ol>", "level": 0}], [{"value": "<h3>4. Limitations</h3>", "level": 7}, {"value": "<p>In no event shall Mobility Zimbabwe or its suppliers be liable for any damages (including, without limitation, damages for loss of data or profit, or due to business interruption) arising out of the use or inability to use the materials on Mobility Zimbabwe's website, even if Mobility Zimbabwe or a Mobility Zimbabwe authorized representative has been notified orally or in writing of the possibility of such damage. Because some jurisdictions do not allow limitations on implied warranties, or limitations of liability for consequential or incidental damages, these limitations may not apply to you.</p>", "level": 0}], [{"value": "<h3>5. Accuracy of materials</h3>", "level": 7}, {"value": "<p>The materials appearing on Mobility Zimbabwe's website could include technical, typographical, or photographic errors. Mobility Zimbabwe does not warrant that any of the materials on its website are accurate, complete or current. Mobility Zimbabwe may make changes to the materials contained on its website at any time without notice. However Mobility Zimbabwe does not make any commitment to update the materials.</p>", "level": 0}], [{"value": "<h3>6. Links</h3>", "level": 7}, {"value": "<p>Mobility Zimbabwe has not reviewed all of the sites linked to its website and is not responsible for the contents of any such linked site. The inclusion of any link does not imply endorsement by Mobility Zimbabwe of the site. Use of any such linked website is at the user's own risk.</p>", "level": 0}], [{"value": "<h3>7. Modifications</h3>", "level": 7}, {"value": "<p>Mobility Zimbabwe may revise these terms of service for its website at any time without notice. By using this website you are agreeing to be bound by the then current version of these terms of service.</p>", "level": 0}], [{"value": "<h3>8. Governing Law</h3>", "level": 7}, {"value": "<p>These terms and conditions are governed by and construed in accordance with the laws of Harare and you irrevocably submit to the exclusive jurisdiction of the courts in that State or location.</p>", "level": 0}], [{"value": "<h2>Privacy Policy</h2>", "level": 8}, {"value": "<p>Your privacy is important to us.</p>", "level": 0}, {"value": "<p>It is Mobility Zimbabwe's policy to respect your privacy regarding any information we may collect while operating our website. Accordingly, we have developed this privacy policy in order for you to understand how we collect, use, communicate, disclose and otherwise make use of personal information. We have outlined our privacy policy below.</p>", "level": 0}, {"value": "<ul>\n<li>We will collect personal information by lawful and fair means and, where appropriate, with the knowledge or consent of the individual concerned.</li>\n<li>Before or at the time of collecting personal information, we will identify the purposes for which information is being collected.</li>\n<li>We will collect and use personal information solely for fulfilling those purposes specified by us and for other ancillary purposes, unless we obtain the consent of the individual concerned or as required by law.</li>\n<li>Personal data should be relevant to the purposes for which it is to be used, and, to the extent necessary for those purposes, should be accurate, complete, and up-to-date.</li>\n<li>We will protect personal information by using reasonable security safeguards against loss or theft, as well as unauthorized access, disclosure, copying, use or modification.</li>\n<li>We will make readily available to customers information about our policies and practices relating to the management of personal information.</li>\n<li>We will only retain personal information for as long as necessary for the fulfilment of those purposes.</li>\n</ul>", "level": 0}, {"value": "<p>We are committed to conducting our business in accordance with these principles in order to ensure that the confidentiality of personal information is protected and maintained. Mobility Zimbabwe may change this privacy policy from time to time at Mobility Zimbabwe's sole discretion.</p>", "level": 0}, {"value": "<footer class=\"footer\">\n<div class=\"container\">\n<span class=\"hidden-xs hidden-sm pull-right\">\n\t\t\t\t\u00a9 All rights reserved 2018. Made with <font color=\"red\">\u00e2\u009d\u00a4</font> in Zimbabwe.\n\t\t\t</span>\n<div class=\"cleared\"></div>\n</div>\n</footer>", "level": 0}]]