[[{"value": "<strong>Facebook</strong>", "level": 1}, {"value": "</a><a href=\"javascript:;\" id=\"socialSwitcher\"></a><div class=\"clear\"></div><div class=\"social-list\"><a class=\"vk\" href=\"javascript:;\" id=\"vk\">Vkontakte</a><a class=\"ok odkl-oauth-lnk\" href=\"javascript:;\" id=\"ok\">Odnoklassniki</a></div></div><div class=\"form-move\" id=\"loginForm\">", "level": 0}], [{"value": "<strong>Login</strong>", "level": 1}, {"value": "\u00a0or\u00a0<a href=\"javascript:;\" id=\"regSwitch\">sign up</a><div class=\"form\"><form action=\"/auth//\" class=\"\" id=\"authForm\" method=\"POST\"><div class=\"field-container fieldContainer_login\"><input class=\"\" id=\"form_auth_login\" name=\"login\" path=\"/login\" placeholder=\"Email\" title=\"Email\" type=\"text\" value=\"\"/></div><div class=\"field-container fieldContainer_password\"><input class=\"\" id=\"form_auth_password\" name=\"password\" path=\"/password\" placeholder=\"Password\" type=\"password\" value=\"\"/></div><button class=\"btn-enter\" type=\"submit\">Login</button><span class=\"fieldContainer_form_name\"><input id=\"form_auth_form_name\" name=\"form_name\" path=\"/form_name\" type=\"hidden\" value=\"auth\"/></span><span class=\"fieldContainer_beloved\"><input id=\"form_auth_beloved\" name=\"beloved\" path=\"/beloved\" type=\"hidden\" value=\"\"/></span></form><div class=\"clear\"></div></div><a class=\"lost-passwd\" href=\"//topface.com/auth/restore/\">Lost password?</a><div class=\"clear\"></div></div><div class=\"form-move dn\" id=\"regForm\"><a href=\"javascript:;\" id=\"loginSwitch\">Login</a>\u00a0or\u00a0<strong>sign up</strong><div class=\"form\"><form action=\"/auth/\" class=\"\" id=\"signUpForm\" method=\"POST\"><div class=\"field-container fieldContainer_first_name\"><input class=\"\" id=\"form_signup_first_name\" name=\"first_name\" path=\"/first_name\" placeholder=\"First name\" title=\"First name\" type=\"text\" value=\"\"/></div><div class=\"field-container fieldContainer_login\"><input class=\"\" id=\"form_signup_login\" name=\"login\" path=\"/login\" placeholder=\"Email\" title=\"Email\" type=\"text\" value=\"\"/></div><div class=\"field-container fieldContainer_password\"><input class=\"\" id=\"form_signup_password\" name=\"password\" path=\"/password\" placeholder=\"Password\" type=\"password\" value=\"\"/></div><div class=\"age-selector\"><span>Date of birth:</span><div class=\"field-container fieldContainer_days\"><span class=\"field-title\"></span><select class=\"\" id=\"form_signup_days\" name=\"days\" path=\"/days\"><option value=\"Day\">Day</option><option value=\"1\">1</option><option value=\"2\">2</option><option value=\"3\">3</option><option value=\"4\">4</option><option value=\"5\">5</option><option value=\"6\">6</option><option value=\"7\">7</option><option value=\"8\">8</option><option value=\"9\">9</option><option value=\"10\">10</option><option value=\"11\">11</option><option value=\"12\">12</option><option value=\"13\">13</option><option value=\"14\">14</option><option value=\"15\">15</option><option value=\"16\">16</option><option value=\"17\">17</option><option value=\"18\">18</option><option value=\"19\">19</option><option value=\"20\">20</option><option value=\"21\">21</option><option value=\"22\">22</option><option value=\"23\">23</option><option value=\"24\">24</option><option value=\"25\">25</option><option value=\"26\">26</option><option value=\"27\">27</option><option value=\"28\">28</option><option value=\"29\">29</option><option value=\"30\">30</option><option value=\"31\">31</option></select></div><div class=\"field-container fieldContainer_months\"><span class=\"field-title\"></span><select class=\"\" id=\"form_signup_months\" name=\"months\" path=\"/months\"><option value=\"month\">Month</option><option value=\"1\">January</option><option value=\"2\">February</option><option value=\"3\">March</option><option value=\"4\">April</option><option value=\"5\">May</option><option value=\"6\">June</option><option value=\"7\">July</option><option value=\"8\">August</option><option value=\"9\">September</option><option value=\"10\">October</option><option value=\"11\">November</option><option value=\"12\">December</option></select></div><div class=\"field-container fieldContainer_years\"><span class=\"field-title\"></span><select class=\"\" id=\"form_signup_years\" name=\"years\" path=\"/years\"><option value=\"Year\">Year</option><option value=\"2002\">2002</option><option value=\"2001\">2001</option><option value=\"2000\">2000</option><option value=\"1999\">1999</option><option value=\"1998\">1998</option><option value=\"1997\">1997</option><option value=\"1996\">1996</option><option value=\"1995\">1995</option><option value=\"1994\">1994</option><option value=\"1993\">1993</option><option value=\"1992\">1992</option><option value=\"1991\">1991</option><option value=\"1990\">1990</option><option value=\"1989\">1989</option><option value=\"1988\">1988</option><option value=\"1987\">1987</option><option value=\"1986\">1986</option><option value=\"1985\">1985</option><option value=\"1984\">1984</option><option value=\"1983\">1983</option><option value=\"1982\">1982</option><option value=\"1981\">1981</option><option value=\"1980\">1980</option><option value=\"1979\">1979</option><option value=\"1978\">1978</option><option value=\"1977\">1977</option><option value=\"1976\">1976</option><option value=\"1975\">1975</option><option value=\"1974\">1974</option><option value=\"1973\">1973</option><option value=\"1972\">1972</option><option value=\"1971\">1971</option><option value=\"1970\">1970</option><option value=\"1969\">1969</option><option value=\"1968\">1968</option><option value=\"1967\">1967</option><option value=\"1966\">1966</option><option value=\"1965\">1965</option><option value=\"1964\">1964</option><option value=\"1963\">1963</option><option value=\"1962\">1962</option><option value=\"1961\">1961</option><option value=\"1960\">1960</option><option value=\"1959\">1959</option><option value=\"1958\">1958</option><option value=\"1957\">1957</option><option value=\"1956\">1956</option><option value=\"1955\">1955</option><option value=\"1954\">1954</option><option value=\"1953\">1953</option><option value=\"1952\">1952</option><option value=\"1951\">1951</option><option value=\"1950\">1950</option><option value=\"1949\">1949</option><option value=\"1948\">1948</option><option value=\"1947\">1947</option><option value=\"1946\">1946</option><option value=\"1945\">1945</option><option value=\"1944\">1944</option><option value=\"1943\">1943</option><option value=\"1942\">1942</option><option value=\"1941\">1941</option><option value=\"1940\">1940</option><option value=\"1939\">1939</option><option value=\"1938\">1938</option><option value=\"1937\">1937</option><option value=\"1936\">1936</option><option value=\"1935\">1935</option><option value=\"1934\">1934</option><option value=\"1933\">1933</option><option value=\"1932\">1932</option><option value=\"1931\">1931</option><option value=\"1930\">1930</option><option value=\"1929\">1929</option><option value=\"1928\">1928</option><option value=\"1927\">1927</option><option value=\"1926\">1926</option><option value=\"1925\">1925</option><option value=\"1924\">1924</option><option value=\"1923\">1923</option><option value=\"1922\">1922</option><option value=\"1921\">1921</option><option value=\"1920\">1920</option><option value=\"1919\">1919</option></select></div><div class=\"clear\"></div></div><div class=\"gender-selector\"> <label><input id=\"form_signup_sex_0\" name=\"sex\" type=\"radio\" value=\"0\"/>\u00a0Female</label><label><input id=\"form_signup_sex_1\" name=\"sex\" type=\"radio\" value=\"1\"/>\u00a0Male</label><div class=\"clear\"></div></div><div class=\"geoOptions\"><input class=\"city-input\" id=\"cityAc\" placeholder=\"City\" type=\"text\" value=\"\"/><div class=\"city-hint\"></div><span class=\"fieldContainer_city\"><input id=\"form_signup_city\" name=\"city\" path=\"/city\" type=\"hidden\" value=\"\"/></span></div><span class=\"fieldContainer_urllang\"><input id=\"form_signup_urllang\" name=\"urllang\" path=\"/urllang\" type=\"hidden\" value=\"en_US\"/></span><span class=\"fieldContainer_form_name\"><input id=\"form_signup_form_name\" name=\"form_name\" path=\"/form_name\" type=\"hidden\" value=\"signUp\"/></span><span class=\"fieldContainer_regEnabled\"><input id=\"form_signup_regEnabled\" name=\"regEnabled\" path=\"/regEnabled\" type=\"hidden\" value=\"\"/></span><button class=\"btn-enter\" type=\"submit\">Sign up</button><span class=\"fieldContainer_beloved\"><input id=\"form_signup_beloved\" name=\"beloved\" path=\"/beloved\" type=\"hidden\" value=\"\"/></span></form></div><div id=\"city_ac\" style=\"position:absolute;\"></div></div><div class=\"clear\"></div><div class=\"agreement\"></div></div></div><div class=\"mobile text-layout\">Topface  \u2014 free dating service in All cities.\u00a0Thousands of girls will be happy to chat with you: be active, send likes and compliments, invite them out for a date!</div><div class=\"clear\"></div><div class=\"b-social-likes\"></div></div><div class=\"\" id=\"contentLayout\"><br/><div class=\"\">", "level": 0}], [{"value": "<h1>Privacy policy</h1>", "level": 9}, {"value": "", "level": 0}], [{"value": "<h3>ABOUT US</h3>", "level": 7}, {"value": "<p>                Topface is managed by Tiversen Limited, a company registered at  British Virgin Islands, No 1673522<br/>                Our address: Quijano Chambers, Road Town, Tortola, British Virgin Islands<br/><br/>            The official representative of Topface in the European Union is Smart Contract O\u00dc (No. 14489878), a company registered at Pae street, 25-47, Tallinn 11414, Estonia.<br/><br/>            You can contact the authorized person for the protection of personal data Topface, sending a letter to the email address:  <a href=\"mailto:dpo@topface.com\">dpo@topface.com</a><br/><br/><br/>            Before we explain why, when, how and what personal data Topface collects and processes about users, let explain some basic concepts related to the protection of personal data. We believe that this way you will gain a better understanding and awareness of why Topface processes the chosen data in the processing of personal data.        </p><table><tr><td>Personal data</td><td>Personal data is any information about an identified or identifiable individual (data subject). An identifiable individual is an individual that can be directly or indirectly identified, in particular by referring to a specific identifier (name, number, network identifier) \u200b\u200bor to one or more specific elements of a physical, physiological, genetic, psychological, economic, cultural or social identity of the individual.</td></tr><tr><td>Subject of personal data</td><td>This is an individual to which the personal data relates and which can be identified by personal data or which is identifiable</td></tr><tr><td>Special categories of personal data</td><td>This is a new designation of confidential personal data. It is about such personal data that the data subject alone can cause harm in society, at work, at the university or may lead to its discrimination. Such personal data usually reflects racial or ethnic origin, political views, religious or philosophical beliefs, membership in trade unions, or the processing of genetic and biometric data for the purpose of unique identification of a natural person and data on his health, sexual life or sexual orientation of an individual.</td></tr><tr><td>Administrator</td><td>The administrator is an individual or legal entity that determines the purposes and means for processing personal data and bears the primary responsibility for processing. If these terms and conditions are not specified for a particular service, the personal data administrator is Topface.</td></tr><tr><td>Processor</td><td>This is a natural or legal person who, on the basis of administrator instructions, processes personal data for the administrator.</td></tr><tr><td>Processing of personal data</td><td>Processing is any operation or set of operations that are performed with personal data or personal data sets using or without using automatic procedures, such as collection, recording, systematization, structuring, storage, updating or modification, search, viewing, use, access with transfer, distribution or any other provision of access, ordering or combining, limiting, deleting or destroying.</td></tr></table>", "level": 0}], [{"value": "<h3>WHAT INFORMATION DO WE COLLECT?        </h3>", "level": 7}, {"value": "<p>            Topface is a service for people who have reached the age of majority, whose main goal is to meet and communicate with new people. Use the services that we provide, you can in many ways: through our official website www.topface.com, through a mobile application for the Android platform or iOS. By registering with Topface, you enter into a legal agreement with us and we process your data for providing the service in accordance with the terms of this agreement.            <br/><br/>            To become a Topface user, you need to create a profile. During registration, we can ask you to provide the following information: name, email address, gender, date of birth, and your location data. You can also provide other information about yourself by specifying them in your profile, but they are optional. You control your profile and have constant access to this data in the \"Profile\" section on Topface, where all data can be corrected or updated (except for the name, email address and id number).            <br/><br/>            Please be careful when placing in your profile such personal information as your health information or sexual orientation. Remember that the photos or videos that you post in Topface can disclose that kind of personal information. If you provide or upload personal information about yourself, you consent to its processing and publication in public.            <br/><br/>            In the interests of security and to improve the user experience, all users must undergo verification of the account. For verification, we send a letter to your e-mail address. This is necessary only to make sure that the email address belongs to you. In addition, we are struggling with the creation of fake accounts that can be used to harm other users, as well as to commit cybercrimes - such accounts pose a threat to the Topface community and prevent other users from enjoying communication. We use your e-mail address based on the above legitimate interests and to prevent fraud and cybercrime.            <br/><br/>            If you purchase any premium services while using Topface, we will process your payment information and securely store it to prevent fraud, as well as for audit and / or tax purposes. In accordance with the data protection law, we need to collect and process these payment data in order to fulfill our obligations to you; the preservation of this data is justified by our legitimate interests set out above.            <br/><br/>            To provide users with a free, non-premium service, we process a series of data (demographics and location) to attract targeted advertising for their legitimate interests, including the transfer of such data to advertisers. You can limit the transfer of such data in the settings, but you will still see advertisements, although they will be less relevant to you. In the security settings of your device, you also have the ability to prevent or restrict device IDs that will be passed on to third-party advertisers, as well as how to use these identifiers.            <br/><br/>            We also want to keep in touch with you to inform you about our promotions and offers. If you agree with this, we will use your email address to send you this information. You can change your decision at any time in the Settings app or on the site <a href=\"http://topface.com\" target=\"_blank\">www.topface.com</a>.        </p>", "level": 0}], [{"value": "<h3>WHAT DATA IS GOING ABOUT ME IF I USE THE MOBILE APPLICATION OR I LIKE THROUGH THE OFFICIAL SITE?</h3>", "level": 7}, {"value": "<p>            Wherever you are, with Topface you have the opportunity to communicate with your friends, make new acquaintances, and stay in touch with your contacts that you have purchased with our service. You can do this using a mobile phone or by visiting the official website <a href=\"http://topface.com\" target=\"_blank\">www.topface.com</a>.            <br/><br/>            When you use a mobile application or visit our official website, we collect information about your language, as well as your location (latitude and longitude). This information helps us determine your physical location so that we can determine the language of your region and provide an opportunity to communicate with people near you.            <br/><br/>            If you have enabled the location function, but you want to turn it off, you can do this in your system's system settings.            <br/><br/>            Topface and advertisers who are our partners can also store and use the identifier of your device to provide you with targeted advertising inside the application. You can opt out of targeted advertising by setting the appropriate settings in your profile. You can also refuse to provide data to third parties, but you will still see general ads in the application.        </p>", "level": 0}], [{"value": "<h3>HOW LONG DOES TOPFACE KEEP MY DATA?</h3>", "level": 7}, {"value": "<p>            If you do not use your account for 24 months, your profile and any data will be deleted. When you request the removal of your profile via an application or website, it immediately becomes unavailable and completely deleted within 30 days.            <br/><br/>            Our correspondence with our support team will be kept longer so that we can use it for any subsequent requests that may arise. Such correspondence deleted after 3 years in the absence of requests.            <br/><br/>            Anonymous information about activity on Topface persists longer for statistical data and marketing research, but it does not correlate with you after deleting the profile, that is, becomes anonymous. This is because Topface seeks to develop its services and opportunities for more convenient communication and this period is justified by our legitimate interest.            <br/><br/>            Information such as billing information, IP addresses, mobile numbers and e-mail addresses is retained to combat fraud and spam as long as it is relevant. Usually this period is determined by the period of validity of the method of payment.        </p>", "level": 0}], [{"value": "<h3>WHAT INFORMATION TOPFACE COLLECTS ABOUT ME, IF I STILL HAVE NO 18 YEARS?</h3>", "level": 7}, {"value": "<p>            Topface deliberately does not collect any information about minors. We do not engage or encourage the use of our service by persons under the age of majority. If we become aware of the registration of a user under the age of majority, the statutory residence of an EU citizen and the provision of their personal data, we will take measures to remove such profile and any information about it from Topface.            <br/><br/>            If we deleted your profile because you violated our minimum age rule, we can save your email and IP addresses so you do not try to bypass our rules by creating a new profile.        </p>", "level": 0}], [{"value": "<h3>WHAT INFORMATION DOES TOPFACE COLLECT ABOUT MY FRIENDS AND CONTACTS? ?</h3>", "level": 7}, {"value": "<p>            You can invite your friends to join Topface so that they too can be acquainted with new people. In addition, you can find your friends who are already registered in Topface, using the search on contacts. If you want to invite your friends and acquaintances to join Topface, we can send them an invitation on your behalf via email or SMS (if you use the application for Android or iPhone).            <br/><br/>            If someone from the invitees does not register within a few days after the invitation, we can send them a reminder of your invitation. You can invite all your friends or just some of them, but please remember the minimum age for Topface. You are responsible for the consent of your friends to receive invitations.            <br/><br/>            When you import your contacts, we save your name and email address to be able to automatically associate you and your friend. We do not sell these email addresses and do not use them to send any other messages except for the invitation. Your friend can contact Topface and request the removal of his information from our database by visiting the feedback page or by writing to dpo@topface.com. This request will only apply to the addresses and phone numbers received by us at the time of the request, but not to addresses provided later.        </p>", "level": 0}], [{"value": "<h3>WITH WHOM TOPFACE SHARES MY DATA?</h3>", "level": 7}, {"value": "<p>            We can provide third parties, such as payment systems, advertisers, postal services, aggregate information that includes your personal data (but does not directly identify you) together with other information, including third-party data, for market analysis and demographic data to show relevant ads about other products and services.<br/><br/>            We share your data with the following categories of third parties:        </p><table class=\"table-list\"><tr><td>1.</td><td>IT companies (hardware and software) that provide capacity and other services to support our products.</td></tr><tr><td>2.</td><td>Fraud prevention and anti-spam services to protect the service from criminal activity.</td></tr><tr><td>3.</td><td>Moderators that track activity on the site and in content verification applications.</td></tr><tr><td>4.</td><td>Advertising partners and suppliers of targeted advertising.</td></tr><tr><td>5.</td><td>Law enforcement agencies, if necessary, provide data on the law, as well as to protect life.</td></tr><tr><td>6.</td><td>Payment and telecommunication companies for payment of our premium services.</td></tr></table><p>            We guarantee that these parties act in accordance with the data protection and confidentiality provisions of this Policy. We do our best to ensure that all data remains as anonymous.            <br/><br/>            In the event that Topface or any of our partners who own your data legally transfers business or changes ownership, for example, due to the takeover by another company or the merger, reorganization or sale of all or part of the assets, as well as in case of insolvency, we can be required to disclose your personal information.        </p>", "level": 0}], [{"value": "<h3>YOUR RIGHTS</h3>", "level": 7}, {"value": "<p>                Under the BVI and EU law, you have the right to lodge a complaint with data protection regulators. Topface has its main office at  Boubolina building, flat 40, 1060, Nicosia, Cyprus and the Information Commissioners\u2019 Office (ICO) is our lead regulator. You can find out how to make a request to the ICO. If you are in the EU, you can also contact the local data protection authority who can communicate with the information authority on your behalf.            <br/><br/>            You have a number of rights under European Data Protection law if you are an EU citizen.        </p><table class=\"table-list\"><tr><td>1.</td><td>Right to be informed: what personal data an organisation is processing and why (this notice).</td></tr><tr><td>2.</td><td>Right of access: you can request a copy of your data.</td></tr><tr><td>3.</td><td>Right of rectification: if the data held is inaccurate, you have the right to have it corrected.</td></tr><tr><td>4.</td><td>Right to erasure: you have the right to have your data deleted in certain circumstances.</td></tr><tr><td>5.</td><td>Right to restrict processing: in limited circumstances, you have the right to request that processing is stopped but the data retained.</td></tr><tr><td>6.</td><td>Right to data portability: you can request a copy of your data in a machine-readable form that can be transferred to another provider.</td></tr><tr><td>7.</td><td>Right to object: in certain circumstances (including where data is processed on he basis of legitimate interests or for the purposes of marketing) you may object to that processing.</td></tr><tr><td>8.</td><td>Rights related to automated decision making including profiling: there are several rights in this area where processing carried out on a solely automated basis results in a decision which has legal or significant effects for the individual. In these circumstances your rights include the right to ensure that there is human intervention in the decision-making process.</td></tr></table><p>            If you want to exercise any of your rights listed above please visit Feedback Page or email us at\u00a0<a href=\"mailto:dpo@topface.com\">dpo@topface.com</a>.        </p>", "level": 0}], [{"value": "<h3>HOW DOES TOPFACE PROTECT MY PERSONAL DATA?</h3>", "level": 7}, {"value": "<p>            Topface takes the necessary security measures to protect and prevent loss, misuse and alteration of information under our control, including your personal data. Our technical specialists are constantly working to ensure that Topface remains safe and secure.            <br/><br/>            While we take reasonable precautions against possible security breaches of our website, member database and records no website or internet transmission is completely secure and we cannot guarantee that unauthorised access, hacking, data loss, or other breaches will never occur. We urge you to take steps to keep your personal data safe (including your password) and to log out of your account after use. If you lose your password or give it out, or another service provider that you use suffers a data breach and you have used the same credentials with that service provider as you have with Topface, your personal data may be compromised. If that happens, please report it to Support via Feedback page.        </p>", "level": 0}], [{"value": "<h3>WHERE IS MY PERSONAL INFORMATION KEEPING?</h3>", "level": 7}, {"value": "<p>            To ensure the smooth operation of our service and you can always stay in touch with your friends, we use a network of servers including outside the European Union. This hardware is located in third-party data centers, but belongs to Topface. The data collected by our advertising partners can also be stored outside the European Economic Area.            We guarantee that the data will be adequately protected and that existing legal schemes such as those approved by the EU and the countries hosting the software and hardware for confidentiality will be respected, and reliable contractual standards will be implemented. If you want more information about our security measures, please write to us at <a href=\"mailto:dpo@topface.com\">dpo@topface.com</a>.        </p>", "level": 0}], [{"value": "<h3>DOES TOPFACE STILL ANYTHING FROM MY PERSONAL DATA?</h3>", "level": 7}, {"value": "<p>            If you contact our support team by writing to <a href=\"mailto:dpo@topface.com\">dpo@topface.com</a>, we will receive your email address, and we can track your IP address and the information you receive from us to help solve your problem. We will keep records of our correspondence with you, including any complaints that we receive from you about other users (and from other users about you) within 3 years after the deletion of your account.        </p>", "level": 0}], [{"value": "<h3>FOR WHAT GOALS TOPFACE USES MY PERSONAL DATA?</h3>", "level": 7}, {"value": "<p>            We can use the materials that you place in the public domain in Topface, for advertising purposes on the sites and in the applications of our partners. This meets our legitimate interests and allows us to improve the service and make it more attractive to users.            <br/><br/>            We use your personal data to resolve disputes, resolve problems and enforce our Terms of Service.        </p>", "level": 0}], [{"value": "<h3>WHAT ARE \u2018COOKIES\u2019 AND WHAT \u2018COOKIES\u2019 DOES TOPFACE USE?</h3>", "level": 7}, {"value": "<p>            We collect information by placing cookies on a computer or mobile phone. Cookies is a piece of text stored on your device by your web browser. Cookies stores information about visiting a website, recognizes you and your preferences every time you visit Topface, and provides the functionality of the site, allowing us to provide services to our users upon request.            <br/><br/>            When you visit the publicly available sections of Topface, a session ID cookie is placed on your computer that only lasts while you\u2019re visiting. We also place persistent cookies (also known as local storage devices) on members\u2019 computers, so that Topface remembers them and makes their login experience faster and easier. We may use persistent tracking cookies on your mobile device, mainly for security protection purposes, such as to prevent phishers, scammers, unauthorised log in attempts, and to help you access your hacked account. We do not use any information whilst you are logged off.            <br/><br/>            You may set your browser and your mobile settings to block cookies and local storage devices, but if you do so, you may not be able to access the features that Topface offers.            <br/><br/>            Topface\u2019s use of cookies and local storage devices basically falls into the following categories:            </p><ul><li>those that are strictly necessary to deliver the services and products you have requested, such as, for example purchasing Topface Premium;</li><li>cookies related to the performance of Topface\u2019s site, such as analytics that help us determine how our site is performing and ensuring a smooth and trouble free experience for our members and visitors;</li><li>cookies related to the functionality of Topface\u2019s site, such as remembering your preferences at log in or your preferred language or allowing you to chat, add photos and instant message Topface members;</li><li>third party cookies which link to other social networks and which you request via social plugins;</li><li>cookies used to improve and target advertising to you based on what\u2019s relevant to you, to improve reporting on any advertising campaign and to avoid showing you ads you have already seen.</li></ul><table><tr><th>Cookie Functions</th><th>Cookie Purposes</th></tr><tr><td>Analytics and research</td><td>                    Topface uses Google Analytics to collect information about how visitors use the Topface site. We use the information to compile reports and to help us improve the site. The cookies collect information in an anonymous form, including the number of visitors to the site, where visitors have come to the site from and the pages they visited. For more information about Google\u2019s privacy policy, please visit\u00a0http://www.google.com/intl/en/policies/                </td></tr><tr><td>Authentication</td><td>These cookies help us to identify our members so that when you\u2019re logged in, you can enjoy Topface s offerings, experiences and various features, such as uploading photographs, chatting and can localise your experience, such as when you\u2019ve requested to view Topface\u2019s site in your local language or when you\u2019ve asked Topface to \u2018remember me\u2019. These cookies also help to remember who invited you to join Topface</td></tr><tr><td>Security and site integrity</td><td>                    We use cookies and other devices, such as CAPTCHAs, to help keep Topface and our members safe and secure. These cookies do things like protect Topface users from spam and fraud, by ensuring the safety of your personal data when you shop on Topface for things like Topface Premium.<br/><br/>                    We may use persistent cookies, which will help us to ensure we have identified the same device is logging into the correct account. These types of cookies also help with our anti-spam measures and may help us to prevent phishers, scammers, unauthorised log -in attempts to your account and accessing any hacked accounts.                </td></tr><tr><td>Site features and services</td><td>                    These cookies and local storage devices provide the functionality that our Topface members enjoy, such as uploading of photographs, chats, instant messaging, your account settings and your request to have Topface as your homepage or your search preference. We also use cookies to help provide experiences, such as links to other social media sites, social plugins and video content, including making it easier for you to share content between Topface with your other favourite social networks.<br/><br/>                    In some cases, the site feature you choose may allow a third party to place cookies or local storage devices on your computer. The third party who places cookies on your device is responsible for how they process their data and Topface recommends that you read their privacy policies. Third parties who place cookies on your device when you use Topface include, and we have included a link to their privacy policies:                    <ul><li>Twitter, <a href=\"https://twitter.com/privacy\" target=\"_blank\">https://twitter.com/privacy</a></li><li>Facebook, <a href=\"https://en-gb.facebook.com/policy.php\" target=\"_blank\">https://en-gb.facebook.com/policy.php</a></li><li>YouTube, <a href=\"http://www.google.co.uk/intl/en/policies/privacy/\" target=\"_blank\">http://www.google.co.uk/intl/en/policies/privacy/</a></li><li>VK.COM, <a href=\"https://vk.com/privacy\" target=\"_blank\">https://vk.com/privacy</a></li><li>OK.RU, <a href=\"https://ok.ru/privacy\" target=\"_blank\">https://ok.ru/privacy</a></li></ul></td></tr><tr><td></td><td>We need to use certain cookies and local storage devices to ensure our members have the best possible experience, such as assisting with your navigation of our site, ensuring pages load up quickly and respond faster to your requests for Topface services</td></tr></table><p>            Our use of cookies and local share devices, including the specific cookie names, may change over time, but will generally fall into the above categories. We will notify you of any important changes to our use of cookies and local storage devices If you would like to know more about cookies, including flash cookies/local storage devices, the following websites provide useful information:        </p><ul><li><a href=\"http://allaboutcookies.org\" target=\"_blank\">www.allaboutcookies.org</a></li><li><a href=\"http://youronlinechoices.eu\" target=\"_blank\">www.youronlinechoices.eu</a></li><li><a href=\"http://helpx.adobe.com/flash-player/kb/disable-local-shared-objects-flash.html\" target=\"_blank\">http://helpx.adobe.com/flash-player/kb/disable-local-shared-objects-flash.html</a></li></ul><p><br/><br/>This Privacy Policy was last updated on 20 May 2018.</p></div><noscript><div><img alt=\"\" src=\"https://mc.yandex.ru/watch/49991128\" style=\"position:absolute; left:-9999px;\"/></div></noscript><div class=\"clear\"></div></div><div class=\"clear\"></div><div class=\"u-big-padding\" id=\"footerLayout\"><div class=\"simple-page-footer\" id=\"footer\"><div class=\"licemer-copyright\">\u00a9 Topface</div><div class=\"footer-buttons-wrapper\"><a href=\"//topface.com/privacy/\" target=\"_parent\">Privacy</a>                            \u00a0                            <a href=\"//topface.com/agreement/\" target=\"_parent\">Terms</a>                            \u00a0                            <a href=\"mailto:gov@topface.com\">For governmental agencies</a></div></div></div><div id=\"ajaxLoader\"><div class=\"inner\"></div></div></div><div id=\"childFrameHeightAjuster\"></div></div><noscript><div><img alt=\"\" src=\"//mc.yandex.ru/watch/15861367\" style=\"position:absolute; left:-9999px;\"/></div></noscript><noscript><img src=\"http://b.scorecardresearch.com/p?c1=2&c2=19015876&cv=2.0&cj=1\"/></noscript><noscript><div><img alt=\"\" src=\"https://mc.yandex.ru/watch/49991128\" style=\"position:absolute; left:-9999px;\"/></div></noscript></body></html>", "level": 0}]]