[[{"value": "<h3 class=\"submenu__heading submenu__heading--usable\"><a class=\"l3 submenu__link submenu__heading__link\" href=\"/about/our-organization\">Our Organization</a></h3>", "level": 7}, {"value": "<div class=\"submenu__lists\"><ul class=\"submenu__list\"><li class=\"submenu__item\"><a class=\"l3 submenu__link\" href=\"/about/our-organization/history-of-ted\">History of TED</a><ul class=\"submenu__list\"></ul></li><li class=\"submenu__item\"><a class=\"l3 submenu__link\" href=\"/about/our-organization/how-ted-works\">How TED works</a><ul class=\"submenu__list\"><li class=\"submenu__item\"><a class=\"l3 submenu__link\" href=\"/about/our-organization/how-ted-works/debunking-ted-myths\">Debunking TED myths</a></li></ul></li><li class=\"submenu__item\"><a class=\"l3 submenu__link\" href=\"/about/our-organization/jobs-at-ted\">Jobs at TED</a></li><li class=\"submenu__item\"><a class=\"l3 submenu__link\" href=\"/about/our-organization/our-policies-terms\">Our policies + terms</a><ul class=\"submenu__list\"><li class=\"submenu__item\"><a class=\"l3 submenu__link\" href=\"/about/our-organization/our-policies-terms/ted-talks-usage-policy\">TED Talks Usage Policy</a></li><li class=\"submenu__item\"><a class=\"l3 submenu__link\" href=\"/about/our-organization/our-policies-terms/ted-com-terms-of-use\">TED.com Terms of Use</a></li><li class=\"submenu__item submenu__item--active\"><a class=\"l3 submenu__link\" href=\"/about/our-organization/our-policies-terms/privacy-policy\">Privacy Policy</a></li><li class=\"submenu__item\"><a class=\"l3 submenu__link\" href=\"/about/our-organization/our-policies-terms/community-guidelines\">Community guidelines</a></li><li class=\"submenu__item\"><a class=\"l3 submenu__link\" href=\"/about/our-organization/our-policies-terms/ted-science-standards\">TED Science Standards</a></li></ul></li><li class=\"submenu__item\"><a class=\"l3 submenu__link\" href=\"/about/our-organization/contact-us\">Contact us</a><ul class=\"submenu__list\"><li class=\"submenu__item\"><a class=\"l3 submenu__link\" href=\"/about/our-organization/contact-us/press-and-media-information\">Press and media information</a></li></ul></li></ul></div></nav></div><div class=\"col-lg-9 pages-content\"><div class=\"m1 module\"><nav class=\"breadcrumb m4 show-lg\">About\u00a0\u00a0\u203a\u00a0\u00a0<a class=\"breadcrumb__link\" href=\"/about/our-organization\" rel=\" up up\">Our Organization</a>\u00a0\u00a0\u203a\u00a0\u00a0<a class=\"breadcrumb__link\" href=\"/about/our-organization/our-policies-terms\" rel=\" up\">Our policies + terms</a>\u00a0\u00a0\u203a\u00a0\u00a0</nav>", "level": 0}], [{"value": "<h1 class=\"h1 h1--alt m2\">Privacy Policy</h1>", "level": 9}, {"value": "<!-- PB:B: copy --><div class=\"p2\"><p>Updated: May 15, 2018</p><p>", "level": 0}], [{"value": "<strong>Introduction</strong>", "level": 1}, {"value": "<br/>TED is a global community, welcoming people from every discipline and culture who seek a deeper understanding of the world. While gathering information about the people who use TED.com, our apps, platforms and related sites (collectively referred to as \u201cTED Sites\u201d), we take your privacy very seriously and make every effort to safeguard your personal data. This privacy policy is intended to inform you of what information we collect, how this information is used and what steps we take to protect this information, as well as providing you a process to update, change or delete your personal data.</p><p>By using TED Sites, you agree to our privacy policy. If you wish to update your personal information or any specific consent that you have provided to TED on any of TED Sites, please contact TED at <a href=\"mailto:privacy@ted.com\">privacy@ted.com</a>. </p></div></div><!-- PB:B: grid --><div class=\"pages-module\">", "level": 0}], [{"value": "<h3 class=\"h4 m3\">Privacy policy sections</h3>", "level": 7}, {"value": "<div class=\"row\"><div class=\"col-xs-8\"><div class=\"text-left\"><p>", "level": 0}], [{"value": "<strong><a href=\"#h2--what-information-we-collect\">What information we collect</a></strong>", "level": 1}, {"value": "<br/><strong><a href=\"#h2--how-we-use-your-data\">How we use your data</a></strong> <br/>", "level": 0}], [{"value": "<strong><a href=\"#h2--steps-we-take-to-protect-your-privacy\">Steps we take to protect your privacy</a></strong>", "level": 1}, {"value": "<br/><strong><a href=\"#h2--our-gdpr-update\">Our GDPR update</a></strong> </p></div></div><div class=\"col-xs-4\"><div class=\"text-left\"></div></div></div></div><!-- PB:B: horizontal_rule --><hr class=\"pages-hr\"/><!-- PB:B: heading -->", "level": 0}], [{"value": "<h2 class=\"h4 m4\" id=\"h2--what-information-we-collect\">What information we collect</h2>", "level": 8}, {"value": "<!-- PB:B: grid --><div class=\"pages-module\"><div class=\"row\"><div class=\"col-xs-8\"><div class=\"text-left\"><p>We collect three (3) types of information:</p><ol><li>Personal information that you provide directly to us when you create an account with us and save items to your profile or submit information through a form based on a specific request or purpose. </li><li>Data collected automatically such as tracking information, IP addresses or other data related to usage on TED Sites. </li><li>Cookies, to help us understand what areas of TED Sites are most useful and interesting to our audience.</li></ol></div></div><div class=\"col-xs-4\"><div class=\"text-left\"><hr/>", "level": 0}], [{"value": "<h6 class=\"h12 m5\">We collect some information to help customize your experience based on your previous activities on TED.com.</h6>", "level": 4}, {"value": "<hr/></div></div></div></div><!-- PB:B: heading -->", "level": 0}], [{"value": "<h3 class=\"h7 m5\" id=\"h3--information-you-provide-directly-to-us\">Information you provide directly to us</h3>", "level": 7}, {"value": "<!-- PB:B: grid --><div class=\"pages-module\"><div class=\"row\"><div class=\"col-xs-8\"><div class=\"text-left\">", "level": 0}], [{"value": "<h5 class=\"h10 m5\">Account information</h5>", "level": 5}, {"value": "<p>At account registration, you provide personal information, such as your name, email address, and password, and you have the option to provide other information. If you create an account through a user profile (such as Facebook, or other social media sites) then your information is sent from your profile to use in accordance with our privacy policy. We also collect information on your site activity when you favorite, save or watch talks.</p></div></div><div class=\"col-xs-4\"><div class=\"text-left\"><hr/>", "level": 0}], [{"value": "<h6 class=\"h12 m5\">We collect basic information you provide when you create a TED.com account or register for a conference. It's secure, and we'll never sell it.</h6>", "level": 4}, {"value": "<hr/></div></div></div><div class=\"row\"><div class=\"col-xs-8\"><div class=\"text-left\">", "level": 0}], [{"value": "<h5 class=\"h10 m5\">Conference information</h5>", "level": 5}, {"value": "<p>When required for TED Conference registration, we collect and process your personal information including your name, address, telephone number and email address, and other preferences such as profile, photos, workshop and activity choices. At times, you may be asked to provide additional information, such as payment to provide under a secure conference registration process. When you provide your credit card number, it will only be shared with verified third parties who perform tasks required to complete the purchase transaction, and only the last four digits will be stored. </p></div></div><div class=\"col-xs-4\"><div class=\"text-left\"><hr/>", "level": 0}], [{"value": "<h6 class=\"h12 m5\">We need payment info to complete purchases, but we don't store credit cards except the last four digits.</h6>", "level": 4}, {"value": "<hr/></div></div></div><div class=\"row\"><div class=\"col-xs-8\"><div class=\"text-left\">", "level": 0}], [{"value": "<h5 class=\"h10 m5\">Comments and other public activities</h5>", "level": 5}, {"value": "<p>We offer you opportunities to engage in public activities on TED.com. \"Public activities\" are any actions you take on TED Sites that are designed to be visible to other users -- including comments, recommendations and ratings. Your account is public by default. If you choose to engage in public activities, any personal information you upload may be read, collected or used by third parties. Please refer to the <a href=\"/about/our-organization/our-policies-terms/community-guidelines\">Community Guidelines</a> about how to best take advantage of our interactive sites.</p><p>We are not responsible for any personally identifiable information you choose to submit in public forums. Information shared here may be used by others, potentially to send you unsolicited messages. If publicly posted information is not consistent with our terms of use, your content may be removed. For more information, see the <a href=\"/about/our-organization/our-policies-terms/ted-com-terms-of-use\">TED.com Terms of Use</a>.</p></div></div><div class=\"col-xs-4\"><div class=\"text-left\"><hr/>", "level": 0}], [{"value": "<h6 class=\"h12 m5\">Any personal information you post publicly is visible to all users. Be mindful of what you share, as we are not responsible for what happens with this information.</h6>", "level": 4}, {"value": "<hr/></div></div></div></div><!-- PB:B: heading -->", "level": 0}], [{"value": "<h3 class=\"h7 m5\" id=\"h3--non-personal-data-collected-automatically\">Non-personal data collected automatically</h3>", "level": 7}, {"value": "<!-- PB:B: grid --><div class=\"pages-module\"><div class=\"row\"><div class=\"col-xs-8\"><div class=\"text-left\">", "level": 0}], [{"value": "<h5 class=\"h10 m5\">Tracking information for our site</h5>", "level": 5}, {"value": "<p>This type of information relates to how many views are counted for each TED Talk and how many times TED Talks are saved or favorited. Other areas of the site automatically stores non-personal information about the sites\u2019 usage, popularity, and positive or negative impact. We perform statistical analyses of users of the site, and their viewing and participation patterns, for product development purposes and to generally inform advertisers about the nature of our audience.</p></div></div><div class=\"col-xs-4\"><div class=\"text-left\"><hr/>", "level": 0}], [{"value": "<h6 class=\"h12 m5\">We keep track of how often our audience engages with TED and do not share detailed contact information with our advertisers.</h6>", "level": 4}, {"value": "<hr/></div></div></div><div class=\"row\"><div class=\"col-xs-8\"><div class=\"text-left\">", "level": 0}], [{"value": "<h5 class=\"h10 m5\">Device data</h5>", "level": 5}, {"value": "<p>We may collect non-personal information about the computer, mobile device or other device you use to access TED Sites, such as IP address, geolocation information, unique device identifiers, browser type, browser language and other preferences automatically collected.</p></div></div><div class=\"col-xs-4\"><div class=\"text-left\"><hr/>", "level": 0}], [{"value": "<h6 class=\"h12 m5\">We use non-personal information to help us understand how our audience views TED.</h6>", "level": 4}, {"value": "<hr/></div></div></div></div><!-- PB:B: heading -->", "level": 0}], [{"value": "<h3 class=\"h7 m5\" id=\"h3--data-collected-with-cookies\">Data collected with cookies</h3>", "level": 7}, {"value": "<!-- PB:B: grid --><div class=\"pages-module\"><div class=\"row\"><div class=\"col-xs-8\"><div class=\"text-left\">", "level": 0}], [{"value": "<h5 class=\"h10 m5\">Tracking usage</h5>", "level": 5}, {"value": "<p>We use various technologies, including Google Analytics cookies, to manage TED.com and track use of the content we provide, including:</p><ul><li>standard web analytics information,</li><li>aggregated data about email click-through rates and video viewing,</li><li>data collected through HTML cookies, flash cookies, web beacons and similar technologies, and</li><li>demographics and other details to help us customize our sites based on your preferences.</li></ul><p>Cookies provide a mechanism for us to understand how you use the site over time so that we can provide you the best user experience according to your expressed preferences. We do not sell this information to any third party, but may provide information to partners that assist us in updating, managing or maintaining our websites.</p></div></div><div class=\"col-xs-4\"><div class=\"text-left\"><hr/>", "level": 0}], [{"value": "<h6 class=\"h12 m5\">We use cookies to customize your experience. We do not sell data collected from cookies to any third party, but may provide information to partners to help us update and maintain our website.</h6>", "level": 4}, {"value": "<hr/></div></div></div><div class=\"row\"><div class=\"col-xs-8\"><div class=\"text-left\">", "level": 0}], [{"value": "<h5 class=\"h10 m5\">Location information</h5>", "level": 5}, {"value": "<p>We may collect and use your location data (such as your country) to provide a tailored, language-specific experience for your region, but we don\u2019t collect any geolocation-specific data from you or your device. You can change the settings on your computer or mobile device to prevent your location data from being shared. If you wish to opt-out of tracking and cookies, please manage your privacy settings on your browser, or select other ways to turn off cookies and/or ad features.</p></div></div><div class=\"col-xs-4\"><div class=\"text-left\"><hr/>", "level": 0}], [{"value": "<h6 class=\"h12 m5\">We collect information about your location to provide you with the most localized experience possible, but never collect data from your device.</h6>", "level": 4}, {"value": "<hr/></div></div></div></div><!-- PB:B: heading -->", "level": 0}], [{"value": "<h2 class=\"h4 m4\" id=\"h2--how-we-use-your-data\">How we use your data</h2>", "level": 8}, {"value": "<!-- PB:B: grid --><div class=\"pages-module\"><div class=\"row\"><div class=\"col-xs-8\"><div class=\"text-left\"><p>We use your data for limited purposes and do not sell it to any third parties. Specific uses are defined below.</p></div></div><div class=\"col-xs-4\"><div class=\"text-left\"></div></div></div><div class=\"row\"><div class=\"col-xs-8\"><div class=\"text-left\">", "level": 0}], [{"value": "<h5 class=\"h10 m5\">Providing requested services</h5>", "level": 5}, {"value": "<p>We may use the data to fulfill your requests for services and information. For example, using your contact information to respond to your customer service requests, or to enable registration for one of our conferences.</p></div></div><div class=\"col-xs-4\"><div class=\"text-left\"></div></div></div><div class=\"row\"><div class=\"col-xs-8\"><div class=\"text-left\">", "level": 0}], [{"value": "<h5 class=\"h10 m5\">Communication</h5>", "level": 5}, {"value": "<p>We use data we collect to send email newsletters, or information about conferences and TED events (if you have opted in for this information). We may also use the data to send you email communications, such as information about your account or updates to the site.</p></div></div><div class=\"col-xs-4\"><div class=\"text-left\"></div></div></div><div class=\"row\"><div class=\"col-xs-8\"><div class=\"text-left\">", "level": 0}], [{"value": "<h5 class=\"h10 m5\">Enforcement</h5>", "level": 5}, {"value": "<p>We may use the data to prevent illegal activities, to enforce the TED.com Terms of Use, or as otherwise required by law.</p></div></div><div class=\"col-xs-4\"><div class=\"text-left\"></div></div></div><div class=\"row\"><div class=\"col-xs-8\"><div class=\"text-left\">", "level": 0}], [{"value": "<h5 class=\"h10 m5\">Personalization</h5>", "level": 5}, {"value": "<p>TED connects Google Analytics client ID data with TED user ID data so that we can create a more personalized experience for users, even when not logged in.</p></div></div><div class=\"col-xs-4\"><div class=\"text-left\"></div></div></div><div class=\"row\"><div class=\"col-xs-8\"><div class=\"text-left\">", "level": 0}], [{"value": "<h5 class=\"h10 m5\">Program specific uses</h5>", "level": 5}, {"value": "<p>In addition to the uses identified above, we may use your personal information for any other purposes disclosed to you at the time we collect your data or pursuant to your consent, such as applications for various TED programs, nomination forms and requests submitted by users including as defined below.</p></div></div><div class=\"col-xs-4\"><div class=\"text-left\"><hr/>", "level": 0}], [{"value": "<h6 class=\"h12 m5\">TED processes information differently depending on how a user submits the information through our TED Sites. For questions, please email <a href=\"mailto:privacy@ted.com\">privacy@ted.com</a></h6>", "level": 4}, {"value": "<hr/></div></div></div><div class=\"row\"><div class=\"col-xs-8\"><div class=\"text-left\">", "level": 0}], [{"value": "<h6 class=\"h12 m5\">The Audacious Project</h6>", "level": 4}, {"value": "<p>TED collects and processes personal information to:</p><ul><li>evaluate applications for The Audacious Project </li><li>communicate with all selected participants</li><li>work with the organizations and affiliated partners of TED to develop ideas and proposals related to The Audacious Project</li></ul></div></div><div class=\"col-xs-4\"><div class=\"text-left\"></div></div></div><div class=\"row\"><div class=\"col-xs-8\"><div class=\"text-left\">", "level": 0}], [{"value": "<h6 class=\"h12 m5\">Media request forms</h6>", "level": 4}, {"value": "<p>TED collects and processes personal information to:</p><ul><li>evaluate all requests made via the Media Licensing Request form</li><li>process media requests through our organization for licensing purposes</li><li>collect information and data regarding our license usage, permissions and scope of requests</li></ul></div></div><div class=\"col-xs-4\"><div class=\"text-left\"></div></div></div><div class=\"row\"><div class=\"col-xs-8\"><div class=\"text-left\">", "level": 0}], [{"value": "<h6 class=\"h12 m5\">Podcast programming</h6>", "level": 4}, {"value": "<p>TED collects and processes information to:</p><ul><li>evaluate the application for participating in a current or future show</li><li>contact a participant if they are selected </li><li>if they are not selected, store the information provided for a future season of the show</li></ul></div></div><div class=\"col-xs-4\"><div class=\"text-left\"></div></div></div><div class=\"row\"><div class=\"col-xs-8\"><div class=\"text-left\">", "level": 0}], [{"value": "<h6 class=\"h12 m5\">TED Conference registrations</h6>", "level": 4}, {"value": "<p>TED collects and processes personal information to:</p><ul><li>evaluate the application for attending a TED conference or events</li><li>process payment through our third party vendors that manage secure payment processing on TED\u2019s behalf </li><li>manage the information required for planning and running events, including exhibits, activities, parties and meals </li><li>communicate to registrants regarding notifications, newsletters, updates, and information pertaining to their application or future TED events </li></ul></div></div><div class=\"col-xs-4\"><div class=\"text-left\"></div></div></div><div class=\"row\"><div class=\"col-xs-8\"><div class=\"text-left\">", "level": 0}], [{"value": "<h6 class=\"h12 m5\">TED-Ed</h6>", "level": 4}, {"value": "<p>TED collects and processes personal information to:</p><ul><li>manage and evaluate TED-Ed Club applications to organize a TED-Ed Club</li><li>connect with TED-Ed Club leaders to discuss and celebrate creative ideas, including the curriculum related to TED-Ed Clubs</li><li>access and review videos of students uploaded to the TED-Ed Clubs YouTube channel which is unlisted and only posted with specific permission</li><li>facilitate submissions, nominations, applications, and recommendations to the TED-Ed platform</li><li>save lesson progress and answers when completing activities on any TED-Ed lesson</li></ul></div></div><div class=\"col-xs-4\"><div class=\"text-left\"></div></div></div><div class=\"row\"><div class=\"col-xs-8\"><div class=\"text-left\">", "level": 0}], [{"value": "<h6 class=\"h12 m5\">TED Translators</h6>", "level": 4}, {"value": "<p>TED collects and processes personal information to:</p><ul><li>evaluate applications for individuals that want to volunteer to translate and/or review TED talks in multiple languages </li><li>manage and communicate with selected volunteers once applicants are selected</li></ul></div></div><div class=\"col-xs-4\"><div class=\"text-left\"></div></div></div><div class=\"row\"><div class=\"col-xs-8\"><div class=\"text-left\">", "level": 0}], [{"value": "<h6 class=\"h12 m5\">TED-Ed animators or educator requests</h6>", "level": 4}, {"value": "<p>TED collects and processes personal information to:</p><ul><li>evaluate nominations for TED-Ed animators or educators</li><li>contact individuals for further information if needed</li><li>store information on file in case it is needed in the future</li></ul></div></div><div class=\"col-xs-4\"><div class=\"text-left\"></div></div></div><div class=\"row\"><div class=\"col-xs-8\"><div class=\"text-left\">", "level": 0}], [{"value": "<h6 class=\"h12 m5\">TED Fellows or TED Residents</h6>", "level": 4}, {"value": "<p>TED collects and processes personal information to:</p><ul><li>evaluate applications for the program and share this with selected contractors and individuals that help us with the overall process</li><li>communicate with applicants in the event they are selected for the program</li><li>store information on file in case it is needed in the future </li></ul></div></div><div class=\"col-xs-4\"><div class=\"text-left\"></div></div></div><div class=\"row\"><div class=\"col-xs-8\"><div class=\"text-left\">", "level": 0}], [{"value": "<h6 class=\"h12 m5\">TED Speakers</h6>", "level": 4}, {"value": "<p>TED collects and processes personal information to:</p><ul><li>evaluate nominations for TED speakers </li><li>communicate with applicants in the event they are selected for an interview or requested further information </li><li>store information on file in case it is needed in the future </li></ul></div></div><div class=\"col-xs-4\"><div class=\"text-left\"></div></div></div><div class=\"row\"><div class=\"col-xs-12\"><div class=\"text-left\"></div></div></div><div class=\"row\"><div class=\"col-xs-8\"><div class=\"text-left\">", "level": 0}], [{"value": "<h6 class=\"h12 m5\">TEDx</h6>", "level": 4}, {"value": "<p>TED collects and processes personal information to:</p><ul><li>review TEDx organizer applications to organize an independent TEDx event</li><li>communicate to TEDx organizers once selected regarding obligations, logistics, education, brand approvals, and other relevant TEDx license information</li><li>review and post TEDx videos via our TEDx YouTube channel (speaker names, talk titles, video recordings), and/or the TED.com homepage</li><li>distribute questionnaires and collect survey responses at TEDx events </li><li>share this information with third party partners to assist TED in storing information organizing the data, and/or connecting TED to platforms to share content </li></ul></div></div><div class=\"col-xs-4\"><div class=\"text-left\"></div></div></div></div><!-- PB:B: horizontal_rule --><hr class=\"pages-hr\"/><!-- PB:B: heading -->", "level": 0}], [{"value": "<h2 class=\"h4 m4\" id=\"h2--our-gdpr-update\">Our GDPR update</h2>", "level": 8}, {"value": "<!-- PB:B: grid --><div class=\"pages-module\"><div class=\"row\"><div class=\"col-xs-8\"><div class=\"text-left\"><p>As of May 25, 2018, a new privacy law, the General Data Protection Regulation (\u201cGDPR\u201d) goes into effect. As a result, TED has implemented a number of updates in various areas across our organization to ensure we comply with the intent and spirit of the law. </p><p>Here is a summary of updates TED has implemented. We have:</p><ul><li><a href=\"#h2--how-we-use-your-data\">added more details</a> to our privacy policy with respect to how TED processes, stores and manages your data. </li><li>notified users on our TED Sites that we have updated our privacy policy and terms of use through a banner, in order to help our users understand the new changes. </li><li>added consent options where users submit their personal information to ensure they are aware and agree to submitting their information prior to completing a form. </li><li>updated our vendor agreements with those third parties that manage data as a data processor on our behalf, to ensure they have appropriate safeguards in place to process, manage and secure data as required. </li><li>implemented new disclosures on all our forms where users submit their data so that users are aware of how TED processes their information. </li><li>modified our internal processes to ensure we have a way to contact users in the event that there is a breach in data storage of your personal information.</li><li>created a new way for users to reach out to <a href=\"mailto:privacy@ted.com\">privacy@ted.com</a> about any privacy issues, such as questions or requests for modifications including deactivation of any account.</li></ul></div></div><div class=\"col-xs-4\"><div class=\"text-left\"><hr/>", "level": 0}], [{"value": "<h6 class=\"h12 m5\">As a result of GDPR, TED has made updates to various parts of our organization to ensure we comply with the spirit and intent of the law and enhance our privacy practices.</h6>", "level": 4}, {"value": "<hr/></div></div></div></div><!-- PB:B: horizontal_rule --><hr class=\"pages-hr\"/><!-- PB:B: heading -->", "level": 0}], [{"value": "<h2 class=\"h4 m4\" id=\"h2--steps-we-take-to-protect-your-privacy\">Steps we take to protect your privacy</h2>", "level": 8}, {"value": "<!-- PB:B: grid --><div class=\"pages-module\"><div class=\"row\"><div class=\"col-xs-8\"><div class=\"text-left\"><p>To protect and prevent unauthorized access to your personal information, maintain data accuracy, prevent accidental loss, destruction, damage or theft of data, TED implements and maintains security and organizational measures with commercially reasonable physical, technical and administrative controls. Please note that no method of transmission over the Internet is 100% secure.</p><p>Remember, when visiting a third-party site from TED.com, we do not control the privacy policies of other parties, so please check before browsing on those sites to ensure you agree with their terms.</p></div></div><div class=\"col-xs-4\"><div class=\"text-left\"></div></div></div><div class=\"row\"><div class=\"col-xs-8\"><div class=\"text-left\">", "level": 0}], [{"value": "<h5 class=\"h10 m5\">Children under age</h5>", "level": 5}, {"value": "<p>We do not knowingly collect personal information from children under 13 without verifiable parental consent. If we learn that we have collected any personal information from a child under the age of 13 or under the age of 16 from the European Union without verifiable parental consent, we will delete it from our database as quickly as possible. If you believe that we may have collected information from a child under age, please contact us at <a href=\"mailto:privacy@ted.com\">privacy@ted.com</a></p></div></div><div class=\"col-xs-4\"><div class=\"text-left\"></div></div></div><div class=\"row\"><div class=\"col-xs-8\"><div class=\"text-left\">", "level": 0}], [{"value": "<h5 class=\"h10 m5\">Changes to this privacy policy</h5>", "level": 5}, {"value": "<p>This privacy policy may be updated from time to time, and when the policy is updated, the version date will appear at the top of this privacy policy. If we make material changes, you will be notified here for a period of 30 - 60 days based on our last update. As of July 2016, we added information to our privacy policy to define cookies and outline how we use this data to optimize our website based on your preferences, and made a change to our policy update section. As of May 2018, we added information to our privacy policy based on new requirements from GDPR, including more details pertaining to: what type of personal information TED collects, how TED uses this information and a process in which users can update their information.</p></div></div><div class=\"col-xs-4\"><div class=\"text-left\"></div></div></div><div class=\"row\"><div class=\"col-xs-8\"><div class=\"text-left\">", "level": 0}], [{"value": "<h5 class=\"h10 m5\">Deactivating your account and managing privacy settings</h5>", "level": 5}, {"value": "<p>You can request that your account be deactivated at any time by contacting us. When your account is deactivated, your user profile and all public activities (such as comments) will be hidden. You can also manage who can view your TED.com profile activity in the Privacy tab of your profile's account settings. To unsubscribe from our newsletters, click on the link at the bottom of a newsletter you have received, or you can manage your subscriptions from your TED.com profile. For any other changes regarding your personal data, please contact <a href=\"mailto:privacy@ted.com\">privacy@ted.com</a> with your request and we will respond to you promptly. </p></div></div><div class=\"col-xs-4\"><div class=\"text-left\"></div></div></div></div></div></div></div></div></div><footer class=\"footer\"><div class=\"container\"><div class=\"footer__content\"><a class=\"g-logo-small footer__logo\" href=\"/\">TED</a><div class=\"footer__content__links\"><nav class=\"footer__section\" role=\"navigation\">", "level": 0}], [{"value": "<h3 class=\"footer__title\">Programs & initiatives</h3>", "level": 7}, {"value": "<ul class=\"footer__links\"><li class=\"m5\"><a class=\"footer__link\" href=\"/about/programs-initiatives/tedx-program\">TEDx</a></li><li class=\"m5\"><a class=\"footer__link\" href=\"/about/programs-initiatives/ted-prize\">TED Prize</a></li><li class=\"m5\"><a class=\"footer__link\" href=\"/about/programs-initiatives/ted-fellows-program\">TED Fellows</a></li><li class=\"m5\"><a class=\"footer__link\" href=\"/about/programs-initiatives/ted-ed\">TED Ed</a></li><li class=\"m5\"><a class=\"footer__link\" href=\"/about/programs-initiatives/ted-translators\">TED Translators</a></li><li class=\"m5\"><a class=\"footer__link\" href=\"/about/programs-initiatives/ted-books\">TED Books</a></li><li class=\"m5\"><a class=\"footer__link\" href=\"/about/programs-initiatives/ted-institute\">TED Institute</a></li></ul></nav><nav class=\"footer__section\" role=\"navigation\">", "level": 0}], [{"value": "<h3 class=\"footer__title\">Ways to get TED</h3>", "level": 7}, {"value": "<ul class=\"footer__links\"><li class=\"m5\"><a class=\"footer__link\" href=\"/read/ted-podcasts/ted-radio-hour\">TED Radio Hour on NPR</a></li><li class=\"m5\"><a class=\"footer__link\" href=\"/about/programs-initiatives/ted-talks/ways-to-get-ted-talks\">More ways to get TED</a></li></ul></nav><nav class=\"footer__section\" role=\"navigation\">", "level": 0}], [{"value": "<h3 class=\"footer__title\">Follow TED</h3>", "level": 7}, {"value": "<ul class=\"footer__links\"><li class=\"m5\"><a class=\"footer__link\" href=\"//www.facebook.com/TED\" target=\"_blank\">Facebook</a></li><li class=\"m5\"><a class=\"footer__link\" href=\"//twitter.com/tedtalks\" target=\"_blank\">Twitter</a></li><li class=\"m5\"><a class=\"footer__link\" href=\"//www.pinterest.com/tednews\" target=\"_blank\">Pinterest</a></li><li class=\"m5\"><a class=\"footer__link\" href=\"//instagram.com/ted\" target=\"_blank\">Instagram</a></li><li class=\"m5\"><a class=\"footer__link\" href=\"//www.youtube.com/ted\" target=\"_blank\">YouTube</a></li><li><a class=\"footer__link\" href=\"http://blog.ted.com\">TED Blog</a></li></ul></nav><nav class=\"footer__section\" role=\"navigation\">", "level": 0}], [{"value": "<h3 class=\"footer__title\">Our community</h3>", "level": 7}, {"value": "<ul class=\"footer__links\"><li class=\"m5\"><a class=\"footer__link\" href=\"/people/speakers\">TED Speakers</a></li><li class=\"m5\"><a class=\"footer__link\" href=\"/people/fellows\">TED Fellows</a></li><li class=\"m5\"><a class=\"footer__link\" href=\"/people/translators\">TED Translators</a></li><li class=\"m5\"><a class=\"footer__link\" href=\"/people/tedx\" rel=\"nofollow\">TEDx Organizers</a></li><li class=\"m5\"><a class=\"footer__link\" href=\"/people\">TED Community</a></li></ul></nav></div><div class=\"footer__content__forms\"><form class=\"footer-newsletter footer__section footer__section--form p-r:.8\">", "level": 0}], [{"value": "<h3 class=\"footer__title\">Want personalized recommendations?</h3>", "level": 7}, {"value": "<div class=\"c:black f:.9 m-b:2\">Join<span class=\"f-w:700\">TED Recommends</span>and get the perfect ideas selected just for you.</div><a class=\"ga-link bg:gray-dd b-r:.2 c:white hover/c:white d:i-b f:1 f-w:700 p-y:1 p-x:4 t-d:n\" data-ga-action=\"getStarted\" data-ga-category=\"footer\" data-ga-label=\"recommends\" href=\"/recommends\">Get started</a></form><form class=\"footer__section\" style=\"display:none;\">", "level": 0}], [{"value": "<h3 class=\"footer__title\">Language Selector</h3>", "level": 7}, {"value": "<p>TED.com translations are made possible by volunteertranslators. Learn more about the<a href=\"/pages/open_translation_project\">Open Translation Project</a>.</p><select class=\"form-control\" disabled=\"\"><option>English</option></select></form></div></div></div><div class=\"footer__services\"><div class=\"container footer__services__container\"><nav role=\"navigation\"><ul class=\"footer__links\"><li><a class=\"footer__service\" href=\"/about/our-organization/our-policies-terms/ted-talks-usage-policy\">TED Talks Usage Policy</a></li><li><a class=\"footer__service\" href=\"/about/our-organization/our-policies-terms/privacy-policy\">Privacy Policy</a></li><li><a class=\"footer__service\" href=\"/about/partner-with-ted\">Advertising / Partnership</a></li><li><a class=\"footer__service\" href=\"/about/our-organization/our-policies-terms/ted-com-terms-of-use\">TED.com Terms of Use</a></li><li><a class=\"footer__service\" href=\"/about/our-organization/jobs-at-ted\">Jobs</a></li><li><a class=\"footer__service\" href=\"/about/our-organization/contact-us/press-and-media-information\">Press</a></li><li><a class=\"footer__service\" href=\"//support.ted.com \">Help</a></li></ul></nav><p class=\"footer__service footer__service--info\" role=\"contentinfo\">\u00a9 TED Conferences, LLC. All rights reserved.</p></div></div></footer></div><a class=\"shoji__lattice\" href=\"#\" id=\"shoji-lattice\"></a></div></div></body></html>", "level": 0}]]