[[{"value": "<h1 class=\"entry-title\">        Privacy Policy      </h1>", "level": 9}, {"value": "<div class=\"entry\">", "level": 0}], [{"value": "<h3><span style=\"color: #ffffff;\"><strong>Tastypill Privacy Policy</strong></span></h3>", "level": 7}, {"value": "<p><span style=\"color: #ffffff;\">", "level": 0}], [{"value": "<strong>Effective: May 25, 2018</strong>", "level": 1}, {"value": "</span></p><p><span style=\"color: #ffffff;\">Tastypill, LLC (collectively, \u201cTastypill\u201d, \u201cus\u201d, \u201cour\u201d or \u201cwe\u201d) provides this Privacy Policy (this \u201cPolicy\u201d) to describe the ways we collect, store, use, and manage the information, including personal information, and data that our users (\u201cusers\u201d or \u201cyou\u201d) provide or we collect in connection with the Tastypill website available at <a href=\"https://tastypill.com/\" style=\"color: #ffffff;\">https://tastypill.com/</a> and any Tastypill game provided on a mobile platform (each a \u201cService,\u201d collectively, the \u201cServices\u201d). Please note that the scope of this Policy is limited to information and data collected or received by Tastypill through your use of the Services. Tastypill is not responsible for the actions of individuals with no relationship to Tastypill or third party companies, the content of their sites, the use of information or data you provide to them, or any products or services they may offer. Any link to those sites does not constitute our sponsorship of, or affiliation with, those individuals or companies.</span></p>", "level": 0}], [{"value": "<h3><span style=\"color: #ffffff;\"><strong>Information and Data We Collect from You</strong></span></h3>", "level": 7}, {"value": "<p><span style=\"color: #ffffff;\">When you use our Services, you may give us your contact information directly on our website, generally your name and email address. We also collect certain information and data, such as your application usage, access, session times and in-app purchases, your unique device ID, hardware type, the version of your operating system (\u201cOS\u201d), your device name, your name, email address and cover photos (if you have connected to Facebook or Google+), and your general (city/country) location (based on your Internet Protocol (\u201cIP\u201d) address).</span></p><p><span style=\"color: #ffffff;\">In addition, we create a unique user ID to track your use of our Service. This unique user ID is stored in connection with your profile information to track the Tastypill games you are playing. We may occasionally send you push notifications through our mobile applications to send you game updates, high scores and other service related notifications that may be of importance to you. You may at any time opt-out from receiving these types of communications by turning them off at the device level through your settings.</span></p><p><span style=\"color: #ffffff;\">We may collect non-personal information about you through our Service. Such information may include your operating system type and version, and the time and date of your visit to the Service.</span></p>", "level": 0}], [{"value": "<h3><span style=\"color: #ffffff;\"><strong>How We Use Your Information</strong></span></h3>", "level": 7}, {"value": "<p><span style=\"color: #ffffff;\">Tastypill\u2019s primary goals in using information are to provide Services to you, troubleshoot, improve and optimize our Services, contact you, conduct research and create reports for internal use. We use information collected through our Service for purposes described in this Policy or disclosed to you in connection with our Service. For example, we may use your information to:</span></p><p><span style=\"color: #ffffff;\">\u2022 Operate and improve our Services;</span><br/><span style=\"color: #ffffff;\">\u2022 Understand you and your preferences to enhance your experience and enjoyment using our Services;</span><br/><span style=\"color: #ffffff;\">\u2022 Respond to your comments and questions and provide customer service;</span><br/><span style=\"color: #ffffff;\">\u2022 Provide and deliver products and services you request;</span><br/><span style=\"color: #ffffff;\">\u2022 Deliver advertising and marketing and promotional information to you;</span><br/><span style=\"color: #ffffff;\">\u2022 Send you related information, including confirmations, invoices, technical notices, updates, security alerts, and support and administrative messages;</span><br/><span style=\"color: #ffffff;\">\u2022 Communicate with you about promotions, rewards, upcoming events, and other news about products and services offered by Tastypill and our selected partners;</span><br/><span style=\"color: #ffffff;\">\u2022 Enable you to communicate with other users; and</span><br/><span style=\"color: #ffffff;\">\u2022 Link or combine it with other information we get from third parties, to help understand your preferences and provide you with better services.</span></p>", "level": 0}], [{"value": "<h3><span style=\"color: #ffffff;\"><strong>Use of Your Information by Others</strong></span></h3>", "level": 7}, {"value": "<p><span style=\"color: #ffffff;\">Third Party Services. Our Services may contain third party tracking and data collection and analytics tools from our service providers, examples of which include Tenjin (<a href=\"https://tenjin.io\" style=\"color: #ffffff;\">https://tenjin.io</a>), and Mopub (<a href=\"https://mopub.com\" style=\"color: #ffffff;\">https://mopub.com</a>). Such third parties may use cookies, APIs, and SDKs in our Services to enable them to collect and analyze user and device related data and information on our behalf. The third parties may have access to and collect data and information about you, such as your device identifier, geo-location information, IP address, application usage, access and session times, applications present on the device or in use at a particular time on the device, and your viewing of and interactions with advertising, for the purpose of providing their services, including, for example, enabling, providing and delivering advertising as described in further detail below.</span></p><p><span style=\"color: #ffffff;\">The privacy policies of our service providers may include additional terms and disclosures regarding their data collection and use practices and tracking technologies, and we encourage you to check those privacy policies to learn more about their data collection and use practices, use of cookies and other similar tracking technologies.</span></p><p><span style=\"color: #ffffff;\">", "level": 0}], [{"value": "<strong>Advertising.</strong>", "level": 1}, {"value": " To the extent we display advertising in our Services, we may allow advertising networks of our affiliates and partner networks to collect information about your mobile device to enable them to serve targeted ads to you. Such mobile device data includes the following:</span></p><p><span style=\"color: #ffffff;\">\u2022 Device make, model and operating system;</span><br/><span style=\"color: #ffffff;\">\u2022 Device properties related to screen size & orientation, audio volume and battery;</span><br/><span style=\"color: #ffffff;\">\u2022 Carrier;</span><br/><span style=\"color: #ffffff;\">\u2022 Operating system;</span><br/><span style=\"color: #ffffff;\">\u2022 Name and properties of mobile application through which a consumer interacts with the Services;</span><br/><span style=\"color: #ffffff;\">\u2022 Country, time zone and locale settings (country and preferred language);</span><br/><span style=\"color: #ffffff;\">\u2022 Network connection type and speed;</span><br/><span style=\"color: #ffffff;\">\u2022 IP Address;</span><br/><span style=\"color: #ffffff;\">\u2022 Internet browser user-agent used to access the Services; and</span><br/><span style=\"color: #ffffff;\">\u2022 Identifier for advertisers (IDFA).</span></p><p><span style=\"color: #ffffff;\">The privacy policies of our partners may include additional terms and disclosures regarding their data collection and use practices and tracking technologies, and we encourage you to check those privacy policies to learn more about their data collection and use practices, use of cookies and other similar tracking technologies.</span></p><p><span style=\"color: #ffffff;\">You may visit <a href=\"http://www.aboutads.info/choices\" style=\"color: #ffffff;\">www.aboutads.info/choices</a> or <a href=\"http://www.youronlinechoices.eu\" style=\"color: #ffffff;\">www.youronlinechoices.eu</a> (for individuals in the EU) to learn more about interest-based advertising and how to opt-out of this form of advertising on your web browser by companies participating in the Digital Advertising Alliance (\u201cDAA\u201d) self-regulatory program. If you wish to opt-out of interest based advertising in mobile apps on your device by companies that participate in the DAA\u2019s AppChoices app, you may download that app onto your device and exercise your choice. AppChoices is available at the links below:</span></p><p><span style=\"color: #ffffff;\">\u2022 <a href=\"https://itunes.apple.com/us/app/appchoices/id894822870?mt=8\" style=\"color: #ffffff;\">DAA AppChoices iOS</a></span><br/><span style=\"color: #ffffff;\">\u2022 <a href=\"https://play.google.com/store/apps/details?id=com.DAA.appchoices&hl=en\" style=\"color: #ffffff;\">DAA AppChoices Android</a></span><br/><span style=\"color: #ffffff;\">\u2022 <a href=\"https://www.amazon.com/Digital-Advertising-Alliance-AppChoices/dp/B00SVQ4FMO\" style=\"color: #ffffff;\">DAA AppChoices Amazon</a></span></p><p><span style=\"color: #ffffff;\">You may also limit data collection by third parties by using your mobile device settings. Please note that electing to opt-out will not stop advertising from appearing in your browser or applications. It may make the ads you see less relevant to your interests. Additionally, please not that if you use a different browser or erase cookies from your browser, or use a different mobile device, you may need to renew your opt-out choices.</span></p>", "level": 0}], [{"value": "<h3><span style=\"color: #ffffff;\"><strong>How We May Disclose Your Information to Third Parties</strong></span></h3>", "level": 7}, {"value": "<p><span style=\"color: #ffffff;\">Tastypill does not share your personal information except as approved by you or as described herein.</span></p><p><span style=\"color: #ffffff;\">We may share information we collect or derive with third parties for the following purposes:</span></p><p><span style=\"color: #ffffff;\">\u2022 With service providers that perform services on our behalf, including the ones referenced above under \u201cThird Party Services\u201d;</span><br/><span style=\"color: #ffffff;\">\u2022 With our affiliates;</span><br/><span style=\"color: #ffffff;\">\u2022 For analytics and research purposes;</span><br/><span style=\"color: #ffffff;\">\u2022 In response to subpoenas, court orders, or other legal processes;</span><br/><span style=\"color: #ffffff;\">\u2022 To protect our or a third party\u2019s legal rights, investigate fraud, or to defend against a legal claim;</span><br/><span style=\"color: #ffffff;\">\u2022 As part of a business transfer such as a merger, acquisition, or at bankruptcy;</span><br/><span style=\"color: #ffffff;\">\u2022 We may share aggregate or anonymous information about you with advertisers, publishers, business partners, sponsors, and other third parties; and</span><br/><span style=\"color: #ffffff;\">\u2022 We may use analytics services provided by third parties, including Google Analytics, Facebook Analytics, and GameAnalytics. These service providers may use cookies to collect information about your online activities across this and other sites over time for non-advertising purposes. To learn more about how these services collect and process data and the choices that are offered to you to control these activities, you may visit:</span></p><p><span style=\"color: #ffffff;\"><a href=\"https://www.google.com/intl/en/policies/privacy/partners/\" style=\"color: #ffffff;\">https://www.google.com/intl/en/policies/privacy/partners/</a></span><br/><span style=\"color: #ffffff;\"><a href=\"https://www.facebook.com/full_data_use_policy/\" style=\"color: #ffffff;\">https://www.facebook.com/full_data_use_policy/</a></span><br/><span style=\"color: #ffffff;\"><a href=\"https://www.gameanalytics.com/privacy/\" style=\"color: #ffffff;\">https://www.gameanalytics.com/privacy/</a></span></p>", "level": 0}], [{"value": "<h3><span style=\"color: #ffffff;\"><strong>Specific Provisions for EU Individuals</strong></span></h3>", "level": 7}, {"value": "<p><span style=\"color: #ffffff;\"><strong>Accessing and Correcting Your Personal Information.</strong> At any time, you may contact Tastypill at the address provided in the \u201cContact Tastypill\u201d section herein and request to access the personal data that Tastypill holds about you. Tastypill may need to ask you to provide certain information to make sure you are who you claim to be. If you find the information on your account is not accurate, complete or updated, then please provide Tastypill with the necessary information to correct it.</span></p><p><span style=\"color: #ffffff;\">", "level": 0}], [{"value": "<strong>Withdrawing Your Consent.</strong>", "level": 1}, {"value": " Contact us if you would like to withdraw your consent to the processing of your personal data. Exercising this right will not affect the lawfulness of processing based on consent before withdrawal.</span></p><p><span style=\"color: #ffffff;\"><strong>Erasing or Restricting Access to Your Information.</strong> You may request to delete or restrict access to your personal data. We may postpone or deny your request if your personal data is in current use for providing Services or for other legitimate purposes, in which case we will let you know if we are unable to do so and why.</span></p><p><span style=\"color: #ffffff;\"><strong>Transferring your Personal Data (Otherwise known as Your Right to Data Portability).</strong> You have the right to receive your personal data that you have provided us in a structured, commonly used and machine readable format and the right to transmit that data to another party of your choice, where technically feasible. However, this right shall not apply where it would adversely affect the rights and freedoms of others.</span></p><p><span style=\"color: #ffffff;\"><strong>Right to Make Complaint:</strong> if you consider that our processing of your personal data infringes data protection laws, you have a legal right to lodge a complaint with a supervisory authority responsible for data protection. You may do so in the EU member state of your habitual residence, your place of work or the place of the alleged infringement.</span></p><p><span style=\"color: #ffffff;\">If you have any concerns about the way we process your personal data, you are welcome to contact our data protection officer at dataprotection@tastypill.com or write to us at 302 Aurora Ave Woodstock, GA 30188. We will look into your request and make good faith efforts to resolve any concern you may have.</span></p><p><span style=\"color: #ffffff;\">", "level": 0}], [{"value": "<strong>Security Safeguards.</strong>", "level": 1}, {"value": " Tastypill takes reasonable measures to protect your information from unauthorized access or against loss, misuse or alteration by third parties. Although we make good faith efforts to store the information collected on the Services in a secure operating environment that is not available to the public, we cannot guarantee the absolute security of that information during its transmission or its storage on our systems. Further, while we attempt to ensure the integrity and security of our network and systems, we cannot guarantee that our security measures will prevent third-party \u201chackers\u201d from illegally obtaining access to this information. We do not warrant or represent that your information will be protected against, loss, misuse, or alteration by third parties. No method of transmission over the Internet, or method of electronic storage, is 100% secure, however. Therefore, we cannot guarantee its absolute security.</span></p><p><span style=\"color: #ffffff;\">", "level": 0}], [{"value": "<strong>Data Retention.</strong>", "level": 1}, {"value": " Tastypill retains your personal data for as long as needed to provide you Services, unless we are required by law to delete or if Tastypill accepts your request to delete the information. We will also retain and use your personal data as necessary to comply with our legal obligations, resolve disputes, and enforce our agreements.</span></p><p><span style=\"color: #ffffff;\">", "level": 0}], [{"value": "<strong>Our Policy Regarding Children.</strong>", "level": 1}, {"value": " We do not knowingly collect or solicit personal data from anyone under the age of 16 or knowingly allow such persons to use our Services. If you are under 16, please do not send any information about yourself to us, including your name, address, telephone number, or email address. No one under the age of 16 may provide any personal data. In the event that we learn that we have collected personal data from a child under age 16, we will delete that information as quickly as possible. If you believe that we might have any information from or about a child under the age of 16, please contact us.</span></p><p><span style=\"color: #ffffff;\"><strong>Transfer of Personal Data Outside Your Country.</strong> We may transfer information that we collect about you to affiliated entities, or to other third parties across borders and from your country or jurisdiction to other countries or jurisdictions around the world. Please note that these countries and jurisdictions may not have the same data protection laws as your own jurisdiction, and we take steps to ensure adequate safeguards are in place to enable transfer of information to the U.S. and the use and disclosure of information about you, including personal data, as described in this Policy.</span></p><p><span style=\"color: #ffffff;\"><strong>Lawful Basis for Processing.</strong> On certain occasions, we process your personal data when it is necessary for the performance of a contract to which you are a party, such as to provide the Services to you. We may also process your personal data to respond to your inquiries concerning our products and services.</span></p><p><span style=\"color: #ffffff;\">On other occasions, we process your personal data where required by law. We may also process your personal data if necessary to protect your interests or the interests of a third party.</span></p><p><span style=\"color: #ffffff;\">Additionally, we process your personal data when necessary to do so for fraud prevention, improving our network and services, and marketing our services to advertisers and publishers; where these interests are not overridden by your data protection rights.</span></p><p><span style=\"color: #ffffff;\">If the processing of personal data is necessary and there is no other lawful basis for such processing, we will generally ensure that consent has been obtained from you. You have the right to withdraw your consent to processing of personal data at any time.</span></p><p><span style=\"color: #ffffff;\">For questions about data processing, please contact our Data Protection Officer. Visit the \u201cContact Tastypill\u201d section below for contact information.</span></p><p><span style=\"color: #ffffff;\"><strong>Changes to This Policy.</strong> We may update this Policy to reflect changes to our data and information privacy practices. If we make any material changes we will notify you by means of a notice on the Services prior to the change becoming effective. We encourage you to periodically review this Policy for the latest information on our privacy practices. Please note that if Tastypill needs to adapt the policy to legal requirements, the new policy will become effective immediately or as required.</span></p>", "level": 0}], [{"value": "<h3><span style=\"color: #ffffff;\"><strong>Privacy Shield Framework</strong></span></h3>", "level": 7}, {"value": "<p><span style=\"color: #ffffff;\">Tastypill transfers certain personal data to the U.S. and participates in and has certified its compliance with the EU-U.S. Privacy Shield Framework and the Swiss-U.S. Privacy Shield Framework. Tastypill is committed to subjecting all personal data received from European Union (EU) member countries and Switzerland, respectively, in reliance on each Privacy Shield Framework, to the Framework\u2019s applicable Principles. To learn more about the Privacy Shield Framework visit the U.S. Department of Commerce\u2019s Privacy Shield List, available at: <a href=\"https://www.privacyshield.gov/list\" style=\"color: #ffffff;\">https://www.privacyshield.gov/list</a>.</span></p><p><span style=\"color: #ffffff;\">Tastypill is responsible for the processing of personal data it receives under the Privacy Shield Framework and subsequently transfers to a third party acting as an agent on its behalf. Tastypill complies with the Privacy Shield Principles for all onward transfers of personal data from the EU and Switzerland, including the onward transfer liability provisions.</span></p><p><span style=\"color: #ffffff;\">With respect to personal data received or transferred pursuant to the Privacy Shield Framework, Tastypill is subject to the regulatory enforcement powers of the U.S. Federal Trade Commission. In certain situations, Tastypill may be required to disclose personal data in response to lawful requests by public authorities, including to meet national security or law enforcement requirements.</span></p><p><span style=\"color: #ffffff;\">In compliance with the Privacy Shield Principles, Tastypill commits to resolve complaints about our collection or use of your personal information. EU and Swiss individuals with inquiries or complaints regarding our Privacy Shield policy should first contact us at: legal@tastypill.com. We will attempt to answer your questions and satisfy your concerns in a timely and complete manner. If you do not receive timely acknowledgment of your complaint from us, or if we have not addressed your complaint to your satisfaction, please contact or visit <a href=\"https://www.jamsadr.com/eu-us-privacy-shield\" style=\"color: #ffffff;\">https://www.jamsadr.com/eu-us-privacy-shield</a> for more information or to file a complaint. The services of JAMS are provided at no cost to you.</span></p><p><span style=\"color: #ffffff;\">If your complaint is still not resolved through these channels, under certain conditions, more fully described on the Privacy Shield website here: <a href=\"https://www.privacyshield.gov/article?id=How-to-Submit-a-Complaint\" style=\"color: #ffffff;\">https://www.privacyshield.gov/article?id=How-to-Submit-a-Complaint</a>, you may invoke binding arbitration when other dispute resolution procedures have been exhausted.</span></p>", "level": 0}], [{"value": "<h3><span style=\"color: #ffffff;\"><strong>Tastypill\u2019s Data Protection Officer</strong></span></h3>", "level": 7}, {"value": "<p><span style=\"color: #ffffff;\">You may contact Tastypill\u2019s Data Protection Officer at dataprotection@tastypill.com or the address below for further information.</span></p><p><span style=\"color: #ffffff;\">Tastypill, LLC</span><br/><span style=\"color: #ffffff;\">302 Aurora Ave</span><br/><span style=\"color: #ffffff;\">Woodstock, GA 30188</span></p><div class=\"comments-area\" id=\"comments\"></div></div></div></div></div></div></div><div id=\"footer\"><div id=\"socialize\"><a class=\"socialicon instagramicon\" href=\"https://www.instagram.com/tastypillgames/\" target=\"blank\"></a><a class=\"socialicon facebookicon\" href=\"https://www.facebook.com/pages/tastypill/1573774222873296\" target=\"blank\"></a><a class=\"socialicon twittericon\" href=\"https://twitter.com/tastypillgames\" target=\"blank\"></a></div><div id=\"copyinfo\"><a href=\"http://tastypill.com/privacypolicy\">Privacy Policy</a>     |     <a href=\"http://tastypill.com/tos\">Terms & Conditions</a></div></div></div></div></body></html><!-- Dynamic page generated in 0.495 seconds. -->", "level": 0}]]