[[{"value": "<h2><b>Privacy Policy</b></h2>", "level": 8}, {"value": "        Last Updated: 05/2018        <br/><br/><b>You acknowledge that you have read and understood this privacy policy. If you do not agree with this privacy policy, you must not use Tap4Fun Services. If you change your mind in the future, you may withdraw your consent to use of your personal information in accordance with this policy.</b><br/><br/>        At Tap4Fun, we know your privacy is very important to you, so please take the time to carefully read our privacy policy. Our policy is designed to help you understand \uff1a        <br/><b>1.What information do we collect about you;</b><br/><b>2.How will we use the information about you;</b><br/><b>3.Who do we share your information with;</b><br/><b>4.How long do we keep hold of your information;</b><br/><b>5.How can I exercise my rights over my information;</b><br/>", "level": 0}], [{"value": "<b>6.Dispute Resolution;</b>", "level": 1}, {"value": "<br/><b>7.How will we notify you of changes;</b><br/>", "level": 0}], [{"value": "<b>8.Contact Information;</b>", "level": 1}, {"value": "<br/>        This privacy policy applies to all Tap4Fun services that directly reference or link to this policy, but does not apply to Tap4Fun services that have separate privacy policies that do not incorporate this policy.        <br/><br/>", "level": 0}], [{"value": "<h4><b>SECTION 1\uff1a WHERE WE ARE A DATA CONTROLLER</b></h4>", "level": 6}, {"value": "<b>1.The Types of Personal Information We Use</b><br/>        This section describes the different types of personal information we collect and how we collect it. We will collect and use the following information about you:        <br/><b>Information you provide us.</b><br/>        when you register for the Game (including your nominated nickname,or custom accounts and information we import from your connected social media account (WeChat, Facebook) in order to set up your profile, including your name as it appears on your social media profile and your profile picture);        <br/>        when you log-in as a \u2018guest\u2019 in order to use the Game (your nickname);        <br/>        en you participate in a survey in the Game (in which case we will process the information you provide to us as part of the survey).        <br/>        information you provide when seeking help from us such as your name, telephone number and records of the issues you experience;        <br/>        Billing information, such as your name, payment card number and payment account details;        <br/><b>Information we collect about you.</b><br/>        We automatically collect certain data from you when you use the Game, including your IP address and device information (such as application version, network type, OS) and information regarding your use of the Game, such as date and time stamps of actions. We also collect and store your data each time you interact with us, for example, when you use in-app support to communicate with us.        <br/><b>Information you generate and display in the course of using the Game Services.</b><br/>        You may provide additional information as part of your profile (such as gender). You may also provide or generate information when you communicate with other users in the Game (e.g., chat log data, chat content).        <br/><b>Data we collect from our partners.</b><br/>        Data we receive if you link a third party tool with the Service (such as WeChat, Facebook)        <br/>        Demographic data (such as to determine the coarse location of your IP address)        <br/>        Data to fight fraud (such as refund abuse in games or click fraud in advertising)        <br/>        Data from platforms that the games run on (such as to verify payment)        <br/>        Data for advertising and analytics purposes, so we can provide you a better Service        <br/>", "level": 0}], [{"value": "<b>Cookies.</b>", "level": 1}, {"value": "<br/>        We use cookies and other similar technologies (e.g. web beacons, log files, scripts and eTags) (\u201cCookies\u201d) to enhance your experience using the Services. Cookies are small files which, when placed on your device, enable us to provide certain features and functionality. You have the option to permit installation of such Cookies or subsequently disable them. You may accept all cookies, or instruct the device (in the case of the Game) to provide notice at the time of installation of cookies, or refuse to accept all cookies by adjusting the relevant cookie retention function in your device. However, in the event of your refusal to install cookies, the Game may be unable to operate as designed.        <br/><br/><b>2.How we use your personal information</b><br/><b>We will use the information in the following ways:</b><br/>        Nickname\uff0cUse\uff1aWe use this information to create your account for the Game in accordance with your request.        <br/>        Social Connect Information: WeChat: Open ID, profile photo, alias, gender, region\u3001Facebook: Name, Facebook ID, profile picture\uff0cUse \uff1aWe use this information to: \u2022create your account for the Game in accordance with your request; \u2022 share in-game photos on Facebook at your request.        <br/>        Generated Open ID\uff0cUse\uff1aWe generate this and use this to store your Game data (including level and progress) with your profile.        <br/>        Game Play Statistics (Level, Score/s)\uff0cUse\uff1aWe use this information to provide you with feedback and information about your gameplay and progress.        <br/>        IP Address\uff0cUse\uff1aWe use this information to improve our services, including the functionality of the Game.        <br/>        Device ID, Device Information\uff0cUse\uff1aWe use this information: \u2022 to improve our services, including the functionality of the Game; \u2022 for security and verification purposes; \u2022 identify and address bugs and assess game function for optimisation; and \u2022 to combat users registering for multiple accounts.        <br/>        Advertising ID\uff0cUse\uff1aIf you click on a link that advertises the Game, we store the Advertising ID for that advertisement with your profile.        <br/>        Chat Data\uff0cUse\uff1aIf you enable chat services (audio or text) then we will process such data in order to deliver your messages to other users.        <br/>        Transaction Records: payments on Google Play or iOS App Store\u00a0\uff0cUse\uff1aWe use this information to maintain a record of your transaction history.        <br/>        Customer Support Ticket ID & User Communications with Support\uff0cUse\uff1aWe use this information to:\u2022 improve our services;\u2022 provide troubleshooting such as addressing and remediating technical issues and bugs.        <br/>        Security-Related Information\uff0cUse\uff1aWe use this information:\u2022 for security and verification purposes;\u2022identify and address bugs and assess game function for optimis ation;\u00a0\u2022solve game crashes and optimise compatibility of devices with the game; and\u00a0\u2022to combat users registering for multiple accounts.        <br/>        Survey Information and content of survey responses        <br/><b>analyze, profile, and segment.</b><br/>        In all of the above cases and purposes, we may analyze, profile and segment all collected data.        <b>Legal Basis for Processing</b><br/>        If you are a resident of the European Union, we rely on a number of legal grounds to process information about you. For example, we will process information about you where we have your consent, where we have a legitimate interest to do so, where the processing is necessary for the performance of a contract with you, and where we have a legal obligation to process your information. For example, we rely on our legitimate interests to serve targeted marketing and on contractual necessity to process information when you create an account. To learn more about the legal grounds on which we rely to process your information for any particular purpose, please contact us via the options in Contact & Complaints below.        <br/><br/>", "level": 0}], [{"value": "<b>3.How We Share Your Personal Information</b>", "level": 1}, {"value": "<br/>        We share your personal information with selected third parties in and outside your country, including:        <br/><b>other players and users.</b>        Social features are a core component of our games. Other players and users may, for example, see your profile data, in-game activities and read the messages you have posted.        <br/><b>partners working for Tap4Fun.</b>        Tap4Fun has partners to perform services for us. These partners process your data only at and according to Tap4Fun \u00b4s instructions to provide the Service, such as hosting, player support, advertising, analytics and fraud prevention.        <br/><b>other companies and public authorities.</b>        In order to combat fraud and illegal activity, we may exchange data with other companies and organizations and provide it to public authorities in response to lawful requests. We may also disclose your data based on your consent, to comply with the law or to protect the rights, property or safety of us, our players or others.        <br/><b>lated group companies(Tap4Fun(Hong Kong)Limited.</b>        with whom we share your personal information to operate the Game Services;        <br/><b>law enforcement agencies, public authorities or other judicial bodies and organisations.</b><br/><b>a third party that acquires all or substantially all of us or our business.</b>        We will disclose information to a third party in the event that we sell or buy any business or undergo a merger, in which case we will disclose your data to the prospective buyer of such business. We will also disclose information to a third party if we sell, buy, merge or partner with other companies or businesses, or sell some or all of our assets. In such transactions, user information may be among the transferred assets.        <br/><br/>", "level": 0}], [{"value": "<b>4.Data Retention</b>", "level": 1}, {"value": "<br/>        We will retain your personal information as described below (except if otherwise required to be retained by applicable law).        <br/>        Nickname\uff0cRetention Policy\uff1aStored for the lifetime of your use of the Game (i.e. until account deletion in accordance with your request) and then deleted within 30 days.        <br/>        Social Connect Information:WeChat\uff0cRetention Policy\uff1aStored for the lifetime of your use of the Game (i.e. until account deletion in accordance with your request or you revoke access to your social media account) and then deleted within 30 days.\u00a0        <br/>        Social Connect Information:Facebook\uff0cRetention Policy\uff1aStored for the lifetime of your use of the Game, until account deletion in accordance with your request, upon which it will be deleted within 15 days.Where you do not request for account deletion, such data will be retained for 1 year after the Game is shut down, before it is deleted.\u00a0        <br/>        Game Play Statistics (Level, Heroes, Score/s) \uff0cRetention Policy\uff1aStored for the lifetime of your use of the Game, until account deletion in accordance with your request, upon which it will be deleted within 15 days.\u00a0Where you do not request for account deletion, such data will be retained for 1 year after the Game is shut down, before it is deleted.        <br/>        Chat Communications (Audio message) \uff0cRetention Policy\uff1aStored for 7 days on our servers and deleted automatically upon expiry of such period.        <br/>        Chat Communications (Text) \uff0cRetention Policy\uff1aStored for the lifetime of your use of the Game, until account deletion in accordance with your request, upon which it will be deleted within 7 days.\u00a0Where you do not request for account deletion, such data will be retained for 1 year after the Game is shut down, before it is deleted.\u00a0        <br/>        OpenID\uff0cRetention Policy\uff1aStored for the lifetime of your use of the Game, until account deletion in accordance with your request, upon which it will be deleted within 15 days.\u00a0Where you do not request for account deletion, such data will be retained for 1 year after the Game is shut down, before it is deleted.        <br/>        IP Address\uff0cRetention Policy\uff1aStored for the lifetime of your use of the Game, until account deletion in accordance with your request, upon which it will be deleted within 15 days.\u00a0Where you do not request for account deletion, such data will be retained for 1 year after the Game is shut down, before it is deleted.        <br/>        Device ID, Device Information\uff0cRetention Policy\uff1aStored for the lifetime of your use of the Game, until account deletion in accordance with your request, upon which it will be deleted within 30 days. Where you do not request for account deletion, such data will be retained for 1 year after the Game is shut down, before it is deleted.        <br/>        Advertising ID\uff0cRetention Policy\uff1aStored for the lifetime of your use of the Game, until account deletion in accordance with your request, upon which it will be deleted within 15 days.\u00a0Where you do not request for account deletion, such data will be retained for 1 year after the Game is shut down, before it is deleted.\u00a0        <br/>        Transaction Records\uff0cRetention Policy\uff1aStored for the lifetime of your use of the Game (i.e. until account deletion in accordance with your request) and then for the duration of any retention periods for which such data must be retained in order to comply with our legal obligations.        <br/>        Customer Support Ticket ID & User Communications with Support\uff0cRetention Policy\uff1aSupport data is deleted within 30 days of a lawful request from you for the erasure of such data (see the Erasure section of this privacy policy).        <br/>        Security-Related Information\u00a0\uff0cRetention Policy\uff1aStored for the lifetime of your use of the Game, until account deletion in accordance with your request, upon which it will be deleted within 30 days.\u00a0        <br/>        Survey Information\uff0cRetention Policy\uff1aStored for: (a) if you provide your email as part of the survey, up to 6 months (in order for us to follow up with you) and then the data is anonymised; or (b) if you do not provide your email as part of the survey, up to 1 month and then the data is anonymised.        <br/>        Personal Information is kept until the end of its life cycle (as set out in the retention policy above). When destroying personal information, measures will be taken to make the personal information irrecoverable or irreproducible, and electronic files which contain personal information will be deleted permanently using a technical method which makes the files irreproducible.        <br/>        In the event that the processing and retention period have terminated, but personal information is required to be retained continuously for other reasons including for the purposes as prescribed under applicable laws, the relevant personal information will be stored and maintained separately from other types of personal information. If you require us to destroy your personal information before the end of its life cycle (as set out in the retention policy above), we will destroy your personal information in accordance with local laws.        <br/><br/>", "level": 0}], [{"value": "<h4><b>SECTION 2\uff1aYOUR RIGHTS</b></h4>", "level": 6}, {"value": "<b>is section (\u201cYour Rights\u201d)\u00a0applies to users that are located in the European Economic Area only.</b><br/>        You have certain rights in relation to the personal information we hold about you. Some of these only apply in certain circumstances (as set out in more detail below). We must respond to a request by you to exercise those rights without undue delay and at least within one month (though this may be extended by a further two months in certain circumstances). To exercise any of your rights, please email us at support@tap4fun.com.        <br/><br/>", "level": 0}], [{"value": "<b>1.Access</b>", "level": 1}, {"value": "<br/>        You have the right to access personal information we hold about you, how we use it, and who we share it with. You can access the personal information you have made available as part of your account by logging into your Game account and by contacting support@tap4fun.com. If you believe we hold any other personal information about you, please email us at support@tap4fun.com.        <br/><br/>", "level": 0}], [{"value": "<b>2.Portability</b>", "level": 1}, {"value": "<br/>        You have the right to receive a copy of certain personal information we process about you. This comprises any personal information we process on the basis of your consent (e.g., certain survey information) or pursuant to our contract with you , as described in the section \u201cHow We Use Your Personal Information\u201d. You have the right to receive this information in a structured, commonly used and machine-readable format. You also have the right to request that we transfer that personal information to another party.\u00a0        <br/>        If you wish for us to transfer such personal information to a third party, please ensure you detail that party in your request. Note that we can only do so where it is technically feasible. Please note that we may not be able to provide you with personal information if providing it would interfere with another\u2019s rights (e.g., where providing the personal information we hold about you would reveal information about another person or our trade secrets or intellectual property).        <br/><br/>", "level": 0}], [{"value": "<b>3.Correction</b>", "level": 1}, {"value": "<br/>        You have the right to correct any personal information held about you that is inaccurate. You can access the personal information you have made available as part of your account by logging into your Game account. If you believe we hold any other personal information about you and that information is inaccurate, please email us at support@tap4fun.com.        <br/><br/>", "level": 0}], [{"value": "<b>4.Erasure</b>", "level": 1}, {"value": "<br/>        You can delete your account, or remove certain personal information, by logging into your Game account. If there is any other personal information you believe we process that you would like us to erase, please email us at support@tap4fun.com.        <br/>        You may request that we erase the personal information we hold about you in the following circumstances:        <br/>        you believe that it is no longer necessary for us to hold such personal information;        <br/>        you believe the personal information we hold about you is being unlawfully processed by us.\u00a0        <br/>        You can also exercise your right to restrict our processing of your personal information (as described below) whilst we consider your request.\u00a0        <br/>        We may need to retain personal information if there are valid grounds under data protection laws for us to do so (e.g., for the defence of legal claims or freedom of expression) but we will let you know if that is the case. Where you have requested that we erase personal information that has been made available publicly on the Game Services and there are grounds for erasure, we will use reasonable steps to try to tell others that are displaying the personal information or providing links to the personal information to erase it too.        <br/><br/><b>5.Restriction of Processing to Storage Only</b><br/>        You have a right to require us to stop processing the personal information we hold about you other than for storage purposes in certain circumstances. Please note, however, that if we stop processing the personal information, we may use it again if there are valid grounds under data protection laws for us to do so (e.g., for the defence of legal claims or for another\u2019s protection). As above, where we agree to stop processing the personal information, we will try to tell any third party to whom we have disclosed the relevant personal information so that they can stop processing it too.        <br/>        You may request we stop processing and just store the personal information we hold about you where:\u00a0        <br/>        you believe the personal information is not accurate for the period it takes for us to verify whether it is accurate;        <br/>        you wish to erase the personal information as the processing we are doing is unlawful but you want us to retain the personal information but just store it instead;        <br/>        you wish to erase the personal information as it is no longer necessary for our purposes but you require it to be stored for the establishment, exercise or defence of legal claims.        <br/><br/>", "level": 0}], [{"value": "<b>6.Objection</b>", "level": 1}, {"value": "<br/>        You have the right to object to our processing of personal information about you. We will consider your request in other circumstances as detailed below by emailing us at support@tap4fun.com\u00a0.        <br/><br/>", "level": 0}], [{"value": "<b>7.Announcements</b>", "level": 1}, {"value": "<br/>        We may from time to time send you announcements when we consider it necessary to do so (such as when we temporarily suspend Game access for maintenance, or security, privacy or administrative-related communications). You may not opt-out of these service-related announcements, which are not promotional in nature.        <br/><br/>", "level": 0}], [{"value": "<h4><b>SECTION 3\uff1aMISCELLANEOUS</b></h4>", "level": 6}, {"value": "<b>1.Information security</b><br/>        We have implemented administrative, physical and technical security measures that are designed to protect your information from loss, theft, misuse, unauthorized access, disclosure, alteration and destruction. You should understand though that, despite our efforts, no security can be guaranteed as impenetrable.        <br/><br/><b>2.Information about children</b><br/>        We do not knowingly collect or solicit personal information from or direct or target interest based advertising to anyone under the age of 16 or knowingly allow such persons to use our Services. If you are under 16, please do not send any information about yourself to us, including your name, address, telephone number, or email address. No one under the age of 16 may provide any personal information. In the event that we learn that we have collected personal information from a child under age 16, we will delete that information as quickly as possible. If you believe that we might have any information from or about a child under the age of 16, please contact us.        <br/><br/><b>3. Links to Sites and Service Operated by Others</b><br/>        Tap4Fun Service may contain links to other sites, applications, and services. Because Tap4Fun does not operate those other sites, applications, and services, we cannot take responsibility for the privacy practices of the entities that operate them. We recommend that you consistently check privacy policies to understand an operator\u2019s practices. As a reminder, this policy describes Tap4Fun\u2019s practices.        <br/><br/>", "level": 0}], [{"value": "<b>4.Changes</b>", "level": 1}, {"value": "<br/>        Tap4Fun may update this privacy policy from time to time. When we update it, we will revise the \"Last Updated\" date above. If we make material changes in the way we collect, use, retain or share your personal information, we will notify you by sending you an email at the last email address that you provided us, or by posting notice of the changes on the services covered by this privacy policy.        <br/><br/>", "level": 0}], [{"value": "<b>5.International Transfer</b>", "level": 1}, {"value": "<br/>        We may transfer information that we collect about you to affiliated entities, or to other third parties across borders and from your country or jurisdiction to other countries or jurisdictions around the world. Please note that these countries and jurisdictions may not have the same data protection laws as your own jurisdiction, and we take steps to ensure adequate safeguards are in place to enable transfer of information and the use and disclosure of information about you, including personal information, as described in this Policy.        <br/><br/>", "level": 0}], [{"value": "<b>6.Contact & Complaints</b>", "level": 1}, {"value": "<br/>        Questions, comments and requests regarding this policy are welcomed. Please contact us via email at support@tap4fun.com , via phone at 0086-028-83313298, or via regular mail at Tap4Fun Co., Ltd, Attn: Privacy Administrator, Building A3, Tianfu software park, high-tech zone, Chengdu, Sichuan, China.        <br/>        In the event that you wish to make a complaint about how we process your personal information, please contact us in the first instance at support@tap4fun.com and we will endeavor to deal with your request as soon as possible. This is without prejudice to your right to launch a claim with the data protection authority in the country in which you live or work where you think we have infringed data protection laws.                </div></div></div></div></body></html>", "level": 0}]]