[[{"value": "<b>Privacy Policy</b>", "level": 1}, {"value": " </font></p><p style=\"margin-bottom: 0in; margin-left: 12px;; margin-right: 16px\">Last modified: July 07, 2017</p><p style=\"margin-bottom: 0in; margin-left: 16px; margin-right: 16px\"><font size=\"4\" style=\"font-size: 16pt\">This Privacy Policy is meant to help you understand:</font></p><ul style=\"margin-bottom: 0in; margin-left: 16px; margin-right: 16px\"><font size=\"4\" style=\"font-size: 16pt\"><li>what data we collect and why we collect that information.</li><li>how the data we collected is used and shared.</li><li>information security.</li><li>international users</li><li>sensitive information</li><li>changes to this Privacy Policy.</li></font></ul><p style=\"margin-bottom: 0in; margin-left: 16px; margin-right: 16px\"><font size=\"4\" style=\"font-size: 16pt\">        We've tried to keep the Policy simple, but if you have any questions on the privacy or our privacy practices, or to report any violations of the Policy or abuse of the Applications or the Services, please feel free to contact us via email: <a href=\"mailto:contact@lionmobi.com\">contact@lionmobi.com</a>.        </font></p><p style=\"margin-bottom: 0in; margin-left: 16px;; margin-right: 16px\"><font size=\"5\">", "level": 0}], [{"value": "<b>What Information We Collect ?</b>", "level": 1}, {"value": " </font></p><p style=\"margin-bottom: 0in; margin-left: 16px;; margin-right: 16px\"><font size=\"4\" style=\"font-size: 16pt\">        We collect personal information to implement significant features and provide you better experience. This information includes:        </font></p><ul style=\"margin-bottom: 0in; margin-left: 16px; margin-right: 16px\"><font size=\"4\" style=\"font-size: 16pt\"><li>", "level": 0}], [{"value": "<b>Device Information.</b>", "level": 1}, {"value": " We collect device-specific information (such as your hardware manufacturer & model, operating system version, screen size, CPU model, unique device identifiers, mobile network information and installed apps) to implement app features, provide our services, and improve the app performance for all our users.</li><li>", "level": 0}], [{"value": "<b>App Usage Data. </b>", "level": 1}, {"value": " Information about your usage of the app. We use this information to improve the user experience. This information may be collected by trusted third-party analytics.</li><li><b>Google Advertising ID.</b> Google Advertising ID by Google Play Service for advertising is used in the third-party advertising network to provide personalized advertisements and prevent inappropriate advertisement content for you.</li><li>", "level": 0}], [{"value": "<b>Geographic Location.</b>", "level": 1}, {"value": " We may collect information about your location if it is required to provide the needed functionality of the product or service or to implement features (such as Nearby Ranking). Please note that we do not use your location data to track your footprints.</li><li>", "level": 0}], [{"value": "<b>Aggregate Information.</b>", "level": 1}, {"value": " We collect about a group or category of services or users, which means information on how you use the Applications and the Services may be collected and combined with information about how others use the Applications and the Services.        </li></font></ul><p style=\"margin-bottom: 0in; margin-left: 16px;; margin-right: 16px\"><font size=\"5\">", "level": 0}], [{"value": "<b>Social Media</b>", "level": 1}, {"value": "</font></p><p style=\"margin-bottom: 0in; margin-left: 16px;; margin-right: 16px\"><font size=\"4\" style=\"font-size: 16pt\">            If you choose to access third party Social Media Web sites and services through our app, you will be sharing information with those Social Media Services, and the information you share will be governed by their privacy policies and terms of service.</font></p><p style=\"margin-bottom: 0in; margin-left: 16px;; margin-right: 16px\"><font size=\"5\">", "level": 0}], [{"value": "<b>How We Use Information We Collect ?</b>", "level": 1}, {"value": "</font></p><p style=\"margin-bottom: 0in; margin-left: 16px;; margin-right: 16px\"><font size=\"4\" style=\"font-size: 16pt\">            We use the information we collect from our applications and services to provide you better features and experience on them. We also use the data to measure the performance and improve the apps and services.            <br/>            We do not sell, trade, or otherwise transfer to outside parties your personally identifiable information.        </font></p>", "level": 0}], [{"value": "<p style=\"margin-bottom: 0in; margin-left: 16px;; margin-right: 16px\"><font size=\"5\"><b>Opt-out of personalized advertising.</b></font></p>", "level": 1}, {"value": "<p style=\"margin-bottom: 0in; margin-left: 16px;; margin-right: 16px\"><font size=\"4\" style=\"font-size: 16pt\">            To show you personalized advertisements in our apps we use specific advertising networks and their partners to deliver advertisements that are tailored to you based on a determination of your characteristics or interests. To do so they use personal and non-personal information such as advertising identifiers, such as the Android advertising ID, and/or other tracking technologies to enable and optimize this advertising procedure.            <br/>            You can opt-out from personalized advertisement experience, at any time by checking the privacy settings of your Android device and selecting \"opt-out of interest-based ads\" (Android). When you choose to opt-out, advertising networks will consider this choice as a withdrawal of consent to personalized advertisement experience and they will show only non-personalized advertisements and not targeted advertisements based on your interests.        </font></p><p style=\"margin-bottom: 0in; margin-left: 16px;; margin-right: 16px\"><font size=\"5\">", "level": 0}], [{"value": "<b>Information Security</b>", "level": 1}, {"value": "</font></p><p style=\"margin-bottom: 0in; margin-left: 16px;; margin-right: 16px\"><font size=\"4\" style=\"font-size: 16pt\">            We work hard to protect your information from unauthorized access by providing administrative, technical, organizational, physical, electronic, and procedural safeguards and taking risk management measures in accordance with applicable laws to ensure your data is adequately protected against accidental or unlawful destruction, accidental loss, alteration, unauthorized disclosure, or access, use, and all other unlawful forms of processing of your data in our possession. We restrict access to personal and/or sensitive data only to highly related employees, contractors and agents who need to know that information for operation, development and/or improvement purposes.  Please be aware that, although we endeavor to protect the information we collect and store, no security system guarantees absolute safety.        </font></p><p style=\"margin-bottom: 0in; margin-left: 16px;; margin-right: 16px\"><font size=\"5\">", "level": 0}], [{"value": "<b>International Users</b>", "level": 1}, {"value": "</font></p><p style=\"margin-bottom: 0in; margin-left: 16px;; margin-right: 16px\"><font size=\"4\" style=\"font-size: 16pt\">            Your personal information may be stored and processed in any country where we have facilities, and by using the Applications or the Services you consent to the transfer of your personal information to countries, which may be outside of your country of residence and may provide for different and less stringent data protection rules than in your country. If you object to your personal information being transferred or used as described in this Policy, please do not use the Applications or the Services and immediately delete the Applications from your Devices.        </font></p><p style=\"margin-bottom: 0in; margin-left: 16px;; margin-right: 16px\"><font size=\"5\">", "level": 0}], [{"value": "<b>Sensitive Information</b>", "level": 1}, {"value": "</font></p><p style=\"margin-bottom: 0in; margin-left: 16px;; margin-right: 16px\"><font size=\"4\" style=\"font-size: 16pt\">            We ask that you do not send us, and you do not disclose, any sensitive personal information (e.g., information related to racial or ethnic origin, political opinions, religion or other beliefs, health, sexual orientation, criminal background or membership in past organizations, including trade union memberships) on or through the Application or the Services or otherwise to us.        </font></p>", "level": 0}], [{"value": "<p style=\"margin-bottom: 0in; margin-left: 16px;; margin-right: 16px\"><font size=\"5\"><b>Changes to This Privacy Policy</b></font></p>", "level": 1}, {"value": "<p style=\"margin-bottom: 0in; margin-left: 16px;; margin-right: 16px\"><font size=\"4\" style=\"font-size: 16pt\">            Our Privacy Policy may change from time to time. We do not reduce your rights under this Privacy Policy without your explicit consent. We will post any privacy policy changes on this page and, if the changes are significant, we will provide a more prominent notice. We will also keep prior versions of this Privacy Policy in an archive for your review.        </font></p></body></html>", "level": 0}]]