[[{"value": "<h2>mergergame.wordpress.com is no longer available.</h2>", "level": 8}, {"value": "<p>This blog has been archived or suspended in accordance with our <a href=\"http://wordpress.com/tos/\">Terms of Service</a>.<br/>For more information and to contact us please read this <a href=\"http://en.support.wordpress.com/suspended-blogs/\">support document</a>.</p></div><!-- /.page-content --><footer class=\"footer\"><a class=\"footer-wpcom\" href=\"https://wordpress.com/\"><img alt=\"WordPress.com\" height=\"45\" src=\"//s1.wp.com/wp-content/themes/h4/i/logo-h-rgb.png\" width=\"180\"/></a></footer><!-- google_ad_section_start(weight=ignore) --><div id=\"footer\"><div><div class=\"c0\">", "level": 0}], [{"value": "<h4>Get Started</h4>", "level": 6}, {"value": "<a class=\"button-primary\" href=\"https://wordpress.com/start/?ref=websitebluefooter\">Create your own website</a><p class=\"automattic\"><span>An </span><a class=\"automattic-logo\" href=\"https://automattic.com/\">Automattic</a><span> Medley</span></p></div><div class=\"c1\">", "level": 0}], [{"value": "<h4>Do More</h4>", "level": 6}, {"value": "<ul><li><a href=\"https://wordpress.com/features/\" title=\"A sampling of the many features WordPress.com offers\">Features</a></li><li><a href=\"https://store.wordpress.com/\" title=\"Value-added upgrades available a la carte\">Store</a></li><li><a href=\"https://wordpress.com/themes/\" title=\"WordPress Themes for Blogs at WordPress.com\">Themes</a></li><li><a href=\"https://developer.wordpress.com/\" title=\"Build apps for WordPress.com\">Developers</a></li></ul></div><div class=\"c2\">", "level": 0}], [{"value": "<h4>Community</h4>", "level": 6}, {"value": "<ul><li><a href=\"https://en.support.wordpress.com/\" title=\"We\u2019re here for you\">Support</a></li><li><a href=\"https://en.forums.wordpress.com/\" title=\"Communicate with your fellow WordPress.com bloggers\">Forums</a></li><li><a href=\"https://central.wordcamp.org/\" title=\"Community-organized events that focus on everything WordPress\">WordCamps</a></li><li><a href=\"https://wordpress.org/\" title=\"Self-hosted, non-profit version\">WordPress.org</a></li></ul></div><div class=\"c3\">", "level": 0}], [{"value": "<h4>Company <span style=\"display:none;\"><a href=\"https://www.facebook.com/WordPresscom\">F</a> \u2022 <a href=\"https://twitter.com/wordpressdotcom\">T</a></span></h4>", "level": 6}, {"value": "<ul><li><a href=\"https://wordpress.com/about/\" title=\"A short introduction to your hosts\">Our Story</a></li><li><a href=\"https://automattic.com/privacy/\" title=\"We are profoundly disinterested in your private details\">Privacy</a></li><li><a href=\"https://wordpress.com/tos/\" title=\"Some legalese\">Terms of Service</a></li><li><a href=\"https://ma.tt/\" title=\"Founder of Automattic, example of what WordPress can do\">Matt Mullenweg</a></li><li><a dir=\"auto\" href=\"https://automattic.com/work-with-us/code-wrangler/?utm_source=h4&utm_campaign=cw-php-we\" id=\"code-wrangler\" style=\"text-transform: none;\" title=\"We are super nice :-)\">We are hiring PHP developers. Join us!</a></li></ul></div> </div></div></div><!-- wpcom_wp_footer --><div style=\"display:none\"></div><noscript><img alt=\"\" src=\"https://pixel.wp.com/b.gif?v=noscript\" style=\"height:0px;width:0px;overflow:hidden\"/></noscript><!-- google_ad_section_end --></body></html>", "level": 0}]]