[[{"value": "<b><span lang=\"EN-US\" style='font-family:\"Arial\",\"sans-serif\"'>PRIVACY POLICY</span></b>", "level": 1}, {"value": "</p><p class=\"MsoNormal\"><span lang=\"EN-US\" style='font-family:\"Arial\",\"sans-serif\"'>\u00a0</span></p><p class=\"MsoNormal\"><span lang=\"EN-US\" style='font-family:\"Arial\",\"sans-serif\"'>CamelGames Inc. (collectively, \"Camel Games\" or \u00a1\u00b0Camel\u00a1\u00b1) respect theprivacy of its online visitors and users of its products and services. CamelGames recognizes the importance of protecting information collected from usersand has adopted this privacy policy to inform users about how Camel Gamesgathers, stores, and uses information derived from their use of Camel Gamesproducts, services and online sites. </span></p><p class=\"MsoNormal\"><span lang=\"EN-US\" style='font-family:\"Arial\",\"sans-serif\"'>\u00a0</span></p><p class=\"MsoNormal\"><span lang=\"EN-US\" style='font-family:\"Arial\",\"sans-serif\"'>Thispolicy is current as of its last revision date. However, please note that thispolicy may be amended from time to time to reflect changes and additions to theprivacy policy. Please check back for the most current version before relyingon any of the provisions in this privacy policy.</span></p><p class=\"MsoNormal\"><span lang=\"EN-US\" style='font-family:\"Arial\",\"sans-serif\"'>\u00a0</span></p>", "level": 0}], [{"value": "<p class=\"MsoNormal\"><b><span lang=\"EN-US\" style='font-family:\"Arial\",\"sans-serif\"'>Collectionof Information</span></b></p>", "level": 1}, {"value": "<p class=\"MsoNormal\"><span lang=\"EN-US\" style='font-family:\"Arial\",\"sans-serif\"'>\u00a0</span></p><p class=\"MsoNormal\"><span lang=\"EN-US\" style='font-family:\"Arial\",\"sans-serif\"'>Byusing Camel Games's online sites, games, products, and services, users agreethat Camel Games collects and processes the personally identifiable information(as defined below) they provide by creating a Camel account, by purchasing orselling subscriptions, or during any exchange with Camel Games in connectionwith the use of their Camel account. Camel Games will not share any personallyidentifiable information with other parties except as described in this policy.Camel Games also processes anonymous data, aggregated or not, in order toanalyze and produce statistics related to the habits, usage patterns, anddemographics of users as a group or as individuals. Such anonymous data doesnot allow the identification of the users to which it relates. Camel Games mayshare anonymous data, aggregated or not, with third parties.</span></p><p class=\"MsoNormal\"><span lang=\"EN-US\" style='font-family:\"Arial\",\"sans-serif\"'>\u00a0</span></p><p class=\"MsoNormal\">", "level": 0}], [{"value": "<b><span lang=\"EN-US\" style='font-family:\"Arial\",\"sans-serif\"'>PersonallyIdentifiable Information</span></b>", "level": 1}, {"value": "</p><p class=\"MsoNormal\"><span lang=\"EN-US\" style='font-family:\"Arial\",\"sans-serif\"'>\u00a0</span></p><p class=\"MsoNormal\"><span lang=\"EN-US\" style='font-family:\"Arial\",\"sans-serif\"'>\"Personallyidentifiable information\" is information that can be used to uniquelyidentify a user such as name, address or credit card number. If you are an EUuser, \"personally identifiable information\" means \"personal data\"within the meaning of article 2 a) of the Directive 95/46 of 24 October 1995.You may be asked to provide personally identifiable information during the signin process, and then in connection with the use of Camel Games's products,services and online sites. While Camel Games collects personally identifiableinformation on a voluntary basis, for certain products and services CamelGames's collection of personally identifiable information may be a requirementfor access to the product or service or to process a user's order. </span></p><p class=\"MsoNormal\"><span lang=\"EN-US\" style='font-family:\"Arial\",\"sans-serif\"'>\u00a0</span></p>", "level": 0}], [{"value": "<p class=\"MsoNormal\"><b><span lang=\"EN-US\" style='font-family:\"Arial\",\"sans-serif\"'>Useof Personally Identifiable Information</span></b></p>", "level": 1}, {"value": "<p class=\"MsoNormal\"><span lang=\"EN-US\" style='font-family:\"Arial\",\"sans-serif\"'>\u00a0</span></p><p class=\"MsoNormal\"><span lang=\"EN-US\" style='font-family:\"Arial\",\"sans-serif\"'>Personallyidentifiable information is used internally by Camel Games to deliver, developand improve products, content and services, to which users have subscribed, andto answer users' requests. In addition, Camel Games may allow third partiesperforming services under contract with Camel Games, such as order or paymentprocessors or merchandise warehouse and fulfillment services, located in andoutside the European Union, to access and use personally identifiableinformation, but only to the extent necessary to provide those services. </span></p><p class=\"MsoNormal\"><span lang=\"EN-US\" style='font-family:\"Arial\",\"sans-serif\"'>\u00a0</span></p><p class=\"MsoNormal\"><span lang=\"EN-US\" style='font-family:\"Arial\",\"sans-serif\"'>CamelGames may use personally identifiable information provided by users to sendthem information about Camel Games, including news about product updates,contests, events, and other promotional materials, but only if the users agreeto receive such communications. Camel Games will not share any personallyidentifiable information with third parties for marketing purposes without yourconsent.</span></p><p class=\"MsoNormal\"><span lang=\"EN-US\" style='font-family:\"Arial\",\"sans-serif\"'>\u00a0</span></p><p class=\"MsoNormal\"><span lang=\"EN-US\" style='font-family:\"Arial\",\"sans-serif\"'>Whenyou create a Camel account, Camel Games may collects a user's email address andusername, and at the user's option, first and last name. Depending on theirsettings, users agree that some of this information may be searchable andavailable to other users within Camel. Camel Games has no obligation to keepprivate personally identifiable information that a user makes available toother users via Camel or other Camel Games software, such as in multiplayerchat or other public functions. </span></p><p class=\"MsoNormal\"><span lang=\"EN-US\" style='font-family:\"Arial\",\"sans-serif\"'>\u00a0</span></p><p class=\"MsoNormal\"><span lang=\"EN-US\" style='font-family:\"Arial\",\"sans-serif\"'>Externalwebsites and companies with links to and from Camel Games's online sites andproducts may collect personally identifiable information about users when usersvisit their websites. Third party publishers may also collect personallyidentifiable information as a requirement of accessing their games or content.Camel Games's privacy policy does not extend to external websites and companiesor third party publishers with links to or from Camel Games's products andonline websites or who collect personally identifiable information through theirgame available on Camel. Please refer directly to these companies and websitesregarding their privacy policies.</span></p><p class=\"MsoNormal\"><span lang=\"EN-US\" style='font-family:\"Arial\",\"sans-serif\"'>\u00a0</span></p><p class=\"MsoNormal\"><span lang=\"EN-US\" style='font-family:\"Arial\",\"sans-serif\"'>CamelGames may release personally identifiable information to comply with courtorders or laws that require us to disclose such information. In the event of areorganization, sale or merger we may transfer personally identifiableinformation to the relevant third party with the user's consent if required bylaw.</span></p><p class=\"MsoNormal\"><span lang=\"EN-US\" style='font-family:\"Arial\",\"sans-serif\"'>\u00a0</span></p>", "level": 0}], [{"value": "<p class=\"MsoNormal\"><b><span lang=\"EN-US\" style='font-family:\"Arial\",\"sans-serif\"'>ChildrenUnder The Age of 13</span></b></p>", "level": 1}, {"value": "<p class=\"MsoNormal\"><span lang=\"EN-US\" style='font-family:\"Arial\",\"sans-serif\"'>\u00a0</span></p><p class=\"MsoNormal\"><span lang=\"EN-US\" style='font-family:\"Arial\",\"sans-serif\"'>CamelGames will not knowingly collect personally identifiable information from anyperson under the age of 13. Camel Games encourages parents to instruct theirchildren to never give out personal information when online. Parents who areconcerned about the transfer of personal information from their children maycontact us.</span></p><p class=\"MsoNormal\"><span lang=\"EN-US\" style='font-family:\"Arial\",\"sans-serif\"'>\u00a0</span></p>", "level": 0}], [{"value": "<p class=\"MsoNormal\"><b><span lang=\"EN-US\" style='font-family:\"Arial\",\"sans-serif\"'>Cookiesand Other Information on a User's Machine</span></b></p>", "level": 1}, {"value": "<p class=\"MsoNormal\"><span lang=\"EN-US\" style='font-family:\"Arial\",\"sans-serif\"'>\u00a0</span></p><p class=\"MsoNormal\"><span lang=\"EN-US\" style='font-family:\"Arial\",\"sans-serif\"'>CamelGames's products, services and sites may employ cookies and other technologiessuch as web beacons and pixel tags. Cookies are bits of electronic informationthat can be transferred to a user's hard drive to customize a person's use of aproduct or online site, keep records of a user's access to an online site orproduct, or store information needed by the user on a regular basis. Use ofcookies is typically associated with websites. For example, when you sign in toCamel, Camel Games stores your user id and a combination of your IP address andtime of login as a cookie on your hard drive. This cookie allows you to movefrom page to page without having to sign in again on each page. Similarly, ifyou enter information during your session, such as age verification data, thiswill be stored as a cookie and you will not have to re-enter such informationduring that session. We may also use third party web site analytic tools thatemploy cookies to collect certain non-personally identifiable informationconcerning use of our websites, such as referring web site addresses, pageviews and browser types.</span></p><p class=\"MsoNormal\"><span lang=\"EN-US\" style='font-family:\"Arial\",\"sans-serif\"'>\u00a0</span></p><p class=\"MsoNormal\"><span lang=\"EN-US\" style='font-family:\"Arial\",\"sans-serif\"'>However,users can disable cookies by changing their browser settings. </span></p><p class=\"MsoNormal\"><span lang=\"EN-US\" style='font-family:\"Arial\",\"sans-serif\"'>CamelGames also stores on a user's flash memory a unique authorization key that iseither entered by the user or downloaded automatically during productregistration. This authorization key is used to identify a user as valid andallow access to Camel Games's products, services and third party games. Thiskey is necessary for Camel Games to supply any products and services subscribedby users.</span></p><p class=\"MsoNormal\"><span lang=\"EN-US\" style='font-family:\"Arial\",\"sans-serif\"'>\u00a0</span></p><p class=\"MsoNormal\"><span lang=\"EN-US\" style='font-family:\"Arial\",\"sans-serif\"'>Informationregarding Camel billing, a user's Camel account, a user's Internet connectionand the Camel Games software installed on a user's computer is uploaded to theserver in connection with the user's use of Camel and Camel Games software.Camel Games software automatically generates and submits to Camel Games bugreports upon a crash or other fault in the Camel Games software, services orCamel games. This automatically generated bug report information may includeinformation about other software or hardware on a user's system. Camel Gamesdoes not associate and store the automatically generated bug report informationwith users' personally identifiable information. Any bug reporting informationmanually submitted by users (e.g. through Camel Games's Bug Reporter form) isassociated and stored with personally identifiable information sent voluntarilyby the user through a bug report.</span></p><p class=\"MsoNormal\"><span lang=\"EN-US\" style='font-family:\"Arial\",\"sans-serif\"'>\u00a0</span></p><p class=\"MsoNormal\">", "level": 0}], [{"value": "<b><span lang=\"EN-US\" style='font-family:\"Arial\",\"sans-serif\"'>ChatForums, In-Game Chat Room Etc.</span></b>", "level": 1}, {"value": "</p><p class=\"MsoNormal\"><span lang=\"EN-US\" style='font-family:\"Arial\",\"sans-serif\"'>\u00a0</span></p><p class=\"MsoNormal\"><span lang=\"EN-US\" style='font-family:\"Arial\",\"sans-serif\"'>CamelGames's products or services may provide chat room, forums, bulletin boards, orinstant messaging tools to users. Any information that is disclosed in chat,forums or bulletin boards should be considered public information, and userswho message one another may not know each other personally. Camel Games has noobligation to keep private personally identifiable information that a usermakes available to other users or the public using these functions. Usersshould exercise caution when deciding to disclose personal information inpublic forums. Users should also be aware that game play information disclosedduring multiplayer game play (e.g. player name and current player statistics)is public information and may be displayed to other users.</span></p><p class=\"MsoNormal\"><span lang=\"EN-US\" style='font-family:\"Arial\",\"sans-serif\"'>\u00a0</span></p>", "level": 0}], [{"value": "<p class=\"MsoNormal\"><b><span lang=\"EN-US\" style='font-family:\"Arial\",\"sans-serif\"'>Choice/Opt-out</span></b></p>", "level": 1}, {"value": "<p class=\"MsoNormal\"><span lang=\"EN-US\" style='font-family:\"Arial\",\"sans-serif\"'>\u00a0</span></p><p class=\"MsoNormal\"><span lang=\"EN-US\" style='font-family:\"Arial\",\"sans-serif\"'>CamelGames gives users the option to receive promotional email communications fromCamel Games. Users may opt out of these communications. Instructions fordiscontinuing receipt of promotional email communications from Camel Games willbe provided in email communications to users.</span></p><p class=\"MsoNormal\"><span lang=\"EN-US\" style='font-family:\"Arial\",\"sans-serif\"'>\u00a0</span></p>", "level": 0}], [{"value": "<p class=\"MsoNormal\"><b><span lang=\"EN-US\" style='font-family:\"Arial\",\"sans-serif\"'>Storageand Security of Personally Identifiable Information</span></b></p>", "level": 1}, {"value": "<p class=\"MsoNormal\"><span lang=\"EN-US\" style='font-family:\"Arial\",\"sans-serif\"'>\u00a0</span></p><p class=\"MsoNormal\"><span lang=\"EN-US\" style='font-family:\"Arial\",\"sans-serif\"'>Personallyidentifiable information provided to Camel Games by customers in the EU iscontrolled by Camel Games, with place of business set out below. Personallyidentifiable information provided to Camel Games will be collected, processedand stored by Camel Games Corporation in the United States. Camel Games hastaken reasonable steps to protect the information users share with us,including, but not limited to, setup of processes, equipment and software toavoid unauthorized access or disclosure of this information. Camel GamesCorporation complies with the Safe Harbor framework developed by the U.S. Departmentof Commerce and the European Union relating to the transfer and processing ofpersonally identifiable information. For more information about the Safe Harborprogram or to view Camel Games's certification please visit</span></p><p class=\"MsoNormal\"><span lang=\"EN-US\" style='font-family:\"Arial\",\"sans-serif\"'>http://export.gov/safeharbor/eu/eg_main_018476.asp.</span></p><p class=\"MsoNormal\"><span lang=\"EN-US\" style='font-family:\"Arial\",\"sans-serif\"'>\u00a0</span></p>", "level": 0}], [{"value": "<p class=\"MsoNormal\"><b><span lang=\"EN-US\" style='font-family:\"Arial\",\"sans-serif\"'>Corrections,Updates and Removal of Personally Identifiable Information</span></b></p>", "level": 1}, {"value": "<p class=\"MsoNormal\"><span lang=\"EN-US\" style='font-family:\"Arial\",\"sans-serif\"'>\u00a0</span></p><p class=\"MsoNormal\"><span lang=\"EN-US\" style='font-family:\"Arial\",\"sans-serif\"'>Ifyou are concerned about the accuracy of personally i<a name=\"_GoBack\"></a>dentifiableinformation maintained by Camel Games or wish to review, access, amend orcorrect it, or would like your personally identifiable information removed fromCamel Games's records or otherwise deactivated, please contact us here. We maydecline requests that are unreasonably repetitive, require disproportionatetechnical effort, jeopardize the privacy of others, or are extremelyimpractical.</span></p><p class=\"MsoNormal\"><span lang=\"EN-US\" style='font-family:\"Arial\",\"sans-serif\"'>\u00a0</span></p><p class=\"MsoNormal\">", "level": 0}], [{"value": "<b><span lang=\"EN-US\" style='font-family:\"Arial\",\"sans-serif\"'>ContactingCamel Games</span></b>", "level": 1}, {"value": "</p><p class=\"MsoNormal\"><span lang=\"EN-US\" style='font-family:\"Arial\",\"sans-serif\"'>\u00a0</span></p><p class=\"MsoNormal\"><span lang=\"EN-US\" style='font-family:\"Arial\",\"sans-serif\"'>Ifyou have any questions or complaints about this privacy policy, or the privacypractices of Camel Games, please contact us here via the E-Mail below. </span></p><p class=\"MsoNormal\"><span lang=\"EN-US\" style='font-family:\"Arial\",\"sans-serif\"'>camel.game@gmail.com</span></p><p class=\"MsoNormal\"><span lang=\"EN-US\" style='font-family:\"Arial\",\"sans-serif\"'>\u00a0</span></p><p class=\"MsoNormal\"><span lang=\"EN-US\" style='font-family:\"Arial\",\"sans-serif\"'>RevisionDate: Nov 18th 2015</span></p></div></body></html>", "level": 0}]]