[[{"value": "<h1>EU GAMES PRIVACY POLICY</h1>", "level": 9}, {"value": "<p></p>", "level": 0}], [{"value": "<h2>Last updated: April 25, 2018</h2>", "level": 8}, {"value": "<p></p>", "level": 0}], [{"value": "<h2>1. Who we are</h2>", "level": 8}, {"value": "<p>1.1. We are My.com B.V. located at Barbara Strozzilaan 201, 1083HN, Amsterdam, the Netherlands.</p><p>1.2. This Privacy Policy sets out how we collect and use your personal information when you use the mobile, online and downloadable products and services (\"Services\") offered by My.com B.V. and its subsidiaries at <a href=\"https://my.com/\">https://my.com/</a> and the choices available to you in connection with our use of your personal information (the Privacy Policy).<br/>This Privacy Policy should be read alongside, and in addition to, our terms and conditions at <a href=\"https://legal.my.com/us/games/tou/\">https://legal.my.com/us/games/tou/</a> (Terms) and our Cookie Policy (accessible online at <a href=\"https://legal.my.com/us/general/cookie\">https://legal.my.com/us/general/cookie</a>).<br/>In case of any contradictions between this Privacy Policy and the Terms, this Privacy Policy will prevail.</p><p></p>", "level": 0}], [{"value": "<h2>2. This Privacy Policy</h2>", "level": 8}, {"value": "<p>2.1. By making available the Services we, acting reasonably and in good faith, believe that you:<br/>(a) have all necessary rights to register on and use the Services;<br/>(b) provide true information about yourself\u00a0 to the extent necessary for use of the Services;<br/>(c) understand that by the posting your personal information where it is accessible by other users of the Services you have manifestly made this information public, and this information may become available to other Site users and internet users, be copied and disseminated by them;<br/>(d) understand that some types of information transferred by you to other Service users cannot be deleted by you or us;<br/>(e) are aware of and accept this Privacy Policy.</p><p>2.2. We do not check the user information received from you, except where such check is necessary in order for us to fulfill our obligations to you.</p><p>2.3. This Privacy Policy applies only to the European Union-based users. If you are not a European Union-based user, please refer to the Privacy Policy applicable in the <a href=\"https://legal.my.com/us/games/privacy_nonEU/\">relevant jurisdiction</a>.</p><p></p>", "level": 0}], [{"value": "<h2>3. Information we collect about you</h2>", "level": 8}, {"value": "<p>3.1. In order to implement the agreement between you and us, and provide you with access to the use of the Services, we will improve, develop and implement new features to our Services, and enhance the available Services functionality. To achieve these objectives, and in compliance with applicable laws, we will collect, store, aggregate, organise, extract, compare, use, and supplement your data (hereinafter \u201cprocessing\u201d). We will also receive and pass this data, and our automatically processed analyses of this data to our affiliates and partners as set out in the table below and section 4 of this Privacy Policy.</p><p>3.2. We set out in more detail the information we collect when you use our Services, why we collect and process it and the legal bases below.</p><p></p><table border=\"1\" cellpadding=\"0\" cellspacing=\"0\"><tbody><tr><td style=\"width:63px;height:19px;\"></td><td style=\"width:198px;height:19px;\"><p style=\"text-align: center;\">", "level": 0}], [{"value": "<strong>Information Collected</strong>", "level": 1}, {"value": "</p></td><td style=\"width:441px;height:19px;\"><p style=\"text-align: center;\">", "level": 0}], [{"value": "<strong>Purpose</strong>", "level": 1}, {"value": "</p></td><td style=\"width:182px;height:19px;\"><p style=\"text-align: center;\">", "level": 0}], [{"value": "<strong>Legal Basis </strong>", "level": 1}, {"value": "</p></td></tr><tr><td style=\"width:63px;height:170px;\"><p style=\"text-align: center;\">1</p></td><td style=\"width:198px;height:170px;\"><p>Data you provide for registering in the Services including your email and/or mobile phone number</p></td><td style=\"width:441px;height:170px;\"><p>We use this information in order to manage and administer the Services provided to you.<br/>We use this data to enable us to fulfill our obligations to you as part of the Services (e.g. in cases where you request restoration of your account).<br/>See section 8.3 of this Privacy Policy for more information.<br/>We also use this information in order to provide you with updates and information on our and selected third parties' products and services we think you may be interested in.</p></td><td style=\"width:182px;height:170px;\"><p>Legitimate interests<br/><br/>Performance of our contract with you</p></td></tr><tr><td style=\"width:63px;height:300px;\"><p style=\"text-align: center;\">2</p></td><td style=\"width:198px;height:300px;\"><p>Where necessary, a copy of your identity or\u00a0 another document containing your name, surname, photograph, number of the principal identity document of you or your representative, payment details and another additional data, with that you may provide us, including through our support service.<br/>We may take additional verification steps where we consider reasonable in order to verify your account.</p></td><td style=\"width:441px;height:300px;\"><p>We use this data in order to identify you, verify your account and prevent abuse and infringements of your or other persons' rights.<br/>For example, we use this information to verify your identity if you lose your credentials and wish to access your account with us.</p></td><td style=\"width:182px;height:300px;\"><p>Legitimate Interests</p></td></tr><tr><td style=\"width:63px;height:208px;\"><p style=\"text-align: center;\">3</p></td><td style=\"width:198px;height:208px;\"><p>Additional data you provide when you edit your profile page at <a href=\"https://account.my.com/profile/\">https://account.my.com/profile/</a> or on dedicated Services profile page via including your first and last name, nickname, gender, date of birth, avatar picture and language preferences.</p></td><td style=\"width:441px;height:208px;\"><p>We use this information in order to provide our Services to you, to manage and administer Services and as additional infromation to verify your account to prevent abuse and infringements of your or other persons' rights.<br/>We also use this information in order to provide you with updates and information on our and selected third parties' products and services we think you may be interested in.<br/>We use this information in order to tailor and improve the adverts that are presented on the Site and measure the effectiveness of these advertisements.</p></td><td style=\"width:182px;height:208px;\"><p>Legitimate interests<br/><br/>Performance of our contract with you</p></td></tr><tr><td style=\"width:63px;height:326px;\"><p style=\"text-align: center;\">4</p></td><td style=\"width:198px;height:326px;\"><p>Additional data received when you access the Services, including information\u00a0 regarding technical devices, technical interaction with the Service such as your IP-address, time of registration in the Service, device ids, country and language settings, device model and operating system used, your installed apps, type of browser, your Internet provider and/or phone network operator, network type, screen resolution, RAM size and your browsing behavior.</p></td><td style=\"width:441px;height:326px;\"><p>We use your data for internal review in order to constantly improve the content of our Services and web pages, optimizing your user experience, to understand any errors you may encounter when using the Services, to notify you of changes to the Services and to personalise the use of our Services.<br/>We use this information in order to tailor and improve the adverts that are presented on the Site and measure the effectiveness of these advertisements.</p></td><td style=\"width:182px;height:326px;\"><p>Legitimate Interests</p></td></tr><tr><td style=\"width:63px;height:106px;\"><p style=\"text-align: center;\">5</p></td><td style=\"width:198px;height:106px;\"><p>Information that is automatically received at the time of access to the Services with the use of cookies.</p></td><td style=\"width:441px;height:106px;\"><p>Please see our cookies policy which sets out the types of cookies we use and what we use these cookies for.\u00a0<br/>We use this information in order to tailor and improve the adverts that are presented on the Site and measure the effectiveness of these advertisements.</p></td><td style=\"width:182px;height:106px;\"><p>Consent</p></td></tr><tr><td style=\"width:63px;height:199px;\"><p style=\"text-align: center;\">6</p></td><td style=\"width:198px;height:199px;\"><p>Information that is created by you while using the Services (including information that you post in any game forums and/or chat rooms). Depending on the place of posting (chat room or forum) this information can be available to some or all other users of our Services.</p></td><td style=\"width:441px;height:199px;\"><p>We use this information in order to manage and administer the Services including providing our services to you.</p></td><td style=\"width:182px;height:199px;\"><p>Legitimate interests, which inter alia, include the processing of manifestly made public by you data\u00a0where it is accessible by other users of the Services<br/>\u00a0<br/>Performance of our contract with you</p></td></tr><tr><td style=\"width:63px;height:94px;\"><p style=\"text-align: center;\">7</p></td><td style=\"width:198px;height:94px;\"><p>Information that is created by you while placing requests to our Services support.</p></td><td style=\"width:441px;height:94px;\"><p>We use this information in order to verify your identity and to fullfil your support request.<br/>We may also use this data in order to investigate any complaints on your behalf and to provide you with a more efficient service.</p></td><td style=\"width:182px;height:94px;\"><p>Legitimate interests<br/><br/>Performance of our contract with you</p></td></tr><tr><td style=\"width:63px;height:188px;\"><p style=\"text-align: center;\">8</p></td><td style=\"width:198px;height:188px;\"><p>Information that is received as the result of your behavioral actions when using the Services (including your game actions and achievements, badges). This information can be available to other users of our Services (e.g. on Leaderboards).</p></td><td style=\"width:441px;height:188px;\"><p>We use this information in order to manage and administer the Services including providing our Services to you.<br/>We may also use this data in order to tailor and improve the adverts that are presented to you to and measure the effectiveness of these advertisements.</p></td><td style=\"width:182px;height:188px;\"><p>Legitimate interests</p></td></tr><tr><td style=\"width:63px;height:150px;\"><p style=\"text-align: center;\">9</p></td><td style=\"width:198px;height:150px;\"><p>Information that is received about you as the result of other users\u2019 actions on the Services (in particular, information posted in chat rooms and forums by other users).</p></td><td style=\"width:441px;height:150px;\"><p>We use this information in order to manage and administer the Services including providing our Services to you.</p></td><td style=\"width:182px;height:150px;\"><p>Legitimate interests</p></td></tr><tr><td style=\"width:63px;height:186px;\"><p style=\"text-align: center;\">10</p></td><td style=\"width:198px;height:186px;\"><p>Data collected via third parties, including your social network ids, application store ids, nickname, email and friends list, when you register in our Services via you social or application store accounts and/or connect your social account to our Services.</p></td><td style=\"width:441px;height:186px;\"><p>We use this information in order to manage and administer the Services provided to you.<br/>We use this information for certain social functions of our Services, such as to show you who of your friends play the same game as you.<br/>We also use this information in order to provide you with updates and information on our and selected third parties' products and services we think you may be interested in.</p></td><td style=\"width:182px;height:186px;\"><p>Legitimate interests<br/><br/>Performance of our contract with you</p></td></tr></tbody></table><p></p><p>3.3. Our legitimate interests include\u00a0 (1) maintaining and administrating the Services; (2) providing the Services to you; (3) improving the content of the Services and web pages; (4) processing of the data that was manifestly made public by you where it is accessible by other users of the Services; (5) ensuring your account is adequately protected; and (6) compliance with any contractual, legal or regulatory obligations under any applicable law.\u00a0</p><p>3.4. As part of maintaining and administrating the Services we use the information to analyse user activity and ensure that rules and terms of use for the Services are not violated.</p><p>3.5. Your personal information may also be processed if it is required by a law enforcement or regulatory authority, body or agency or in the defence or exercise of legal claims.<br/>We will not delete personal information if it is relevant to an investigation or a dispute.<br/>It will continue to be stored until those issues are fully resolved and/or during the term that is required and/or permissible under applicable/relevant law.</p><p>3.6. You may withdraw your consent to sending you marketing information by amending your privacy settings of your account.<br/>An option to unsubscribe will also be included in every SMS or email sent to you by us or our selected third party partners.</p><p>3.7. Please note, if you do not want us to process sensitive and special categories of data about you (including data relating to your health, racial or ethnic origin, political opinion, religious or philosophical beliefs, sex life, and your sexual orientation) you should take care not to post this information or share this data on the Site.<br/>Once you have provided this data it will be accessible by other site users and it becomes difficult for us to remove this data.</p><p>3.8. Please note, if you withdraw your consent to processing or you do not provide the data that we require in order to maintain and administer the Services, you may not be able to access the Services or register with the web pages.</p><p>3.9. If we intend to further process your data for any other purpose to those set out in this Privacy Policy, we shall provide you with details of this further purpose before we commence processing.</p><p></p>", "level": 0}], [{"value": "<h2>4. Data sharing</h2>", "level": 8}, {"value": "<p>4.1. Your username can be available to all of the Service users. We take technical and organizational measures to ensure that your data is safe. Please note that by the posting your personal information you have manifestly made this information public where it is accessible by other users of the Services, and this may become available to other Service users and internet users and be copied and/ or disseminated by such users. Once this data is transferred by you to other users you will not be able to delete this data.</p><p>4.2. We may share your data with MGL MY.COM (CYPRUS) LIMITED and other our affiliates. Sometimes we may also need to share your data with a third party in order to provide our Services to you or to administer the Services, for example if you choose to share your data across other social media platforms.\u00a0</p><p>4.3. We may also share your data with our third party contractors and application developers provided these third parties assume confidentiality obligations regarding your personal data collected by your use of the applications they offer.\u00a0 The developers use the information provided to them in order to provide you with additional services. Data will only be shared with these developers with your consent. You can authorise developers to access your information via our products.</p><p>4.4. Our ad management and recommendation system is designed so that your information will not be shared directly with our third party advertisers. An advertiser or maker of a recommendation can only choose to target advertisements to groups of users falling within criteria such as age, gender or location, or to target communities according to type, e.g. cars or fashion. If you fall within one of the target groups you will receive an advert or recommendation.</p><p>4.5. An advertiser or maker of recommendations may also choose to upload a list of emails, phone numbers and identities to our systems so that we (but not the adviser or maker of recommendations) can check for user matches.\u00a0 They will see the number of matches but not the matches themselves.</p><p>4.6. If you participate in public tournaments we may have the obligation to disclose your personal information to tax authorities. We also may publish you data as part of the tournament score tables on our and third party web sites.</p><p>4.7. My.com B.V., other companies in the Mail.ru Group or our selected third party partners with our permission, using their own ad servers, can show advertisements to you.</p><p></p>", "level": 0}], [{"value": "<h2>5. Privacy Settings</h2>", "level": 8}, {"value": "<p>5.1. The Services may contain links to sites operated by third parties. We are not responsible for your data privacy when you access these links or engage with third party services and you should ensure you review the relevant third party's privacy statement which will govern your data privacy rights.</p><p>5.2. We bear no liability for the actions of third parties which, as the result of your use of the internet or the Services, obtain access to your information in accordance with the confidentiality level selected by you.</p><p>5.3. We bear no liability for the consequences of use of the information which, due to the Services nature, is available to any internet user. We ask you to take a responsible approach to the scope of their information posted on the Site.</p><p></p>", "level": 0}], [{"value": "<h2>6. International Transfers</h2>", "level": 8}, {"value": "<p>6.1. We may\u00a0 transfer and maintain on our servers or databases some of your personal information outside the European Economic Area (EEA) including in Russia.</p><p>6.2. The countries to which we transfer your data may not have the same data protection laws as your jurisdiction. We take reasonable cyber security measures and/or put in place the Standartd Contractual Clauses (e.g. Model Clauses, Data Processing Agreement/Addendum) to ensure your data is adequately protected.</p><p></p>", "level": 0}], [{"value": "<h2>7. Retention Periods</h2>", "level": 8}, {"value": "<p>7.1. We will retain your personal information for as long as required to perform the purposes for which the data was collected depending on the legal basis for which that data was obtained and/or whether additional legal/regulatory obligations mandate that we retain your personal information during the term that is required and/or permissible under applicable/relevant law.</p><p>7.2. You may delete your personal\u00a0 data by removing the data from your account; alternatively, you can delete your account.</p><p>7.3. We may remove your account, or the information you post as provided by the Terms.</p><p></p>", "level": 0}], [{"value": "<h2>8. Your Rights</h2>", "level": 8}, {"value": "<p>8.1. You have the following rights, in certain circumstances, in relation to your personal information:<br/>(a) Right to access\u00a0 your personal information.<br/>(b) Right to rectify your personal information:\u00a0 you can request that we update, block or delete your personal data, if the data is incomplete, outdated, incorrect, unlawfully received or no longer relevant\u00a0 for the purpose of processing.<br/>(c) Right to restrict the use of your personal information.<br/>(d) Right to request that your personal information is erased.<br/>(e) Right to object to processing of your personal information.<br/>(f) Right to data portability (in certain specific circumstances).<br/>(g) Right not to be subject to an automated decision.<br/>(h) Right to lodge a complaint with a supervisory authority.</p><p>8.2. You also have a right to independently remove personal information on your account and make changes and corrections to your information, provided that such changes and corrections contain up-to-date and true information. You can also view an overview of the information we hold about you.</p><p>8.3. If you would like to exercise these rights, please contact Support Service at <a href=\"https://support.my.com/games/\">https://support.my.com/games/</a> or send your request to us, in writing to Barbara Strozzilaan 201, 1083 HN, Amsterdam, the Netherlands. We will aim to respond to you within 30 days from receipt of request. We will need to verify your identity before we are able to disclose any personal data to you.</p><p></p>", "level": 0}], [{"value": "<h2>9. Security Measures</h2>", "level": 8}, {"value": "<p>9.1. We take\u00a0 technical, organizational and legal measures, including, where suitable, encryption, to ensure that your personal data are protected from unauthorized or accidental access, deletion, modification, blocking, copying and\u00a0 dissemination.</p><p>9.2. Access to the Services is authorized using your login (e-mail address or mobile phone number) and password. You are responsible for keeping this information confidential. You should not share your credentials with third parties and we recommend you take measures to ensure this information is kept confidential.\u00a0</p><p>9.3. If you forget your login details, you can requiest us to send you an SMS or email, which will contain a restoration code.</p><p>9.4. To reduce the probability of third parties gaining unauthorized access, if you login to your account from an unusual place or after several failed attempts to provide valid login details, we may block entry to your account. You will then need to contact Service support and provide certain additional information to verify your credentials and gain access to your account.</p>", "level": 0}], [{"value": "<h2>10. Changes to this Policy</h2>", "level": 8}, {"value": "<p>10.1. From time to time, we may change and/or update this Privacy Policy. If this Privacy Policy changes in any way, we will post an updated version on this page. We will store the previous versions of this Privacy Policy in our documentation achieve. We recommend you regularly review this page to ensure that you are always aware of our information practices and any changes to such.</p><p></p><p>11. Contact Us</p><p>11.1. If you have any questions, please send your inquiries to Service support at <a href=\"https://support.my.com/games/\">https://support.my.com/games/</a> or in writing to Barbara Strozzilaan 201, 1083 HN, Amsterdam, the Netherlands. So we can deal with your enquiry effectively, please quote this Privacy Policy. We will aim to respond to you within 30 days from receipt of request.\u00a0</p><p>11.2. All correspondence received by us from you (written or electronic inquiries) is classified as restricted-access information and may not be disclosed without your written consent. The personal data and other information about you may not be used without your consent for any purpose other than for response to the inquiry, except as expressly provided by law.</p><p>11.3. The e-mail address of our DPO is <a href=\"mailto:dpo@corp.my.com?subject=my.com%20games%20privacy%20request&body=---Please%20do%20not%20remove%20this%20line%2F%D0%9F%D0%BE%D0%B6%D0%B0%D0%BB%D1%83%D0%B9%D1%81%D1%82%D0%B0%2C%20%D0%BD%D0%B5%20%D1%83%D0%B4%D0%B0%D0%BB%D1%8F%D0%B9%D1%82%D0%B5%20%D1%8D%D1%82%D1%83%20%D1%81%D1%82%D1%80%D0%BE%D0%BA%D1%83.%20This%20request%20relates%20to%20my.com%20games%20privacy%20policy---\">dpo@corp.my.com</a>.</p><p></p><p></p><p></p> </div></div><div class=\"mcSidebar\"><div class=\"mcLegal_chapters\"><div class=\"mcLegal_chaptersBlock\">", "level": 0}], [{"value": "<h2>General</h2>", "level": 8}, {"value": "<ul><li><a href=\"https://legal.my.com/us/general/tos/\">                        TERMS OF SERVICE                    </a></li><li><a href=\"https://legal.my.com/us/general/privacy/\">                        EU PRIVACY POLICY                    </a></li><li><a href=\"https://legal.my.com/us/general/cookie/\">                        COOKIE POLICY                    </a></li><li><a href=\"https://legal.my.com/us/general/privacy_nonEU/\">                        NON-EU PRIVACY POLICY                    </a></li></ul></div><div class=\"mcLegal_chaptersBlock\">", "level": 0}], [{"value": "<h2>myMail</h2>", "level": 8}, {"value": "<ul><li><a href=\"https://legal.my.com/us/mail/privacy/\">                         EU PRIVACY POLICY                    </a></li><li><a href=\"https://legal.my.com/us/mail/eula/\">                        APPLICATION EULA                    </a></li><li><a href=\"https://legal.my.com/us/mail/tou/\">                        TERMS OF USE                    </a></li><li><a href=\"https://legal.my.com/us/mail/privacy_nonEU/\">                        NON-EU PRIVACY POLICY                    </a></li></ul></div><div class=\"mcLegal_chaptersBlock\">", "level": 0}], [{"value": "<h2>myGames</h2>", "level": 8}, {"value": "<ul><li>                    EU GAMES PRIVACY POLICY                </li><li><a href=\"https://legal.my.com/us/games/eula/\">                        APPLICATION EULA                    </a></li><li><a href=\"https://legal.my.com/us/games/tou/\">                        TERMS OF USE                    </a></li><li><a href=\"https://legal.my.com/us/games/payments/\">                        PAYMENT TERMS                    </a></li><li><a href=\"https://legal.my.com/us/games/mobile_privacy/\">                        EU MOBILE GAMES PRIVACY POLICY                    </a></li><li><a href=\"https://legal.my.com/us/games/privacy_nonEU/\">                        NON-EU GAMES PRIVACY POLICY                    </a></li></ul></div><div class=\"mcLegal_chaptersBlock\">", "level": 0}], [{"value": "<h2>maps.me</h2>", "level": 8}, {"value": "<ul><li><a href=\"https://legal.my.com/us/maps/tou/\">                        TERMS OF USE AND EULA                    </a></li><li><a href=\"https://legal.my.com/us/maps/privacy/\">                        PRIVACY POLICY                    </a></li></ul></div><div class=\"mcLegal_chaptersBlock\">", "level": 0}], [{"value": "<h2>myWidget</h2>", "level": 8}, {"value": "<ul><li><a href=\"https://legal.my.com/us/mywidget/user-agreement/\">                        USER AGREEMENT                    </a></li><li><a href=\"https://legal.my.com/us/mywidget/privacy/\">                        EU PRIVACY POLICY                    </a></li><li><a href=\"https://legal.my.com/us/mywidget/privacy_nonEU/\">                        NON-EU PRIVACY POLICY                    </a></li></ul></div><div class=\"mcLegal_chaptersBlock\">", "level": 0}], [{"value": "<h2>myTarget</h2>", "level": 8}, {"value": "<ul><li><a href=\"https://legal.my.com/us/mytarget/privacy/\">                        EU PRIVACY POLICY                    </a></li><li><a href=\"https://legal.my.com/us/mytarget/privacy_nonEU/\">                        NON-EU PRIVACY POLICY                    </a></li></ul></div><div class=\"mcLegal_chaptersBlock\">", "level": 0}], [{"value": "<h2>Donation Alerts</h2>", "level": 8}, {"value": "<ul><li><a href=\"https://legal.my.com/us/da/privacy_policy/\">                        EU PRIVACY POLICY                    </a></li><li><a href=\"https://legal.my.com/us/da/privacy_policy_nonEU/\">                        NON-EU PRIVACY POLICY                    </a></li></ul></div><div class=\"mcLegal_chaptersBlock\">", "level": 0}], [{"value": "<h2>MRS</h2>", "level": 8}, {"value": "<ul><li><a href=\"https://legal.my.com/us/mrs/agreement/\">                        ONLINE PROMOTION AGREEMENT                    </a></li></ul></div></div></div></div></div></div><!-- inf::footer --><div class=\"js_footer_container\"></div><!-- /inf::footer --><img alt=\"\" src=\"https://r.my.com/d2629734.gif?rnd=196151820&ts=1541753285\" style=\"width:0;height:0;position:absolute;\"/></body></html>", "level": 0}]]