[[{"value": "<b><span style='font-size:18.0pt;font-family:\"Times New Roman\";mso-fareast-font-family:\"Times New Roman\";color:black'>Privacy Policy </span></b>", "level": 1}, {"value": "<span style='font-size:12.0pt;font-family:\"Times New Roman\";mso-fareast-font-family:\"Times New Roman\"'><o:p></o:p></span></p><p class=\"MsoNormal\" style=\"margin-bottom:0cm;margin-bottom:.0001pt;line-height:normal\"><span style='font-size:12.0pt;font-family:\"Times New Roman\";mso-fareast-font-family:\"Times New Roman\"'><o:p>\u00a0</o:p></span></p><p class=\"MsoNormal\" style=\"margin-bottom:0cm;margin-bottom:.0001pt;text-align:justify;line-height:normal\">", "level": 0}], [{"value": "<b><span style='font-size:13.0pt;font-family:\"Times New Roman\";mso-fareast-font-family:\"Times New Roman\";color:black'>INTRODUCTION</span></b>", "level": 1}, {"value": "<span style='font-size:12.0pt;font-family:\"Times New Roman\";mso-fareast-font-family:\"Times New Roman\"'><o:p></o:p></span></p><p class=\"MsoNormal\" style=\"margin-bottom:0cm;margin-bottom:.0001pt;text-align:justify;line-height:normal\"><span style='font-size:13.0pt;font-family:\"Times New Roman\";mso-fareast-font-family:\"Times New Roman\";color:black'>Zonmob Game Studio(\"ZONMOB\" or \"we\") is dedicated to protecting the privacy rights of our onlineusers (\"users\" or \"you\"). This Privacy Policy has been crafted to inform you asto the ways we collect, store, use, and manage the information you provide inconnection with any ZONMOB's game or Application. Please note that the scope ofthis Privacy Policy is limited to only information collect from ZONMOB throughuse of the Service. By using the service, you are agreeing to the collectionand use of your personal information as outline in this Privacy Policy. We mayamend the Privacy Policy from time to time, and we encourage you to consult thePrivacy Policy regularly for changer.</span><span style='font-size:12.0pt;font-family:\"Times New Roman\";mso-fareast-font-family:\"Times New Roman\"'><o:p></o:p></span></p><p class=\"MsoNormal\" style=\"margin-bottom:0cm;margin-bottom:.0001pt;line-height:normal\"><span style='font-size:12.0pt;font-family:\"Times New Roman\";mso-fareast-font-family:\"Times New Roman\"'><o:p>\u00a0</o:p></span></p><p class=\"MsoNormal\" style=\"margin-bottom:0cm;margin-bottom:.0001pt;text-align:justify;line-height:normal\">", "level": 0}], [{"value": "<b><span style='font-size:13.0pt;font-family:\"Times New Roman\";mso-fareast-font-family:\"Times New Roman\";color:black'>COLLECT INFORMATION</span></b>", "level": 1}, {"value": "<span style='font-size:12.0pt;font-family:\"Times New Roman\";mso-fareast-font-family:\"Times New Roman\"'><o:p></o:p></span></p><p class=\"MsoNormal\" style=\"margin-bottom:0cm;margin-bottom:.0001pt;text-align:justify;line-height:normal\"><span style='font-size:13.0pt;font-family:\"Times New Roman\";mso-fareast-font-family:\"Times New Roman\";color:black'>When you use any ZONMOBService, also sometimes referred to as an \"Application\" or\"App\", you get access to its online community within that Service andyou allow ZONMOB to access certain information about you. The information youallow we to access varies by Application, and it is affected by the privacysettings you and your friends establish in that Application. Users can alwaysrefuse to supply personally identification information, except that it mayprevent them from engaging in certain App related activities.</span><span style='font-size:12.0pt;font-family:\"Times New Roman\";mso-fareast-font-family:\"Times New Roman\"'><o:p></o:p></span></p><p class=\"MsoNormal\" style=\"margin-bottom:0cm;margin-bottom:.0001pt;text-align:justify;line-height:normal\"><span style='font-size:13.0pt;font-family:\"Times New Roman\";mso-fareast-font-family:\"Times New Roman\";color:black'>There are two types ofinformation we may collect through your use of our: </span><span style='font-size:12.0pt;font-family:\"Times New Roman\";mso-fareast-font-family:\"Times New Roman\"'><o:p></o:p></span></p><p class=\"MsoNormal\" style=\"margin-bottom:0cm;margin-bottom:.0001pt;text-align:justify;line-height:normal\"><span style='font-size:13.0pt;font-family:\"Times New Roman\";mso-fareast-font-family:\"Times New Roman\";color:black'>1. ", "level": 0}], [{"value": "<b>\"PersonalInformation\"</b>", "level": 1}, {"value": ", which is the type of information that specifically identifiesyou personally and/or can be used alone to contact you online or offline, suchas: your full name, physical address, email address, telephone number,photograph, precise geolocation information (i.e., your specific location),ZONMOB's game player ID, credit card information and, in some cases, usernames.</span><span style='font-size:12.0pt;font-family:\"Times New Roman\";mso-fareast-font-family:\"Times New Roman\"'><o:p></o:p></span></p><p class=\"MsoNormal\" style=\"margin-bottom:0cm;margin-bottom:.0001pt;text-align:justify;line-height:normal\"><span style='font-size:13.0pt;font-family:\"Times New Roman\";mso-fareast-font-family:\"Times New Roman\";color:black'>2. ", "level": 0}], [{"value": "<b>\"Non-PersonalInformation\"</b>", "level": 1}, {"value": ", which is information that does not identify you and cannot beused to contact you personally, including information about you such as yourdate of birth, age, ZIP code, non-precise geolocation information (e.g., yourcity), and gender, as well as information about your computer and mobiledevice, such as your unique device ID, Internet Protocol (IP) address, or otherpersistent identifiers, and their hardware/software/firmware. Non-PersonalInformation also includes \"", "level": 0}], [{"value": "<b>Usage Data</b>", "level": 1}, {"value": ",\" which is anonymous data tied toyour computer and/or device, such as the actions you take within and outside ofthe Websites/Apps, the browser you use, the identity of other Apps included onyour device, the date and time of your use of the Websites/Apps, your gameprogress, play time, score and achievements, and the URLs you visited and/or Appsyou used before and after using our Websites/Apps.</span><span style='font-size:12.0pt;font-family:\"Times New Roman\";mso-fareast-font-family:\"Times New Roman\"'><o:p></o:p></span></p><p class=\"MsoNormal\" style=\"margin-bottom:0cm;margin-bottom:.0001pt;line-height:normal\"><span style='font-size:12.0pt;font-family:\"Times New Roman\";mso-fareast-font-family:\"Times New Roman\"'><o:p>\u00a0</o:p></span></p><p class=\"MsoNormal\" style=\"margin-bottom:0cm;margin-bottom:.0001pt;text-align:justify;line-height:normal\">", "level": 0}], [{"value": "<b><span style='font-size:13.0pt;font-family:\"Times New Roman\";mso-fareast-font-family:\"Times New Roman\";color:black'>USE INFORMATION</span></b>", "level": 1}, {"value": "<span style='font-size:12.0pt;font-family:\"Times New Roman\";mso-fareast-font-family:\"Times New Roman\"'><o:p></o:p></span></p><p class=\"MsoNormal\" style=\"margin-bottom:0cm;margin-bottom:.0001pt;text-align:justify;line-height:normal\"><span style='font-size:13.0pt;font-family:\"Times New Roman\";mso-fareast-font-family:\"Times New Roman\";color:black'>Zonmob may use theinformation collecting from you for a variety of purposes, including to:</span><span style='font-size:12.0pt;font-family:\"Times New Roman\";mso-fareast-font-family:\"Times New Roman\"'><o:p></o:p></span></p><p class=\"MsoNormal\" style=\"margin-top:0cm;margin-right:0cm;margin-bottom:0cm;margin-left:36.0pt;margin-bottom:.0001pt;text-align:justify;text-indent:-18.0pt;line-height:normal;mso-list:l0 level1 lfo1;tab-stops:list 36.0pt;vertical-align:baseline\"><span style='font-size:13.0pt;font-family:\"Times New Roman\";mso-fareast-font-family:\"Times New Roman\";color:black'><span style=\"mso-list:Ignore\">1.<span style='font:7.0pt \"Times New Roman\"'>\u00a0\u00a0\u00a0 </span></span></span><span style='font-size:13.0pt;font-family:\"Times New Roman\";mso-fareast-font-family:\"Times New Roman\";color:black'>Provide, maintain, and improve the Services anddeliver the information and support you request, including technical notices,security alerts, purchase confirmations, and support and administrativemessages;<o:p></o:p></span></p><p class=\"MsoNormal\" style=\"margin-top:0cm;margin-right:0cm;margin-bottom:0cm;margin-left:36.0pt;margin-bottom:.0001pt;text-align:justify;text-indent:-18.0pt;line-height:normal;mso-list:l0 level1 lfo1;tab-stops:list 36.0pt;vertical-align:baseline\"><span style='font-size:13.0pt;font-family:\"Times New Roman\";mso-fareast-font-family:\"Times New Roman\";color:black'><span style=\"mso-list:Ignore\">2.<span style='font:7.0pt \"Times New Roman\"'>\u00a0\u00a0\u00a0 </span></span></span><span style='font-size:13.0pt;font-family:\"Times New Roman\";mso-fareast-font-family:\"Times New Roman\";color:black'>Personalize the Services and provideadvertisements, content, or features that are targeted toward your interests;<o:p></o:p></span></p><p class=\"MsoNormal\" style=\"margin-top:0cm;margin-right:0cm;margin-bottom:0cm;margin-left:36.0pt;margin-bottom:.0001pt;text-align:justify;text-indent:-18.0pt;line-height:normal;mso-list:l0 level1 lfo1;tab-stops:list 36.0pt;vertical-align:baseline\"><span style='font-size:13.0pt;font-family:\"Times New Roman\";mso-fareast-font-family:\"Times New Roman\";color:black'><span style=\"mso-list:Ignore\">3.<span style='font:7.0pt \"Times New Roman\"'>\u00a0\u00a0\u00a0 </span></span></span><span style='font-size:13.0pt;font-family:\"Times New Roman\";mso-fareast-font-family:\"Times New Roman\";color:black'>Send you news and information about the Servicesand communicate with you about products, services, contests, promotions,incentives, and rewards offered by Zonmob and select partners;<o:p></o:p></span></p><p class=\"MsoNormal\" style=\"margin-top:0cm;margin-right:0cm;margin-bottom:0cm;margin-left:36.0pt;margin-bottom:.0001pt;text-align:justify;text-indent:-18.0pt;line-height:normal;mso-list:l0 level1 lfo1;tab-stops:list 36.0pt;vertical-align:baseline\"><span style='font-size:13.0pt;font-family:\"Times New Roman\";mso-fareast-font-family:\"Times New Roman\";color:black'><span style=\"mso-list:Ignore\">4.<span style='font:7.0pt \"Times New Roman\"'>\u00a0\u00a0\u00a0 </span></span></span><span style='font-size:13.0pt;font-family:\"Times New Roman\";mso-fareast-font-family:\"Times New Roman\";color:black'>Track and analyze trends and usage in connectionwith the Services<o:p></o:p></span></p><p class=\"MsoNormal\" style=\"margin-top:0cm;margin-right:0cm;margin-bottom:0cm;margin-left:36.0pt;margin-bottom:.0001pt;text-align:justify;text-indent:-18.0pt;line-height:normal;mso-list:l0 level1 lfo1;tab-stops:list 36.0pt;vertical-align:baseline\"><span style='font-size:13.0pt;font-family:\"Times New Roman\";mso-fareast-font-family:\"Times New Roman\";color:black'><span style=\"mso-list:Ignore\">5.<span style='font:7.0pt \"Times New Roman\"'>\u00a0\u00a0\u00a0 </span></span></span><span style='font-size:13.0pt;font-family:\"Times New Roman\";mso-fareast-font-family:\"Times New Roman\";color:black'>Process and deliver contests, promotion entriesand rewards.<o:p></o:p></span></p><p class=\"MsoNormal\" style=\"margin-bottom:0cm;margin-bottom:.0001pt;line-height:normal\"><span style='font-size:12.0pt;font-family:\"Times New Roman\";mso-fareast-font-family:\"Times New Roman\"'><o:p>\u00a0</o:p></span></p><p class=\"MsoNormal\" style=\"margin-bottom:0cm;margin-bottom:.0001pt;text-align:justify;line-height:normal\"><span style='font-size:13.0pt;font-family:\"Times New Roman\";mso-fareast-font-family:\"Times New Roman\";color:black'>In all cases of dataacccess and collection, the information you provide will not be disclosed,rented, leased, loaned, sold, or otherwise voluntarily distributed tounaffiliated third parties and will be used solely for the purpose of providingyou with and improving the Service.</span><span style='font-size:12.0pt;font-family:\"Times New Roman\";mso-fareast-font-family:\"Times New Roman\"'><o:p></o:p></span></p><p class=\"MsoNormal\" style=\"margin-bottom:0cm;margin-bottom:.0001pt;line-height:normal\"><span style='font-size:12.0pt;font-family:\"Times New Roman\";mso-fareast-font-family:\"Times New Roman\"'><o:p>\u00a0</o:p></span></p><p class=\"MsoNormal\" style=\"margin-bottom:0cm;margin-bottom:.0001pt;text-align:justify;line-height:normal\">", "level": 0}], [{"value": "<b><span style='font-size:13.0pt;font-family:\"Times New Roman\";mso-fareast-font-family:\"Times New Roman\";color:black'>OTHER DISCLOSURE OF YOURPERSONAL INFORMATION</span></b>", "level": 1}, {"value": "<span style='font-size:12.0pt;font-family:\"Times New Roman\";mso-fareast-font-family:\"Times New Roman\"'><o:p></o:p></span></p><p class=\"MsoNormal\" style=\"margin-bottom:0cm;margin-bottom:.0001pt;text-align:justify;line-height:normal\"><span style='font-size:13.0pt;font-family:\"Times New Roman\";mso-fareast-font-family:\"Times New Roman\";color:black'>You understand and agreethat we may be required to disclose any personal information if required to doso by law or in the good faith belief that such disclosure is reasonablynecessary to avoid liability, to comply with legal process, including but notlimited to a search warrant, subpoena, statute, or court order, or to protectour rights and property, or that of the public. Note that ZONMOB is not requiredto question or contest the validity of any search warrant, subpoena or othersimilar governmental request that ZONMOB may receive. Additionally, in theevent of a merger, acquisition, reorganization, bankruptcy, or other similarevent, customer information may be transferred to ZONMOB's successor orassignee, if permitted by and done in accordance with applicable law.</span><span style='font-size:12.0pt;font-family:\"Times New Roman\";mso-fareast-font-family:\"Times New Roman\"'><o:p></o:p></span></p><p class=\"MsoNormal\" style=\"margin-bottom:0cm;margin-bottom:.0001pt;line-height:normal\"><span style='font-size:12.0pt;font-family:\"Times New Roman\";mso-fareast-font-family:\"Times New Roman\"'><o:p>\u00a0</o:p></span></p><p class=\"MsoNormal\" style=\"margin-bottom:0cm;margin-bottom:.0001pt;text-align:justify;line-height:normal\">", "level": 0}], [{"value": "<b><span style='font-size:13.0pt;font-family:\"Times New Roman\";mso-fareast-font-family:\"Times New Roman\";color:black'>COOKIES</span></b>", "level": 1}, {"value": "<span style='font-size:12.0pt;font-family:\"Times New Roman\";mso-fareast-font-family:\"Times New Roman\"'><o:p></o:p></span></p><p class=\"MsoNormal\" style=\"margin-bottom:0cm;margin-bottom:.0001pt;text-align:justify;line-height:normal\"><span style='font-size:13.0pt;font-family:\"Times New Roman\";mso-fareast-font-family:\"Times New Roman\";color:black'>A cookie is a small datafile that we transfer to your computer's hard disk, generally to quicklyidentify a user's computer and to \"remember\" things about the user'svisit, such as your preferences or a user name and password. The Service sendscookies to your computer when you access or view content of a ZONMOB game.Information contained in a cookie may be linked to your personal informationfor purposes such as improving the quality of our service, tailoringrecommendations to your interests, and making the Service easier to use. Usermay choose to set their web browser to refuse cookies, or to alert you whencookies are being sent. If they do so, note that some parts of the App may notfunction properly.</span><span style='font-size:12.0pt;font-family:\"Times New Roman\";mso-fareast-font-family:\"Times New Roman\"'><o:p></o:p></span></p><p class=\"MsoNormal\" style=\"margin-bottom:0cm;margin-bottom:.0001pt;line-height:normal\"><span style='font-size:12.0pt;font-family:\"Times New Roman\";mso-fareast-font-family:\"Times New Roman\"'><o:p>\u00a0</o:p></span></p><p class=\"MsoNormal\" style=\"margin-bottom:0cm;margin-bottom:.0001pt;text-align:justify;line-height:normal\">", "level": 0}], [{"value": "<b><span style='font-size:13.0pt;font-family:\"Times New Roman\";mso-fareast-font-family:\"Times New Roman\";color:black'>THIRD PARTY/LINKS</span></b>", "level": 1}, {"value": "<span style='font-size:12.0pt;font-family:\"Times New Roman\";mso-fareast-font-family:\"Times New Roman\"'><o:p></o:p></span></p><p class=\"MsoNormal\" style=\"margin-bottom:0cm;margin-bottom:.0001pt;text-align:justify;line-height:normal\"><span style='font-size:13.0pt;font-family:\"Times New Roman\";mso-fareast-font-family:\"Times New Roman\";color:black'>The Service may containlinks to other Websites/Apps. The fact that the Service links to aWebsites/Apps or presents a banner ad or other types of advertisement does notmean that ZONMOB endorses or authorizes that third party, nor is it arepresentation of our affiliation with that third party. ZONMOB is in no wayresponsible for the privacy policies of these other Websites/Apps to which youchose to access from the Service. Please be sure to read the privacy policiesof those websites when exiting the Service.</span><span style='font-size:12.0pt;font-family:\"Times New Roman\";mso-fareast-font-family:\"Times New Roman\"'><o:p></o:p></span></p><p class=\"MsoNormal\" style=\"margin-bottom:0cm;margin-bottom:.0001pt;line-height:normal\"><span style='font-size:12.0pt;font-family:\"Times New Roman\";mso-fareast-font-family:\"Times New Roman\"'><o:p>\u00a0</o:p></span></p><p class=\"MsoNormal\" style=\"margin-bottom:0cm;margin-bottom:.0001pt;text-align:justify;line-height:normal\">", "level": 0}], [{"value": "<b><span style='font-size:13.0pt;font-family:\"Times New Roman\";mso-fareast-font-family:\"Times New Roman\";color:black'>SECURITY</span></b>", "level": 1}, {"value": "<span style='font-size:12.0pt;font-family:\"Times New Roman\";mso-fareast-font-family:\"Times New Roman\"'><o:p></o:p></span></p><p class=\"MsoNormal\" style=\"margin-bottom:0cm;margin-bottom:.0001pt;text-align:justify;line-height:normal\"><span style='font-size:13.0pt;font-family:\"Times New Roman\";mso-fareast-font-family:\"Times New Roman\";color:black'>We have put in placereasonable technical and organizational measures designed to secure yourpersonal information from accidental loss and from unauthorized access, use,alteration or disclosure. However, we cannot guarantee that unauthorized thirdparties will never be able to overcome those measures or use your personalinformation for improper purposes. Also please note that email and messagingsystems are not considered secure, so we discourage you from sending uspersonal information through these mediums.</span><span style='font-size:12.0pt;font-family:\"Times New Roman\";mso-fareast-font-family:\"Times New Roman\"'><o:p></o:p></span></p><p class=\"MsoNormal\" style=\"margin-bottom:0cm;margin-bottom:.0001pt;text-align:justify;line-height:normal\"><span style='font-size:13.0pt;font-family:\"Times New Roman\";mso-fareast-font-family:\"Times New Roman\";color:black'>If there is a breach ofsecurity involving your credit card information from our Websites/Apps, we willinform you immediately and take commercially reasonable steps to rectify suchbreach.</span><span style='font-size:12.0pt;font-family:\"Times New Roman\";mso-fareast-font-family:\"Times New Roman\"'><o:p></o:p></span></p><p class=\"MsoNormal\" style=\"margin-bottom:0cm;margin-bottom:.0001pt;line-height:normal\"><span style='font-size:12.0pt;font-family:\"Times New Roman\";mso-fareast-font-family:\"Times New Roman\"'><o:p>\u00a0</o:p></span></p><p class=\"MsoNormal\" style=\"margin-bottom:0cm;margin-bottom:.0001pt;text-align:justify;line-height:normal\">", "level": 0}], [{"value": "<b><span style='font-size:13.0pt;font-family:\"Times New Roman\";mso-fareast-font-family:\"Times New Roman\";color:black'>CHILDREN</span></b>", "level": 1}, {"value": "<span style='font-size:12.0pt;font-family:\"Times New Roman\";mso-fareast-font-family:\"Times New Roman\"'><o:p></o:p></span></p><p class=\"MsoNormal\" style=\"margin-bottom:0cm;margin-bottom:.0001pt;text-align:justify;line-height:normal\"><span style='font-size:13.0pt;font-family:\"Times New Roman\";mso-fareast-font-family:\"Times New Roman\";color:black'>Protecting the privacyof the very young is especially important. For that reason, we never collect ormaintain information at our App from those we actually know are under 13, andno part of our App is structured to attract anyone under 13.</span><span style='font-size:12.0pt;font-family:\"Times New Roman\";mso-fareast-font-family:\"Times New Roman\"'><o:p></o:p></span></p><p class=\"MsoNormal\" style=\"margin-bottom:0cm;margin-bottom:.0001pt;line-height:normal\"><span style='font-size:12.0pt;font-family:\"Times New Roman\";mso-fareast-font-family:\"Times New Roman\"'><o:p>\u00a0</o:p></span></p><p class=\"MsoNormal\" style=\"margin-bottom:0cm;margin-bottom:.0001pt;text-align:justify;line-height:normal\">", "level": 0}], [{"value": "<b><span style='font-size:13.0pt;font-family:\"Times New Roman\";mso-fareast-font-family:\"Times New Roman\";color:black'>CHANGE</span></b>", "level": 1}, {"value": "<span style='font-size:12.0pt;font-family:\"Times New Roman\";mso-fareast-font-family:\"Times New Roman\"'><o:p></o:p></span></p><p class=\"MsoNormal\" style=\"margin-bottom:0cm;margin-bottom:.0001pt;text-align:justify;line-height:normal\"><span style='font-size:13.0pt;font-family:\"Times New Roman\";mso-fareast-font-family:\"Times New Roman\";color:black'>We have the discretionto update this privacy policy at any time. When we do, we will post anotification on the main page of our App. We encourage Users to frequentlycheck this page for any changes to stay informed about how we are helping toprotect the personal information we collect. You acknowledge and agree that itis your responsibility to review this privacy policy periodically and becomeaware of modifications.</span><span style='font-size:12.0pt;font-family:\"Times New Roman\";mso-fareast-font-family:\"Times New Roman\"'><o:p></o:p></span></p><p class=\"MsoNormal\" style=\"margin-bottom:0cm;margin-bottom:.0001pt;line-height:normal\"><span style='font-size:12.0pt;font-family:\"Times New Roman\";mso-fareast-font-family:\"Times New Roman\"'><o:p>\u00a0</o:p></span></p><p class=\"MsoNormal\" style=\"margin-bottom:0cm;margin-bottom:.0001pt;text-align:justify;line-height:normal\">", "level": 0}], [{"value": "<b><span style='font-size:13.0pt;font-family:\"Times New Roman\";mso-fareast-font-family:\"Times New Roman\";color:black'>YOUR ACCEPTANCE OF THESETERMS</span></b>", "level": 1}, {"value": "<span style='font-size:12.0pt;font-family:\"Times New Roman\";mso-fareast-font-family:\"Times New Roman\"'><o:p></o:p></span></p><p class=\"MsoNormal\" style=\"margin-bottom:0cm;margin-bottom:.0001pt;text-align:justify;line-height:normal\"><span style='font-size:13.0pt;font-family:\"Times New Roman\";mso-fareast-font-family:\"Times New Roman\";color:black'>By using this App, yousignify your acceptance of this policy. If you do not agree to this policy,please do not use our App. Your continued use of the App following the postingof changes to this policy will be deemed your acceptance of those changes.</span><span style='font-size:12.0pt;font-family:\"Times New Roman\";mso-fareast-font-family:\"Times New Roman\"'><o:p></o:p></span></p><p class=\"MsoNormal\" style=\"margin-bottom:0cm;margin-bottom:.0001pt;text-align:justify;line-height:normal\"><span style='font-size:13.0pt;font-family:\"Times New Roman\";mso-fareast-font-family:\"Times New Roman\";color:black'>We do not represent orwarrant that our Websites/Apps will be available at all times, or that your useof the Websites/Apps will be uninterrupted or error-free. We are notresponsible for your ability to access the Websites/Apps or for matters beyondour control. This Privacy Policy is governed by VietNam law, excluding itsprovisions on choice of law.</span><span style='font-size:12.0pt;font-family:\"Times New Roman\";mso-fareast-font-family:\"Times New Roman\"'><o:p></o:p></span></p><p class=\"MsoNormal\" style=\"margin-bottom:0cm;margin-bottom:.0001pt;line-height:normal\"><span style='font-size:12.0pt;font-family:\"Times New Roman\";mso-fareast-font-family:\"Times New Roman\"'><o:p>\u00a0</o:p></span></p><p class=\"MsoNormal\" style=\"margin-bottom:0cm;margin-bottom:.0001pt;text-align:justify;line-height:normal\">", "level": 0}], [{"value": "<b><span style='font-size:13.0pt;font-family:\"Times New Roman\";mso-fareast-font-family:\"Times New Roman\";color:black'>CONTACTING US</span></b>", "level": 1}, {"value": "<span style='font-size:12.0pt;font-family:\"Times New Roman\";mso-fareast-font-family:\"Times New Roman\"'><o:p></o:p></span></p><p class=\"MsoNormal\" style=\"margin-bottom:0cm;margin-bottom:.0001pt;text-align:justify;line-height:normal\"><span style='font-size:13.0pt;font-family:\"Times New Roman\";mso-fareast-font-family:\"Times New Roman\";color:black'>If you have anyquestions about this Privacy Policy, the practices of this App, or yourdealings with this App, please contact us at: </span><span style='font-size:12.0pt;font-family:\"Times New Roman\";mso-fareast-font-family:\"Times New Roman\"'><a href=\"http://www.zonmob.com/\"><span style=\"font-size:13.0pt;color:#1155CC\">Zonmob'sWebsite</span></a><o:p></o:p></span></p><p class=\"MsoNormal\" style=\"margin-bottom:0cm;margin-bottom:.0001pt;text-align:justify;line-height:normal\"><span style='font-size:13.0pt;font-family:\"Times New Roman\";mso-fareast-font-family:\"Times New Roman\";color:black'>or send us Email </span><a href=\"mailto:support@zonmob.com\"><span style='font-size:13.0pt;font-family:\"Times New Roman\";mso-fareast-font-family:\"Times New Roman\";color:#1155CC'>support@zonmob.com</span></a><span style='font-size:12.0pt;font-family:\"Times New Roman\";mso-fareast-font-family:\"Times New Roman\"'><o:p></o:p></span></p><p class=\"MsoNormal\" style=\"margin-bottom:0cm;margin-bottom:.0001pt;line-height:normal\"><span style='font-size:12.0pt;font-family:\"Times New Roman\";mso-fareast-font-family:\"Times New Roman\"'><o:p>\u00a0</o:p></span></p><p class=\"MsoNormal\" style=\"margin-bottom:0cm;margin-bottom:.0001pt;text-align:justify;line-height:normal\"><span style='font-size:13.0pt;font-family:\"Times New Roman\";mso-fareast-font-family:\"Times New Roman\";color:black'>This document was lastupdated on Sep 28, 2016</span><span style='font-size:12.0pt;font-family:\"Times New Roman\";mso-fareast-font-family:\"Times New Roman\"'><o:p></o:p></span></p><p class=\"MsoNormal\"><o:p>\u00a0</o:p></p></div></body></html>", "level": 0}]]