[[{"value": "<h2>Grab Privacy Policy</h2>", "level": 8}, {"value": "</header><div class=\"post-content\"><p>(updated on 19 July 2018)</p><p>This Privacy Policy (\u201cPolicy\u201d) describes how Grab Holdings Inc. and its respective subsidiaries, associate companies and jointly controlled entities (\u201cGrab Group\u201d) use your Personal Data.</p>", "level": 0}], [{"value": "<h3><strong>Collection of Personal Data</strong></h3>", "level": 7}, {"value": "<p>\u201cPersonal Data\u201d means information about you, from which you are identifiable, including but not limited to your name, nationality, address, telephone number, fax number, bank details, credit card details, gender, resident status, financial background, personal interests, email address, your occupation, your photo, any information about you which you have provided to Grab Group in registration forms, application forms or any other similar forms and/or any information about you that has been or may be collected, stored, used and/or processed by Grab Group from time to time and includes sensitive personal data such as your identification card number, driving licence number, birth certificate number, passport number, race, ethnic origin, date of birth, marital status, education background, and data relating to health, religious or other similar beliefs. If you are a service provider, we may also collect telematics data (such as your speed, acceleration, and braking data), device data (such as your IMEI number and the names of the apps you have installed on your device) and your vehicle registration data.</p><p>The provision of your Personal Data is voluntary. However, if you do not provide Grab Group your Personal Data, Grab Group will not be able to process your Personal Data for the Purposes and Additional Purposes outlined below and may cause Grab Group to be unable to provide services or products to or accept payments from you.</p><p>If you are an agent, vendor, supplier or service provider, provision of your Personal Data is mandatory and failure to provide your Personal Data, may be a breach of laws or regulatory requirements, and may cause Grab Group to be unable to engage you to provide services or products or issue payments to you for products or services provided.</p><p>In addition to the Personal Data you provide to Grab Group directly, Grab Group may collect your Personal Data from publicly available sources or from third parties, for example:</p><ul><li>from filled up application or registration forms, surveys or training tools or other similar forms;</li><li>from publicly available sources such as directories;</li><li>from Grab Group\u2019s official social media pages, if you follow, like or are a fan of such pages;</li><li>from credit reporting agencies, insurance providers, or financial services providers;</li><li>when you interact and communicate with Grab Group at any events or activities;</li><li>when you enter contests organized by Grab Group;</li><li>from various entities or divisions under Grab Group;</li><li>from other entities who provide you with services or with whom you have a contractual relationship;</li><li>from marketing service providers or partners; or</li><li>by using Grab Group apps and websites, which includes all apps and websites operated by Grab Group and under the names of its respective brands (respectively \u201cApps\u201d and \u201cWebsites\u201d).</li></ul><p>Your personal data may also be collected from cookies used on the Websites, and if you are a service provider, from your accelerometer data, GPS data, device data and data collected when your Grab Driver app is on.<br/>Further, certain service providers of Grab Group may utilise personal in-vehicle cameras for their own safety and security purposes. Whilst the use of such in-vehicle cameras are neither endorsed or prohibited by Grab Group, Grab Group does not collect, use or disclose any of your Personal Data from such in-vehicle recordings, and the collection, use and disclosure of any such Personal Data is not conducted on behalf of Grab Group. The collection, use and disclosure of Personal Data obtained from personal in-vehicle cameras is solely the responsibility of the service provider and you should inform your service provider if you have any objections to the use of personal in-vehicle cameras in such vehicles.</p>", "level": 0}], [{"value": "<h3><strong>Purposes of Processing</strong></h3>", "level": 7}, {"value": "<p>Grab Group may use and process your Personal Data for business and transportation, delivery and logistics (including food and beverage) and payment and financial services activities of Grab Group which shall include, without limitation the following (\u201cPurposes\u201d):<br/>Where you are a customer of the services provided by Grab Group:</p><ul><li>to perform the Grab Group\u2019s obligations in respect of any contract entered into with you;</li><li>to provide you with any service you have requested;</li><li>to process your subscriptions and to deliver the services to you;</li><li>where you have requested to download and use the Grab or Grab Driver App, or any other Grab Group application, to process your request, to deliver the App to you and to provide you a license for the use of the App;</li><li>to process and manage your rewards and loyalty points;</li><li>to process your participation in any events, activities, focus groups, research studies, contests, promotions, polls, surveys or any productions;</li><li>to process, manage or verify your application for subscription with the Grab Group and to provide you the benefits offered to subscribers;</li><li>to validate your bookings and process payments relating to any products or services you have requested;</li><li>to understand and analyse our sales as well as your needs and preferences;</li><li>to develop, enhance and provide products and services to meet your needs;</li><li>to process exchanges or product returns;</li><li>to use Cookies to enhance our processes, advertising, notifications, authentication, security and compliance, analytics and preference management.</li></ul><p>Where you are an agent, vendor, supplier, partner, contractor or service provider:</p><ul><li>for the purposes of engaging you to provide services or products;</li><li>to facilitate or enable any checks as may be required by Grab Group in order to engage you;</li><li>to process payments relating to any products or services you have provided;</li><li>to provide personalised feedback to you, so that you are able to identify specific areas for improvement;</li><li>to assess safety and quality;</li><li>to monitor compliance with our terms and conditions, policies and Driver\u2019s Code of Conduct;</li><li>to provide updates to our fleet partners for fleet management purposes;</li><li>to contact you in relation to the provision of your services.</li></ul><p>", "level": 0}], [{"value": "<strong>General:</strong>", "level": 1}, {"value": "</p><ul><li>to respond to questions, comments and feedback from you;</li><li>to communicate with you for any of the purposes listed in this Policy;</li><li>for internal administrative purposes, such as auditing, data analysis, database records;</li><li>for purposes of detection, prevention and prosecution of crime;</li><li>to maintain the safety and security of our services;</li><li>for Grab Group to comply with its obligations under law;</li></ul><p>and you agree and consent to Grab Group using and processing your Personal Data for the Purposes and in the manner as identified in this Policy.</p>", "level": 0}], [{"value": "<h3><strong>Marketing and promotional purposes</strong></h3>", "level": 7}, {"value": "<p>Grab Group may also use and process your data for other purposes such as (\u201cAdditional Purposes\u201d):</p><ul><li>To send you alerts, newsletters, updates, mailers, promotional materials, special privileges, festive greetings from Grab Group, its partners, sponsors or advertisers;</li><li>To notify and invite you to events or activities organized by Grab Group, its partners, sponsors or advertisers;</li><li>To process your registration to participate in or attend an event or activity and to communicate with you regarding your attendance at the event or activity;</li><li>To share your Personal Data amongst its subsidiaries, associate companies and jointly controlled entities as well as with its agent, vendor, supplier, partner, contractor or service provider who may communicate with you to market their products, services, events or promotions;</li></ul><p>by way of post, telephone call, short message service (SMS), online messaging service, by hand and/or by email.</p>", "level": 0}], [{"value": "<h3><strong>Unsubscribe and Revocation of Consent</strong></h3>", "level": 7}, {"value": "<p>If you wish to unsubscribe to the processing of your Personal Data for Additional Purposes by Grab Group, please click on the link \u201cUnsubscribe\u201d which is embedded in the relevant email or message in order not to receive any such messages in the future. Please note that if you unsubscribe, we may still send you service-related messages, such as ride receipts.<br/>If you wish to revoke the consent that Grab Group has obtained from you for the Purposes stipulated herein, please notify Grab Group using the contact details stated below.</p>", "level": 0}], [{"value": "<h3><strong>Transfer of Personal Data</strong></h3>", "level": 7}, {"value": "<p>Your Personal Data may be transferred to, stored, used and processed in a jurisdiction other than your home nation or otherwise in the country, state and city in which you are present while using any services provided by Grab Group (\u201cAlternate Country\u201d), to companies under Grab Group which are located outside of your home nation or Alternate Country and/or where Grab Group\u2019s servers and/or service providers and partners are located outside of your home nation or Alternate Country. You understand and consent to the transfer of your Personal Data out of your home nation or Alternate Country as described herein.</p>", "level": 0}], [{"value": "<h3><strong>Disclosure to Third Parties</strong></h3>", "level": 7}, {"value": "<p>Your personal data may be transferred, accessed or disclosed to third parties for the Purposes and Additional Purposes. Further, Grab Group may engage other companies, service providers or individuals to perform functions on its behalf, and consequently may provide access or disclose to your Personal Data to such service providers or third parties. The third parties include, without limitation:</p><ul><li>Grab Group partners, which include parties with whom Grab Group collaborates with for certain events, programs and activities;</li><li>Advertisers;</li><li>Event management companies and event sponsors;</li><li>Marketing research companies;</li><li>Service providers, including, information technology (IT) service providers for infrastructure, software and development work;</li><li>Professional advisors and external auditors, including legal advisors, financial advisors and consultants;</li><li>Other entities within Grab Group; and</li><li>Governmental authorities to comply with statutory, regulatory and governmental requirements.</li></ul><p>Your Personal Data may also be shared in connection with a corporate transaction, such as the formation of a joint venture, a sale of a subsidiary or a division, merger, consolidation, or asset sale, or in the unlikely event of winding-up.<br/>Access & Correction Requests and Inquiries, Limiting the Processing of Personal Data<br/>Subject to any exceptions under applicable laws of your home nation or Alternate Country, you may request for access to and/or request correction of your Personal Data, request to limit the processing of your Personal Data for the Additional Purposes and/or make any inquiries regarding your Personal Data by contacting:</p><p>Grab Data Protection Officer<br/>c/o Grab Holidings Inc.<br/>6 Shenton Way,<br/>#38-01 OUE Downtown,<br/>Singapore 068809<br/>Email: dataprotection@grab.com</p><p>Email: dataprotection@grab.com<br/>Subject to any laws of your home nation or Alternate Country, Grab Group reserves the right to impose a fee for access of your Personal Data in the amounts as permitted therein.</p><p>In respect of your right to access and/or correct your Personal Data, Grab Group has the right to refuse your requests to access and/or make any correction to your Personal Data for the reasons permitted under law, such as where the expense of providing access to you is disproportionate to the risks to your or another person\u2019s privacy.</p>", "level": 0}], [{"value": "<h3><strong>Cookies</strong></h3>", "level": 7}, {"value": "<p>Grab Group, and third parties with whom we partner, may use cookies, web beacons, tags, scripts, local shared objects such as HTML5 and Flash (sometimes called \u201cflash cookies\u201d), advertising identifiers (including mobile identifiers such as Apple\u2019s IDFA or Google\u2019s Advertising ID) and similar technology (\u201cCookies\u201d) in connection with your use of the Websites and Apps. Cookies may have unique identifiers, and reside, among other places, on your computer or mobile device, in emails we send to you, and on our web pages. Cookies may transmit information about you and your use of the Service, such as your browser type, search preferences, IP address, data relating to advertisements that have been displayed to you or that you have clicked on, and the date and time of your use. Cookies may be persistent or stored only during an individual session.</p><p>Grab Group may allow third parties to use Cookies on the Websites and Apps to collect the same type of information for the same purposes Grab Group does for itself. Third parties may be able to associate the information they collect with other information they have about you from other sources. We do not necessarily have access to or control over the Cookies they use.</p><p>Additionally, we may share non-personally identifiable information from or about you with third parties, such as location data, advertising identifiers, or a cryptographic hash of a common account identifier (such as an email address), to facilitate the display of targeted advertising.</p><p>If you do not wish for your Personal Data to be collected via Cookies on the Websites, you may deactivate cookies by adjusting your internet browser settings to disable, block or deactivate cookies, by deleting your browsing history and clearing the cache from your internet browser. You may also be able to limit our sharing of some of this information through your mobile device settings, or by submitting your details\u00a0<u><a href=\"http://bit.ly/2HX2vgZ\">here</a></u>.</p>", "level": 0}], [{"value": "<h3><strong>Links to Third-Party Websites</strong></h3>", "level": 7}, {"value": "<p>The Websites may contain links to third parties\u2019 websites. Please note that Grab Group is not responsible for the collection, use, maintenance, sharing, or disclosure of data and information by such third parties. If you provide information directly to such sites, the privacy policy and terms of service on those sites are applicable and Grab Group is not responsible for the information processing practices or privacy policies of such sites.</p>", "level": 0}], [{"value": "<h3><strong>Personal Information from Minors and Other Individuals</strong></h3>", "level": 7}, {"value": "<p>As a parent or legal guardian, please do not allow the minor (individuals under 18 (eighteen) years of age) under your care to submit Personal Data to Grab Group. In the event that such Personal Data is provided to Grab Group, you hereby consent to the processing of the minor\u2019s Personal Data and personally accept and agree to be bound by this Policy and take responsibility for his or her actions.</p><p>In some circumstances you may have provided personal data relating to other individuals (such as your spouse, family members or friends) and in such circumstances you represent and warrant that you are authorized to provide their personal data to Grab Group and you have obtained their consent for their personal data be processed and used in the manner as set forth in this Policy.</p>", "level": 0}], [{"value": "<h3><strong>Acknowledgement, Consent, and Data Retention</strong></h3>", "level": 7}, {"value": "<p>By communicating with Grab Group, using Grab Group\u2019s services, purchasing products from Grab Group or by virtue of your engagement with Grab Group, you acknowledge that you have read and understood this Policy and agree and consent to the use, processing and transfer of your Personal Data by Grab Group as described in this Policy.</p><p>Grab Group shall have the right to modify, update or amend the terms of this Policy at any time by placing the updated Policy on the Websites. By continuing to communicate with Grab Group, by continuing to use Grab Group\u2019s services, purchasing products from Grab Group or by your continued engagement with Grab Group following the modifications, updates or amendments to this Policy, such actions shall signify your acceptance of such modifications, updates or amendments.</p><p>In the event of any conflict between the English and other language versions, the English version shall prevail.</p></div></div><!-- /section --><section class=\"sitemap\"><div class=\"container\"><div class=\"row\"><div class=\"footer-secTop\"><div class=\"col-sm-12 col-md-3\"><div class=\"footer-about-grab\"><div class=\"grab-logo bottom-margin-md\"><a href=\"https://www.grab.com/sg/\"><img src=\"https://www.grab.com/sg/wp-content/themes/grabsg/images/grab-white.png\"/></a></div><div class=\"grab-infor\"><p>28 Sin Ming Lane,<br/>#01-143, Midview City<br/>Singapore 573972</p></div><div class=\"grab-contact top-margin-md\"><p></p><p><a href=\"mailto:\"></a></p></div></div><!-- /footer-about-grab--></div><!-- /col-sm-12 col-md-3--><div class=\"col-sm-12 col-md-9 hidden-xs\"><div class=\"row sitemap-container\"><div class=\"col-xs-6 col-sm-4 col-md-3\">", "level": 0}], [{"value": "<h4 class=\"text-caps\">Company</h4>", "level": 6}, {"value": "<ul class=\"sitemapList\" id=\"menu-company-menu\"><li class=\"menu-item\" id=\"menu-item-1040\"><a href=\"https://www.grab.com/sg/about/\">About</a></li><li class=\"menu-item\" id=\"menu-item-1047\"><a href=\"https://www.grab.com/sg/press/\">Press</a></li><li class=\"menu-item\"><a href=\"https://www.grab.com/sg/blog/\">Blog</a></li> <li class=\"menu-item\" id=\"menu-item-1039\"><a href=\"https://grab.careers\" target=\"_blank\">Careers</a></li><li class=\"menu-item\" id=\"menu-item-1038\"><a href=\"https://www.grab.com/sg/security/\">Security</a></li><li class=\"menu-item\" id=\"menu-item-1050\"><a href=\"https://www.grab.com/sg/driver/gdc\">Driver Centre</a></li></ul></div><!-- /col-xs-6 col-sm-4 col-md-3 --><div class=\"col-xs-6 col-sm-4 col-md-3\">", "level": 0}], [{"value": "<h4 class=\"text-caps\">Services</h4>", "level": 6}, {"value": "<ul class=\"sitemapList\" id=\"menu-footer-services\"><li class=\"menu-item menu-item-type-post_type menu-item-object-page menu-item-375\" id=\"menu-item-375\"><a href=\"https://www.grab.com/sg/taxi/\">GrabTaxi</a></li><li class=\"menu-item menu-item-type-post_type menu-item-object-page menu-item-376\" id=\"menu-item-376\"><a href=\"https://www.grab.com/sg/car/\">GrabCar</a></li><li class=\"menu-item menu-item-type-post_type menu-item-object-page menu-item-377\" id=\"menu-item-377\"><a href=\"https://www.grab.com/sg/hitch/\">GrabHitch</a></li><li class=\"menu-item menu-item-type-post_type menu-item-object-page menu-item-7311\" id=\"menu-item-7311\"><a href=\"https://www.grab.com/sg/share/\">GrabShare</a></li><li class=\"menu-item menu-item-type-post_type menu-item-object-page menu-item-9707\" id=\"menu-item-9707\"><a href=\"https://www.grab.com/sg/coach/\">GrabCoach</a></li><li class=\"menu-item menu-item-type-post_type menu-item-object-page menu-item-11229\" id=\"menu-item-11229\"><a href=\"https://www.grab.com/sg/shuttle/\">GrabShuttle</a></li><li class=\"menu-item menu-item-type-post_type menu-item-object-page menu-item-27158\" id=\"menu-item-27158\"><a href=\"https://www.grab.com/sg/shuttleplus/\">GrabShuttle Plus</a></li><li class=\"menu-item menu-item-type-post_type menu-item-object-page menu-item-21719\" id=\"menu-item-21719\"><a href=\"https://www.grab.com/sg/family/\">GrabFamily</a></li><li class=\"menu-item menu-item-type-post_type menu-item-object-page menu-item-23638\" id=\"menu-item-23638\"><a href=\"https://www.grab.com/sg/justgrab/\">JustGrab</a></li><li class=\"menu-item menu-item-type-post_type menu-item-object-page menu-item-23637\" id=\"menu-item-23637\"><a href=\"https://www.grab.com/sg/rental/\">GrabRentals</a></li><li class=\"menu-item menu-item-type-post_type menu-item-object-page menu-item-35755\" id=\"menu-item-35755\"><a href=\"https://www.grab.com/sg/cycle/\">GrabCycle</a></li><li class=\"menu-item menu-item-type-post_type menu-item-object-page menu-item-37069\" id=\"menu-item-37069\"><a href=\"https://www.grab.com/sg/food/\">GrabFood</a></li><li class=\"menu-item menu-item-type-post_type menu-item-object-page menu-item-42674\" id=\"menu-item-42674\"><a href=\"https://www.grab.com/sg/express/\">GrabExpress Beta</a></li></ul> </div><!-- /col-xs-6 col-sm-4 col-md-3 --><div class=\"col-xs-6 col-sm-4 col-md-3\">", "level": 0}], [{"value": "<h4 class=\"text-caps\">Corporate</h4>", "level": 6}, {"value": "<ul class=\"sitemapList\" id=\"menu-footer-corporate\"><li class=\"menu-item menu-item-type-post_type menu-item-object-page menu-item-35142\" id=\"menu-item-35142\"><a href=\"https://www.grab.com/sg/score/\">SCORE</a></li><li class=\"menu-item menu-item-type-post_type menu-item-object-page menu-item-39522\" id=\"menu-item-39522\"><a href=\"https://www.grab.com/sg/business/\">Grab for Business</a></li><li class=\"menu-item menu-item-type-post_type menu-item-object-page menu-item-381\" id=\"menu-item-381\"><a href=\"https://www.grab.com/sg/partnerships/\">Partnerships</a></li><li class=\"menu-item menu-item-type-custom menu-item-object-custom menu-item-37806\" id=\"menu-item-37806\"><a href=\"https://ventures.grab.com\">Grab Ventures</a></li><li class=\"menu-item menu-item-type-custom menu-item-object-custom menu-item-38440\" id=\"menu-item-38440\"><a href=\"https://www.grab.com/sg/press/business/grab-unveils-open-platform-strategy-to-build-southeast-asias-first-everyday-superapp/\">Grab Platform</a></li></ul> </div><!-- /col-xs-6 col-sm-4 col-md-3 --><div class=\"col-xs-6 col-sm-4 col-md-3\">", "level": 0}], [{"value": "<h4 class=\"text-caps\">Ride</h4>", "level": 6}, {"value": "<ul class=\"sitemapList\" id=\"menu-footer-ride\"><li class=\"menu-item menu-item-type-post_type menu-item-object-page menu-item-387\" id=\"menu-item-387\"><a href=\"https://www.grab.com/sg/driver/\">Drive</a></li><li class=\"menu-item menu-item-type-post_type menu-item-object-page menu-item-42365\" id=\"menu-item-42365\"><a href=\"https://www.grab.com/sg/safety/\">Safety</a></li><li class=\"menu-item menu-item-type-custom menu-item-object-custom menu-item-23658\" id=\"menu-item-23658\"><a href=\"https://help.grab.com/hc/en-sg\">Help Centre</a></li></ul> </div><!-- /col-xs-6 col-sm-4 col-md-3 --></div><!-- /row sitemap-container --></div><!-- /col-sm-12 col-md-9 --><div class=\"col-sm-12 col-md-12 hidden-xs\"><hr/></div></div><!-- /footer-secTop--></div><!-- /row--><div class=\"row \"><div class=\"col-xs-6 col-sm-4 col-md-3 socialArea\"><div class=\"row hidden-xs\"><div class=\"col-xs-12\">", "level": 0}], [{"value": "<h4 class=\"text-caps\">Stay in Touch</h4>", "level": 6}, {"value": "</div></div><!-- /row--><div class=\"row\"><div class=\"col-xs-4\"><a class=\"fb socialIcon hvr-float-shadow\" href=\"https://www.facebook.com/grabsg\" target=\"_blank\"><i class=\"fa fa-facebook fa-2x\"></i></a></div><div class=\"col-xs-4\"><a class=\"instagram socialIcon hvr-float-shadow\" href=\"https://www.instagram.com/grab_sg\" target=\"_blank\"><i class=\"fa fa-instagram fa-2x\"></i></a></div><div class=\"col-xs-4\"><a class=\"twitter socialIcon hvr-float-shadow\" href=\"https://twitter.com/grabsg\" target=\"_blank\"><i class=\"fa fa-twitter fa-2x\"></i></a></div></div><!-- /row--></div><!-- /col-sm-6 col-md-2 socialArea --></div><!-- /row--></div><!-- /container --></section><!-- /sitemap --><footer><div class=\"container\"><div class=\"row\"><div class=\"col-xs-12 col-md-4\"><ul class=\"policylist\"><li><a href=\"https://www.grab.com/sg/terms/\">Terms of Service</a></li><li><a href=\"https://www.grab.com/sg/privacy/\">Privacy Policy</a></li></ul></div><!-- /col-xs-12 col-md-4 --><div class=\"col-xs-12 col-md-4\"><p class=\"copyright\">\u00a9 Grab 2018</p></div><div class=\"col-xs-12 col-md-4 hidden-xs\"><ul class=\"playstore\"><li><a href=\"https://app.appsflyer.com/id647268330?pid=SG-Website-IOS-Install_Button&c=Website_Download\" onclick=\"ga('send', { hitType: 'event', eventCategory: 'Website', eventAction: 'Download',  eventLabel: 'Web'});\" target=\"_blank\"><img class=\"img-responsive\" src=\"https://www.grab.com/sg/wp-content/uploads/media/images/footer/app-store.png\"/></a></li><li><a href=\"https://app.appsflyer.com/com.grabtaxi.passenger?pid=SG-Website-ADR-Install_Button&c=Website_Download\" onclick=\"ga('send', { hitType: 'event', eventCategory: 'Website', eventAction: 'Download',  eventLabel: 'Web'});\" target=\"_blank\"><img class=\"img-responsive\" src=\"https://www.grab.com/sg/wp-content/uploads/media/images/footer/google-play.png\"/></a></li></ul></div><!-- /col-xs-12 col-md-4 --></div><!-- /row--></div><!-- /container --></footer><!-- /footer --></div><!-- /wrapper --><!-- jQuery --><!-- Bootstrap Core JavaScript --><style>#spnPhoneStatus{font-size:10px;padding-top:5px;line-height:12px;}</style><!-- Eloqua Code --><!-- End Eloqua Code --></section></main></div></body></html>", "level": 0}]]