[[{"value": "<strong>NOTICE OF UPDATE TO PRIVACY POLICY</strong>", "level": 1}, {"value": "</p><p><strong>If you are an EU resident, the following Privacy Statement (<a href=\"http://www.storm8.com/notice-of-privacy-eu/\">http://www.storm8.com/notice-of-privacy-eu/</a>) applies instead of the Privacy Policy below.</strong></p><p>\u00a0</p><p><em>In order to provide better service to our users and to increase the level of transparency around our privacy practices, we have made some updates to our policy including changes describing what data are collected through the use of our applications.</em></p><p><em>Should you have any questions regarding these updates, please contact us through <span style=\"text-decoration: underline;\"><a href=\"http://support.storm8.com\" target=\"_blank\">support.storm8.com.</a></span></em></p><p>\u00a0</p><p>Last Revised October 28, 2016.</p><p>Storm8, Inc., its subsidiaries and affiliated companies (\u201cStorm8\u201d or \u201cwe\u201d) provide this Privacy Policy to inform you of our policies and procedures regarding the collection, use and disclosure of information we receive from users of (i) the website located at http://www.storm8.com (the \u201cSite\u201d), including any services, features and content accessible or downloadable from the Site, and (ii) any other Storm8 application, service or product licensed, downloaded or otherwise accessed by such users through third party websites or sources ((i) and (ii) collectively, the \u201cService\u201d).</p><p>", "level": 0}], [{"value": "<strong>Acceptance and Consent:</strong>", "level": 1}, {"value": "<br/>By registering for a user account that enables you to post to the Forums (the \u201cAccount\u201d), and/or using the Service, you agree to the terms and conditions of this Privacy Policy, and you consent to the collection, use and disclosure of your information by Storm8 in accordance with the terms and conditions of this Privacy Policy. If you do not agree to the terms and conditions of this Privacy Policy, please do not provide us with any information and do not use the Service.</p><p>", "level": 0}], [{"value": "<strong>Changes to the Privacy Policy:</strong>", "level": 1}, {"value": "<br/>Storm8 reserves the right, in its sole discretion, to change or modify this Privacy Policy at any time by posting the changed or modified version of the Privacy Policy on the Site. Any such changes or modifications will be effective immediately upon posting. If we make any changes to this Privacy Policy, we will change the Last Revised date above.</p><p>", "level": 0}], [{"value": "<strong>Information Collection and Use:</strong>", "level": 1}, {"value": "<br/>Our primary goals in collecting and using information are to provide and improve the Service, to administer and assist you in administering your Account on the Service, and to provide you with a better experience with the Service. We store and process information in the United States.</p>", "level": 0}], [{"value": "<p><em>Personal Information and Non-Personal Information</em></p>", "level": 1}, {"value": "<p>Storm8 may collect personal and non-personal information from you when you use the Service. Personal information is information that specifically identifies an individual, including, but not limited to, an individual\u2019s name, phone number, credit card or other billing information, email address and home address. This Privacy Policy in no way limits or restricts our collection of aggregate or anonymous information. In this Privacy Policy, we refer to all information collected from or about you, including personal information and non-personal information, as \u201cYour Information.\u201d</p>", "level": 0}], [{"value": "<p><em>Use of Account</em></p>", "level": 1}, {"value": "<p>We may collect Your Information, including your email address, in connection with your creation of an Account. You can register for an Account via a Storm8 application. Certain of Your Information, such as your username and other information, may always be publicly visible by other users of the Forums, including when such users view your Account profile page. Your email address will not be publicly visible unless you choose to make it visible in your Account profile page. When you register for an Account or later access your Account, you may be able to adjust settings and preferences within your Account to choose whether to share and make publicly visible other pieces of Your Information, and the Service may display Your Information based on the settings and preferences you choose. We encourage you to consider carefully what information to share as part of your Account profile and elsewhere in the Service, and we recommend that you guard your anonymity and sensitive information and not use your real name as your username, as that may allow other users of the Service to identify you. Any information you choose to share should reflect how much you want other users of the Service to know about you. You can review and revise your Account profile information at any time.</p><p>We may also request and collect Your Information when you administer or personalize your Account after registration or otherwise interact with the Service. For example, we may collect Your Information both when you enter promotions on or in connection with the Service as well as in connection with your transactions (such as, but not limited to, donations or the purchase of products) through the Service or with Storm8\u2019s advertisers. Such transaction-related information may include payment information, such as information regarding your account with an online payment service provider, and information about your use of products and services offered by our advertisers.</p>", "level": 0}], [{"value": "<p><em>Use of Applications</em></p>", "level": 1}, {"value": "<p>When you launch any of our applications, we collect information regarding your device type, operating system and version, carrier provider, IP address, Media Access Control (MAC) address, International Equipment Mobile ID (IMEI), whether you are using a point package, the game version, the device\u2019s geo-location, language settings, and unique device ID. In addition, we create a unique user ID to track your use of our Service. This unique user ID is stored in connection with your Account profile information to enable us to move Your Information to a new device at your request. In addition, it may be used to link a character with which you play our games to your username on the Forums. When you play our games, we also collect information about your play and interaction with other users and the Service.</p><p>We may collect Your Information, such as your name or email address, from third party websites or other sources from which you download or access Storm8 applications, services or products that also make up part of the Service.</p><p>We use Your Information to provide the Service, to attempt to provide you with a better experience, to improve the quality and value of the Service and to analyze and evaluate how the Service is used. We may also use Your Information to serve you specifically, for instance, by delivering products or advertisements to you according to your preferences or restrictions. We may also use Your Information to contact you with communications such as Storm8 newsletters, marketing or promotional materials and other information that may be of interest to you.</p>", "level": 0}], [{"value": "<p><em>SMS Notifications & Push Notifications</em></p>", "level": 1}, {"value": "<p>We receive and store the information you provide, including your telephone number, when you sign up to have SMS notifications sent directly to your mobile device. These messages notify you of in-game activity and may allow you to play the game from your phone. With your consent we may send push notifications to your mobile device to provide game updates and other relevant messages.</p><p>", "level": 0}], [{"value": "<em>Communications Features</em>", "level": 1}, {"value": "</p><p>You may be able to take part in certain activities in our applications that give you the opportunity to communicate or share information with Storm8 and other users of our Service. These include: (a) participating in player forums and message boards, (b) posting comments to other users\u2019 profiles, (c) sending private messages or invitations to other users, (d) chat with other users, and (e) posting photos.</p><p>We may record and store archives of these communications. You acknowledge and consent to the recording and storage of such communications.</p>", "level": 0}], [{"value": "<p><em>Log Data, Cookies and Web Beacons</em></p>", "level": 1}, {"value": "<p>When you browse certain portions of the Service, we may automatically collect and record standard user information and clickstream data about your visit (through the use of cookies and otherwise) as part of our analysis of the use of the Service. For example, when you visit or request a web page from our server, we may record the IP address of the user\u2019s machine, the time, date and URL of the request and information about the browser being used, and other information regarding the visit, such as the pages visited on the Service, the time spent on each page, any advertisements clicked and any search terms used (collectively, \u201cLog Data\u201d). Log Data may be aggregated and used to monitor and analyze use of the Service and to enable us to analyze traffic and trends, administer and improve the Service, identify and keep track of errors and bugs, and gather broad demographic information to become more familiar with where visits to the Service originate, how often the Service is visited and what parts of the Service are visited most often. We may also share such information with third party service providers assisting us with the foregoing and with our advertisers. For example, some of this information may be collected and used so that when you visit the Service again, it will recognize you and serve advertisements and other information appropriate to your interests. We also use this information to verify that visitors to the Service meet the criteria required to process their requests. We may link Log Data to Your Information for tracking and analyzing our customers\u2019 use of the Service to help improve the Service, to tailor the Service to their needs and to enforce the Terms of Use.</p><p>A cookie is a small data file that we transfer to your computer\u2019s hard drive. Like many websites, we also use \u201ccookie\u201d technology to collect additional website usage data, to improve the Service and in some cases to enable you to more easily log in to your Account. We do not use cookies to collect personal information. However, we may combine information collected through the use of cookies we issue with personal information that you provide to us. Storm8 may use both session cookies and persistent cookies to better understand how you interact with the Service, to monitor aggregate usage by our users and web traffic routing on the Service, and to improve the Service and our other products and services. A session cookie enables certain features of the Service and is deleted from your computer when you disconnect from or leave the Service. A persistent cookie remains after you close your browser and may be used by your browser on subsequent visits to the Service. Persistent cookies can be removed by following your web browser help file directions. Most Internet browsers automatically accept cookies.</p><p>We may feature advertisements served by third party advertising companies which deliver cookies to your computer or device so the advertisements you see can be tracked. These advertisers may use information about your visits to our Service in order to provide advertisements about goods and services of interest to you.</p><p>You can instruct your web browser, by editing its options, to stop accepting cookies or to prompt you before accepting a cookie from the websites you visit. If your browser is set to refuse all cookies, however, some features of the Forums may not function properly.</p><p>We and third party advertising companies may collect information using Web beacons. Web beacons or \u201cgifs\u201d, are electronic images that may be used on our Site, in our Service or in our emails. We use Web beacons to deliver cookies, count visits and to tell if an email has been opened and acted upon. Advertisers may use web beacons in connection with our Service in order to collect and use data regarding advertisement performance and your interests for the purpose of delivering relevant advertising to you.</p><p>", "level": 0}], [{"value": "<em>Sharing Your Information</em>", "level": 1}, {"value": "</p><p>We may share Your Information with third parties with whom we have a strategic relationship such as ad networks and analytics providers. The information shared with these third parties may be used for industry analysis, tracking ad conversions or demographic profiling.</p><p>We may employ third party companies and individuals to facilitate the Service, to provide the Service on our behalf, or to assist us in analyzing how the Service is used. These third parties have access to Your Information only to perform these tasks on our behalf and may not use Your Information for any other purpose. We may also provide Your Information to our business partners or other trusted entities for the purpose of providing you with information on goods or services we believe will be of interest to you.</p><p>We will disclose any information about you to government or law enforcement officials or private parties as we, in our sole discretion, believe necessary or appropriate to respond to claims and legal process (including but not limited to subpoenas), to protect the property and rights of Storm8 or any third party, to protect the safety of the public or any person, or to prevent or stop activity we may consider to be, or to pose a risk of being, illegal, unethical or legally actionable.</p><p>We may share aggregate or anonymous information about you with advertisers, publishers, business partners, sponsors, and other third parties.</p><p>", "level": 0}], [{"value": "<strong>Facebook Connect:</strong>", "level": 1}, {"value": "<br/>If you use one of our applications and connect to your Facebook account within such application, you will be providing us with basic account information i.e., user ID, name, email, gender, birthday, current city, profile picture URL and the user IDs of your friends who have also connected with our applications. In addition, we will cache data we receive from the Facebook APIs to improve our user experience. If you want us to delete the data we receive from Facebook about you, please contact us through <span style=\"text-decoration: underline;\"><a href=\"http://support.storm8.com\" target=\"_blank\">support.storm8.com</a></span>.</p><p>", "level": 0}], [{"value": "<strong>Offer Wall:</strong>", "level": 1}, {"value": "<br/>We may display an \u201coffer wall\u201d in our applications that is hosted by an offer wall provider. The offer wall allows third party advertisers to provide virtual currency to users in exchange for interacting with an advertisement or for completing a marketing offer that may include signing up for an account with one of those advertisers. These are not offers made by Storm8. These offers may be displayed to you based on certain technical information, such as your geographic area or anonymous demographic information. After clicking on one of these advertisements, you will no longer be on a site hosted by Storm8. To properly credit user accounts and to prevent fraud, a unique identifier, will be shared with the offer wall provider.</p><p>", "level": 0}], [{"value": "<strong>Invite a Friend:</strong>", "level": 1}, {"value": "<br/>You may decide to provide us with another party\u2019s email address to allow us to contact and invite that party to visit or join the Service or so that Storm8 may facilitate your communication with such other party through methods of communication enabled by the Service (such as when you upload an address book). Such email addresses will be used only for the purpose of sending email communications to the addressee.</p><p>", "level": 0}], [{"value": "<strong>Forums:</strong>", "level": 1}, {"value": "<br/>Storm8 may at times offer you the ability to post content to a blog, message board, chat room or within Storm8\u2019s applications or other forums (\u201cForums\u201d). In order to do so, you may be required to provide personal information. You should be aware that any visitor to the Forum may read your postings on the Forum. Furthermore, any information that you may post to a Forum, including your username or other Account profile information, will be disclosed and available to all users and viewers of that Forum, and will therefore no longer be private. Storm8 cannot guarantee the security of such information that is disclosed or communicated online in public areas such as the Forums, and you provide such information at your own risk. Storm8 does not author, edit, endorse, or monitor any Forum. You acknowledge and agree that Storm8 has no responsibility for the accuracy or availability of information provided on any Forum. Storm8 reserves the right at any time, in its sole discretion, to remove any content that a user may post on any Forum and restrict their access to any Forum.</p><p>", "level": 0}], [{"value": "<strong>Security:</strong>", "level": 1}, {"value": "<br/>Storm8 takes reasonable measures to protect your information from unauthorized access or against loss, misuse or alteration by third parties.</p><p>Although we make good faith efforts to store the information collected on the Service in a secure operating environment that is not available to the public, we cannot guarantee the absolute security of that information during its transmission or its storage on our systems. Further, while we attempt to ensure the integrity and security of our network and systems, we cannot guarantee that our security measures will prevent third-party \u201chackers\u201d from illegally obtaining access to this information. We do not warrant or represent that your Account or any of Your Information will be protected against, loss, misuse, or alteration by third parties.</p><p>", "level": 0}], [{"value": "<strong>Information Transfers:</strong>", "level": 1}, {"value": "<br/>Storm8 reserves the right to transfer Your Information in connection with a change or transfer of Storm8\u2019s ownership or a merger, acquisition, reorganization or sale of assets or in the event of bankruptcy.</p><p>", "level": 0}], [{"value": "<strong>International Users:</strong>", "level": 1}, {"value": "<br/>If you are located outside the United States and choose to provide information to us, Storm8 transfers Your Information to the United States and processes it there. You hereby consent to any such transfer.</p><p>", "level": 0}], [{"value": "<strong>Third Party Links:</strong>", "level": 1}, {"value": "<br/>The Service may contain links to other websites and online services (\u201cLinked Sites\u201d). The fact that we link to a third party website or service is not an endorsement or representation of our affiliation with that third party, nor is it an endorsement of their privacy policies or practices. You acknowledge and agree that we are not responsible for the privacy practices of such Linked Sites, and this Privacy Policy does not apply to such Linked Sites. The operators of Linked Sites may collect information about you, and may use and disclose that information. We encourage you to review the privacy policies of the Linked Sites that you use.</p><p>", "level": 0}], [{"value": "<strong>Opt-In and Opt-Out Policy:</strong>", "level": 1}, {"value": "<br/>We will not share your personal information in ways other than as described in this Privacy Policy unless you specifically elect to make your personal information available to third parties by selecting to \u201copt-in\u201d in various places on the Service. Your \u201copt-in\u201d elections will not, however, require us to share your personal information with any third parties. Further, you may \u201copt-out\u201d of any prior elections and of receiving certain types of communications at any time by contacting Storm8 through <span style=\"text-decoration: underline;\"><a href=\"http://support.storm8.com\" target=\"_blank\">support.storm8.com</a></span>.</p><p>", "level": 0}], [{"value": "<strong>Our Policy Regarding Children:</strong>", "level": 1}, {"value": "<br/>The Service is not directed to children under the age of 13. We do not knowingly collect or solicit personally identifiable information from children under 13. If you are under 13, please do not attempt to register for an Account on the Service or send any information about yourself to Storm8. If we become aware that a child under 13 has provided us with personal information, we will delete such information from our files.</p><p>", "level": 0}], [{"value": "<strong>Contacting Us:</strong>", "level": 1}, {"value": "<br/>If you have any questions about this Privacy Policy, please contact us through <span style=\"text-decoration: underline;\"><a href=\"http://support.storm8.com\" target=\"_blank\">support.storm8.com</a></span>.</p></div></div><footer class=\"footer\"><div class=\"container\"><div class=\"row\"><div class=\"col-md-6\"><div class=\"footer-logo\"><a href=\"#\"><img src=\"http://www.storm8.com/wp-content/themes/storm8/static/images/logo.png\" style=\"max-width:160px;\"/></a></div></div><div class=\"col-md-6\"><div class=\"social-media\"><div id=\"synved_social_share-2\"><div><a class=\"synved-social-button synved-social-button-share synved-social-size-32 synved-social-resolution-single synved-social-provider-facebook nolightbox\" data-provider=\"facebook\" href=\"https://www.facebook.com/storm8\" rel=\"nofollow\" style=\"font-size: 0px; width:32px;height:32px;margin:0;margin-bottom:15px;margin-right:15px;\" target=\"_blank\" title=\"Share on Facebook\"><img alt=\"Facebook\" class=\"synved-share-image synved-social-image synved-social-image-share\" height=\"32\" src=\"http://www.storm8.com/wp-content/plugins/social-media-feather/synved-social/image/social/regular/64x64/facebook.png\" style=\"display: inline; width:32px;height:32px; margin: 0; padding: 0; border: none; box-shadow: none;\" title=\"Share on Facebook\" width=\"32\"/></a><a class=\"synved-social-button synved-social-button-share synved-social-size-32 synved-social-resolution-single synved-social-provider-twitter nolightbox\" data-provider=\"twitter\" href=\"https://twitter.com/storm8\" rel=\"nofollow\" style=\"font-size: 0px; width:32px;height:32px;margin:0;margin-bottom:15px;margin-right:15px;\" target=\"_blank\" title=\"Share on Twitter\"><img alt=\"twitter\" class=\"synved-share-image synved-social-image synved-social-image-share\" height=\"32\" src=\"http://www.storm8.com/wp-content/plugins/social-media-feather/synved-social/image/social/regular/64x64/twitter.png\" style=\"display: inline; width:32px;height:32px; margin: 0; padding: 0; border: none; box-shadow: none;\" title=\"Share on Twitter\" width=\"32\"/></a><a class=\"synved-social-button synved-social-button-share synved-social-size-32 synved-social-resolution-single synved-social-provider-linkedin nolightbox\" data-provider=\"linkedin\" href=\"https://www.linkedin.com/company/storm8\" rel=\"nofollow\" style=\"font-size: 0px; width:32px;height:32px;margin:0;margin-bottom:15px;margin-right:15px;\" target=\"_blank\" title=\"Share on Linkedin\"><img alt=\"linkedin\" class=\"synved-share-image synved-social-image synved-social-image-share\" height=\"32\" src=\"http://www.storm8.com/wp-content/plugins/social-media-feather/synved-social/image/social/regular/64x64/linkedin.png\" style=\"display: inline; width:32px;height:32px; margin: 0; padding: 0; border: none; box-shadow: none;\" title=\"Share on Linkedin\" width=\"32\"/></a><a class=\"synved-social-button synved-social-button-share synved-social-size-32 synved-social-resolution-single synved-social-provider-tumblr nolightbox\" data-provider=\"tumblr\" href=\"http://blog.storm8.com\" rel=\"nofollow\" style=\"font-size: 0px; width:32px;height:32px;margin:0;margin-bottom:15px;margin-right:15px;\" target=\"_blank\" title=\"Share on tumblr\"><img alt=\"tumblr\" class=\"synved-share-image synved-social-image synved-social-image-share\" height=\"32\" src=\"http://www.storm8.com/wp-content/plugins/social-media-feather/synved-social/image/social/regular/64x64/tumblr.png\" style=\"display: inline; width:32px;height:32px; margin: 0; padding: 0; border: none; box-shadow: none;\" title=\"Share on tumblr\" width=\"32\"/></a><a class=\"synved-social-button synved-social-button-share synved-social-size-32 synved-social-resolution-single synved-social-provider-mail nolightbox\" data-provider=\"mail\" href=\"http://tinyurl.com/storm8glassdoor\" rel=\"nofollow\" style=\"font-size: 0px; width:32px;height:32px;margin:0;margin-bottom:15px;\" title=\"Share on Glassdoor\"><img alt=\"mail\" class=\"synved-share-image synved-social-image synved-social-image-share\" height=\"32\" src=\"http://www.storm8.com/wp-content/plugins/social-media-feather/synved-social/image/social/regular/64x64/mail.png\" style=\"display: inline; width:32px;height:32px; margin: 0; padding: 0; border: none; box-shadow: none;\" title=\"Share on Glassdoor\" width=\"32\"/></a></div></div></div></div></div><div class=\"clearfix\" style=\"height:15px;\"></div><div class=\"row\"><div class=\"col-xs-3\"><div id=\"nav_menu-2\"><div class=\"menu-footer-left-container\"><ul class=\"menu\" id=\"menu-footer-left\"><li class=\"menu-item menu-item-type-custom menu-item-object-custom menu-item-553\" id=\"menu-item-553\"><a href=\"http://blog.storm8.com/\" target=\"_blank\">Blog</a></li><li class=\"menu-item menu-item-type-custom menu-item-object-custom menu-item-555\" id=\"menu-item-555\"><a href=\"http://support.storm8.com/home\" target=\"_blank\">Support</a></li><li class=\"menu-item menu-item-type-custom menu-item-object-custom menu-item-554\" id=\"menu-item-554\"><a href=\"http://forums.storm8.com/forum.php?s=92b9cee1e7a1c98fbe39560e5bfbea72\" target=\"_blank\">Forum</a></li></ul></div></div></div><div class=\"col-xs-9 footer-right\"><div id=\"nav_menu-3\"><div class=\"menu-footer-right-container\"><ul class=\"menu\" id=\"menu-footer-right\"><li class=\"menu-item menu-item-type-post_type menu-item-object-page menu-item-238\" id=\"menu-item-238\"><a href=\"http://www.storm8.com/terms-of-service/\">Terms of Service</a></li><li class=\"menu-item menu-item-type-post_type menu-item-object-page current-menu-item page_item page-item-108 current_page_item menu-item-237\" id=\"menu-item-237\"><a href=\"http://www.storm8.com/notice-of-privacy/\">Notice of Privacy</a></li></ul></div></div><div id=\"text-2\"> <div class=\"textwidget\">\u00a9 2018 Storm8 | All rights reserved</div></div></div></div></div></footer><!-- Bootstrap core JavaScript    ================================================== --><!-- Placed at the end of the document so the pages load faster --></body></html>", "level": 0}]]