[[{"value": "<h2><a dir=\"ltr\" href=\"https://sites.google.com/site/venus88privacypolicy/\" id=\"sites-chrome-userheader-title\">Privacy Policy</a></h2>", "level": 8}, {"value": "</div></td><td class=\"sites-layout-searchbox \"><div class=\"sites-header-cell-buffer-wrapper\"><form action=\"/site/venus88privacypolicy/system/app/pages/search\" id=\"sites-searchbox-form\" role=\"search\"><input id=\"sites-searchbox-scope\" name=\"scope\" type=\"hidden\" value=\"search-site\"/><input aria-label=\"Search this site\" id=\"jot-ui-searchInput\" name=\"q\" size=\"20\" type=\"text\" value=\"\"/><div class=\"goog-inline-block\" id=\"sites-searchbox-button-set\"><div class=\"goog-inline-block jfk-button jfk-button-standard\" id=\"sites-searchbox-search-button\" role=\"button\" tabindex=\"0\">Search this site</div></div></form></div></td></tr><tr class=\"sites-header-secondary-row\" id=\"sites-chrome-horizontal-nav\"><td colspan=\"2\" id=\"sites-chrome-header-horizontal-nav-container\" role=\"navigation\"></td></tr></table></div><div id=\"sites-chrome-main-wrapper\"><div id=\"sites-chrome-main-wrapper-inside\"><table border=\"0\" cellpadding=\"{scmCellpadding}\" cellspacing=\"0\" class=\"sites-layout-hbox\" id=\"sites-chrome-main\"><tr><td class=\"sites-layout-sidebar-left initial\" id=\"sites-chrome-sidebar-left\" style=\"width:150px\"><div class=\"sites-embed\" id=\"COMP_2bd\" role=\"navigation\" xmlns=\"http://www.w3.org/1999/xhtml\"><div class=\"sites-embed-content sites-sidebar-nav\"><ul jotid=\"navList\" role=\"navigation\"><li class=\"nav-first \"><div class=\"current-bg\" dir=\"ltr\" jotid=\"wuid:gx:5f798e40a7d59bc4\" style=\"padding-left: 5px;\">Venus88 Studio</div></li><li class=\"\"><div dir=\"ltr\" style=\"padding-left: 5px;\"><a class=\"sites-navigation-link\" href=\"/site/venus88privacypolicy/system/app/pages/sitemap/hierarchy\" jotid=\"wuid:gx:1348d822d813bea0\">Sitemap</a></div></li></ul></div></div></td><td id=\"sites-canvas-wrapper\"><div id=\"sites-canvas\" role=\"main\"><div id=\"goog-ws-editor-toolbar-container\"> </div><div id=\"title-crumbs\" style=\"\" xmlns=\"http://www.w3.org/1999/xhtml\"></div>", "level": 0}], [{"value": "<h3 align=\"left\" id=\"sites-page-title-header\" style=\"\" xmlns=\"http://www.w3.org/1999/xhtml\"><span dir=\"ltr\" id=\"sites-page-title\" style=\"outline: none\" tabindex=\"-1\">Venus88 Studio</span></h3>", "level": 7}, {"value": "<div class=\"sites-canvas-main\" id=\"sites-canvas-main\"><div id=\"sites-canvas-main-content\"><table cellspacing=\"0\" class=\"sites-layout-name-one-column sites-layout-hbox\" xmlns=\"http://www.w3.org/1999/xhtml\"><tbody><tr><td class=\"sites-layout-tile sites-tile-name-content-1\"><div dir=\"ltr\"><div>We at Venus88 Studio \u00a0take the protection of your personal data very seriously and strictly abide by the regulations of the world data protection act. Personal data will only be collected to an extent that is technically required. In no case this data will be sold or passed on to third parties for any other reasons.</div><div><br/></div><div>The following declaration gives you an overview on how this protection is guaranteed and which kind of data is collected for which purposes.</div><div><br/></div><div>AUTOMATICALLY COLLECTED INFORMATION</div><div><br/></div><div>In addition, the Application may collect certain information automatically, including, but not limited to, the type of mobile device you use, your mobile devices unique device ID, the IP address of your mobile device, your mobile operating system, the type of mobile Internet browsers fine tune our product. We do not gather any data from the child other than first name and reading age. This is only stored locally on the device and is optional. It never leaves the device, and will be erased if the user deletes the app.</div><div><br/></div><div>DOES THE APPLICATION COLLECT PRECISE REAL TIME LOCATION INFORMATION OF THE DEVICE?</div><div><br/></div><div>This Application does not collect precise information about the location of your mobile device. if Venus88 Studio \u00a0is involved in a merger, acquisition, or sale of all or a portion of its assets, you will be notified via email and/or a prominent notice on our Web site of any change in ownership or uses of this information, as well as any choices you.</div><div><br/></div><div>WHAT ARE MY OPT-OUT RIGHTS?</div><div><br/></div><div>You can stop all collection of information by the Application easily by uninstalling the Application. You may use the standard uninstall processes as may be available as part of your mobile device or via the mobile application marketplace or network. You can also request to opt-out via email, at: venus88.studio@gmail.com</div><div><br/></div><div>DATA RETENTION POLICY, MANAGING YOUR INFORMATION</div><div><br/></div><div>We will retain User Provided data for as long as you use the Application and for a reasonable time thereafter. We will retain Automatically Collected information for up to one year and thereafter may store it in aggregate. If you\u2019d like us to delete User Provided Data that you have provided via the Application, please contact us at venus88.studio@gmail.com and we will respond in a reasonable time. Please note that some or all of the User Provided Data may be required in order for the Application to function properly.</div><div><br/></div><div>SECURITY</div><div><br/></div><div>We are concerned about safeguarding the confidentiality of your information. We provide physical, electronic, and procedural safeguards to protect information we process and maintain. For example, we limit access to this information to authorized employees and contractors who need to know that information in order to operate, develop or improve our Application.</div><div>Please be aware that, although we endeavor provide reasonable security for information we process and maintain, no security system can prevent all potential security breaches.</div><div><br/></div><div>CHANGES</div><div><br/></div><div>This Privacy Policy may be updated from time to time for any reason. We will notify you of any changes to our Privacy Policy by posting the new Privacy Policy.</div></div></td></tr></tbody></table></div></div><div id=\"sites-canvas-bottom-panel\"><div id=\"COMP_page-subpages\" xmlns=\"http://www.w3.org/1999/xhtml\"> </div><div id=\"sites-attachments-container\"></div></div></div></td></tr></table></div></div><div id=\"sites-chrome-footer-wrapper\"><div id=\"sites-chrome-footer-wrapper-inside\"><div id=\"sites-chrome-footer\"></div></div></div></div></div><div id=\"sites-chrome-adminfooter-container\"><div class=\"sites-adminfooter\" role=\"navigation\" xmlns=\"http://www.w3.org/1999/xhtml\"><p><a class=\"sites-system-link\" href=\"https://accounts.google.com/ServiceLogin?continue=https://sites.google.com/site/venus88privacypolicy/home&service=jotspot\">Sign in</a><span aria-hidden=\"true\">|</span><a class=\"sites-system-link\" href=\"/site/venus88privacypolicy/system/app/pages/recentChanges\">Recent Site Activity</a><span aria-hidden=\"true\">|</span><a class=\"sites-system-link\" href=\"https://sites.google.com/site/venus88privacypolicy/system/app/pages/reportAbuse\" target=\"_blank\">Report Abuse</a><span aria-hidden=\"true\">|</span><a class=\"sites-system-link\" href=\"javascript:;\" onclick=\"window.open(webspace.printUrl)\">Print Page</a><span aria-hidden=\"true\">|</span><span class=\"sites-system-link\">Powered By</span> ", "level": 0}], [{"value": "<b class=\"powered-by\"><a href=\"http://sites.google.com/site\">Google Sites</a></b>", "level": 1}, {"value": "</p></div></div></div></div><div id=\"sites-chrome-onebar-footer\"></div><div id=\"server-timer-div\" style=\"display:none\"> </div></body></html>", "level": 0}]]