[[{"value": "<h2 class=\"title\">Privacy Policy</h2>", "level": 8}, {"value": "<div class=\"entry\">            At Appsellad Mobile we recognize that privacy is significant. This Privacy Policy (\u00e2\u0080\u009cPolicy\u00e2\u0080\u009d) applies to your use of the applications on all platforms (the \u00e2\u0080\u009cApplication\u00e2\u0080\u009d or \u00e2\u0080\u009cApplications\u00e2\u0080\u009d), the related services we provide (\u00e2\u0080\u009cServices\u00e2\u0080\u009d) and the Site.            <br/><br/> Appsellad Mobile ( \u00e2\u0080\u009cus\u00e2\u0080\u009d or \u00e2\u0080\u009cwe\u00e2\u0080\u009d) has created this Policy to explain our privacy practices so that you will understand what information about you is collected, used and disclosed with respect to the Applications, the Services and the Site.            <br/><br/> By using Application, the Services or the Site, you consent to the privacy practices described in this Policy.            <br/> This Policy covers our collection, use and disclosure of your information through the Applications, the Services and the Site. It does not cover any collection, use or disclosure by third parties through any applications, Web sites, products or services that we do not control or own, such as Facebook, or any third party features or services made available via an Application, the Services or the Site. All trademarks, trade names, and logos of third parties featured on the Applications or the Site belong to their respective owners.            <br/><br/>", "level": 0}], [{"value": "<strong>A. WHAT KIND OF INFORMATION WE COLLECT</strong>", "level": 1}, {"value": "<br/><br/> a. Personal Information. We do not collect Personal Information. \"Personal Information\" is information that identifies you or another person, which may be transmitted or received when you use an Application, the Services and/or the Site. Personal Information includes your geographic location information, names, physical addresses, email addresses, telephone, fax, SSN, information stored within your Device and other information you transmit or receive using an Application, the Service and/ or the Site which identifies you or another person.            <br/> b. Non-personal identification. We may collect non-personal identification information about Users whenever they interact with our apps. Non-personal identification information may include the type of your phone and technical information about Users means of connection to our apps, such as the versions of phone model and other similar information.            <br/> 1 Session and Usage Data. \"Session and Usage Data\" is information about your use of an Application, the Services and/or the Site and includes, without limitation, connection and service-related data submitted to us through your use of an Application, the Services or the Site. Session and Usage Data includes information relating to the connection request, server communication and data sharing, including network measurements, quality of service, and date, time and location of the bump. We also may aggregate Session and Usage data as described in Aggregate Information below. Please note that Session and Usage Data does not include any Personal Information nor does it include Content you may transmit or share through the use of an Application (such as photos, contacts, calendar appointments, etc.), the Services, or the Site.            <br/> 2 Log Data. When you interact with us or use an Application, the Services or our Site, our systems may automatically collect your unique User Device number, the IP address, type of browser or operating system you use, and the dates and times of your use (\"Log Data\").            <br/> 3 Aggregate Information. \"Aggregate Information\" is data we collect about a group or category of services or Users from which individual User identities have been removed. In other words, information on how you use the Applications, the Services and the Site may be collected and combined with information about how others use the Applications, the Services and the Site, but no personally identifiable information will be included in the resulting Aggregate Information. Aggregate Information helps us understand trends in our Users' needs so that we can better consider new features or otherwise tailor the Applications, the Services and the Site.            <br/><br/>", "level": 0}], [{"value": "<strong>B. HOW WE USE COLLECTED INFORMATION</strong>", "level": 1}, {"value": "<br/><br/> a. Personal Information- since we do not collect Personal Information, we may not use your personal information in any way.            <br/> b. Non- Personal Information. We may use Non-Personal Information for any purpose as below:            <br/> 1 To personalize user experience- We may use your Non- Personal Information to understand demographics, customer interest, and other trends among our Users;            <br/> 2 To help develop our service- We may use Non- Personal Information to provide, maintain, improve and modify the Applications, Services and the Site and develop new services;            <br/> 3 To further develop Appsellad Mobile business. We may use Non- Personal Information for promotion and marketing purposes.            <br/><br/>", "level": 0}], [{"value": "<strong>C. HOW YOUR INFORMATION MAY BE DISCLOSED</strong>", "level": 1}, {"value": "<br/><br/> a. Personal Information. In general, we use Session and Usage Data internally to serve our Users and enable them to take maximum advantage of the Applications, the Services and the Site. We do not store Personal Information and therefore we do not disclose your Personal Information.            <br/> b. Non-Personal Information. We may disclose Non-Personal Information to ourtrusted partners who shall comply with this privacy policy and the relevant privacy laws. We do not combine Non-Personal Information with Personal Information (such as combining your name with your unique User Device number).            <br/><br/>", "level": 0}], [{"value": "<strong>D. THIRD- PARTY SITES</strong>", "level": 1}, {"value": "<br/><br/> In general, the Applications, the Services and the Site access third party information (such as your Facebook account information) through application interfaces. We may provide links to third-party Web sites, such as Facebook, as a service to our Users. The Site may also carry advertisements from other companies. When you click on links of third parties in an Application, the Services or the Site, you may leave the Application, the Services or the Site. We do not collect your information on and through and This Policy does not address, and we are not responsible for, the privacy practices of Web sites operated by third parties, whether they are linked to or otherwise accessible from an Application, the Services or the Site. The inclusion of a link or accessibility of third party Websites does not imply endorsement of such third party Website by us.            <br/><br/>", "level": 0}], [{"value": "<strong>E. USERS WITH WHOM YOU SHARE YOUR INFORMATION</strong>", "level": 1}, {"value": "<br/><br/> We cannot control the actions of other Users with whom you share your information. We cannot, and do not, control the information you share with other Users using an Application, the Services or the Site (including via Forums) or how such other Users will use or share such information. We are not responsible for third party circumvention of our security measures.            <br/><br/>", "level": 0}], [{"value": "<strong>F. SECURITY</strong>", "level": 1}, {"value": "<br/><br/> Appsellad Mobile is very concerned about safeguarding the confidentiality of your information. We do not collect Personal Information, and we employ administrative, physical and electronic measures designed to protect your Non-Personal Information from unauthorized access and use. Please be aware that no security measures that we take to protect your information is absolutely guaranteed to avoid unauthorized access or use of your Non-Personal Information which is impenetrable.            <br/><br/>", "level": 0}], [{"value": "<strong>G. INTERNATIONAL USERS</strong>", "level": 1}, {"value": "<br/><br/> Your Personal Information may be stored and processed in any country where we have facilities, and by using an Application, the Services or the Site you consent to the transfer of your Personal Information to countries, including the United States, which may be outside of your country of residence and may provide for different and less stringent data protection rules than in your country. If you object to your Personal Information being transferred or used as described in this Policy, please do not use any Application, the Services or the Site and immediately delete all Applications from your User Devices.            <br/><br/>", "level": 0}], [{"value": "<strong>H. CALIFORNIA RESIDENTS</strong>", "level": 1}, {"value": "<br/><br/> California Civil Code Section 1798.83 permits user who are California residents to request certain information regarding disclosure of Personal Information to third parties for their direct marketing purposes. If you would like more information with respect to your privacy rights under California law, you may contact us at the contact point below. Please reference your request as \"California Disclosure Information.\"            <br/><br/>", "level": 0}], [{"value": "<strong>I. SENSITIVE INFORMATION</strong>", "level": 1}, {"value": "<br/><br/> We ask that you not send us, and you not disclose, any sensitive Personal Information (e.g., information related to racial or ethnic origin, political opinions, religion or other beliefs, health, sexual orientation, criminal background or membership in past organizations, including trade union memberships) on or through an Application, the Services or the Site or otherwise to us.            <br/><br/>", "level": 0}], [{"value": "<strong>J. CONTACTING US / REPORTING VIOLATIONS</strong>", "level": 1}, {"value": "<br/><br/> If you have any questions or comments about this Policy or our privacy practices, or to report any violations of the Policy or abuse of an Application, the Services or the Site, please contact us at contact@appsellad.com.            <br/><br/>", "level": 0}], [{"value": "<strong>K. CHANGES TO THIS PRIVACY POLICY</strong>", "level": 1}, {"value": "<br/><br/> We reserve the right, at our sole discretion, to change, modify or otherwise alter this Policy at any time. You can always check the latest version of our Privacy Policy at http://www.appsellad.com/privacy.html. You must review this Policy on a regular basis to keep yourself apprised of any changes. If you do not agree to any modifications to this Policy, your sole recourse is to immediately stop all use of all Applications, the Services and the Site. Your continued use of any Application, the Services or the Site following the posting of any modifications to this Policy will constitute your acceptance of the revised Policy. Please note that none of our employees or agents has the authority to vary any of our Policies.            <br/><br/><a href=\"#\">Privacy Policy</a><br/> Contact Us: <a href=\"mailto:contact@appsellad.com\">contact@appsellad.com</a><br/> Appsellad Mobile\u00a9 2017        </div></div></body></html>", "level": 0}]]