[[{"value": "<h1 class=\"entry-title\" itemprop=\"headline\">Privacy Policy</h1>", "level": 9}, {"value": "<p>Updated May 26, 2018</p>", "level": 0}], [{"value": "<p><strong>1.\u00a0\u00a0\u00a0\u00a0\u00a0 Introduction</strong></p>", "level": 1}, {"value": "<p>1.1\u00a0\u00a0\u00a0 We are committed to safeguarding the privacy of our website visitors and app users.</p>", "level": 0}, {"value": "<p>1.2\u00a0\u00a0\u00a0 This policy applies where we are acting as a data controller with respect to the personal data of our website visitors and app users; in other words, where we determine the purposes and means of the processing of that personal data.</p>", "level": 0}, {"value": "<p>1.3\u00a0\u00a0\u00a0 We use cookies on our website, specifically on our discussion forums. Insofar as those cookies are not strictly necessary for the provision of our website and services, we will ask you to consent to our use of cookies when you first visit that portion of our website.</p>", "level": 0}, {"value": "<p>1.4 \u00a0 \u00a0In this policy, \u201cwe\u201d, \u201cus\u201d and \u201cour\u201d refer to Pleco Inc. For more information about us, see Section 13.</p>", "level": 0}], [{"value": "<p><strong>2.\u00a0\u00a0\u00a0\u00a0\u00a0 This section intentionally omitted</strong></p>", "level": 1}], [{"value": "<p><strong>3.\u00a0\u00a0\u00a0\u00a0\u00a0 How we use your personal data</strong></p>", "level": 1}, {"value": "<p>3.1\u00a0\u00a0\u00a0 In this Section 3 we have set out:</p>", "level": 0}, {"value": "<p>(a)\u00a0\u00a0\u00a0 the general categories of personal data that we may process;</p>", "level": 0}, {"value": "<p>(b)\u00a0\u00a0\u00a0 the purposes for which we may process personal data; and</p>", "level": 0}, {"value": "<p>(c)\u00a0\u00a0\u00a0 the legal bases of the processing.</p>", "level": 0}, {"value": "<p>3.2\u00a0\u00a0\u00a0 We may process data about your use of our website and services (\u201c<strong>usage data</strong>\u201c). The usage data may include your IP address, geographical location, browser type and version, operating system, referral source, length of visit, page views and website navigation paths, as well as information about the timing, frequency and pattern of your service use. The source of the usage data is our analytics tracking system. This usage data may be processed for the purposes of analysing the use of the website and services. The legal basis for this processing is our legitimate interests, namely monitoring and improving our website and services.</p>", "level": 0}, {"value": "<p>3.3\u00a0\u00a0\u00a0 We may process your account data (\u201c<strong>account data</strong>\u201c). The account data may include your name and email address. The source of the account data is you. The account data may be processed for the purposes of operating our website, providing our services, ensuring the security of our website and services, maintaining back-ups of our databases and communicating with you. The legal basis for this processing is our legitimate interests, namely the proper administration of our website and business, and the performance of a contract between you and us and/or taking steps, at your request, to enter into such a contract.</p>", "level": 0}, {"value": "<p>3.4\u00a0\u00a0\u00a0 We may process your information included in your personal profile on our website (\u201c<strong>profile data</strong>\u201c), specifically on our website\u2019s discussion forums. The profile data may include your name, address, telephone number, email address, profile pictures, gender, date of birth, relationship status, interests and hobbies, educational details and employment details. The profile data may be processed for the purposes of enabling and monitoring your use of our website and services. The legal basis for this processing is your consent.</p>", "level": 0}, {"value": "<p>3.6\u00a0\u00a0\u00a0 We may process information that you post for publication on our website or through our services (\u201c<strong>publication data</strong>\u201c). The publication data may be processed for the purposes of enabling such publication and administering our website and services. The legal basis for this processing is your consent.</p>", "level": 0}, {"value": "<p>3.9\u00a0\u00a0\u00a0 We may process information relating to transactions, including purchases of goods and services, that you enter into with us and/or through our website (\u201c<strong>transaction data</strong>\u201c). The transaction data may include your contact details, your card details and the transaction details. The transaction data may be processed for the purpose of supplying the purchased goods and services and keeping proper records of those transactions. The legal basis for this processing is the performance of a contract between you and us and/or taking steps, at your request, to enter into such a contract and our legitimate interests, namely the proper administration of our website and business.</p>", "level": 0}, {"value": "<p>3.10\u00a0 We may process information that you provide to us for the purpose of subscribing to our email notifications and/or newsletters (\u201c<strong>notification data</strong>\u201c). The notification data may be processed for the purposes of sending you the relevant notifications and/or newsletters. The legal basis for this processing is your consent.</p>", "level": 0}, {"value": "<p>3.11\u00a0 We may process information contained in or relating to any communication that you send to us (\u201c<strong>correspondence data</strong>\u201c). The correspondence data may include the communication content and metadata associated with the communication. Our website will generate the metadata associated with communications made using the website contact forms. The correspondence data may be processed for the purposes of communicating with you and record-keeping. The legal basis for this processing is our legitimate interests, namely the proper administration of our website and business and communications with users.</p>", "level": 0}, {"value": "<p>3.12\u00a0 We may process data concerning devices used to access our app (<strong>\u201cdevice data\u201d</strong>). This data may include device ID names, models, operating system versions, IP addresses, crash logs, and hashed hardware serial numbers. The source of this data is information provided to our app by your device\u2019s operating system. This data may be processed to improve our products and services,\u00a0prevent fraud, and retrieve past purchase details when they cannot be recovered from your email address.\u00a0The legal basis for this processing is our legitimate interests, namely improving our products and services, fraud prevention, and customer support.</p>", "level": 0}, {"value": "<p>3.13\u00a0 We may process any of your personal data identified in this policy where necessary for the establishment, exercise or defence of legal claims, whether in court proceedings or in an administrative or out-of-court procedure. The legal basis for this processing is our legitimate interests, namely the protection and assertion of our legal rights, your legal rights and the legal rights of others.</p>", "level": 0}, {"value": "<p>3.14\u00a0 We may process any of your personal data identified in this policy where necessary for the purposes of obtaining or maintaining insurance coverage, managing risks, or obtaining professional advice. The legal basis for this processing is our legitimate interests, namely the proper protection of our business against risks.</p>", "level": 0}, {"value": "<p>3.15\u00a0 In addition to the specific purposes for which we may process your personal data set out in this Section 3, we may also process any of your personal data where such processing is necessary for compliance with a legal obligation to which we are subject, or in order to protect your vital interests or the vital interests of another natural person.</p>", "level": 0}, {"value": "<p>3.16\u00a0 Please do not supply any other person\u2019s personal data to us, unless we prompt you to do so.</p>", "level": 0}], [{"value": "<p><strong>4.\u00a0\u00a0\u00a0\u00a0\u00a0 Providing your personal data to others</strong></p>", "level": 1}, {"value": "<p>4.1 \u00a0 \u00a0Financial transactions relating to our products may handled by our payment services providers,\u00a0Stripe Inc. and PayPal Inc. We will share transaction data with our payment services providers only to the extent necessary for the purposes of processing your payments, refunding such payments and dealing with complaints and queries relating to such payments and refunds. You can find information about the payment services providers\u2019 privacy policies and practices at <a href=\"https://stripe.com/us/privacy\">stripe.com</a>\u00a0and <a href=\"https://www.paypal.com/us/webapps/mpp/ua/privacy-full\">paypal.com</a>.</p>", "level": 0}, {"value": "<p>(Our apps are also distributed through Apple Inc.\u2019s \u201cApp Store\u201d and through Alphabet Inc.\u2019s \u201cGoogle Play\u201d, but we do not share any personal information with them)</p>", "level": 0}, {"value": "<p>4.2 \u00a0 \u00a0In addition to the specific disclosures of personal data set out in this Section 4, we may disclose your personal data where such disclosure is necessary for compliance with a legal obligation to which we are subject, or in order to protect your vital interests or the vital interests of another natural person. We may also disclose your personal data where such disclosure is necessary for the establishment, exercise or defence of legal claims, whether in court proceedings or in an administrative or out-of-court procedure.</p>", "level": 0}], [{"value": "<p><strong>5.\u00a0\u00a0\u00a0\u00a0\u00a0 This section intentionally omitted</strong></p>", "level": 1}], [{"value": "<p><strong>6.\u00a0\u00a0\u00a0\u00a0\u00a0 Retaining and deleting personal data</strong></p>", "level": 1}, {"value": "<p>6.1\u00a0\u00a0\u00a0 This Section 6 sets out our data retention policies and procedure, which are designed to help ensure that we comply with our legal obligations in relation to the retention and deletion of personal data.</p>", "level": 0}, {"value": "<p>6.2\u00a0\u00a0\u00a0 Personal data that we process for any purpose or purposes shall not be kept for longer than is necessary.</p>", "level": 0}, {"value": "<p class=\"Level2Number\">6.3\u00a0\u00a0\u00a0 We will retain your personal data as follows:</p>", "level": 0}, {"value": "<p class=\"Level3Number\">(a) \u00a0 Usage, account, transaction, correspondence, and device data will be retained indefinitely.</p>", "level": 0}, {"value": "<p>(b) \u00a0 Profile, publication, and notification data will be retained until one month after you ask us to delete them (the time it takes for them to be flushed out of our backup system).</p>", "level": 0}, {"value": "<p>6.4 \u00a0 \u00a0Notwithstanding the other provisions of this Section 6, we may retain your personal data where such retention is necessary for compliance with a legal obligation to which we are subject, or in order to protect your vital interests or the vital interests of another natural person.</p>", "level": 0}], [{"value": "<p><strong>7.\u00a0\u00a0\u00a0\u00a0\u00a0 Amendments</strong></p>", "level": 1}, {"value": "<p>7.1\u00a0\u00a0\u00a0 We may update this policy from time to time by publishing a new version on our website.</p>", "level": 0}, {"value": "<p>7.2\u00a0\u00a0\u00a0 You should check this page occasionally to ensure you are happy with any changes to this policy.</p>", "level": 0}], [{"value": "<p><strong>8.\u00a0\u00a0\u00a0\u00a0\u00a0 Your rights</strong></p>", "level": 1}, {"value": "<p>8.1\u00a0\u00a0\u00a0 In this Section 8, we have summarised the rights that you have under data protection law. Some of the rights are complex, and not all of the details have been included in our summaries. Accordingly, you should read the relevant laws and guidance from the regulatory authorities for a full explanation of these rights.</p>", "level": 0}, {"value": "<p>8.2\u00a0\u00a0\u00a0 Your principal rights under data protection law are:</p>", "level": 0}, {"value": "<p>(a)\u00a0\u00a0\u00a0 the right to access;</p>", "level": 0}, {"value": "<p>(b)\u00a0\u00a0\u00a0 the right to rectification;</p>", "level": 0}, {"value": "<p>(c)\u00a0\u00a0\u00a0 the right to erasure;</p>", "level": 0}, {"value": "<p>(d)\u00a0\u00a0\u00a0 the right to restrict processing;</p>", "level": 0}, {"value": "<p>(e)\u00a0\u00a0\u00a0 the right to object to processing;</p>", "level": 0}, {"value": "<p>(f)\u00a0\u00a0\u00a0 the right to data portability;</p>", "level": 0}, {"value": "<p>(g)\u00a0\u00a0\u00a0 the right to complain to a supervisory authority; and</p>", "level": 0}, {"value": "<p>(h)\u00a0\u00a0\u00a0 the right to withdraw consent.</p>", "level": 0}, {"value": "<p>8.3\u00a0\u00a0\u00a0 You have the right to confirmation as to whether or not we process your personal data and, where we do, access to the personal data, together with certain additional information. That additional information includes details of the purposes of the processing, the categories of personal data concerned and the recipients of the personal data. Providing the rights and freedoms of others are not affected, we will supply to you a copy of your personal data. The first copy will be provided free of charge, but additional copies may be subject to a reasonable fee.</p>", "level": 0}, {"value": "<p>8.4\u00a0\u00a0\u00a0 You have the right to have any inaccurate personal data about you rectified and, taking into account the purposes of the processing, to have any incomplete personal data about you completed.</p>", "level": 0}, {"value": "<p>8.5\u00a0\u00a0\u00a0 In some circumstances you have the right to the erasure of your personal data without undue delay. Those circumstances include: the personal data are no longer necessary in relation to the purposes for which they were collected or otherwise processed; you withdraw consent to consent-based processing; you object to the processing under certain rules of applicable data protection law; the processing is for direct marketing purposes; and the personal data have been unlawfully processed. However, there are exclusions of the right to erasure. The general exclusions include where processing is necessary: for exercising the right of freedom of expression and information; for compliance with a legal obligation; or for the establishment, exercise or defence of legal claims.</p>", "level": 0}, {"value": "<p>8.6\u00a0\u00a0\u00a0 In some circumstances you have the right to restrict the processing of your personal data. Those circumstances are: you contest the accuracy of the personal data; processing is unlawful but you oppose erasure; we no longer need the personal data for the purposes of our processing, but you require personal data for the establishment, exercise or defence of legal claims; and you have objected to processing, pending the verification of that objection. Where processing has been restricted on this basis, we may continue to store your personal data. However, we will only otherwise process it: with your consent; for the establishment, exercise or defence of legal claims; for the protection of the rights of another natural or legal person; or for reasons of important public interest.</p>", "level": 0}, {"value": "<p>8.7\u00a0\u00a0\u00a0 You have the right to object to our processing of your personal data on grounds relating to your particular situation, but only to the extent that the legal basis for the processing is that the processing is necessary for: the performance of a task carried out in the public interest or in the exercise of any official authority vested in us; or the purposes of the legitimate interests pursued by us or by a third party. If you make such an objection, we will cease to process the personal information unless we can demonstrate compelling legitimate grounds for the processing which override your interests, rights and freedoms, or the processing is for the establishment, exercise or defence of legal claims.</p>", "level": 0}, {"value": "<p>8.8\u00a0\u00a0\u00a0 You have the right to object to our processing of your personal data for direct marketing purposes (including profiling for direct marketing purposes). If you make such an objection, we will cease to process your personal data for this purpose.</p>", "level": 0}, {"value": "<p>8.9\u00a0\u00a0\u00a0 You have the right to object to our processing of your personal data for scientific or historical research purposes or statistical purposes on grounds relating to your particular situation, unless the processing is necessary for the performance of a task carried out for reasons of public interest.</p>", "level": 0}, {"value": "<p>8.10\u00a0 To the extent that the legal basis for our processing of your personal data is:</p>", "level": 0}, {"value": "<p>(a)\u00a0\u00a0\u00a0 consent; or</p>", "level": 0}, {"value": "<p>(b)\u00a0\u00a0\u00a0 that the processing is necessary for the performance of a contract to which you are party or in order to take steps at your request prior to entering into a contract,</p>", "level": 0}, {"value": "<p>and such processing is carried out by automated means, you have the right to receive your personal data from us in a structured, commonly used and machine-readable format. However, this right does not apply where it would adversely affect the rights and freedoms of others.</p>", "level": 0}, {"value": "<p>8.11\u00a0 If you consider that our processing of your personal information infringes data protection laws, you have a legal right to lodge a complaint with a supervisory authority responsible for data protection. You may do so in the EU member state of your habitual residence, your place of work or the place of the alleged infringement.</p>", "level": 0}, {"value": "<p>8.12\u00a0 To the extent that the legal basis for our processing of your personal information is consent, you have the right to withdraw that consent at any time. Withdrawal will not affect the lawfulness of processing before the withdrawal.</p>", "level": 0}, {"value": "<p>8.13\u00a0 You may exercise any of your rights in relation to your personal data by contacting us using any of the methods below.</p>", "level": 0}], [{"value": "<p><strong>9.\u00a0\u00a0\u00a0\u00a0\u00a0 This section intentionally omitted</strong></p>", "level": 1}], [{"value": "<p><strong>10.\u00a0\u00a0\u00a0\u00a0\u00a0 This section intentionally omitted</strong></p>", "level": 1}], [{"value": "<p><strong>11.\u00a0\u00a0\u00a0\u00a0\u00a0 This section intentionally omitted</strong></p>", "level": 1}], [{"value": "<p class=\"Level1Heading\"><strong>12.\u00a0\u00a0\u00a0 Managing cookies</strong></p>", "level": 1}, {"value": "<p class=\"Level2Number\">12.1\u00a0 Most browsers allow you to refuse to accept cookies and to delete cookies. The methods for doing so vary from browser to browser, and from version to version. You can however obtain up-to-date information about blocking and deleting cookies via these links:</p>", "level": 0}, {"value": "<p class=\"Level3Number\">(a)\u00a0\u00a0\u00a0 <a href=\"https://support.google.com/chrome/answer/95647?hl=en\">https://support.google.com/chrome/answer/95647?hl=en</a>(Chrome);</p>", "level": 0}, {"value": "<p class=\"Level3Number\">(b)\u00a0\u00a0\u00a0 <a href=\"https://support.mozilla.org/en-US/kb/enable-and-disable-cookies-website-preferences\">https://support.mozilla.org/en-US/kb/enable-and-disable-cookies-website-preferences</a>(Firefox);</p>", "level": 0}, {"value": "<p class=\"Level3Number\">(c)\u00a0\u00a0\u00a0 <a href=\"http://www.opera.com/help/tutorials/security/cookies/\">http://www.opera.com/help/tutorials/security/cookies/</a>(Opera);</p>", "level": 0}, {"value": "<p class=\"Level3Number\">(d)\u00a0\u00a0\u00a0 <a href=\"https://support.microsoft.com/en-gb/help/17442/windows-internet-explorer-delete-manage-cookies\">https://support.microsoft.com/en-gb/help/17442/windows-internet-explorer-delete-manage-cookies</a>(Internet Explorer);</p>", "level": 0}, {"value": "<p class=\"Level3Number\">(e)\u00a0\u00a0\u00a0 <a href=\"https://support.apple.com/kb/PH21411\">https://support.apple.com/kb/PH21411</a>(Safari); and</p>", "level": 0}, {"value": "<p class=\"Level3Number\">(f)\u00a0\u00a0\u00a0 <a href=\"https://privacy.microsoft.com/en-us/windows-10-microsoft-edge-and-privacy\">https://privacy.microsoft.com/en-us/windows-10-microsoft-edge-and-privacy</a>(Edge).</p>", "level": 0}, {"value": "<p class=\"Level2Number\">12.2\u00a0 Blocking all cookies will have a negative impact upon the usability of many websites.</p>", "level": 0}, {"value": "<p class=\"Level2Number\">12.3\u00a0 If you block cookies, you will not be able to use all the features on our website.</p>", "level": 0}], [{"value": "<p><strong>13.\u00a0\u00a0\u00a0 Our details</strong></p>", "level": 1}, {"value": "<p>13.1\u00a0 This website is owned and operated, and our apps are developed/published, by Pleco Inc.</p>", "level": 0}, {"value": "<p>13.2\u00a0 We are registered in the state of Delaware, USA under registration number 3226860, and our registered agent in the state of Delaware is Agents &amp; Corporations,\u00a01201 N. Orange St, Suite 600,\u00a0Wilmington, New Castle County, Delaware 19801.</p>", "level": 0}, {"value": "<p>13.3\u00a0 Our principal place of business is in Wilton, Connecticut, USA.</p>", "level": 0}, {"value": "<p>13.4\u00a0 You can contact us:</p>", "level": 0}, {"value": "<p>(a) \u00a0 by mail, at P.O. Box 163, Wilton, CT 06897</p>", "level": 0}, {"value": "<p>(b) \u00a0 using our <a href=\"http://www.pleco.com/contact-us/\">website contact form</a></p>", "level": 0}, {"value": "<p>(c) \u00a0 by email, at <a href=\"mailto:support@pleco.com\">support@pleco.com</a></p>", "level": 0}, {"value": "<footer class=\"site-footer\" itemscope=\"\" itemtype=\"https://schema.org/WPFooter\"><div class=\"wrap\"><p>Copyright \u00a9 2018 Pleco Inc.</p><p><a class=\"gfb-privacy-policy\" href=\"http://www.pleco.com/privacy-policy/\" title=\"Privacy\">Privacy</a> | <a href=\"/contact-us/\">Contact</a> | <a href=\"/mailing-list/\">Mailing List</a> | <a href=\"https://facebook.com/plecosoft\">Facebook</a> | <a href=\"https://twitter.com/plecosoft\">Twitter</a></p></div></footer>", "level": 0}]]