[[{"value": "<h1 dir=\"auto\" id=\"dev_page_title\">Telegram Privacy Policy</h1>", "level": 9}], [{"value": "<h3><a class=\"anchor\" href=\"#1-introduction\" name=\"1-introduction\"><i class=\"anchor-icon\"></i></a>1. Introduction</h3>", "level": 7}, {"value": "<p>This Privacy Policy sets out how we, Telegram Messenger Inc. <strong>(\u201cTelegram\u201d)</strong>, use and protect your personal data that you provide to us, or that is otherwise obtained or generated by us, in connection with your use of our cloud-based messaging services (the <strong>\u201cServices\u201d</strong>). For the purposes of this Privacy Policy, <strong>\u2018we\u2019</strong>, <strong>\u2018us\u2019</strong> and <strong>\u2018our\u2019</strong> refers to Telegram, and <strong>\u2018you\u2019</strong> refers to you, the user of the Services.</p>", "level": 0}], [{"value": "<h4><a class=\"anchor\" href=\"#1-1-privacy-principles\" name=\"1-1-privacy-principles\"><i class=\"anchor-icon\"></i></a>1.1 Privacy Principles</h4>", "level": 6}, {"value": "<p>Telegram has two fundamental principles when it comes to collecting and processing private data:</p>", "level": 0}, {"value": "<ul>\n<li>We don't use your data to show you ads.</li>\n<li>We only store the data that Telegram needs to function as a secure and feature-rich messaging service.</li>\n</ul>", "level": 0}], [{"value": "<h4><a class=\"anchor\" href=\"#1-2-terms-of-service\" name=\"1-2-terms-of-service\"><i class=\"anchor-icon\"></i></a>1.2. Terms of Service</h4>", "level": 6}, {"value": "<p>This Privacy Policy forms part of our Terms of Service, which describes the terms under which you use our Services and which are available at <strong><a href=\"https://telegram.org/tos\"></a><a href=\"https://telegram.org/tos\">https://telegram.org/tos</a></strong>. This Privacy Policy should therefore be read in conjunction with those terms.</p>", "level": 0}], [{"value": "<h4><a class=\"anchor\" href=\"#1-3-table-of-contents\" name=\"1-3-table-of-contents\"><i class=\"anchor-icon\"></i></a>1.3. Table of Contents</h4>", "level": 6}, {"value": "<p>This Privacy Policy explains the following:</p>", "level": 0}, {"value": "<ul>\n<li><a href=\"#2-legal-ground-for-processing-your-personal-data\">the legal basis for processing your personal data;</a></li>\n<li><a href=\"#3-what-personal-data-we-use\">what personal data we may collect from you;</a></li>\n<li><a href=\"#4-keeping-your-personal-data-safe\">how we keep your personal data safe;</a></li>\n<li><a href=\"#5-processing-your-personal-data\">what we may use your personal data for;</a></li>\n<li><a href=\"#8-who-your-personal-data-may-be-shared-with\">who your personal data may be shared with;</a> and </li>\n<li><a href=\"#9-your-rights-regarding-the-personal-data-you-provide-to-us\">your rights regarding your personal data.</a></li>\n</ul>", "level": 0}], [{"value": "<h4><a class=\"anchor\" href=\"#1-4-eea-representative\" name=\"1-4-eea-representative\"><i class=\"anchor-icon\"></i></a>1.4. EEA Representative</h4>", "level": 6}, {"value": "<p>If you live in a country in the <a href=\"https://en.wikipedia.org/wiki/European_Economic_Area\">European Economic Area</a> (EEA), the Services are provided by Telegram, which for the purposes of applicable data protection legislation is the data controller responsible for your personal data when you use our Services. However, as Telegram is located outside the EEA, we have designated one of our EEA-based group companies, Telegram UK Holdings Ltd. (of <em>C/O Skadden, Arps, Slate, Meagher &amp; Flom (UK) LLP 40 Bank Street, London, United Kingdom E14 5DS</em>), as a representative to whom you may direct any issues you have relating to our processing of your personal data. </p>", "level": 0}], [{"value": "<h3><a class=\"anchor\" href=\"#2-legal-ground-for-processing-your-personal-data\" name=\"2-legal-ground-for-processing-your-personal-data\"><i class=\"anchor-icon\"></i></a>2. Legal Ground for Processing Your Personal Data</h3>", "level": 7}, {"value": "<p>We process your personal data on the ground that such processing is necessary to further our legitimate interests (including: <em>(1)</em> providing effective and innovative Services to our users; and <em>(2)</em> to detect, prevent or otherwise address fraud or security issues in respect of our provision of Services), unless those interests are overridden by your interest or fundamental rights and freedoms that require protections of personal data.</p>", "level": 0}], [{"value": "<h3><a class=\"anchor\" href=\"#3-what-personal-data-we-use\" name=\"3-what-personal-data-we-use\"><i class=\"anchor-icon\"></i></a>3. What Personal Data We Use</h3>", "level": 7}], [{"value": "<h4><a class=\"anchor\" href=\"#3-1-basic-account-data\" name=\"3-1-basic-account-data\"><i class=\"anchor-icon\"></i></a>3.1. Basic Account Data</h4>", "level": 6}, {"value": "<p>Telegram is a communication service. You provide your mobile number and basic account data (which may include profile name, profile picture and about information) to create a Telegram account.</p>", "level": 0}, {"value": "<p>To make it easier for your contacts and other people to reach you and recognize who you are, the screen name you choose, your profile pictures, and your <a href=\"https://telegram.org/faq#usernames-and-t-me\">username</a> (should you choose to set one) on Telegram are always public. We don't want to know your real name, gender, age or what you like. </p>", "level": 0}, {"value": "<p>We do <strong>not</strong> require your screen name to be your real name. Note that users who have you in their contacts will see you by the name they saved and not by your screen name. This way your mother can have the public name \u2018Johnny Depp\u2019 while appearing as \u2018Mom\u2019 to you and as \u2018Boss\u2019 to her underlings at work (or the other way around, depending on how these relationships are structured).</p>", "level": 0}], [{"value": "<h4><a class=\"anchor\" href=\"#3-2-your-e-mail-address\" name=\"3-2-your-e-mail-address\"><i class=\"anchor-icon\"></i></a>3.2. Your E-mail Address</h4>", "level": 6}, {"value": "<p>When you enable 2-step-verification for your account or store documents using the Telegram Passport feature, you can opt to set up a password recovery email. This address will only be used to send you a password recovery code if you forget it. That's right: no marketing or \u201cwe miss you\u201d bullshit.</p>", "level": 0}], [{"value": "<h4><a class=\"anchor\" href=\"#3-3-your-messages\" name=\"3-3-your-messages\"><i class=\"anchor-icon\"></i></a>3.3. Your Messages</h4>", "level": 6}], [{"value": "<h5><a class=\"anchor\" href=\"#3-3-1-cloud-chats\" name=\"3-3-1-cloud-chats\"><i class=\"anchor-icon\"></i></a>3.3.1. Cloud Chats</h5>", "level": 5}, {"value": "<p>Telegram is a cloud service. We store messages, photos, videos and documents from your <em>cloud chats</em> on our servers so that you can access your data from any of your devices anytime without having to rely on third-party backups. All data is stored heavily encrypted and the encryption keys in each case are stored in several other data centers in different jurisdictions. This way local engineers or physical intruders cannot get access to user data.</p>", "level": 0}], [{"value": "<h5><a class=\"anchor\" href=\"#3-3-2-secret-chats\" name=\"3-3-2-secret-chats\"><i class=\"anchor-icon\"></i></a>3.3.2. Secret Chats</h5>", "level": 5}, {"value": "<p><em>Secret chats</em> use end-to-end encryption. This means that all data is encrypted with a key that only you and the recipient know. There is <strong>no way</strong> for us or anybody else without direct access to your device to learn what content is being sent in those messages. We do not store your secret chats on our servers. We also do not keep any logs for messages in secret chats, so after a short period of time we no longer know who or when you messaged via secret chats. For the same reasons secret chats are not available in the cloud \u2014 you can only access those messages from the device they were sent <em>to</em> or <em>from</em>.</p>", "level": 0}], [{"value": "<h5><a class=\"anchor\" href=\"#3-3-3-media-in-secret-chats\" name=\"3-3-3-media-in-secret-chats\"><i class=\"anchor-icon\"></i></a>3.3.3. Media in Secret Chats</h5>", "level": 5}, {"value": "<p>When you send photos, videos or files via secret chats, before being uploaded, each item is encrypted with a separate key, not known to the server. This key and the file\u2019s location are then encrypted again, this time with the secret chat\u2019s key \u2014 and sent to your recipient. They can then download and decipher the file. This means that the file is technically on one of Telegram\u2019s servers, but it looks like a piece of random indecipherable garbage to everyone except for you and the recipient. We don\u2019t know what this random data stands for and we have no idea which particular chat it belongs to. We periodically purge this random data from our servers to save disk space.</p>", "level": 0}], [{"value": "<h5><a class=\"anchor\" href=\"#3-3-4-public-chats\" name=\"3-3-4-public-chats\"><i class=\"anchor-icon\"></i></a>3.3.4. Public Chats</h5>", "level": 5}, {"value": "<p>In addition to private messages, Telegram also supports public channels and public groups. All public chats are cloud chats (see <a href=\"#3-3-1-cloud-chats\">section 3.1.1 above</a>). Like everything on Telegram, the data you post in public communities is encrypted, both in storage and in transit \u2014 but everything you post in public will be accessible to everyone.</p>", "level": 0}], [{"value": "<h5><a class=\"anchor\" href=\"#3-3-5-phone-number-and-contacts\" name=\"3-3-5-phone-number-and-contacts\"><i class=\"anchor-icon\"></i></a>3.3.5. Phone Number and Contacts</h5>", "level": 5}, {"value": "<p>Telegram uses phone numbers as unique identifiers so that it is easy for you to switch from SMS and other messaging apps and retain your social graph. We ask your permission before syncing your contacts.</p>", "level": 0}, {"value": "<p>We store your up-to-date contacts in order to notify you as soon as one of your contacts signs up for Telegram and to properly display names in notifications. We only need the number and name (first and last) for this to work and store no other data about your contacts.</p>", "level": 0}, {"value": "<p>Our automatic algorithms can also use anonymized sets of phone numbers to calculate the average number of potential contacts an unregistered phone number may have on Telegram. When you open the \u2018Invite friends\u2019 interface, we display the resulting statistics next to your contacts to give you an idea of who could benefit most from joining Telegram. </p>", "level": 0}, {"value": "<p>You can always stop syncing contacts or delete them from our servers in Settings &gt; Privacy &amp; Security &gt; Data Settings.</p>", "level": 0}], [{"value": "<h5><a class=\"anchor\" href=\"#3-3-6-cookies\" name=\"3-3-6-cookies\"><i class=\"anchor-icon\"></i></a>3.3.6. Cookies</h5>", "level": 5}, {"value": "<p>The only cookies we use are those to operate and provide our Services on the web. We do not use cookies for profiling or advertising. The cookies we use are small text files that allow us to provide and customize our Services, and in doing so provide you with an enhanced user experience. Your browser should allow you to control these cookies, including whether or not to accept them and how to remove them. You may choose to block cookies with your web browser, however, if you do disable these cookies you will not be able to log in to Telegram Web.</p>", "level": 0}], [{"value": "<h3><a class=\"anchor\" href=\"#4-keeping-your-personal-data-safe\" name=\"4-keeping-your-personal-data-safe\"><i class=\"anchor-icon\"></i></a>4. Keeping Your Personal Data Safe</h3>", "level": 7}], [{"value": "<h4><a class=\"anchor\" href=\"#4-1-storing-data\" name=\"4-1-storing-data\"><i class=\"anchor-icon\"></i></a>4.1. Storing Data</h4>", "level": 6}, {"value": "<p>If you signed up for Telegram from the UK or the EEA, your data is stored in data centers in the Netherlands. These are third-party provided data centers in which Telegram rents a designated space. However, the servers and networks that sit inside these data centers and on which your personal data is stored are owned by Telegram. As such, we do not share your personal data with such data centers. All data is stored heavily encrypted so that local Telegram engineers or physical intruders cannot get access.</p>", "level": 0}], [{"value": "<h4><a class=\"anchor\" href=\"#4-2-end-to-end-encrypted-data\" name=\"4-2-end-to-end-encrypted-data\"><i class=\"anchor-icon\"></i></a>4.2. End-to-End Encrypted Data</h4>", "level": 6}, {"value": "<p>Your messages, media and files from secret chats (see <a href=\"#3-3-2-secret-chats\">section 3.3.2</a> above), as well as the contents of your calls and the data you store in your <a href=\"https://telegram.org/blog/passport\">Telegram Passport</a> are processed only on your device and on the device of your recipient. Before this data reaches our servers, it is encrypted with a key known only to you and the recipient. While Telegram servers will handle this end-to-end encrypted data to deliver it to the recipient \u2013 or store it in the case of Telegram Passport data, we have no ways of deciphering the actual information. In this case, we neither store nor process your personal data, rather we store and process random sequences of symbols that have no meaning without the keys which we don\u2019t have.</p>", "level": 0}], [{"value": "<h4><a class=\"anchor\" href=\"#4-3-retention\" name=\"4-3-retention\"><i class=\"anchor-icon\"></i></a>4.3. Retention</h4>", "level": 6}, {"value": "<p>Unless stated otherwise in this Privacy Policy, the personal data that you provide us will only be stored for as long as it is necessary for us to fulfill our obligations in respect of the provision of the Services.</p>", "level": 0}], [{"value": "<h3><a class=\"anchor\" href=\"#5-processing-your-personal-data\" name=\"5-processing-your-personal-data\"><i class=\"anchor-icon\"></i></a>5. Processing Your Personal Data</h3>", "level": 7}], [{"value": "<h4><a class=\"anchor\" href=\"#5-1-our-services\" name=\"5-1-our-services\"><i class=\"anchor-icon\"></i></a>5.1. Our Services</h4>", "level": 6}, {"value": "<p>Telegram is a cloud service. We will process your data to deliver your cloud chat history, including messages, media and files, to any devices of your choosing without a need for you to use third-party backups or cloud storage.</p>", "level": 0}], [{"value": "<h4><a class=\"anchor\" href=\"#5-2-safety-and-security\" name=\"5-2-safety-and-security\"><i class=\"anchor-icon\"></i></a>5.2. Safety and Security</h4>", "level": 6}, {"value": "<p>Telegram supports massive communities which we have to police against abuse and Terms of Service violations. Telegram also has more than <a href=\"https://telegram.org/blog/200-million\">200 million</a> users which makes it a lucrative target for spammers. To improve the security of your account, as well as to prevent <a href=\"https://telegram.org/faq_spam\">spam</a>, abuse, and other violations of our Terms of Service, we may collect metadata such as your IP address, devices and Telegram apps you've used, history of username changes, etc. If collected, this metadata can be kept for 12 months maximum.</p>", "level": 0}], [{"value": "<h4><a class=\"anchor\" href=\"#5-3-spam-and-abuse\" name=\"5-3-spam-and-abuse\"><i class=\"anchor-icon\"></i></a>5.3. Spam and Abuse</h4>", "level": 6}, {"value": "<p>To prevent phishing, spam and other kinds of abuse and violations of Telegram\u2019s Terms of Service, our moderators may check messages that were reported to them by their recipients. If a spam report on a message you sent is confirmed by our moderators, your account may be limited from contacting strangers \u2013 temporarily or permanently. You can send an appeal using <a href=\"https://t.me/spambot\">@Spambot</a>. In case of more serious violations, your account may be banned. We may also use automated algorithms to analyze messages in cloud chats to stop spam and phishing.</p>", "level": 0}], [{"value": "<h4><a class=\"anchor\" href=\"#5-4-cross-device-functionality\" name=\"5-4-cross-device-functionality\"><i class=\"anchor-icon\"></i></a>5.4. Cross-Device Functionality</h4>", "level": 6}, {"value": "<p>We may also store some aggregated metadata to create Telegram features (see <a href=\"#5-5-advanced-features\">section 5.5</a> below) that work across all your devices.</p>", "level": 0}], [{"value": "<h4><a class=\"anchor\" href=\"#5-5-advanced-features\" name=\"5-5-advanced-features\"><i class=\"anchor-icon\"></i></a>5.5. Advanced features</h4>", "level": 6}, {"value": "<p>We may use some aggregated data about how you use Telegram to build useful features. For example, when you open the Search menu, Telegram displays the people you are more likely to message in a box at the top of the screen. To do this, we calculate a rating that shows which people you message frequently. A similar rating is calculated for inline bots so that the app can suggest the bots you are most likely to use in the attachment menu (or when you start a new message with \u201c@\u201d). To turn this feature off and delete the relevant data, go to Settings &gt; Privacy &amp; Security &gt; Data Settings and disable \u201cSuggest Frequent Contacts\u201d.</p>", "level": 0}], [{"value": "<h4><a class=\"anchor\" href=\"#5-6-no-ads\" name=\"5-6-no-ads\"><i class=\"anchor-icon\"></i></a>5.6. No Ads</h4>", "level": 6}, {"value": "<p>Unlike other services, we don't use your data for ad targeting or other commercial purposes. Telegram only stores the information it needs to function as a secure and feature-rich cloud service. </p>", "level": 0}], [{"value": "<h3><a class=\"anchor\" href=\"#6-bot-messages\" name=\"6-bot-messages\"><i class=\"anchor-icon\"></i></a>6. Bot Messages</h3>", "level": 7}], [{"value": "<h4><a class=\"anchor\" href=\"#6-1-ecosystem\" name=\"6-1-ecosystem\"><i class=\"anchor-icon\"></i></a>6.1. Ecosystem</h4>", "level": 6}, {"value": "<p>Telegram has an API that allows third-party developers to create <a href=\"https://core.telegram.org/bots\">bots</a>. Bots are apps that look like special Telegram users: you can talk to them from your chats list, add them to groups or use a special <a href=\"https://telegram.org/blog/inline-bots\">\u201cinline\u201d</a> interface to access their features. By performing any of these actions, you will be sending some of your data to the respective third-party bot developers.</p>", "level": 0}], [{"value": "<h4><a class=\"anchor\" href=\"#6-2-how-bots-can-receive-data\" name=\"6-2-how-bots-can-receive-data\"><i class=\"anchor-icon\"></i></a>6.2. How Bots Can Receive Data</h4>", "level": 6}, {"value": "<p>You can send data to bot developers when you interact with their bots in one of these ways:</p>", "level": 0}, {"value": "<ul>\n<li>By sending messages to a bot.</li>\n<li>By using an <a href=\"https://telegram.org/blog/inline-bots\">inline bot</a>.</li>\n<li>By participating in a group with a bot.</li>\n<li>By pressing buttons in messages sent by a bot.</li>\n<li>By paying for goods and services via bots (see <a href=\"#7-third-party-payment-services\">section 7</a> below).</li>\n</ul>", "level": 0}], [{"value": "<h4><a class=\"anchor\" href=\"#6-3-what-data-bots-receive\" name=\"6-3-what-data-bots-receive\"><i class=\"anchor-icon\"></i></a>6.3. What Data Bots Receive</h4>", "level": 6}, {"value": "<p>In any of the above cases, the developers of an automated user (bot) can get your public account data (see <a href=\"#3-1-basic-account-data\">section 3.1</a> above): your screen name, username and profile picture(s).</p>", "level": 0}, {"value": "<p>Bots can also receive the following data when you <strong>interact</strong> with them.</p>", "level": 0}, {"value": "<ul>\n<li>Bots will obviously get your messages when you send them something.</li>\n<li>If you click on links or buttons provided by the bot, the bot can potentially get your IP address (provided that it controls the website to which the link leads). </li>\n<li>If the bot is a member of the same group with you, it may know you are a member.</li>\n<li>When you start your message with the username of an <a href=\"https://telegram.org/blog/inline-bots\">inline bot</a> (e.g. <a href=\"https://t.me/gif\">@gif</a>) the interface transforms so that everything you type becomes a query to that bot. This query is sent to the bot so that it can provide its service. We will warn you about this the first time you use an inline bot.</li>\n<li>Bots added to groups can operate in two modes: with access to messages in the group or <a href=\"https://core.telegram.org/bots#privacy-mode\">without access</a>. If the bot has access to messages, it can see everything that happens in the group. The interface clearly shows whether or not a bot has access to messages in groups.</li>\n</ul>", "level": 0}], [{"value": "<h4><a class=\"anchor\" href=\"#6-4-bots-are-not-maintained-by-telegram\" name=\"6-4-bots-are-not-maintained-by-telegram\"><i class=\"anchor-icon\"></i></a>6.4. Bots Are Not Maintained by Telegram</h4>", "level": 6}, {"value": "<p>Other than our own bots, no other bots or third-party bot developers are affiliated with Telegram. They are completely independent from us. They should ask you for your permission before they access your data or you make it available to them.</p>", "level": 0}], [{"value": "<h3><a class=\"anchor\" href=\"#7-third-party-payment-services\" name=\"7-third-party-payment-services\"><i class=\"anchor-icon\"></i></a>7. Third Party Payment Services</h3>", "level": 7}], [{"value": "<h4><a class=\"anchor\" href=\"#7-1-payment-information\" name=\"7-1-payment-information\"><i class=\"anchor-icon\"></i></a>7.1. Payment Information</h4>", "level": 6}, {"value": "<p>The <a href=\"https://core.telegram.org/bots/payments\">Payment Platform for Bots</a> is available to users as of <a href=\"https://telegram.org/blog/payments\">Telegram 4.0</a>. Telegram does not process payments from users and instead relies on different payment providers around the world. It is the payment providers that handle and store your credit card details. Neither Telegram nor the merchants on the platform (bot developers) have access to this information. Although we work with payment providers they are completely independent from Telegram. Please study their relevant privacy policies before making your data available to them. </p>", "level": 0}], [{"value": "<h4><a class=\"anchor\" href=\"#7-2-credit-card-information\" name=\"7-2-credit-card-information\"><i class=\"anchor-icon\"></i></a>7.2. Credit Card Information</h4>", "level": 6}, {"value": "<p>When making a purchase, you enter your credit card details into a form supplied by the payment provider that will be processing the payment, and this information goes directly to the payment provider\u2018s server. Your credit card information never reaches Telegram\u2019s servers. We do not access and do not store your credit card information. When you save your credit card info, it is saved on the respective payment provider's servers and the payment provider gives Telegram a <em>token</em> that you can reuse for future payments. It is not possible to reconstruct your credit card info from the token.</p>", "level": 0}], [{"value": "<h4><a class=\"anchor\" href=\"#7-3-shipping-information\" name=\"7-3-shipping-information\"><i class=\"anchor-icon\"></i></a>7.3 Shipping Information</h4>", "level": 6}, {"value": "<p>When you enter shipping information in the process of placing an order, we send it directly to the merchant bot developer. We can store your shipping information for you if you choose to save it for future purchases. We will delete this information immediately if you ask us to.</p>", "level": 0}], [{"value": "<h4><a class=\"anchor\" href=\"#7-4-clearing-payment-information\" name=\"7-4-clearing-payment-information\"><i class=\"anchor-icon\"></i></a>7.4. Clearing Payment Information</h4>", "level": 6}, {"value": "<p>You can clear all payment information associated with your account at any time by going to Telegram Settings &gt; Privacy &amp; Security &gt; Data Settings and selecting \u2018Clear Payment &amp; Shipping Info\u2019. If you choose to remove your payment information, we will delete your stored shipping info and payment tokens from all providers and ask the payment providers to remove your credit card information that they store.</p>", "level": 0}], [{"value": "<h4><a class=\"anchor\" href=\"#7-5-payment-disputes\" name=\"7-5-payment-disputes\"><i class=\"anchor-icon\"></i></a>7.5. Payment Disputes</h4>", "level": 6}, {"value": "<p>Due to the fact that Telegram doesn't store any credit card details or transaction information, it is impossible for us to handle complaints or cashbacks \u2013 any disputed payments are the responsibility of the bot developers, payment providers, and banks that participated in the exchange.</p>", "level": 0}], [{"value": "<h3><a class=\"anchor\" href=\"#8-who-your-personal-data-may-be-shared-with\" name=\"8-who-your-personal-data-may-be-shared-with\"><i class=\"anchor-icon\"></i></a>8. Who Your Personal Data May Be Shared With</h3>", "level": 7}], [{"value": "<h4><a class=\"anchor\" href=\"#8-1-other-telegram-users\" name=\"8-1-other-telegram-users\"><i class=\"anchor-icon\"></i></a>8.1. Other Telegram Users</h4>", "level": 6}, {"value": "<p>Other users of our Services with whom you choose to communicate with and share certain information, who may be located outside the EEA. Note that by entering into the Terms of Service and choosing to communicate with such other users of Telegram, you are instructing us to transfer your personal data, on your behalf, to those users in accordance with this Privacy Policy. We employ all appropriate technical and organizational measures (including encryption of your personal data) to ensure a level of security for your personal data that is appropriate to the risk. </p>", "level": 0}], [{"value": "<h4><a class=\"anchor\" href=\"#8-2-telegrams-group-companies\" name=\"8-2-telegrams-group-companies\"><i class=\"anchor-icon\"></i></a>8.2. Telegram\u2019s Group Companies</h4>", "level": 6}, {"value": "<p>We may share your personal data with: <em>(1)</em> our parent company, Telegram Group Inc, located in the British Virgin Islands; and <em>(2)</em> Telegram FZ-LLC, a group member located in Dubai, to help provide, improve and support our Services. We will implement appropriate safeguards to protect the security and integrity of that personal data. This will take the form of standard contract clauses approved by the European Commission in an agreement between us and our relevant group companies. If you would like more information regarding these clauses, please contact us using the details in <a href=\"#12-questions-and-concerns\">section 12</a> below.</p>", "level": 0}], [{"value": "<h4><a class=\"anchor\" href=\"#8-3-law-enforcement-authorities\" name=\"8-3-law-enforcement-authorities\"><i class=\"anchor-icon\"></i></a>8.3. Law Enforcement Authorities</h4>", "level": 6}, {"value": "<p>If Telegram receives a court order that confirms you're a terror suspect, we may disclose your IP address and phone number to the relevant authorities. So far, this has never happened. When it does, we will include it in a semiannual transparency report published at: <a href=\"https://t.me/transparency\"></a><a href=\"https://t.me/transparency\">https://t.me/transparency</a>.</p>", "level": 0}], [{"value": "<h3><a class=\"anchor\" href=\"#9-your-rights-regarding-the-personal-data-you-provide-to-us\" name=\"9-your-rights-regarding-the-personal-data-you-provide-to-us\"><i class=\"anchor-icon\"></i></a>9. Your Rights Regarding the Personal Data You Provide to Us</h3>", "level": 7}], [{"value": "<h4><a class=\"anchor\" href=\"#9-1-your-rights\" name=\"9-1-your-rights\"><i class=\"anchor-icon\"></i></a>9.1. Your Rights</h4>", "level": 6}, {"value": "<p>Under applicable data protection legislation, in certain circumstances, you have rights concerning your personal data. You have a right to: <em>(1)</em> request a copy of all your personal data that we store and to transmit that copy to another data controller; <em>(2)</em> delete (see <a href=\"#10-deleting-data\">section 10</a> below) or amend your personal data; <em>(3)</em> restrict, or object to, the processing of your personal data; <em>(4)</em> correct any inaccurate or incomplete personal data we hold on you; and <em>(5)</em> lodge a complaint with national data protection authorities regarding our processing of your personal data.</p>", "level": 0}], [{"value": "<h4><a class=\"anchor\" href=\"#9-2-exercising-your-rights\" name=\"9-2-exercising-your-rights\"><i class=\"anchor-icon\"></i></a>9.2. Exercising Your Rights</h4>", "level": 6}, {"value": "<p>If you wish to exercise any of these rights, kindly contact us using the details in <a href=\"#12-questions-and-concerns\">section 12</a> below.</p>", "level": 0}], [{"value": "<h4><a class=\"anchor\" href=\"#9-3-data-settings\" name=\"9-3-data-settings\"><i class=\"anchor-icon\"></i></a>9.3. Data Settings</h4>", "level": 6}, {"value": "<p>You can control how your data is used (e.g., delete synced contacts) in <em>Settings &gt; Privacy &amp; Security &gt; Data Settings</em> (using one of our mobile apps). </p>", "level": 0}, {"value": "<p>Sadly, if you\u2018re generally not OK with Telegram\u2019s modest requirements, it won't be possible for us to provide you with our Services. You can delete your Telegram account by proceeding to the <a href=\"https://telegram.org/deactivate\">deactivation page</a>.</p>", "level": 0}], [{"value": "<h3><a class=\"anchor\" href=\"#10-deleting-data\" name=\"10-deleting-data\"><i class=\"anchor-icon\"></i></a>10. Deleting data</h3>", "level": 7}], [{"value": "<h4><a class=\"anchor\" href=\"#10-1-accounts\" name=\"10-1-accounts\"><i class=\"anchor-icon\"></i></a>10.1. Accounts</h4>", "level": 6}, {"value": "<p>If you would like to delete your account, you can do this on the <a href=\"https://telegram.org/deactivate\">deactivation page</a>. Deleting your account removes all messages, media, contacts and every other piece of data you store in the Telegram cloud. This action must be confirmed via your Telegram account and cannot be undone.</p>", "level": 0}], [{"value": "<h4><a class=\"anchor\" href=\"#10-2-messages\" name=\"10-2-messages\"><i class=\"anchor-icon\"></i></a>10.2. Messages</h4>", "level": 6}, {"value": "<ul>\n<li>In secret chats, deleting a message always instructs the app on the other end to delete it too.</li>\n<li>In cloud chats, you can choose to delete a message for all participants within at least 48 hours after sending. Otherwise, deleting a message will delete it from your message history. This means that a copy will stay on the server as part of your partner\u2018s message history. As soon as your partner deletes it too, it\u2019s gone forever.</li>\n<li>In <a href=\"https://telegram.org/blog/supergroups\">supergroups</a> and channels, deleting a message removes it for all participants. Note that deleted messages and original versions of edited messages from supergroups are stored for 48 hours after deletion in order to be shown in the <a href=\"https://telegram.org/blog/admin-revolution#recent-admin-actions\">admins log</a>.</li>\n</ul>", "level": 0}], [{"value": "<h4><a class=\"anchor\" href=\"#10-3-self-destructing-messages\" name=\"10-3-self-destructing-messages\"><i class=\"anchor-icon\"></i></a>10.3. Self-Destructing Messages</h4>", "level": 6}, {"value": "<p>Messages in Secret Chats can be ordered to <a href=\"/faq#q-how-do-self-destructing-messages-work\">self-destruct</a>. As soon as such a message is <a href=\"/faq#q-what-do-the-green-checks-mean\">read</a> (2 checks appear), the countdown starts. When the timer expires, both devices participating in a secret chat are instructed to delete the message (photo, video, etc.). Media with short timers (less than a minute) are shown with blurred previews. The timer is triggered when they are viewed.</p>", "level": 0}], [{"value": "<h4><a class=\"anchor\" href=\"#10-4-account-self-destruction\" name=\"10-4-account-self-destruction\"><i class=\"anchor-icon\"></i></a>10.4. Account Self-Destruction</h4>", "level": 6}, {"value": "<p>By default, if you stop using Telegram and do not come online for at least 6 months, your account will be deleted along with all messages, media, contacts and every other piece of data you store in the Telegram cloud. You can go to Settings to change the exact period after which your inactive account will self-destruct.</p>", "level": 0}], [{"value": "<h3><a class=\"anchor\" href=\"#11-changes-to-this-privacy-policy\" name=\"11-changes-to-this-privacy-policy\"><i class=\"anchor-icon\"></i></a>11. Changes to this Privacy Policy</h3>", "level": 7}, {"value": "<p>We will review and may update this Privacy Policy from time to time. Any changes to this Privacy Policy will become effective when we post the revised Privacy Policy on this page <strong><a href=\"https://telegram.org/privacy\">www.telegram.org/privacy</a></strong>. Please check our website frequently to see any updates or changes to our Privacy Policy, a summary of which we will set out below. </p>", "level": 0}, {"value": "<p>Important changes made to this Privacy Policy will be notified to you via Telegram. </p>", "level": 0}], [{"value": "<h3><a class=\"anchor\" href=\"#12-questions-and-concerns\" name=\"12-questions-and-concerns\"><i class=\"anchor-icon\"></i></a>12. Questions and concerns</h3>", "level": 7}, {"value": "<p>If you have any questions about privacy and our data policies, please contact our <a href=\"https://t.me/gdprbot\">@GDPRbot</a>. Use the <em>/access</em> command to learn how to get a copy of your Telegram data and use the <em>/contact</em> command to leave a request, which we will answer at the earliest opportunity.</p>", "level": 0}, {"value": "<p>Telegram is an open source project. You can examine more information on our:</p>", "level": 0}, {"value": "<ul>\n<li>API at: <a href=\"https://core.telegram.org/api\"></a><a href=\"https://core.telegram.org/api\">https://core.telegram.org/api</a>;  </li>\n<li>Bot Platform at: <a href=\"https://core.telegram.org/bots\"></a><a href=\"https://core.telegram.org/bots\">https://core.telegram.org/bots</a>; </li>\n<li>Protocol at: <a href=\"https://core.telegram.org/mtproto\"></a><a href=\"https://core.telegram.org/mtproto\">https://core.telegram.org/mtproto</a>; and</li>\n<li>Source Code at: <a href=\"https://telegram.org/apps#source-code\"></a><a href=\"https://telegram.org/apps#source-code\">https://telegram.org/apps#source-code</a>.</li>\n</ul>", "level": 0}, {"value": "<p><em>This policy has been expanded on August 14, 2018 to add information required by the EU data protection law.</em></p>", "level": 0}], [{"value": "<h5>Telegram</h5>", "level": 5}], [{"value": "<h5><a href=\"/faq\">About</a></h5>", "level": 5}, {"value": "<ul>\n<li><a href=\"/faq\">FAQ</a></li>\n<li><a href=\"/blog\">Blog</a></li>\n<li><a href=\"/press\">Press</a></li>\n</ul>", "level": 0}], [{"value": "<h5><a href=\"/apps#mobile-apps\">Mobile Apps</a></h5>", "level": 5}, {"value": "<ul>\n<li><a href=\"/dl/ios\">iPhone/iPad</a></li>\n<li><a href=\"/dl/android\">Android</a></li>\n<li><a href=\"/dl/wp\">Windows Phone</a></li>\n</ul>", "level": 0}], [{"value": "<h5><a href=\"/apps#desktop-apps\">Desktop Apps</a></h5>", "level": 5}, {"value": "<ul>\n<li><a href=\"//desktop.telegram.org/\">PC/Mac/Linux</a></li>\n<li><a href=\"//macos.telegram.org/\">macOS</a></li>\n<li><a href=\"/dl/web\">Web-browser</a></li>\n</ul>", "level": 0}], [{"value": "<h5><a href=\"//core.telegram.org/\">Platform</a></h5>", "level": 5}, {"value": "<ul>\n<li><a href=\"//core.telegram.org/api\">API</a></li>\n<li><a href=\"//translations.telegram.org/\">Translations</a></li>\n<li><a href=\"//instantview.telegram.org/\">Instant View</a></li>\n</ul>", "level": 0}, {"value": "<div class=\"footer_column\">\n<h5><a href=\"/faq\">About</a></h5>\n</div>", "level": 0}], [{"value": "<h5><a href=\"/faq\">About</a></h5>", "level": 5}], [{"value": "<h5><a href=\"/blog\">Blog</a></h5>", "level": 5}], [{"value": "<h5><a href=\"/apps\">Apps</a></h5>", "level": 5}], [{"value": "<h5><a href=\"//core.telegram.org/\">Platform</a></h5>", "level": 5}], [{"value": "<h5><a data-track=\"Follow/Twitter\" href=\"https://twitter.com/telegram\" onclick=\"trackDlClick(this, event)\" target=\"_blank\">Twitter</a></h5>", "level": 5}]]