[[{"value": "<h1 id=\"logo\">\n<a href=\"/en-us/\" rel=\"home\" title=\"Cheetah Mobile\">Cheetah Mobile</a>\n</h1>", "level": 9}, {"value": "<div id=\"menus\">\n<a href=\"/en-us/clean-master/\" onclick=\"ga('send', 'event', 'V3.menu.cm', 'click', 'cm',1);\" title=\"Clean Master\"><span class=\"cm\">Clean Master</span></a>\n<a href=\"/en-us/cm-security/\" onclick=\"ga('send', 'event', 'V3.menu.cms', 'click', 'cms',1);\" title=\"Security Master\"><span class=\"cms\">Security Master</span></a>\n<a href=\"/en-us/piano-tiles/\" onclick=\"ga('send', 'event', 'V3.menu.pt2', 'click', 'pt2',1);\" title=\"Piano Tiles 2\"><span class=\"pt2\">PIANO TILES 2</span></a>\n<a href=\"http://www.liveme.com/\" onclick=\"ga('send', 'event', 'V3.menu.lvm', 'click', 'lvm',1);\" target=\"_blank\" title=\"Live.me\"><span class=\"lvm\">LIVE.ME</span></a>\n<a href=\"#\" id=\"more\" onclick=\"ga('send', 'event', 'V3.menu.more'+__FROM, 'click', 'more',1);\"><span class=\"more\">More</span></a>\n</div>", "level": 0}, {"value": "<li class=\"menu-item clearfix\">\n<h2 class=\"menu-name\">Products</h2>\n<div class=\"menu-box clearfix\">\n<a href=\"/en-us/clean-master/\" onclick=\"ga('send', 'event', 'V3.menu.cm', 'click', 'cm',1);\"><span></span>Clean Master</a>\n<a href=\"/en-us/cm-security/\" onclick=\"ga('send', 'event', 'V3.menu.cms', 'click', 'cms',1);\"><span></span>Security Master</a>\n<a href=\"http://www.liveme.com/?f=cmcm\" onclick=\"ga('send', 'event', 'V3.menu.liveme', 'click', 'liveme',1);\" target=\"_blank\"><span></span>Live.me</a>\n<a href=\"/en-us/whatscall/\" onclick=\"ga('send', 'event', 'V3.menu.whatscall', 'click', 'whatscall',1);\"><span></span>WhatsCall</a>\n<a href=\"/en-us/piano-tiles/\" onclick=\"ga('send', 'event', 'V3.menu.pt2', 'click', 'pt2',1);\"><span></span>Piano Tiles 2</a>\n<a href=\"/en-us/photo-grid/\" onclick=\"ga('send', 'event', 'V3.menu.pg', 'click', 'pg',1);\" title=\"PhotoGrid\"><span></span>PhotoGrid</a>\n<a href=\"http://www.news-republic.com/\" onclick=\"ga('send', 'event', 'V3.menu.nrp', 'click', 'nrp',1);\" target=\"_blank\" title=\"News Republic\"><span></span>News Republic</a>\n<a href=\"/en-us/keyboard/\" onclick=\"ga('send', 'event', 'menu.keyboard', 'click', 'keyboard',1);\"><span></span>Cheetah Keyboard</a>\n<a href=\"/en-us/battery-doctor/\" onclick=\"ga('send', 'event', 'V3.menu.bd', 'click', 'bd',1);\" title=\"Battery Doctor\"><span></span>Battery Doctor</a>\n<a href=\"/en-us/cm-launcher/\" onclick=\"ga('send', 'event', 'V3.menu.cml', 'click', 'cml',1);\" title=\"CM Launcher\"><span></span>CM Launcher</a>\n<a href=\"/en-us/cm-browser/\" onclick=\"ga('send', 'event', 'V3.menu.cmbs', 'click', 'cmbs',1);\" title=\"CM Browser\"><span></span>CM Browser</a>\n<a href=\"/en-us/cm-locker/\" onclick=\"ga('send', 'event', 'V3.menu.cmlk', 'click', 'cmlk',1);\" title=\"CM Locker\"><span></span>CM Locker</a>\n<!-- a href=\"/en-us/cm-backup/\" title=\"CM Backup\" onClick=\"ga('send', 'event', 'V3.menu.cmbu', 'click', 'cmbu',1);\"><span></span>CM Backup</a -->\n<a href=\"/en-us/cm-behavior-cloud/\" onclick=\"ga('send', 'event', 'V3.menu.cmbc', 'click', 'cmbc',1);\" title=\"CM Behavior Cloud\"><span></span>CM Behavior Cloud</a>\n<a href=\"https://www.cleanmasterofficial.com/en-us/?f=cmweb\" onclick=\"ga('send', 'event', 'V3.menu.cmpc', 'click', 'cmpc',1);\"><span></span>Clean Master for PC</a>\n</div><!-- menu-box -->\n</li>", "level": 0}], [{"value": "<h2 class=\"menu-name\">Products</h2>", "level": 8}, {"value": "<div class=\"menu-box clearfix\">\n<a href=\"/en-us/clean-master/\" onclick=\"ga('send', 'event', 'V3.menu.cm', 'click', 'cm',1);\"><span></span>Clean Master</a>\n<a href=\"/en-us/cm-security/\" onclick=\"ga('send', 'event', 'V3.menu.cms', 'click', 'cms',1);\"><span></span>Security Master</a>\n<a href=\"http://www.liveme.com/?f=cmcm\" onclick=\"ga('send', 'event', 'V3.menu.liveme', 'click', 'liveme',1);\" target=\"_blank\"><span></span>Live.me</a>\n<a href=\"/en-us/whatscall/\" onclick=\"ga('send', 'event', 'V3.menu.whatscall', 'click', 'whatscall',1);\"><span></span>WhatsCall</a>\n<a href=\"/en-us/piano-tiles/\" onclick=\"ga('send', 'event', 'V3.menu.pt2', 'click', 'pt2',1);\"><span></span>Piano Tiles 2</a>\n<a href=\"/en-us/photo-grid/\" onclick=\"ga('send', 'event', 'V3.menu.pg', 'click', 'pg',1);\" title=\"PhotoGrid\"><span></span>PhotoGrid</a>\n<a href=\"http://www.news-republic.com/\" onclick=\"ga('send', 'event', 'V3.menu.nrp', 'click', 'nrp',1);\" target=\"_blank\" title=\"News Republic\"><span></span>News Republic</a>\n<a href=\"/en-us/keyboard/\" onclick=\"ga('send', 'event', 'menu.keyboard', 'click', 'keyboard',1);\"><span></span>Cheetah Keyboard</a>\n<a href=\"/en-us/battery-doctor/\" onclick=\"ga('send', 'event', 'V3.menu.bd', 'click', 'bd',1);\" title=\"Battery Doctor\"><span></span>Battery Doctor</a>\n<a href=\"/en-us/cm-launcher/\" onclick=\"ga('send', 'event', 'V3.menu.cml', 'click', 'cml',1);\" title=\"CM Launcher\"><span></span>CM Launcher</a>\n<a href=\"/en-us/cm-browser/\" onclick=\"ga('send', 'event', 'V3.menu.cmbs', 'click', 'cmbs',1);\" title=\"CM Browser\"><span></span>CM Browser</a>\n<a href=\"/en-us/cm-locker/\" onclick=\"ga('send', 'event', 'V3.menu.cmlk', 'click', 'cmlk',1);\" title=\"CM Locker\"><span></span>CM Locker</a>\n<!-- a href=\"/en-us/cm-backup/\" title=\"CM Backup\" onClick=\"ga('send', 'event', 'V3.menu.cmbu', 'click', 'cmbu',1);\"><span></span>CM Backup</a -->\n<a href=\"/en-us/cm-behavior-cloud/\" onclick=\"ga('send', 'event', 'V3.menu.cmbc', 'click', 'cmbc',1);\" title=\"CM Behavior Cloud\"><span></span>CM Behavior Cloud</a>\n<a href=\"https://www.cleanmasterofficial.com/en-us/?f=cmweb\" onclick=\"ga('send', 'event', 'V3.menu.cmpc', 'click', 'cmpc',1);\"><span></span>Clean Master for PC</a>\n</div>", "level": 0}], [{"value": "<h2 class=\"menu-name\">Business</h2>", "level": 8}, {"value": "<div class=\"menu-box clearfix\">\n<a href=\"http://ads.cmcm.com/?lang=en\" onclick=\"ga('send', 'event', 'V3.menu.ad', 'click', 'ad',1);\" title=\"Cheetah Ads\"><span></span>Cheetah Ads</a>\n<a href=\"http://publishers.cmcm.com/?lang=en\" onclick=\"ga('send', 'event', 'V3.menu.peg', 'click', 'peg',1);\" title=\"Cheetah for Publishers\"><span></span>Cheetah for Publishers</a>\n<!-- a href=\"http://libra.cmcm.com/?lang=en\" title=\"Libra CheetahMobile\" onClick=\"ga('send', 'event', 'V3.menu.libra', 'click', 'libra',1);\"><span></span>Libra</a -->\n</div>", "level": 0}], [{"value": "<h2 class=\"menu-name\">Media</h2>", "level": 8}, {"value": "<div class=\"menu-box clearfix\">\n<a href=\"http://blog.cmcm.com/\" onclick=\"ga('send', 'event', 'V3.menu.blog', 'click', 'blog',1);\" title=\"Blog\"><span></span>Blog</a>\n<a href=\"http://www.cmcm.com/blog/en/\" onclick=\"ga('send', 'event', 'V3.menu.st', 'click', 'st',1);\" title=\"Security Topics\"><span></span>Security Topics</a>\n<!-- a href=\"http://blog.cmcm.com/category/ceotalks\" title=\"CEO Talks\" onClick=\"ga('send', 'event', 'V3.menu.ceotalks', 'click', 'ceotalks',1);\"><span></span>CEO Talks</a -->\n<a href=\"http://blog.cmcm.com/en/category/press/\" onclick=\"ga('send', 'event', 'V3.menu.press', 'click', 'press',1);\" title=\"Press\"><span></span>Press</a>\n</div>", "level": 0}], [{"value": "<h2 class=\"menu-name\">About</h2>", "level": 8}, {"value": "<div class=\"menu-box clearfix\">\n<a href=\"/en-us/about/\"><span></span>Company</a>\n<a href=\"http://ir.cmcm.com\"><span></span>Investor Relations</a>\n<a href=\"/about/promotion-policy.html\"><span></span>Promotion Policy</a>\n<a href=\"/en-us/job/\"><span></span>Global Talent</a>\n<a href=\"/en-us/contact/\"><span></span>Contact Us</a>\n</div>", "level": 0}], [{"value": "<h2 class=\"menu-name\">Legal</h2>", "level": 8}, {"value": "<div class=\"menu-box clearfix\">\n<a href=\"http://www.cmcm.com/protocol/site/privacy.html\"><span></span>Privacy Policy</a>\n<a href=\"http://www.cmcm.com/protocol/site/tos.html\"><span></span>Terms of Service</a>\n<a href=\"http://www.cmcm.com/protocol/site/ad-choice.html\"><span></span>Ad Choice</a>\n<a href=\"http://www.cmcm.com/en-us/opt-out/\"><span></span>Opt-out</a>\n</div>", "level": 0}], [{"value": "<h2 class=\"menu-name\">Follow Us</h2>", "level": 8}, {"value": "<div class=\"menu-box clearfix\">\n<a class=\"menu-share-btn menu-share-fb\" href=\"https://www.facebook.com/cmcmglobal/\" onclick=\"ga('send', 'event', 'V3.menu.share', 'click', 'facebook',1);\" target=\"_blank\">Facebook</a>\n<a class=\"menu-share-btn menu-share-tt\" href=\"https://twitter.com/CheetahMobile\" onclick=\"ga('send', 'event', 'V3.menu.share', 'click', 'twitter',1);\" target=\"_blank\">Twitter</a>\n<a class=\"menu-share-btn menu-share-li\" href=\"https://www.linkedin.com/company/cheetah-mobile\" onclick=\"ga('send', 'event', 'V3.menu.share', 'click', 'LinkedIn',1);\" target=\"_blank\">LinkedIn</a>\n</div>", "level": 0}], [{"value": "<h1 class=\"title\">Privacy Policy</h1>", "level": 9}, {"value": "<p class=\"client-warning\" id=\"clientWarning\" style=\"display:none;\">\n<span id=\"warningText\">For your privacy safety, your e-mail and password will be saved at Google Firebase Authentification</span>\n</p>", "level": 0}, {"value": "<style type=\"text/css\">p.p1 {margin: 0.0px 0.0px 0.0px 0.0px; font: 28.5px Helvetica; color: #333333; -webkit-text-stroke: #333333} p.p2 {margin: 0.0px 0.0px 15.0px 0.0px; line-height: 21.6px; font: 12.0px 'Times New Roman'; color: #555555; -webkit-text-stroke: #555555; min-height: 15.0px} p.p3 {margin: 0.0px 0.0px 15.0px 0.0px; line-height: 21.6px; font: 12.0px 'Times New Roman'; color: #555555; -webkit-text-stroke: #555555} p.p4 {margin: 0.0px 0.0px 0.0px 0.0px; line-height: 21.6px; font: 12.0px 'Times New Roman'; color: #555555; -webkit-text-stroke: #555555} p.p5 {margin: 0.0px 0.0px 0.0px 0.0px; line-height: 21.6px; font: 12.0px 'Times New Roman'; color: #555555; -webkit-text-stroke: #555555; min-height: 15.0px} p.p6 {margin: 0.0px 0.0px 0.0px 0.0px; font: 12.0px 'Times New Roman'; color: #000000; -webkit-text-stroke: #000000; min-height: 15.0px} p.p7 {margin: 0.0px 0.0px 15.0px 90.0px; line-height: 21.6px; font: 12.0px 'Times New Roman'; color: #555555; -webkit-text-stroke: #555555; min-height: 15.0px} p.p8 {margin: 0.0px 0.0px 15.0px 54.0px; text-indent: 18.0px; line-height: 21.6px; font: 12.0px 'Times New Roman'; color: #555555; -webkit-text-stroke: #555555} p.p9 {margin: 0.0px 0.0px 15.0px 108.0px; line-height: 21.6px; font: 12.0px 'Times New Roman'; color: #555555; -webkit-text-stroke: #555555; min-height: 15.0px} p.p10 {margin: 0.0px 0.0px 0.0px 54.0px; text-indent: 18.0px; line-height: 21.6px; font: 12.0px 'Times New Roman'; color: #555555; -webkit-text-stroke: #555555} p.p11 {margin: 0.0px 0.0px 0.0px 54.0px; line-height: 21.6px; font: 12.0px 'Times New Roman'; color: #000000; -webkit-text-stroke: #000000; min-height: 15.0px} p.p12 {margin: 0.0px 0.0px 15.0px 0.0px; text-indent: 36.0px; line-height: 21.6px; font: 12.0px 'Times New Roman'; color: #555555; -webkit-text-stroke: #555555} p.p13 {margin: 0.0px 0.0px 0.0px 36.0px; line-height: 21.6px; font: 12.0px 'Times New Roman'; color: #555555; -webkit-text-stroke: #555555; min-height: 15.0px} p.p14 {margin: 0.0px 0.0px 0.0px 36.0px; line-height: 21.6px; font: 12.0px 'Times New Roman'; color: #555555; -webkit-text-stroke: #555555} p.p15 {margin: 0.0px 0.0px 0.0px 72.0px; line-height: 21.6px; font: 12.0px 'Times New Roman'; color: #555555; -webkit-text-stroke: #555555; min-height: 15.0px} p.p16 {margin: 0.0px 0.0px 15.0px 0.0px; text-indent: 18.0px; line-height: 21.6px; font: 12.0px 'Times New Roman'; color: #555555; -webkit-text-stroke: #555555} p.p17 {margin: 0.0px 0.0px 0.0px 54.0px; line-height: 21.6px; font: 12.0px 'Times New Roman'; color: #555555; -webkit-text-stroke: #555555} li.li3 {margin: 0.0px 0.0px 15.0px 0.0px; line-height: 21.6px; font: 12.0px 'Times New Roman'; color: #555555; -webkit-text-stroke: #555555} li.li4 {margin: 0.0px 0.0px 0.0px 0.0px; line-height: 21.6px; font: 12.0px 'Times New Roman'; color: #555555; -webkit-text-stroke: #555555} span.s1 {font-kerning: none} span.s2 {letter-spacing: 0.2px} span.s3 {letter-spacing: 0.2px; background-color: #ffff00} span.s4 {text-decoration: underline ; letter-spacing: 0.2px; color: #ff6600; -webkit-text-stroke: 0px #ff6600} span.s5 {-webkit-text-stroke: 0px #000000} span.s6 {font: 12.0px Symbol} span.s7 {text-decoration: underline ; letter-spacing: 0.2px} span.s8 {font: 12.0px Symbol; color: #000000} span.s9 {text-decoration: underline ; letter-spacing: 0.2px; color: #0000ff; background-color: #ffff00; -webkit-text-stroke: 0px #0000ff} span.s10 {font: 12.0px 'Courier New'} span.s11 {text-decoration: underline ; letter-spacing: 0.2px; color: #0000ff; -webkit-text-stroke: 0px #0000ff} ol.ol1 {list-style-type: decimal} ol.ol2 {list-style-type: upper-alpha} ul.ul1 {list-style-type: disc}</style>", "level": 0}], [{"value": "<p><strong style=\"font-size: 14px;\">Effective date: May 25, 2018</strong></p>", "level": 1}, {"value": "<p><span style=\"font-size: 14px;\">This Privacy Policy (the \u00e2\u0080\u009cPolicy\u00e2\u0080\u009d) describes how Cheetah Mobile Inc and its affiliates. (also referred to as \u00e2\u0080\u009cCheetah,\u00e2\u0080\u009d \u00e2\u0080\u009cCompany,\u00e2\u0080\u009d \u00e2\u0080\u009cwe,\u00e2\u0080\u009d \u00e2\u0080\u009cus,\u00e2\u0080\u009d or \u00e2\u0080\u009cour\u00e2\u0080\u009d), collects, stores, uses and protects your information when you use our website at </span><a href=\"http://www.cmcm.com/\" style=\"font-size: 14px; text-decoration: underline;\"><span style=\"font-size: 14px;\">https://www.cmcm.com/</span></a><span style=\"font-size: 14px;\"> (the \u00e2\u0080\u009cSite\u00e2\u0080\u009d), any mobile applications that hyperlink to this Policy and are available for download in the Google Play Store, Apple App Store or any other third party app store, or are pre-installed on third party devices (the \u00e2\u0080\u009cApps\u00e2\u0080\u009d), or any other websites, pages, features, or content owned or operated by Cheetah (collectively, including the Site and Apps, the \u00e2\u0080\u009cServices\u00e2\u0080\u009d).</span></p>", "level": 0}, {"value": "<p><span style=\"font-size: 14px;\">This Privacy Policy is part of, and is governed by, the terms and conditions set forth in our Terms of Service located at </span><a href=\"http://www.cmcm.com/protocol/site/tos.html\" style=\"font-size: 14px; text-decoration: underline;\"><span style=\"font-size: 14px;\">https://www.cmcm.com/protocol/site/tos.html</span></a><span style=\"font-size: 14px;\">. Please read the Terms of Service carefully before you use our Services.</span></p>", "level": 0}], [{"value": "<p><strong><span style=\"font-size: 14px;\">1. Acceptance of this Policy</span></strong></p>", "level": 1}, {"value": "<p><span style=\"font-size: 14px;\">By accessing, visiting or using our Services, you warrant and represent that you have read, understood and agreed to this Policy and our Terms of Service.  If you disagree with anything in this Policy, you must not use or access the Services.</span></p>", "level": 0}], [{"value": "<p><strong><span style=\"font-size: 14px;\">2. Amendments to this Policy</span></strong></p>", "level": 1}, {"value": "<p><span style=\"font-size: 14px;\">We may periodically make changes to this Policy as we update or expand our Services. We will notify you of any material changes to this Privacy Policy by notifying you via the email we have on file for you, or by means of a notice on our Services in advance of the effective date of the changes. If you do not agree to the changes, you should discontinue your use of the Services prior to the time the modified Policy takes effect. If you continue using the Services after the modified Policy takes effect, you will be bound by the modified Policy.</span></p>", "level": 0}, {"value": "<p><span style=\"font-size: 14px;\">Furthermore, we may provide you with \u00e2\u0080\u009cjust-in-time\u00e2\u0080\u009d disclosures or additional information about the data collection, use and sharing practices of specific Services. These notices may provide more information about our privacy practices, or provide you with additional choices about how we process your personal information.</span></p>", "level": 0}], [{"value": "<p><strong><span style=\"font-size: 14px;\">3. Information Collected through the Services</span></strong></p>", "level": 1}, {"value": "<p><span style=\"font-size: 14px;\">In this Policy, the term \u00e2\u0080\u009cpersonal information\u00e2\u0080\u009d includes any information that identifies or makes an individual identifiable. When you access or use our Services, we may generally collect the personal information described below.</span></p>", "level": 0}], [{"value": "<p><strong><span style=\"font-size: 14px;\">A. Information You Directly and Voluntarily Provide to Us</span></strong></p>", "level": 1}, {"value": "<p><span style=\"font-size: 14px;\">When you access or use our Services, you may provide the following information to us:</span></p>", "level": 0}, {"value": "<ul class=\" list-paddingleft-2\" style=\"list-style-type: disc;\"><li><p><span style=\"font-size: 14px;\"><strong>Customer Support Information: </strong>If you are a visitor to the Site, or a user of the Apps, we may collect information that you provide to us when you communicate with any of our departments such as customer service or technical services.</span></p></li><li><p><strong><span style=\"font-size: 14px;\">Contact Information:</span></strong><span style=\"font-size: 14px;\"> When you sign up to create an account with some of our Apps, you will be required to provide an email address as part of the registration process. Alternatively, you can use your Facebook Account or other third party social network accounts (together, \u00e2\u0080\u009cSocial Media Account\u00e2\u0080\u009d) to register for the Services.</span></p></li><li><p><strong><span style=\"font-size: 14px;\">Social Media Account Information: </span></strong><span style=\"font-size: 14px;\">When you sign up with a Social Media Account, you will be asked to choose which information you would like to share with us, such as your email address, birthday, friends list, or public profile information. When you decide to use a Social Media Account to sign up for our Services, we only require the collection of the email address associated with your Social Media Account; all other information provided by you is voluntary.</span></p></li><li><p><strong><span style=\"font-size: 14px;\">Profile Information: </span></strong><span style=\"font-size: 14px;\">When using some of our Services, you may be able to add information to your profile, such as an avatar or profile picture, birthday, nickname or username, or country. You voluntarily provide this information to us.</span></p></li><li><p><strong><span style=\"font-size: 14px;\">Your Content: </span></strong><span style=\"font-size: 14px;\">When using some of our Services, you can create, post, upload or share content by providing us with access to your photos, media and files, and your device\u00e2\u0080\u0099s camera and microphone. You voluntarily provide this information to us.</span></p></li></ul>", "level": 0}], [{"value": "<p><strong><span style=\"font-size: 14px;\">B. Information Automatically Collected Through the Services</span></strong></p>", "level": 1}, {"value": "<p><span style=\"font-size: 14px;\">We automatically collect information about you when you use the Services, such as:</span></p>", "level": 0}, {"value": "<ul class=\" list-paddingleft-2\" style=\"list-style-type: disc;\"><li><p><span style=\"font-size: 14px;\"><strong>Device Information: </strong>If you access the Services through a mobile device, we may be able to identify the general location of your mobile device (not precise geolocation data), your mobile device\u00e2\u0080\u0099s brand, model, operating system, resolution, screen size, system version, Bluetooth settings, internet connection, random-access memory (\u00e2\u0080\u009cRAM\u00e2\u0080\u009d), the application you have installed, the applications you have running in the background, mobile device\u00e2\u0080\u0099s advertising ID.</span></p></li><li><p><strong><span style=\"font-size: 14px;\">Cookies &amp; Similar Tracking Information</span></strong><span style=\"font-size: 14px;\">: We use cookies and similar tracking technologies to collect information about your interactions with our Services. The information we collect includes, but is not limited to, account activation time, content displayed to you and whether you clicked on it, advertisements displayed to you and whether you clicked on them, URLs you have visited, notifications that have appeared on your mobile device, your Internet Protocol (\u00e2\u0080\u009cIP\u00e2\u0080\u009d) address, your mobile country code, and your user ID.</span></p></li><li><p><strong><span style=\"font-size: 14px;\">Content Sharing: </span></strong><span style=\"font-size: 14px;\">When you choose to share content with us, we automatically collect information about your Wi-Fi connection, and call information.</span></p></li></ul>", "level": 0}, {"value": "<p><span style=\"font-size: 14px;\">You may be able to limit the amount of information collected from your device (e.g., computer, phone, or tablet) with us by adjusting your device or browser settings. However, by preventing us from collecting information from you, we may not be able to provide some functions on our Services. For more information about our cookies and similar tracking technologies, and how to manage them, please read the </span><a href=\"http://www.cmcm.com/protocol/site/ad-choice.html\" style=\"font-size: 14px; text-decoration: underline;\"><span style=\"font-size: 14px;\">Advertising Choices</span></a><span style=\"font-size: 14px;\"> Policy.</span></p>", "level": 0}, {"value": "<p><strong><span style=\"font-size: 14px;\">C. Information You Share on Third Party Websites or through Social Media Services</span></strong></p>", "level": 0}, {"value": "<p><span style=\"font-size: 14px;\">The Services may include links to third-party websites and social media services where you may be able to post comments, stories, reviews or other information. Your use of these third-party websites and social media services may result in the collection or sharing of information about you by these third-party websites and social media services. We encourage you to review the privacy policies and settings on the third-party websites and social media services with which you interact to make sure you understand the information that may be collected, used, and shared by those third-party websites and social media services.</span></p>", "level": 0}], [{"value": "<p><strong><span style=\"font-size: 14px;\">4. How We Use the Information We Collect</span></strong></p>", "level": 1}, {"value": "<p><span style=\"font-size: 14px;\">We use the personal information we gather through the Services for the purposes described below. If we use your personal information in any other ways, we will disclose this to you. You can choose not to share your information with third parties for marketing purposes, or from allowing us to use your personal information for any purpose that is incompatible with the purposes for which we originally collected it or subsequently obtained your consent. If you choose to limit the ways we can use your personal information, some or all of the Services may not be available to you.</span></p>", "level": 0}, {"value": "<ol class=\" list-paddingleft-2\" style=\"list-style-type: upper-alpha;\"><li><p><strong><span style=\"font-size: 14px;\">To provide the Services to you.</span></strong><span style=\"font-size: 14px;\"> We require certain information from you in order to provide you with the Services you requested. Such information may include your contact and device information. We share this information with our service providers or partners to the extent necessary to continue to provide you with the Services. We cannot provide you with Services without such information.</span></p></li><li><p><strong><span style=\"font-size: 14px;\">To provide customer service. </span></strong><span style=\"font-size: 14px;\">We process your personal information when you contact us to help you with any questions, concerns, disputes or issues, or to provide us with your feedback. Without your personal information, we cannot respond to you or ensure your continued use and enjoyment of the Services.</span></p></li><li><p><strong><span style=\"font-size: 14px;\">To enforce terms, agreements or policies. </span></strong><span style=\"font-size: 14px;\">To ensure your safety and adherence to our terms, agreements or policies, we may process your personal information to: actively monitor, investigate, prevent and mitigate any alleged or actual prohibited, illicit or illegal activities on our Services; investigate, prevent, or mitigate violations of our terms and policies; enforce our agreements with third parties and partners; and, collect fees based on your use of our Services. We cannot perform our Services in accordance with our terms, agreements or policies without processing your personal information for such purposes.</span></p></li><li><p><strong><span style=\"font-size: 14px;\">To send you Service-related communications. </span></strong><span style=\"font-size: 14px;\">We use your contact information to send you administrative or account-related information to you to keep you updated about our Services, inform you of relevant security issues or updates, or provide other transaction-related information to you. Service-related communications are not promotional in nature. You cannot unsubscribe from such communications because you could miss important developments relating to your account or the Services that may affect how you can use our Services.</span></p></li><li><p><strong><span style=\"font-size: 14px;\">For security purposes. </span></strong><span style=\"font-size: 14px;\">We process your personal information to: improve and enforce our security measures; combat spam, malware, malicious activities or security risks; and to monitor and verify your identity so that unauthorized users do not access your account with us. We cannot ensure the security of our Services if we do not process your personal information for security purposes.</span></p><p><span style=\"font-size: 14px;\"></span><strong><span style=\"font-size: 14px; text-decoration-line: underline;\">Designated Countries: </span></strong><span style=\"font-size: 14px;\">For all purposes listed above, pursuant to the EU General Data Protection Regulation (\u00e2\u0080\u009cGDPR\u00e2\u0080\u009d) or any equivalent legislation (collectively \u00e2\u0080\u009cData  Protection Laws\u00e2\u0080\u009d), we process the personal information of users located in the European Economic Area (\u00e2\u0080\u009cEEA\u00e2\u0080\u009d), United Kingdom and Switzerland (collectively, the   \u00e2\u0080\u009cDesignated Countries\u00e2\u0080\u009d) based on our contract with you.</span></p></li><li><p><strong><span style=\"font-size: 14px;\">To maintain legal and regulatory compliance. </span></strong><span style=\"font-size: 14px;\">We process your personal information to pay our taxes or fulfill our other business obligations, and/or to manage risk  as  </span><span style=\"font-size: 14px;\">required under applicable law. We cannot perform the Services in accordance with our legal and regulatory requirements without processing your personal      information  </span><span style=\"font-size: 14px;\">for such purposes.</span></p><p><span style=\"font-size: 14px;\"></span><span style=\"font-size: 14px; text-decoration: underline;\"><strong>Designated Countries:</strong></span><span style=\"font-size: 14px;\"> Pursuant to the Data Protection Laws, we process the personal information of users located in the Designated Countries to comply with our    legal obligations. </span></p></li><li><p><strong><span style=\"font-size: 14px;\">To personalize your experience on the Services. </span></strong><span style=\"font-size: 14px;\">We allow you to personalize your experience on our Services via social media plugins on our Services (e.g.,           Facebook, </span><span style=\"font-size: 14px;\">Google, Instagram, Twitter, etc.), by keeping track of your preferences (e.g., nickname or display name, time zone, language preference, etc.), and more.   Without such processing, you may not be able to access or personalize part or all of our Services.</span></p><p><span style=\"font-size: 14px;\"></span><strong><span style=\"font-size: 14px;\"> </span></strong><span style=\"text-decoration-line: underline;\"><strong><span style=\"font-size: 14px;\">Designated Countries:</span></strong></span><span style=\"font-size: 14px;\"> Pursuant to the Data Protection Laws, we process the personal information of users located in the Designated Countries to satisfy our legitimate        interests as described above.</span></p></li><li><p><strong><span style=\"font-size: 14px;\">To conduct research and development. </span></strong><span style=\"font-size: 14px;\">We process information about the way you use and interact with our Services to: help us improve our Services; build new Services; and build customized features or Services. Such processing ensures your continued enjoyment of part or all of our Services.</span></p><p><span style=\"font-size: 14px;\"></span><strong><span style=\"font-size: 14px; text-decoration-line: underline;\">Designated Countries: </span></strong><span style=\"font-size: 14px;\">Pursuant to the Data Protection Laws, we process the personal information of users located in the Designated Countries to satisfy our legitimate interests as described above.</span></p></li><li><p><strong><span style=\"font-size: 14px;\">To engage in marketing activities.</span></strong><span style=\"font-size: 14px;\"> We may process your contact information or information about your interactions on our Services to: send you marketing                 communications; deliver targeted marketing; inform you about events, webinars, or other materials, including those of our partners; and, keep you up-to-date with our  </span><span style=\"font-size: 14px;\">relevant products and Services. Transactional communications about your account or our Services are not considered \u00e2\u0080\u009cmarketing\u00e2\u0080\u009d communications.  In addition, when you        share your friends\u00e2\u0080\u0099 contact information with us, we may reach out to them to invite them to our Services and to continue receiving our communications.  You can opt-out of our marketing activities at any time.</span></p></li></ol>", "level": 0}, {"value": "<p><span style=\"text-decoration: none;\"><strong><span style=\"text-decoration: none; font-size: 14px;\"> </span></strong></span><span style=\"text-decoration: underline;\"><strong><span style=\"text-decoration: underline; font-size: 14px;\"> Designated Countries: </span></strong></span><span style=\"font-size: 14px;\">For users located in the Designated Countries, please see section 9.C. below.</span></p>", "level": 0}], [{"value": "<p><strong><span style=\"font-size: 14px;\">5. How We Share Your Information with Third Parties</span></strong></p>", "level": 1}, {"value": "<p><span style=\"font-size: 14px;\">We may share your personal information with third parties in the following circumstances:</span></p>", "level": 0}, {"value": "<li><p><strong><span style=\"font-size: 14px;\">Employees, Third-Party Processors and Third-Party Service Providers</span></strong></p></li>", "level": 0}], [{"value": "<p><strong><span style=\"font-size: 14px;\">Employees, Third-Party Processors and Third-Party Service Providers</span></strong></p>", "level": 1}, {"value": "<p><span style=\"font-size: 14px;\">We disclose your personal information to our employees, contractors, affiliates, distributors, dealers, vendors and suppliers (\u00e2\u0080\u009cService Providers\u00e2\u0080\u009d) who provide certain services to us or on our behalf, such as operating and supporting the Services, analyzing data, or performing marketing or consulting services. These Service Providers will only have access to the personal information needed to perform these limited functions on our behalf.</span></p>", "level": 0}, {"value": "<p><strong><span style=\"font-size: 14px; text-decoration: underline;\">Designated Countries: </span></strong><span style=\"font-size: 14px;\">Pursuant to the Data Protection Laws, we process the personal information of users located in the Designated Countries based on our contract with you.</span></p>", "level": 0}, {"value": "<p><strong><span style=\"font-size: 14px;\">B.Response to Subpoenas or Court Orders or to Protect Rights and to Comply with Our Policies</span></strong></p>", "level": 0}, {"value": "<p><span style=\"font-size: 14px;\">To the extent permitted by law, we will disclose your personal information if:</span></p>", "level": 0}, {"value": "<ul class=\" list-paddingleft-2\" style=\"list-style-type: disc;\"><li><p><span style=\"font-size: 14px;\">Required to do so by law, or in response to a subpoena or court order or similar request from judicial authority, law enforcement authorities or other competent public authorities;</span></p></li><li><p><span style=\"font-size: 14px;\">We believe, in our sole discretion, that disclosure is reasonably necessary to protect against fraud, to protect the property or other rights of us or other users, third parties or the public at large; or</span></p></li><li><p><span style=\"font-size: 14px;\">We believe that you have abused the Services by using it to attack our systems or to gain unauthorized access to our system, to engage in spamming or otherwise to violate applicable laws.</span></p></li></ul>", "level": 0}, {"value": "<p><span style=\"text-decoration: underline;\"><strong><span style=\"text-decoration: underline; font-size: 14px;\">Designated Countries:</span></strong></span><span style=\"font-size: 14px;\"> Pursuant to the Data Protection Laws, we process the personal information of users located in the Designated Countries based on our legal obligations, in the public interest, or your vital interests.</span></p>", "level": 0}], [{"value": "<p><strong><span style=\"font-size: 14px;\">C. Business Transfers or Bankruptcy</span></strong></p>", "level": 1}, {"value": "<p><span style=\"font-size: 14px;\">In the event of a merger, acquisition, bankruptcy or other sale of all or a portion of our assets, any personal information owned or controlled by us may be one of the assets transferred to third parties. We will notify you via email or a prominent notice within our Services of any change in ownership or uses of your personal information, as well as any choices you may have regarding your personal information</span></p>", "level": 0}, {"value": "<p><span style=\"font-size: 14px;\">Other than to the extent ordered by a bankruptcy or other court, the use and disclosure of all transferred personal information will be subject to this Privacy Policy. However, any personal information you submit or that is collected after this type of transfer may be subject to a new privacy policy adopted by the successor entity.</span></p>", "level": 0}, {"value": "<p><span style=\"text-decoration: underline;\"><strong><span style=\"text-decoration: underline; font-size: 14px;\">Designated Countries: </span></strong></span><span style=\"font-size: 14px;\">Pursuant to the Data Protection Laws, we process the personal information of users located in the Designated Countries based on legitimate interests described above.</span></p>", "level": 0}, {"value": "<p><strong><span style=\"font-size: 14px;\">D. Our Affiliates </span></strong></p>", "level": 0}, {"value": "<p><span style=\"font-size: 14px;\">Based on your consent, we may share some or all of your contact information with our, parent company, subsidiaries and corporate affiliates, joint ventures, or other companies under common control with us. If you would like us to stop providing your information to our affiliates for their own marketing purposes, you may opt-out by contacting us as provided in the \u00e2\u0080\u009cHow to Contact Us\u00e2\u0080\u009d section.</span></p>", "level": 0}, {"value": "<p><span style=\"text-decoration: underline;\"><strong><span style=\"text-decoration: underline; font-size: 14px;\">Designated Countries:</span></strong></span><span style=\"font-size: 14px;\"> Pursuant to the Data Protection Laws, we process the personal information of users located in the Designated Countries based on your consent.</span></p>", "level": 0}], [{"value": "<p><strong><span style=\"font-size: 14px;\">E. Third-Party Business Partners.</span></strong></p>", "level": 1}, {"value": "<p><span style=\"font-size: 14px;\">Base on you consent, we may work with and share some of your informaiton with our third-party advertising partners to provide you with advertisements or other tailored content. For more information about our own adversising practice and those of third-party partners, please visit our<a href=\"https://www.cmcm.com/protocol/site/ad-choice.html\" target=\"_self\"> Ad Choice policy</a> and our <a href=\"https://www.cmcm.com/protocol/site/third-party-ads-providers.html\" target=\"_self\" textvalue=\"Ads Partners policy\">Ads Partners policy</a>.  We may share information related to users of our service with affiliates or unaffiliated third parties on a de-identified, aggregate basis. While this informaiton will not identify you personally, in some instances these parties may be able to combile these  aggregate ,de-identified informaiton with other data they have about you, or that they receive from other parties, in a manner that allows them to identify you personally.<br/></span></p>", "level": 0}, {"value": "<p><span style=\"text-decoration: underline;\"><strong><span style=\"text-decoration: underline; font-size: 14px;\">Designate Countries: </span></strong></span><span style=\"font-size: 14px;\">Pursuant to the Data Protection Laws, we process the personla informaiton of user located in the Designated Countries based on your consent.</span></p>", "level": 0}], [{"value": "<p><strong><span style=\"font-size: 14px;\">6. Children</span></strong></p>", "level": 1}, {"value": "<p><span style=\"font-size: 14px;\">We do not knowingly collect personal information from children under 18 years old, unless permitted to do so by applicable law. Children are not permitted to use our Services unless they provide us with consent from their parent or guardian. If we become aware that we have unknowingly collected personal information from a child, we will make commercially reasonable efforts to delete such information in our database. If you are a parent or guardian of a child, and you believe your child has provided us with their Personal Information on our Services, please contact us immediately at </span><a href=\"mailto:legalnotice@cmcm.com\" style=\"font-size: 14px; text-decoration: underline;\"><span style=\"font-size: 14px;\">legalnotice@cmcm.com</span></a><span style=\"font-size: 14px;\">.</span></p>", "level": 0}], [{"value": "<p><strong><span style=\"font-size: 14px;\">7. Security</span></strong></p>", "level": 1}, {"value": "<p><span style=\"font-size: 14px;\">We are committed to ensuring the security of your personal information. We have physical, technical and administrative safeguards in place to protect the confidentiality of your personal information. In addition, we require that our service providers handling personal information also maintain appropriate physical, technical and administrative safeguards to protect the security and confidentiality of the personal information you provide to us.</span></p>", "level": 0}, {"value": "<p><span style=\"font-size: 14px;\">However, we cannot guarantee the security of your personal information or that loss, misuse, unauthorized acquisition, or alteration of your data will not occur. We also have no way of protecting any of your personal information that is not in our control, such as any information transmitted via email or wireless connections.</span></p>", "level": 0}, {"value": "<p><span style=\"font-size: 14px;\">Maintaining the security of your personal information is also your responsibility. Where we require you to register an account, you should choose a password of sufficient length and complexity and keep your password confidential. Do not leave your device unlocked so that other individuals may access it. Make sure you trust the wireless connections you are using to access or use our Services.</span></p>", "level": 0}, {"value": "<p><span style=\"font-size: 14px;\">If you think there has been unauthorized access to or use of your account, please contact us immediately at </span><a href=\"mailto:legalnotice@cmcm.com\" style=\"font-size: 14px; text-decoration: underline;\"><span style=\"font-size: 14px;\">legalnotice@cmcm.com</span></a><span style=\"font-size: 14px;\">.</span></p>", "level": 0}], [{"value": "<p><strong><span style=\"font-size: 14px;\">8. Retention of Personal Information.</span></strong></p>", "level": 1}, {"value": "<p><span style=\"font-size: 14px;\">We will try to limit the storage of your personal information to the time necessary to serve the purpose(s) for which your personal information was processed, to enforce our agreement, policies or terms, to resolve disputes, or as otherwise required or permitted by law. Please contact us if you have any questions about our retention periods. While retention requirements can vary by country, we generally apply the retention periods noted below.</span></p>", "level": 0}, {"value": "<ul class=\" list-paddingleft-2\" style=\"list-style-type: disc;\"><li><p><strong><span style=\"font-size: 14px;\">Marketing.</span></strong><span style=\"font-size: 14px;\"> We store information used for marketing purposes indefinitely until you unsubscribe. Once you unsubscribe from marketing communications, we add your contact information to our suppression list to ensure we respect your unsubscribe request.</span></p></li><li><p><strong><span style=\"font-size: 14px;\">Your Interactions and Content on Our Services. </span></strong><span style=\"font-size: 14px;\">We may store any information about your interactions on our Services or any content created, posted or shared by you on our Services (e.g., pictures, comments, support tickets, and other content) indefinitely after the closure your account for the establishment or defense of legal claims, audit and crime prevention purposes.</span></p></li><li><p><strong><span style=\"font-size: 14px;\">Web Behavior Data. </span></strong><span style=\"font-size: 14px;\">We retain any information collected via cookies, clear gifs, webpage counters and other technical or analytics tools up to one year from expiry of the cookie or the date of collection.</span></p></li><li><p><strong><span style=\"font-size: 14px;\">Telephone Records. </span></strong><span style=\"font-size: 14px;\">As required by applicable law, we will inform you that a call will be recorded before doing so. Any telephone calls with you may be kept for a period of up to six years.</span></p></li></ul>", "level": 0}, {"value": "<p><strong><span style=\"font-size: 14px;\">9. Information for Residents in the European Economic Area, United Kingdom and Switzerland (the \u00e2\u0080\u009cDesignated Countries\u00e2\u0080\u009d)</span></strong></p>", "level": 0}, {"value": "<p><span style=\"font-size: 14px;\">This section only applies to users of our Services that are located in the European Economic Area, United Kingdom and/or Switzerland (collectively, the <strong>\u00e2\u0080\u009cDesignated Countries\u00e2\u0080\u009d</strong>) at the time of data collection. We may ask you to identify which country you are located in when you use some of the Services, or we may rely on your IP address to identify which country you are located in.</span></p>", "level": 0}, {"value": "<p><span style=\"font-size: 14px;\">Where we rely on your IP address, we cannot apply the terms of this section to any user that masks or otherwise obfuscates their location information so as not to appear located in the Designated Countries. If any terms in this section conflict with other terms contained in this Policy, the terms in this section shall apply to users in the Designated Countries.</span></p>", "level": 0}], [{"value": "<p><strong><span style=\"font-size: 14px;\">A. Our Relationship to You</span></strong></p>", "level": 1}, {"value": "<p><span style=\"font-size: 14px;\">Cheetah Mobile Inc. and its affilates are data controllers with regard to any personal information collected from users of its Services. A \u00e2\u0080\u009cuser\u00e2\u0080\u009d is an individual providing personal information to us via our Services, such as by creating an account with our Apps, signing up for our newsletter(s), or otherwise accessing or using our Services. A \u00e2\u0080\u009cdata controller\u00e2\u0080\u009d is an entity that determines the purposes for which and the manner in which any personal information is processed. Any third parties that act as our service providers are \u00e2\u0080\u009cdata processors\u00e2\u0080\u009d that handle your personal information in accordance with our instructions.</span></p>", "level": 0}], [{"value": "<p><strong><span style=\"font-size: 14px;\">B. Legal bases for processing Personal Information</span></strong></p>", "level": 1}, {"value": "<p><span style=\"font-size: 14px;\">We describe our legal bases for processing in Section 4 (\u00e2\u0080\u009cHow We Use the Information We Collect\u00e2\u0080\u009d) and Section 5 (\u00e2\u0080\u009cHow We Share Your Information With Third Parties\u00e2\u0080\u009d) under headings entitled \u00e2\u0080\u009cDesignated Countries.\u00e2\u0080\u009d The legal bases on which we rely on to process your personal information include: your consent to the processing; satisfaction of our legal obligations; necessity to protect your vital interests; necessity to carry out our obligations arising from any contracts we entered with you or to take steps at your request prior to entering into a contract with you; necessity to process in the public interest; or for our legitimate interests as described in those sections.</span></p>", "level": 0}], [{"value": "<p><strong><span style=\"font-size: 14px;\">C. Marketing Activities</span></strong></p>", "level": 1}, {"value": "<p><span style=\"font-size: 14px;\">If you are located in the Designated Countries and are a current user, we will only contact you by electronic means (such as email or SMS) per your communication preferences and/or with information about our Services that are similar to the Services you previously purchased from us or negotiated to purchase from us.</span></p>", "level": 0}, {"value": "<p><span style=\"font-size: 14px;\">For new users located in the Designated Countries, we will contact you by electronic means for marketing purposes only based on your consent or based on your friends\u00e2\u0080\u0099 consent. You can always withdraw your consent or change your marketing communication preferences at any time and free of charge. To opt out of the emails, please click the \u00e2\u0080\u009cunsubscribe\u00e2\u0080\u009d link in the footer of marketing emails or contact us at </span><a href=\"mailto:legalnotice@cmcm.com\" style=\"font-size: 14px; text-decoration: underline;\"><span style=\"font-size: 14px;\">legalnotice@cmcm.com</span></a><span style=\"font-size: 14px;\">.  Marketing communications are promotional in nature and do not include transactional or Service-related communications.</span></p>", "level": 0}], [{"value": "<p><strong><span style=\"font-size: 14px;\">D. Individual Rights</span></strong></p>", "level": 1}, {"value": "<p><span style=\"font-size: 14px;\">We provide you with the rights described below when you use our Services. Please contact us at </span><a href=\"mailto:legalnotice@cmcm.com\" style=\"font-size: 14px; text-decoration: underline;\"><span style=\"font-size: 14px;\">legalnotice@cmcm.com</span></a><span style=\"font-size: 14px;\"> if you would like to exercise your rights under applicable law. When we receive an individual rights request from you, please make sure you are ready to verify your identity.  Please be advised that there are limitations to your individual rights. We may limit your individual rights in the following ways:</span></p>", "level": 0}, {"value": "<ul class=\"ul1 list-paddingleft-2\"><ul class=\"ul1 list-paddingleft-2\" style=\"list-style-type: square;\"><li><p><span style=\"font-size: 14px;\">Where denial of access is required or authorized by law;</span></p></li><li><p><span style=\"font-size: 14px;\">When granting access would have a negative impact on other's privacy;</span></p></li><li><p><span style=\"font-size: 14px;\">To protect our rights and properties; and</span></p></li><li><p><span style=\"font-size: 14px;\">Where the request is frivolous or burdensome.</span></p></li></ul><li><p><strong><span style=\"font-size: 14px;\">Right to withdraw consent.</span></strong><span style=\"font-size: 14px;\"> If we rely on consent to process your personal information, you have the right to withdraw your consent at any time. A withdrawal of consent will not affect the lawfulness of our processing or the processing of any third parties based on consent before your withdrawal.</span></p></li><li><p><strong><span style=\"font-size: 14px;\">Right of access and rectification. </span></strong><span style=\"font-size: 14px;\">If you request a copy of your personal information that we hold, we will provide you with a copy without undue delay and free of charge, except where we are permitted by law to charge a fee. We may limit your access if such access would adversely affect the rights and freedoms of other individuals. You may also request to correct or update any of your personal information held by us, unless you can already do so directly via the Services.</span></p></li><li><p><strong><span style=\"font-size: 14px;\">Right to erasure (the \u00e2\u0080\u009cRight to be Forgotten\u00e2\u0080\u009d).</span></strong><span style=\"font-size: 14px;\"> You may request us to erase any of your personal information held by us that: is no longer necessary in relation to the purposes for which it was collected or otherwise processed; was collected in relation to processing that you previously consented to, but later withdrew such consent; or was collected in relation to processing activities to which you object, and there are no overriding legitimate grounds for our processing.</span></p></li><li><p><strong><span style=\"font-size: 14px;\">Right to restriction. </span></strong><span style=\"font-size: 14px;\">You have the right to restrict our processing your personal information where one of the following applies:</span></p></li><ul class=\"ul1 list-paddingleft-2\" style=\"list-style-type: square;\"><li><p><span style=\"font-size: 14px;\">You contest the accuracy of your personal information that we processed. We will restrict the processing of your personal information, which may result in an interruption of some or all of the Services, during the period necessary for us to verify the accuracy of your personal information;</span></p></li><li><p><span style=\"font-size: 14px;\">The processing is unlawful and you oppose the erasure of your personal information and request the restriction of its use instead;</span></p></li><li><p><span style=\"font-size: 14px;\">We no longer need your personal information for the purposes of the processing, but it is required by you to establish, exercise or defense of legal claims; or</span></p></li><li><p><span style=\"font-size: 14px;\">You have objected to processing, pending the verification whether the legitimate grounds of our processing override your rights.</span></p></li></ul></ul>", "level": 0}, {"value": "<p><span style=\"font-size: 14px;\">We will only process your restricted personal information shall with your consent or for the establishment, exercise or defense of legal claims or for the protection of the rights of another natural or legal person or for reasons of important public interest. We will inform you if or when the restriction is lifted.</span></p>", "level": 0}, {"value": "<ul class=\"ul1 list-paddingleft-2\"><li><p><strong><span style=\"font-size: 14px;\">Right to object to processing. </span></strong><span style=\"font-size: 14px;\">You may object to our processing at any time and as permitted by applicable law if we process your personal information on the legal basis of consent, contract or legitimate interests. We can continue to process your personal information if it is necessary for the defense of legal claims, or for any other exceptions permitted by applicable law.</span></p></li><li><p><strong><span style=\"font-size: 14px;\">Right to data portability. </span></strong><span style=\"font-size: 14px;\">If we process your personal information based on a contract with you or based on your consent, or the processing is carried out by automated means, you may request to receive your personal information in a structured, commonly used and machine-readable format, and to have us transfer your personal information directly to another \u00e2\u0080\u009ccontroller\u00e2\u0080\u009d, where technically feasible, unless exercise of this right adversely affects the rights and freedoms of others.</span></p></li><li><p><strong><span style=\"font-size: 14px;\">Notification to third-parties.</span></strong><span style=\"font-size: 14px;\"> If we share your personal information with third parties, we will notify them of any requests for rectification, erasure or restriction of your personal information, unless this proves impossible or involves disproportionate effort. Upon your request, we will identify such third parties.</span></p></li><li><p><strong><span style=\"font-size: 14px;\">Automated individual decision-making, including profiling. </span></strong><span style=\"font-size: 14px;\">You have the right not to be subject to a decision based solely on automated processing of your personal information, including profiling, which produces legal or similarly significant effects on you, unless an exception applies under applicable law.</span></p></li><li><p><strong><span style=\"font-size: 14px;\">Right to Lodge a Complaint. </span></strong><span style=\"font-size: 14px;\">If you believe we have infringed or violated your privacy rights, please contact us at </span><a href=\"mailto:legalnotice@cmcm.com\" style=\"font-size: 14px; text-decoration: underline;\"><span style=\"font-size: 14px;\">legalnotice@cmcm.com</span></a><span style=\"font-size: 14px;\"> so that we can work to resolve your concerns. You also have a right to lodge a complaint with a competent supervisory authority situated in a Member State of your habitual residence, place of work, or place of alleged infringement.</span></p></li></ul>", "level": 0}, {"value": "<p><span style=\"font-size: 14px;\">You may reach our Data Protection Officer at </span><a href=\"mailto:eudpo@cmcm.com\" style=\"font-size: 14px; text-decoration: underline;\"><span style=\"font-size: 14px;\">eudpo@cmcm.com</span></a><span style=\"font-size: 14px;\">.</span></p>", "level": 0}], [{"value": "<p><strong><span style=\"font-size: 14px;\">E. Transfer of Personal Information</span></strong></p>", "level": 1}, {"value": "<p><span style=\"font-size: 14px;\">If you choose to use the Services or provide your information to us, your personal information may be transferred to, processed and maintained on servers or databases located outside of the country or jurisdiction where you are located. Such countries or jurisdictions may have data protection laws that are less protective than the laws of the jurisdiction in which you reside. If you do not want your information transferred to or processed or maintained outside of the country or jurisdiction where you are located, you should not use the Services.</span></p>", "level": 0}, {"value": "<p><span style=\"text-decoration: underline;\"><strong><span style=\"text-decoration: underline; font-size: 14px;\">Designated Countries:  </span></strong></span><span style=\"font-size: 14px;\">We transfer your personal information subject to appropriate safeguards as permitted under the Data Protection Laws. Specifically, when your personal information is transferred out of the Designated Countries, we have the required contractual provisions for transferring personal information in place with the third-parties to which your information is transferred.  For such transfers, we rely on legal transfer mechanisms such as Standard Contractual Clauses or we work with U.S. based third parties that are certified under the EU-U.S. and Swiss-U.S. Privacy Shield Framework.</span></p>", "level": 0}], [{"value": "<p><strong><span style=\"font-size: 14px;\">10. Special Information for California Residents.</span></strong></p>", "level": 1}, {"value": "<p><span style=\"font-size: 14px;\">California law allows users of the Services who are California residents to request and receive once a year, free of charge, a notice from us describing what categories of personal information (if any) we shared with third parties, including our corporate affiliates, for their direct marketing purposes during the preceding calendar year. If you are a California resident and would like to request a copy of this notice, please contact contacting us as provided in the \u00e2\u0080\u009cHow to Contact Us\u00e2\u0080\u009d section. In your request, please specify that you want a \u00e2\u0080\u009cCalifornia Privacy Rights Notice.\u00e2\u0080\u009d Please allow at least thirty (30) days for a response.</span></p>", "level": 0}, {"value": "<p><span style=\"font-size: 14px;\">In addition, if you are a California resident under the age of 18 and are a registered user of the Services, you may request that we remove content or information that you posted on Services or stored on our servers by: submitting a request as provided in the \u00e2\u0080\u009cHow to Contact Us\u00e2\u0080\u009d section and (ii) clearly identifying the content or information you wish to have removed and providing sufficient information to allow us to locate the content or information to be removed.</span></p>", "level": 0}, {"value": "<p><span style=\"font-size: 14px;\">However, please note that we are not required to erase or otherwise eliminate content or information if:</span></p>", "level": 0}, {"value": "<ul class=\" list-paddingleft-2\" style=\"list-style-type: square;\"><li><p><span style=\"font-size: 14px;\">other state or federal laws require us or a third party to maintain the content or information;</span></p></li><li><p><span style=\"font-size: 14px;\">the content or information was posed, stored, or republished by another user;</span></p></li><li><p><span style=\"font-size: 14px;\">the content or information is anonymized so that the minor cannot be individually identified;</span></p></li><li><p><span style=\"font-size: 14px;\"></span><span style=\"font-size: 14px;\">the minor does not follow the instructions posted in this Privacy Policy on how to request removal of such content or information; and (e) the minor has received compensation or other consideration for providing the content.</span></p></li></ul>", "level": 0}, {"value": "<p><span style=\"font-size: 14px;\">Further, nothing in this provision shall be construed to limit the authority of a law enforcement agency to obtain such content or information.</span></p>", "level": 0}], [{"value": "<p><strong><span style=\"font-size: 14px;\">11. How to Contact Us.</span></strong></p>", "level": 1}, {"value": "<p><span style=\"font-size: 14px;\">If you have any questions about this Privacy Policy, please feel free to contact us.</span><span style=\"font-size: 14px; text-decoration: underline;\"></span></p>", "level": 0}, {"value": "<p><strong><span style=\"font-size: 14px;\">How to find our contact information: 1. Open the Google Play /Apple App Store;2, Browse or Search the app you're using; 3,Tap the app to open the detailed page; 4, Scroll down to review the contact information listed.</span></strong><br/></p>", "level": 0}, {"value": "<div id=\"footer-wrap\">\n<div class=\"content\" id=\"footer\">\n<span class=\"foot-copy\">\n<a class=\"show-in-desktop-only\" href=\"/protocol/site/tos.html\">Terms of Service</a>\u00a0\r\n              <a class=\"show-in-desktop-only\" href=\"/protocol/site/ad-choice.html\">Ad Choice</a>\u00a0\r\n              <a href=\"/protocol/site/privacy.html\">Privacy Policy</a>\u00a0\r\n              <em>|</em>\u00a0Cheetah Mobile \u00a9 2018\r\n            </span>\n<span class=\"foot-lang\"> \u00c2\u00b7 <em class=\"lang-current\">English</em><em class=\"lang-list\"><a href=\"/en-us/\">English</a><a href=\"/es-es/\">Espa\u00c3\u00b1ol</a><a href=\"/fr-fr/\">Fran\u00c3\u00a7ais</a><a href=\"/ru-ru/\">P\u00d1\u0083\u00d1\u0081\u00d1\u0081\u00d0\u00ba\u00d0\u00b8\u00d0\u00b9</a><a href=\"/pt-pt/\">Portugu\u00c3\u00aas</a><a href=\"/ja-jp/\">\u00e6\u0097\u00a5\u00e6\u009c\u00ac\u00e8\u00aa\u009e</a><a href=\"/ko-kr/\">\u00ed\u0095\u009c\u00ea\u00b5\u00ad\u00ec\u0096\u00b4</a><a href=\"/zh-tw/\">\u00e7\u00b9\u0081\u00e9\u00ab\u0094\u00e4\u00b8\u00ad\u00e6\u0096\u0087</a><a href=\"/zh-cn/\">\u00e7\u00ae\u0080\u00e4\u00bd\u0093\u00e4\u00b8\u00ad\u00e6\u0096\u0087</a></em></span>\n</div>\n</div>", "level": 0}]]