[[{"value": "<h1 style=\"text-align:center;\">HD Pro Walls</h1>", "level": 9}, {"value": "<p>This page is used to inform our users regarding our policies with the collection, use, and disclosure of Personal Information if anyone decided to use our Mobile Apps or its Services.<br/><br/></p>", "level": 0}], [{"value": "<p><strong>What information do we collect?</strong></p>", "level": 1}, {"value": "<p><strong>Personal Information:</strong><br/>\r\nWe do not collect Personal Information. \u201cPersonal Information\u201d is information that identifies you or another person, which may be transmitted or received when you use an Application, the Services and/or the Site. Personal Information includes your geographic location information, names, physical addresses, email addresses, telephone, fax, SSN, information stored within your devices and other information you transmit or receive using an Application, the Service and/ or the Site which identifies you or another person.</p>", "level": 0}, {"value": "<p><strong>Non-Personal Information:</strong><br/>\r\nWe may collect Non-Personal Information about users whenever they interact with our apps. Non-Personal Information may include the information about your devices, including the list of installed apps on your devices, and technical information about users means of connection to our apps, such as the versions of phone model and other similar information.</p>", "level": 0}], [{"value": "<div><strong>When do we collect information?</strong></div>", "level": 1}, {"value": "<div>We collect information from you when you or enter information on our site.</div>", "level": 0}], [{"value": "<p><strong>What do we use your information for?</strong></p>", "level": 1}, {"value": "<p><strong>Personal Information:</strong><br/>\r\nSince we do not collect Personal Information, we may not use your personal information in any way.</p>", "level": 0}, {"value": "<p><strong>Non- Personal Information:</strong><br/>\r\nWe may use Non-Personal Information for any purpose as below:</p>", "level": 0}, {"value": "<ol>\n<li>personalize user experience,</li>\n<li>improve our Mobile Apps or its services,</li>\n<li>improve user service and respond to queries and emails of our users,</li>\n<li>run and operate our Mobile Apps or its Services.</li>\n</ol>", "level": 0}, {"value": "<p>We do not sell, trade, or otherwise transfer to outside parties your personally identifiable information. However, Non-personal information collected may used only to identify potential cases of abuse.<br/><br/></p>", "level": 0}], [{"value": "<p><strong>Third Party</strong></p>", "level": 1}, {"value": "<p>In general, the Applications, uses Google Admob SDK. This is for collecting information for serving advertisements through out the application. The Site may also carry advertisements from other companies. When you click on links of third parties in an Application, the Services or the Site, you may leave the Application, the Services or the Site. We do not collect your information on and through and This Policy does not address, and we are not responsible for, the privacy practices of Web sites operated by third parties, whether they are linked to or otherwise accessible from an Application, the Services or the Site. The inclusion of a link or accessibility of third party Websites does not imply endorsement of such third party Website by us.</p>", "level": 0}, {"value": "<p>The information that you transfer and share through the Application, the Services and/or the Site may be intercepted, collected, used and disclosed by third parties. We are not responsible for any interception, collection, use and disclosure of your information by any third party. Please choose other ways to transfer and share if you have higher security requirements.</p>", "level": 0}], [{"value": "<p><strong>Google</strong></p>", "level": 1}, {"value": "<p>We use <strong>Google AdMob</strong> for Advertising on our Mobile Apps.</p>", "level": 0}, {"value": "<p>Google's advertising requirements can be summed up by Google's Advertising Principles. They are put in place to provide a positive experience for users. Learn more about Google advertising at <a href=\"https://www.google.com/policies/technologies/ads/\">here.</a> </p>", "level": 0}, {"value": "<p>Link to privacy policy of third party service providers used by the app</p>", "level": 0}, {"value": "<ul><li><a href=\"https://www.google.com/policies/privacy/\" target=\"_blank\">Google Play Services</a></li> <li><a href=\"https://support.google.com/admob/answer/6128543?hl=en\" target=\"_blank\">AdMob</a></li> <li><a href=\"https://firebase.google.com/policies/analytics\" target=\"_blank\">Firebase Analytics</a></li> <!-- --> <li><a href=\"http://try.crashlytics.com/terms/privacy-policy.pdf\" target=\"_blank\">Crashlytics</a></li> <!-- --></ul>", "level": 0}], [{"value": "<p><strong>Log Data</strong></p>", "level": 1}, {"value": "<strong>Permissions we us</strong>", "level": 0}, {"value": "<p>We use the following Permissions while using the application. All such permissions are for improving the application. Please read why these permissions are required in this application.</p>", "level": 0}, {"value": "<p><strong>Storage Permission:-</strong> This is for storing and deleting the files made using Wallpaper App.</p>", "level": 0}, {"value": "<p><strong>Photos / Media / Files:-</strong> For saving the wallpaper, set the background as wallpaper, sharing the DP images etc.</p>", "level": 0}, {"value": "<p><strong>Internet Colection:- </strong>This is for getting the files from Internet.</p>", "level": 0}, {"value": "<p><strong>Location:- </strong>This is for serving best suitable information to the user</p>", "level": 0}], [{"value": "<p><strong>Links to Other Sites</strong></p>", "level": 1}, {"value": "<p>Our Mobile Apps may contain links to other sites. If you click on a third-party link, you will be directed to that site. Note that these external sites are not operated by us. Therefore, we strongly advise you to review the Privacy Policy of these websites. We have no control over and assume no responsibility for the content, privacy policies, or practices of any third-party sites or services.<br/><br/></p>", "level": 0}], [{"value": "<p><strong>Information security</strong></p>", "level": 1}, {"value": "<p>The security of your Personal Information is important to us, but remember that no method of transmission over the Internet, or method of electronic storage is 100% secure. While we strive to use commercially acceptable means to protect your Personal Information, we cannot guarantee its absolute security.<br/><br/></p>", "level": 0}], [{"value": "<p><strong>Changes and amendments</strong></p>", "level": 1}, {"value": "<p>We reserve the right to modify this privacy policy relating to our Mobile Apps or its Services at any time, effective upon posting of an updated version of this privacy policy on the Website. When we do we will revise the updated date at the top of this page.<br/><br/></p>", "level": 0}], [{"value": "<p><strong>Acceptance of this policy</strong></p>", "level": 1}, {"value": "<p>You acknowledge that you have read this Policy and agree to all its terms and conditions. By using our Mobile Apps or its Services you agree to be bound by this Policy. If you do not agree to abide by the terms of this Policy, you are not authorized to use or access our Mobile Apps or its Services.<br/><br/></p>", "level": 0}], [{"value": "<p><strong>Contacting Us</strong></p>", "level": 1}, {"value": "<p>If you have any questions about this Policy, please email us on <a href=\"/cdn-cgi/l/email-protection#49212d67393b26673e2825253a092e24282025672a2624\"><span class=\"__cf_email__\" data-cfemail=\"741c105a04061b5a0315181807341319151d185a171b19\">[email\u00a0protected]</span></a></p>", "level": 0}]]