[[{"value": "<h2 class=\"text-primary row-btm-3\">Privacy Policy</h2>", "level": 8}], [{"value": "<p><strong class=\"text-primary\">I. What This Privacy Policy Covers</strong></p>", "level": 1}, {"value": "<p class=\"row-space-2\">This Privacy Policy describes how Slowly collects, stores, uses, and shares your information. It also describes how you can control and protect your privacy.</p>", "level": 0}], [{"value": "<p><strong class=\"text-primary\">II. Controlling and Protecting Your Privacy</strong></p>", "level": 1}], [{"value": "<h5 class=\"row-top-2\">Personal Safety</h5>", "level": 5}, {"value": "<p class=\"row-space-2\">After getting to know someone online, you may choose to meet him or her in-person. If so, be careful and use common sense. Never meet someone in private for the first time; choose a public place, and take a friend.</p>", "level": 0}], [{"value": "<h5 class=\"row-top-2\">Location Information</h5>", "level": 5}, {"value": "<p class=\"row-space-2\">We collect your location when you first register with Slowly. We do not \u201ctrack\u201d your location, but we do collect geo-location information from your device when you log in or use Slowly, such as when you visit a particular feature that uses location. But we do not share your precise location with other users. Your geo-location showed by your account is randomly shifted for protection.</p>", "level": 0}], [{"value": "<h5 class=\"row-top-2\">Deleting Your Account</h5>", "level": 5}, {"value": "<p class=\"row-space-2\">You can edit or delete information that you upload to Slowly and you can delete your account, but you cannot recall or delete information that others have copied.</p>", "level": 0}], [{"value": "<h5 class=\"row-top-2\">Deleting Your Information and Content</h5>", "level": 5}, {"value": "<p class=\"row-space-2\">If you are under the age of 18, you can request us to delete your posted information and content. To do so, send an email to <a class=\"__cf_email__\" data-cfemail=\"e5969095958a9791a582809196898a92899ccb868a88\" href=\"/cdn-cgi/l/email-protection\">[email\u00a0protected]</a> from the email address associated with your Slowly account requesting deletion. We make reasonable efforts to comply, but we cannot guarantee we will be able to delete all of your information everywhere from our systems.</p>", "level": 0}], [{"value": "<h5 class=\"row-top-2\">Password</h5>", "level": 5}, {"value": "<p class=\"row-space-2\">Store your password in a safe place, and do not share it with anyone. If you think someone has your password, you should change it immediately.</p>", "level": 0}], [{"value": "<h5 class=\"row-top-2\">Posting on Slowly</h5>", "level": 5}, {"value": "<p class=\"row-space-2\">Posting personal information on public areas of Slowly will make it publicly available. The information you post or share with others may in turn be shared by them with still other users and it may also show up when someone uses a public search engine (even if that person is not a Slowly user). Do not post information in public areas of Slowly that you want to keep private.</p>", "level": 0}], [{"value": "<h5 class=\"row-top-2\">Third Parties</h5>", "level": 5}, {"value": "<p class=\"row-space-2\">We are not responsible for (and don\u2019t have any control over) the privacy policies of third party websites, apps and ad servers. We encourage you to read the privacy policies of each and every website and app you visit.</p>", "level": 0}], [{"value": "<p><strong class=\"text-primary\">III. Information We Collect</strong></p>", "level": 1}, {"value": "<p class=\"row-space-2\">We collect different types of information about you and your activities. We collect information when you register, log into, and use Slowly, including the features you use, the pages you visit, and the information you enter. The specific examples in the following bullets are not meant to be exhaustive.</p>", "level": 0}, {"value": "<p class=\"row-space-2\">We get and record information from your device or browser, including your mobile device identification (ADID, device ID, etc.), IP address, cookie and beacon information, and geographic location.</p>", "level": 0}], [{"value": "<h5 class=\"row-top-2\">Third Parties</h5>", "level": 5}, {"value": "<p class=\"row-space-2\">When you download or register for Slowly by or through a third party platform we may also access and/or collect certain information from your third party platform account or by cookies placed on your device by such third party site. For example, if you create your Slowly account using Facebook, we may use the following information from Facebook to establish your Slowly account: your email address, hometown, gender, profile photo, date of birth, friends list and user ID.</p>", "level": 0}], [{"value": "<p><strong class=\"text-primary\">IV. How We Use and Disclose the Information We Collect</strong></p>", "level": 1}, {"value": "<p class=\"row-space-2\">We use and disclose your information in the following ways: (1) To customize your experience on Slowly. (2) To conduct research, including the numbers and types of visitors, and Slowly traffic. (3) To develop and test new products and features, and improve our current ones. (4) To find and fix technology problems. (5) To enforce this Privacy Policy and our Terms of Service. (6) To contact you by email, text messaging, phone, autodialer or otherwise, including to invite you to participate in surveys and contests, and provide you updates and information about Slowly and our other products and services.</p>", "level": 0}], [{"value": "<h5 class=\"row-top-2\">Cookies and Beacons</h5>", "level": 5}, {"value": "<p class=\"row-space-2\">We may set and access cookies and beacons on your device or computer to customize your experience. These files help us target advertising based on your activity.</p>", "level": 0}], [{"value": "<h5 class=\"row-top-2\">Service Providers</h5>", "level": 5}, {"value": "<p class=\"row-space-2\">We transfer information to vendors, service providers, and other partners who globally support our business, such as providing technical infrastructure services, analyzing how our services are used, measuring the effectiveness of ads and services, providing customer service, facilitating payments, or conducting research and surveys. These partners must adhere to strict confidentiality obligations in a way that is consistent with this Privacy Policy and the agreements we enter into with them.</p>", "level": 0}], [{"value": "<h5 class=\"row-top-2\">Personally Identifiable Information</h5>", "level": 5}, {"value": "<p class=\"row-space-2\">Except for \u201cService Providers\u201d (all described above), in connection with account verification (and then only for that purpose), or to enforce our rights under this Privacy Policy and our Terms of Service, we do not share the following personal information with any third party for any reason: your exact date of birth, your first name, your last name, your address, your phone number(s), or your email address.</p>", "level": 0}], [{"value": "<p><strong class=\"text-primary\">V. Data Security and Storage</strong></p>", "level": 1}, {"value": "<p class=\"row-space-2\">We use industry standard security measures to prevent the loss, misuse and alteration of the information under our control. However, we cannot guarantee that our security measures will prevent \u201chackers\u201d from illegally obtaining this information. We may store all information that we collect indefinitely, but we do not promise to do so for any particular period of time.</p>", "level": 0}], [{"value": "<p><strong class=\"text-primary\">VI. Changes to this Privacy Policy</strong></p>", "level": 1}, {"value": "<p class=\"row-space-2\">We may revise this Privacy Policy from time to time to reflect new or changed features and services, changes in the law, or changes in our use or collection of personal information. If you object to any terms and conditions of the Privacy Policy or any subsequent changes or you become dissatisfied with Slowly in any way, your only option is to delete your account. Your continued use of Slowly after we post a revised Privacy Policy means that you agree to the revisions.</p>", "level": 0}], [{"value": "<p><strong class=\"text-primary\">VII. Language</strong></p>", "level": 1}, {"value": "<p class=\"row-space-2\">This Privacy Policy was written in English. If you are reading a translation and it conflicts with the English version, please note that the English version controls.</p>", "level": 0}], [{"value": "<p><strong class=\"text-primary\">VIII. Our Contact Information</strong></p>", "level": 1}, {"value": "<p class=\"row-space-2\">If you have questions regarding these Terms of Service, please contact us.<br/>\nWeb: <a href=\"https://www.getslowly.com\">https://www.getslowly.com</a><br/>\nEmail: <a href=\"/cdn-cgi/l/email-protection#7e0d0b0e0e110c0a3e191b0a0d1211091207501d1113\"><span class=\"__cf_email__\" data-cfemail=\"087b7d7878677a7c486f6d7c7b64677f6471266b6765\">[email\u00a0protected]</span></a></p>", "level": 0}, {"value": "<div class=\"container text-center \">\n<hr class=\"row-top-6\"/>\n<div class=\"row-top-6\">\n<img alt=\"SLOWLY\" src=\"https://www.getslowly.com/wp-content/themes/slowly/assets/img/slowly-app-icon-square-darker-2.png\" style=\"width:80px;height:auto;\"/>\n</div>\n<h2 class=\"text-primary\">Start connecting with the world on SLOWLY!</h2>\n<div class=\"row row-top-2 row-btm-2\" style=\"padding-left:15px;\">\n<a href=\"https://itunes.apple.com/app/slowly/id1199811908?ls=1&amp;mt=8\" target=\"_blank\">\n<img src=\"https://www.getslowly.com/wp-content/themes/slowly/assets/img/ios-app-store.png\" style=\"width:auto; height:60px;position:relative;\"/>\n</a>\n<a href=\"https://play.google.com/store/apps/details?id=com.slowlyapp\" target=\"_blank\">\n<img src=\"https://www.getslowly.com/wp-content/themes/slowly/assets/img/google-play.png\" style=\"width:auto; height:60px;position:relative;\"/>\n</a>\n</div>\n<div class=\"visible-xs\" style=\"width:100%;height:60px;\"></div>\n</div>", "level": 0}], [{"value": "<h2 class=\"text-primary\">Start connecting with the world on SLOWLY!</h2>", "level": 8}, {"value": "<div class=\"container\">\n<div class=\"text-center row-btm-12\">\n<div class=\"text-positive row-top-6\">\n<a href=\"https://www.facebook.com/slowlyapp/\" target=\"_blank\" title=\"facebook\"><i class=\"fa fa-facebook fa-fw\"></i></a> \u00a0\n<a href=\"https://twitter.com/slowlyapp\" target=\"_blank\" title=\"twitter\"><i class=\"fa fa-twitter fa-fw\"></i></a> \u00a0\n<a href=\"https://medium.com/slowlyapp\" target=\"_blank\" title=\"medium\"><i class=\"fa fa-medium fa-fw\"></i></a> \u00a0\n<a href=\"https://www.producthunt.com/posts/slowly-2\" target=\"_blank\"><i class=\"fa fa-product-hunt fa-fw\"></i></a> \u00a0\n<a href=\"https://www.linkedin.com/company/slowly\" target=\"_blank\"><i class=\"fa fa-linkedin fa-fw\"></i></a> \u00a0\n<a href=\"https://angel.co/slowly/\" target=\"_blank\"><i class=\"fa fa-angellist fa-fw\"></i></a> \u00a0\n</div>\n<div class=\"text-light smaller row-top-6\"><i class=\"fa fa-heart-o\"></i> Slowly created by Kevin Wong </div>\n<div style=\"margin:auto;margin-top:15px;\">\n<style>.bmc-button img{width: 27px !important;margin-bottom: 1px !important;box-shadow: none !important;border: none !important;vertical-align: middle !important;}.bmc-button{line-height: 36px !important;height:37px !important;text-decoration: none !important;display:inline-flex !important;color:#000000 !important;background-color:#FFDD00 !important;border-radius: 3px !important;border: 1px solid transparent !important;padding: 0px 9px !important;font-size: 17px !important;letter-spacing:-0.08px !important;box-shadow: 0px 1px 2px rgba(190, 190, 190, 0.5) !important;-webkit-box-shadow: 0px 1px 2px 2px rgba(190, 190, 190, 0.5) !important;margin: 0 auto !important;font-family:'Lato', sans-serif !important;-webkit-box-sizing: border-box !important;box-sizing: border-box !important;-o-transition: 0.3s all linear !important;-webkit-transition: 0.3s all linear !important;-moz-transition: 0.3s all linear !important;-ms-transition: 0.3s all linear !important;transition: 0.3s all linear !important;}.bmc-button:hover, .bmc-button:active, .bmc-button:focus {-webkit-box-shadow: 0px 1px 2px 2px rgba(190, 190, 190, 0.5) !important;text-decoration: none !important;box-shadow: 0px 1px 2px 2px rgba(190, 190, 190, 0.5) !important;opacity: 0.85 !important;color:#000000 !important;}</style>\n<link href=\"https://fonts.googleapis.com/css?family=Lato&amp;subset=latin,latin-ext\" rel=\"stylesheet\"/>\n<a class=\"bmc-button\" href=\"https://www.buymeacoffee.com/slowly\" target=\"_blank\">\n<img alt=\"Buy us a coffee\" src=\"https://www.buymeacoffee.com/assets/img/BMC-btn-logo.svg\"/>\n<span style=\"margin-left:5px\">Buy us a coffee</span>\n</a>\n</div>\n<br/>\n<p class=\"smaller\">\n<a href=\"https://www.getslowly.com\">Home</a> |\n<a href=\"https://www.getslowly.com/release-notes/\">Release Notes</a> |\n<br class=\"visible-xs\"/>\n<a href=\"https://www.getslowly.com/terms/\">Terms of Service</a> |\n<a href=\"https://www.getslowly.com/privacy/\">Privacy Policy</a>\n| <a href=\"https://help.getslowly.com/hc/en-us/\" target=\"_blank\">FAQs</a>\n</p>\n</div>\n</div>", "level": 0}]]