[[{"value": "<h1>Privacy and Confidentiality\u00a0</h1>", "level": 9}, {"value": "<p>Welcome to the daraz.pk website (the \"Site\") operated by <strong>Jade E Services Pakistan Pvt Limited (Registration Number: '0080047)</strong>. We respect your privacy and want to protect your personal information. To learn more, please read this Privacy Policy.<br/><br/>This Privacy Policy explains how we collect, use and (under certain conditions) disclose your personal information. This Privacy Policy also explains the steps we have taken to secure your personal information. Finally, this Privacy Policy explains your options regarding the collection, use and disclosure of your personal information. By visiting the Site directly or through another site, you accept the practices described in this Policy.<br/><br/>Data protection is a matter of trust and your privacy is important to us. We shall therefore only use your name and other information which relates to you in the manner set out in this Privacy Policy. We will only collect information where it is necessary for us to do so and we will only collect information if it is relevant to our dealings with you.<br/><br/>We will only keep your information for as long as we are either required to by law or as is relevant for the purposes for which it was collected.<br/><br/>You can visit the Site and browse without having to provide personal details. During your visit to the Site you remain anonymous and at no time can we identify you unless you have an account on the Site and log on with your user name and password.</p>", "level": 0}], [{"value": "<h4>1. Data that we collect\u00a0</h4>", "level": 6}, {"value": "<p>We may collect various pieces of information if you seek to place an order for a product with us on the Site.<br/><br/>We collect, store and process your data for processing your purchase on the Site and any possible later claims, and to provide you with our services. We may collect personal information including, but not limited to, your title, name, gender, date of birth, email address, postal address, delivery address (if different), telephone number, mobile number, fax number, payment details, payment card details or bank account details.<br/><br/>We will use the information you provide to enable us to process your orders and to provide you with the services and information offered through our website and which you request. Further, we will use the information you provide to administer your account with us; verify and carry out financial transactions in relation to payments you make; audit the downloading of data from our website; improve the layout and/or content of the pages of our website and customize them for users; identify visitors on our website; carry out research on our users' demographics; send you information we think you may find useful or which you have requested from us, including information about our products and services, provided you have indicated that you have not objected to being contacted for these purposes. Subject to obtaining your consent we may contact you by email with details of other products and services. If you prefer not to receive any marketing communications from us, you can opt out at any time.<br/><br/>We may pass your name and address on to a third party in order to make delivery of the product to you (for example to our courier or supplier). You must only submit to us the Site information which is accurate and not misleading and you must keep it up to date and inform us of changes.<br/><br/>Your actual order details may be stored with us but for security reasons cannot be retrieved directly by us. However, you may access this information by logging into your account on the Site. Here you can view the details of your orders that have been completed, those which are open and those which are shortly to be dispatched and administer your address details, bank details ( for refund purposes) and any newsletter to which you may have subscribed. You undertake to treat the personal access data confidentially and not make it available to unauthorized third parties. We cannot assume any liability for misuse of passwords unless this misuse is our fault. <br/><br/>Other uses of your Personal Information\u00a0</p>", "level": 0}, {"value": "<p>We may use your personal information for opinion and market research. Your details are anonymous and will only be used for statistical purposes. You can choose to opt out of this at any time. Any answers to surveys or opinion polls we may ask you to complete will not be forwarded on to third parties. Disclosing your email address is only necessary if you would like to take part in competitions. We save the answers to our surveys separately from your email address.<br/><br/>We may also send you other information about us, the Site, our other websites, our products, sales promotions, our newsletters, anything relating to other companies in our group or our business partners. If you would prefer not to receive any of this additional information as detailed in this paragraph (or any part of it) please click the 'unsubscribe' link in any email that we send to you. Within 7 working days (days which are neither (i) a Sunday, nor (ii) a public holiday anywhere in Pakistan) of receipt of your instruction we will cease to send you information as requested. If your instruction is unclear we will contact you for clarification.<br/><br/>We may further anonymize data about users of the Site generally and use it for various purposes, including ascertaining the general location of the users and usage of certain aspects of the Site or a link contained in an email to those registered to receive them, and supplying that anonymized data to third parties such as publishers. However, that anonymized data will not be capable of identifying you personally. <br/> <br/>Competitions\u00a0</p>", "level": 0}, {"value": "<p>For any competition we use the data to notify winners and advertise our offers. You can find more details where applicable in our participation terms for the respective competition.<br/> <br/>Third Parties and Links\u00a0</p>", "level": 0}, {"value": "<p>We may pass your details to other companies in our group. We may also pass your details to our agents and subcontractors to help us with any of our uses of your data set out in our Privacy Policy. For example, we may use third parties to assist us with delivering products to you, to help us to collect payments from you, to analyze data and to provide us with marketing or customer service assistance.<br/>We may exchange information with third parties for the purposes of fraud protection and credit risk reduction. We may transfer our databases containing your personal information if we sell our business or part of it. Other than as set out in this Privacy Policy, we shall NOT sell or disclose your personal data to third parties without obtaining your prior consent unless this is necessary for the purposes set out in this Privacy Policy or unless we are required to do so by law. The Site may contain advertising of third parties and links to other sites or frames of other sites. Please be aware that we are not responsible for the privacy practices or content of those third parties or other sites, nor for any third party to whom we transfer your data in accordance with our Privacy Policy.</p>", "level": 0}, {"value": "<p><strong>2. Cookies </strong></p>", "level": 0}, {"value": "<p>The acceptance of cookies is not a requirement for visiting the Site. However we would like to point out that the use of the 'basket' functionality on the Site and ordering is only possible with the activation of cookies. Cookies are tiny text files which identify your computer to our server as a unique user when you visit certain pages on the Site and they are stored by your Internet browser on your computer's hard drive. Cookies can be used to recognize your Internet Protocol address, saving you time while you are on, or want to enter, the Site. We only use cookies for your convenience in using the Site (for example to remember who you are when you want to amend your shopping cart without having to re-enter your email address) and not for obtaining or using any other information about you (for example targeted advertising). Your browser can be set to not accept cookies, but this would restrict your use of the Site. Please accept our assurance that our use of cookies does not contain any personal or private details and are free from viruses. If you want to find out more information about cookies, go to https://www.allaboutcookies.org or to find out about removing them from your browser, go to https://www.allaboutcookies.org/manage-cookies/index.html.<br/><br/>This website uses Google Analytics, a web analytics service provided by Google, Inc. (\"Google\"). Google Analytics uses cookies, which are text files placed on your computer, to help the website analyze how users use the site. The information generated by the cookie about your use of the website (including your IP address) will be transmitted to and stored by Google on servers in the United States. Google will use this information for the purpose of evaluating your use of the website, compiling reports on website activity for website operators and providing other services relating to website activity and internet usage. Google may also transfer this information to third parties where required to do so by law, or where such third parties process the information on Google's behalf. Google will not associate your IP address with any other data held by Google. You may refuse the use of cookies by selecting the appropriate settings on your browser, however please note that if you do this you may not be able to use the full functionality of this website. By using this website, you consent to the processing of data about you by Google in the manner and for the purposes set out above.<br/></p>", "level": 0}, {"value": "<p><strong>3. Security </strong></p>", "level": 0}, {"value": "<p>We have in place appropriate technical and security measures to prevent unauthorized or unlawful access to or accidental loss of or destruction or damage to your information. When we collect data through the Site, we collect your personal details on a secure server. We use firewalls on our servers. Our security procedures mean that we may occasionally request proof of identity before we disclose personal information to you. You are responsible for protecting against unauthorized access to your password and to your computer. <br/>\u00a0</p>", "level": 0}, {"value": "<p><strong>4. Your rights </strong></p>", "level": 0}, {"value": "<p>If you are concerned about your data you have the right to request access to the personal data which we may hold or process about you. You have the right to require us to correct any inaccuracies in your data free of charge. At any stage you also have the right to ask us to stop using your personal data for direct marketing purposes.</p>", "level": 0}], [{"value": "<h3 class=\"footer-title footer-title-first\">Customer Care</h3>", "level": 7}, {"value": "<ul class=\"footer-list\">\n<li class=\"footer-li\"><a href=\"//www.daraz.pk/helpcenter/?scm=1003.4.icms-zebra-5029545-2834313.OTHER_5372681481_2485405\">Help Center</a></li>\n<li class=\"footer-li\"><a href=\"//www.daraz.pk/helpcenter/order/?scm=1003.4.icms-zebra-5029545-2834313.OTHER_5372681507_2485405\">How to Buy</a></li>\n<li class=\"footer-li\"><a href=\"//tracker.lel.asia/?scm=1003.4.icms-zebra-5029545-2834313.OTHER_5522548084_2485405\">Track Your Order</a></li>\n<li class=\"footer-li\"><a href=\"//www.daraz.pk/wow/i/pk/help/daraz-corporate/?scm=1003.4.icms-zebra-5029545-2834313.OTHER_5372681510_2485405\">Corporate &amp; Bulk Purchasing</a></li>\n<li class=\"footer-li\"><a href=\"//www.daraz.pk/wow/i/pk/help/returns-refunds/?scm=1003.4.icms-zebra-5029545-2834313.OTHER_5372681622_2485405\">Returns &amp; Refunds</a></li>\n<li class=\"footer-li\"><a href=\"//www.daraz.pk/wow/i/pk/help/daraz-shop/?scm=1003.4.icms-zebra-5029545-2834313.OTHER_5554851011_2485405\">Daraz Shop</a></li>\n<li class=\"footer-li\"><a href=\"//www.daraz.pk/contact-us/?scm=1003.4.icms-zebra-5029545-2834313.OTHER_5372681624_2485405\">Contact Us</a></li>\n</ul>", "level": 0}], [{"value": "<h3 class=\"footer-title\">Make Money With Us</h3>", "level": 7}, {"value": "<ul class=\"footer-list\">\n<li class=\"footer-li\"><a href=\"//university.daraz.pk/?scm=1003.4.icms-zebra-5029545-2834438.OTHER_5372681626_2485522\">Seller University</a></li>\n<li class=\"footer-li\"><a href=\"//www.daraz.pk/wow/i/pk/landingpage/sell-on-daraz/?scm=1003.4.icms-zebra-5029545-2834438.OTHER_5372681627_2485522\">Sell on Daraz</a></li>\n</ul>", "level": 0}, {"value": "<ul class=\"footer-list\">\n<li class=\"footer-li\"><a href=\"//www.daraz.pk/daraz-dost/?scm=1003.4.icms-zebra-5029545-2834439.OTHER_5372681628_2485523\">Daraz Dost</a></li>\n<li class=\"footer-li\"><a href=\"//partner.daraz.com/?scm=1003.4.icms-zebra-5029545-2834439.OTHER_5372681630_2485523\">Become an Affiliate</a></li>\n</ul>", "level": 0}], [{"value": "<h3 class=\"footer-title\">Daraz</h3>", "level": 7}, {"value": "<ul class=\"footer-list\">\n<li class=\"footer-li\">\n<a href=\"//www.daraz.pk/wow/i/pk/help/about-us/?scm=1003.4.icms-zebra-5029545-2834440.OTHER_5372681632_2485527\">About Us</a>\n</li>\n<li class=\"footer-li\">\n<a href=\"//www.daraz.pk/wow/i/pk/payment-partners/payment-partners?hybrid=1&amp;scm=1003.4.icms-zebra-5029545-2834440.OTHER_5612871182_2485527\">Digital Payments</a>\n</li>\n<li class=\"footer-li\">\n<a href=\"//www.daraz.com/work-at-daraz.php?scm=1003.4.icms-zebra-5029545-2834440.OTHER_5372681633_2485527\">Careers</a>\n</li>\n<li class=\"footer-li\">\n<a href=\"//www.daraz.pk/wow/i/pk/help/daraz-cares/?scm=1003.4.icms-zebra-5029545-2834440.OTHER_5372681635_2485527\">Daraz Cares</a>\n</li>\n<li class=\"footer-li\">\n<a href=\"//www.daraz.pk/wow/i/pk/help/terms-conditions/?scm=1003.4.icms-zebra-5029545-2834440.OTHER_5372681638_2485527\">Terms &amp; Conditions</a>\n</li>\n<li class=\"footer-li\">\n<a href=\"//www.daraz.pk/wow/i/pk/help/privacy-agreement/?scm=1003.4.icms-zebra-5029545-2834440.OTHER_5372681641_2485527\">Privacy Policy</a>\n</li>\n<li class=\"footer-li\">\n<span>NTN Number : 4012118-6</span>\n</li>\n<li class=\"footer-li\">\n<span>STRN Number : 1700401211818</span>\n</li>\n</ul>", "level": 0}], [{"value": "<h3 class=\"footer-title footer-title-first\">Exclusive Deals and Offers!</h3>", "level": 7}, {"value": "<div class=\"footer-input-label\">Subscribe to our newsletter to receive special offers!</div>", "level": 0}, {"value": "<form action=\"//www.daraz.pk/index/newsletter/\" class=\"footer-form\" data-msg-email=\"Please enter a valid email address\" data-msg-gender=\"Please select a gender\" id=\"footer-subscrible-form\" method=\"post\">\n<div class=\"footer-input-wrap-right\">\n<div class=\"footer-email-radio-group\">\n<div class=\"footer-radio-label\">\n<div class=\"drz-radio-symbol\">\n<span class=\"drz-radio-circle-out\"></span>\n<input id=\"radio-gender-male\" name=\"subscription\" type=\"radio\" value=\"male\"/>\n<span class=\"drz-radio-circle-in\"></span>\n</div>\n<label class=\"footer-form-input-label\" for=\"radio-gender-male\">Male</label>\n</div>\n<div class=\"footer-radio-label\">\n<div class=\"drz-radio-symbol\">\n<span class=\"drz-radio-circle-out\"></span>\n<input id=\"radio-gender-female\" name=\"subscription\" type=\"radio\" value=\"female\"/>\n<span class=\"drz-radio-circle-in\"></span>\n</div>\n<label class=\"footer-form-input-label\" for=\"radio-gender-female\">Female</label>\n</div>\n</div>\n<input class=\"footer-form-input-submit footer-btn\" data-text-submitting=\"Submitting...\" type=\"submit\" value=\"Sign Me Up\"/>\n</div>\n<div class=\"footer-input-wrap-left\">\n<input class=\"footer-form-input\" name=\"email\" placeholder=\"Your email address\" type=\"text\"/>\n</div>\n<div class=\"error-message hide\">\u00a0</div>\n</form>", "level": 0}, {"value": "<div class=\"drz-footer-app-downloads\">\n<div class=\"pull-left\">\n<img class=\"icon-logo-lazada-footer\" src=\"//laz-img-cdn.alicdn.com/images/ims-web/TB1eMCUrgZC2uNjSZFnXXaxZpXa.png\" title=\"\"/>\n</div>\n<div class=\"pull-left drz-app-download-text\">\n<div class=\"title\">Happy Shopping</div>\n<div class=\"text\">Download App</div>\n</div>\n<a class=\"drz-footer-sprit pull-left icon-appStore-footer icon-yatra-img-appstore\" href=\"//itunes.apple.com/app/id978058048?mt=8&amp;scm=1003.4.icms-zebra-5029545-2832850.OTHER_5370750400_2485531\"></a>\n<a class=\"drz-footer-sprit pull-left icon-android-footer icon-yatra-img-google-play\" href=\"//play.google.com/store/apps/details?id=com.daraz.android&amp;scm=1003.4.icms-zebra-5029545-2832850.OTHER_5370750400_2485531\"></a>\n</div>", "level": 0}], [{"value": "<h3 class=\"footer-title\">Payment Methods</h3>", "level": 7}], [{"value": "<h3 class=\"footer-title\">Daraz International</h3>", "level": 7}], [{"value": "<h3 class=\"footer-title\">Follow Us</h3>", "level": 7}], [{"value": "<h3 class=\"footer-title\">Verified by</h3>", "level": 7}], [{"value": "<h3 class=\"drz-copyright\">\u00a9 Daraz 2018</h3>", "level": 7}]]