[[{"value": "<p class=\"MsoNormal\" style=\"margin-bottom:0cm;margin-bottom:.0001pt;text-align:\r\njustify;line-height:normal\"><b><span style='font-size:13.0pt;font-family:\"Times New Roman\";\r\nmso-fareast-font-family:\"Times New Roman\";color:black'>INTRODUCTION</span></b><span style='font-size:12.0pt;font-family:\"Times New Roman\";mso-fareast-font-family:\r\n\"Times New Roman\"'><o:p></o:p></span></p>", "level": 1}, {"value": "<p class=\"MsoNormal\" style=\"margin-bottom:0cm;margin-bottom:.0001pt;text-align:\r\njustify;line-height:normal\"><span style='font-size:13.0pt;font-family:\"Times New Roman\";\r\nmso-fareast-font-family:\"Times New Roman\";color:black'>Zonmob Game Studio\r\n(\"ZONMOB\" or \"we\") is dedicated to protecting the privacy rights of our online\r\nusers (\"users\" or \"you\"). This Privacy Policy has been crafted to inform you as\r\nto the ways we collect, store, use, and manage the information you provide in\r\nconnection with any ZONMOB's game or Application. Please note that the scope of\r\nthis Privacy Policy is limited to only information collect from ZONMOB through\r\nuse of the Service. By using the service, you are agreeing to the collection\r\nand use of your personal information as outline in this Privacy Policy. We may\r\namend the Privacy Policy from time to time, and we encourage you to consult the\r\nPrivacy Policy regularly for changer.</span><span style='font-size:12.0pt;\r\nfont-family:\"Times New Roman\";mso-fareast-font-family:\"Times New Roman\"'><o:p></o:p></span></p>", "level": 0}], [{"value": "<p class=\"MsoNormal\" style=\"margin-bottom:0cm;margin-bottom:.0001pt;text-align:\r\njustify;line-height:normal\"><b><span style='font-size:13.0pt;font-family:\"Times New Roman\";\r\nmso-fareast-font-family:\"Times New Roman\";color:black'>COLLECT INFORMATION</span></b><span style='font-size:12.0pt;font-family:\"Times New Roman\";mso-fareast-font-family:\r\n\"Times New Roman\"'><o:p></o:p></span></p>", "level": 1}, {"value": "<p class=\"MsoNormal\" style=\"margin-bottom:0cm;margin-bottom:.0001pt;text-align:\r\njustify;line-height:normal\"><span style='font-size:13.0pt;font-family:\"Times New Roman\";\r\nmso-fareast-font-family:\"Times New Roman\";color:black'>When you use any ZONMOB\r\nService, also sometimes referred to as an \"Application\" or\r\n\"App\", you get access to its online community within that Service and\r\nyou allow ZONMOB to access certain information about you. The information you\r\nallow we to access varies by Application, and it is affected by the privacy\r\nsettings you and your friends establish in that Application. Users can always\r\nrefuse to supply personally identification information, except that it may\r\nprevent them from engaging in certain App related activities.</span><span style='font-size:12.0pt;font-family:\"Times New Roman\";mso-fareast-font-family:\r\n\"Times New Roman\"'><o:p></o:p></span></p>", "level": 0}, {"value": "<p class=\"MsoNormal\" style=\"margin-bottom:0cm;margin-bottom:.0001pt;text-align:\r\njustify;line-height:normal\"><span style='font-size:13.0pt;font-family:\"Times New Roman\";\r\nmso-fareast-font-family:\"Times New Roman\";color:black'>There are two types of\r\ninformation we may collect through your use of our: </span><span style='font-size:12.0pt;font-family:\"Times New Roman\";mso-fareast-font-family:\r\n\"Times New Roman\"'><o:p></o:p></span></p>", "level": 0}, {"value": "<p class=\"MsoNormal\" style=\"margin-bottom:0cm;margin-bottom:.0001pt;text-align:\r\njustify;line-height:normal\"><span style='font-size:13.0pt;font-family:\"Times New Roman\";\r\nmso-fareast-font-family:\"Times New Roman\";color:black'>1. <b>\"Personal\r\nInformation\"</b>, which is the type of information that specifically identifies\r\nyou personally and/or can be used alone to contact you online or offline, such\r\nas: your full name, physical address, email address, telephone number,\r\nphotograph, precise geolocation information (i.e., your specific location),\r\nZONMOB's game player ID, credit card information and, in some cases, usernames.</span><span style='font-size:12.0pt;font-family:\"Times New Roman\";mso-fareast-font-family:\r\n\"Times New Roman\"'><o:p></o:p></span></p>", "level": 0}, {"value": "<p class=\"MsoNormal\" style=\"margin-bottom:0cm;margin-bottom:.0001pt;text-align:\r\njustify;line-height:normal\"><span style='font-size:13.0pt;font-family:\"Times New Roman\";\r\nmso-fareast-font-family:\"Times New Roman\";color:black'>2. <b>\"Non-Personal\r\nInformation\"</b>, which is information that does not identify you and cannot be\r\nused to contact you personally, including information about you such as your\r\ndate of birth, age, ZIP code, non-precise geolocation information (e.g., your\r\ncity), and gender, as well as information about your computer and mobile\r\ndevice, such as your unique device ID, Internet Protocol (IP) address, or other\r\npersistent identifiers, and their hardware/software/firmware. Non-Personal\r\nInformation also includes \"<b>Usage Data</b>,\" which is anonymous data tied to\r\nyour computer and/or device, such as the actions you take within and outside of\r\nthe Websites/Apps, the browser you use, the identity of other Apps included on\r\nyour device, the date and time of your use of the Websites/Apps, your game\r\nprogress, play time, score and achievements, and the URLs you visited and/or Apps\r\nyou used before and after using our Websites/Apps.</span><span style='font-size:12.0pt;font-family:\"Times New Roman\";mso-fareast-font-family:\r\n\"Times New Roman\"'><o:p></o:p></span></p>", "level": 0}], [{"value": "<p class=\"MsoNormal\" style=\"margin-bottom:0cm;margin-bottom:.0001pt;text-align:\r\njustify;line-height:normal\"><b><span style='font-size:13.0pt;font-family:\"Times New Roman\";\r\nmso-fareast-font-family:\"Times New Roman\";color:black'>USE INFORMATION</span></b><span style='font-size:12.0pt;font-family:\"Times New Roman\";mso-fareast-font-family:\r\n\"Times New Roman\"'><o:p></o:p></span></p>", "level": 1}, {"value": "<p class=\"MsoNormal\" style=\"margin-bottom:0cm;margin-bottom:.0001pt;text-align:\r\njustify;line-height:normal\"><span style='font-size:13.0pt;font-family:\"Times New Roman\";\r\nmso-fareast-font-family:\"Times New Roman\";color:black'>Zonmob may use the\r\ninformation collecting from you for a variety of purposes, including to:</span><span style='font-size:12.0pt;font-family:\"Times New Roman\";mso-fareast-font-family:\r\n\"Times New Roman\"'><o:p></o:p></span></p>", "level": 0}, {"value": "<p class=\"MsoNormal\" style=\"margin-top:0cm;margin-right:0cm;margin-bottom:0cm;\r\nmargin-left:36.0pt;margin-bottom:.0001pt;text-align:justify;text-indent:-18.0pt;\r\nline-height:normal;mso-list:l0 level1 lfo1;tab-stops:list 36.0pt;vertical-align:\r\nbaseline\"><span style='font-size:13.0pt;font-family:\"Times New Roman\";\r\nmso-fareast-font-family:\"Times New Roman\";color:black'><span style=\"mso-list:\r\nIgnore\">1.<span style='font:7.0pt \"Times New Roman\"'>\u00a0\u00a0\u00a0 </span></span></span><span style='font-size:13.0pt;font-family:\"Times New Roman\";mso-fareast-font-family:\r\n\"Times New Roman\";color:black'>Provide, maintain, and improve the Services and\r\ndeliver the information and support you request, including technical notices,\r\nsecurity alerts, purchase confirmations, and support and administrative\r\nmessages;<o:p></o:p></span></p>", "level": 0}, {"value": "<p class=\"MsoNormal\" style=\"margin-top:0cm;margin-right:0cm;margin-bottom:0cm;\r\nmargin-left:36.0pt;margin-bottom:.0001pt;text-align:justify;text-indent:-18.0pt;\r\nline-height:normal;mso-list:l0 level1 lfo1;tab-stops:list 36.0pt;vertical-align:\r\nbaseline\"><span style='font-size:13.0pt;font-family:\"Times New Roman\";\r\nmso-fareast-font-family:\"Times New Roman\";color:black'><span style=\"mso-list:\r\nIgnore\">2.<span style='font:7.0pt \"Times New Roman\"'>\u00a0\u00a0\u00a0 </span></span></span><span style='font-size:13.0pt;font-family:\"Times New Roman\";mso-fareast-font-family:\r\n\"Times New Roman\";color:black'>Personalize the Services and provide\r\nadvertisements, content, or features that are targeted toward your interests;<o:p></o:p></span></p>", "level": 0}, {"value": "<p class=\"MsoNormal\" style=\"margin-top:0cm;margin-right:0cm;margin-bottom:0cm;\r\nmargin-left:36.0pt;margin-bottom:.0001pt;text-align:justify;text-indent:-18.0pt;\r\nline-height:normal;mso-list:l0 level1 lfo1;tab-stops:list 36.0pt;vertical-align:\r\nbaseline\"><span style='font-size:13.0pt;font-family:\"Times New Roman\";\r\nmso-fareast-font-family:\"Times New Roman\";color:black'><span style=\"mso-list:\r\nIgnore\">3.<span style='font:7.0pt \"Times New Roman\"'>\u00a0\u00a0\u00a0 </span></span></span><span style='font-size:13.0pt;font-family:\"Times New Roman\";mso-fareast-font-family:\r\n\"Times New Roman\";color:black'>Send you news and information about the Services\r\nand communicate with you about products, services, contests, promotions,\r\nincentives, and rewards offered by Zonmob and select partners;<o:p></o:p></span></p>", "level": 0}, {"value": "<p class=\"MsoNormal\" style=\"margin-top:0cm;margin-right:0cm;margin-bottom:0cm;\r\nmargin-left:36.0pt;margin-bottom:.0001pt;text-align:justify;text-indent:-18.0pt;\r\nline-height:normal;mso-list:l0 level1 lfo1;tab-stops:list 36.0pt;vertical-align:\r\nbaseline\"><span style='font-size:13.0pt;font-family:\"Times New Roman\";\r\nmso-fareast-font-family:\"Times New Roman\";color:black'><span style=\"mso-list:\r\nIgnore\">4.<span style='font:7.0pt \"Times New Roman\"'>\u00a0\u00a0\u00a0 </span></span></span><span style='font-size:13.0pt;font-family:\"Times New Roman\";mso-fareast-font-family:\r\n\"Times New Roman\";color:black'>Track and analyze trends and usage in connection\r\nwith the Services<o:p></o:p></span></p>", "level": 0}, {"value": "<p class=\"MsoNormal\" style=\"margin-top:0cm;margin-right:0cm;margin-bottom:0cm;\r\nmargin-left:36.0pt;margin-bottom:.0001pt;text-align:justify;text-indent:-18.0pt;\r\nline-height:normal;mso-list:l0 level1 lfo1;tab-stops:list 36.0pt;vertical-align:\r\nbaseline\"><span style='font-size:13.0pt;font-family:\"Times New Roman\";\r\nmso-fareast-font-family:\"Times New Roman\";color:black'><span style=\"mso-list:\r\nIgnore\">5.<span style='font:7.0pt \"Times New Roman\"'>\u00a0\u00a0\u00a0 </span></span></span><span style='font-size:13.0pt;font-family:\"Times New Roman\";mso-fareast-font-family:\r\n\"Times New Roman\";color:black'>Process and deliver contests, promotion entries\r\nand rewards.<o:p></o:p></span></p>", "level": 0}, {"value": "<p class=\"MsoNormal\" style=\"margin-bottom:0cm;margin-bottom:.0001pt;text-align:\r\njustify;line-height:normal\"><span style='font-size:13.0pt;font-family:\"Times New Roman\";\r\nmso-fareast-font-family:\"Times New Roman\";color:black'>In all cases of data\r\nacccess and collection, the information you provide will not be disclosed,\r\nrented, leased, loaned, sold, or otherwise voluntarily distributed to\r\nunaffiliated third parties and will be used solely for the purpose of providing\r\nyou with and improving the Service.</span><span style='font-size:12.0pt;\r\nfont-family:\"Times New Roman\";mso-fareast-font-family:\"Times New Roman\"'><o:p></o:p></span></p>", "level": 0}], [{"value": "<p class=\"MsoNormal\" style=\"margin-bottom:0cm;margin-bottom:.0001pt;text-align:\r\njustify;line-height:normal\"><b><span style='font-size:13.0pt;font-family:\"Times New Roman\";\r\nmso-fareast-font-family:\"Times New Roman\";color:black'>OTHER DISCLOSURE OF YOUR\r\nPERSONAL INFORMATION</span></b><span style='font-size:12.0pt;font-family:\"Times New Roman\";\r\nmso-fareast-font-family:\"Times New Roman\"'><o:p></o:p></span></p>", "level": 1}, {"value": "<p class=\"MsoNormal\" style=\"margin-bottom:0cm;margin-bottom:.0001pt;text-align:\r\njustify;line-height:normal\"><span style='font-size:13.0pt;font-family:\"Times New Roman\";\r\nmso-fareast-font-family:\"Times New Roman\";color:black'>You understand and agree\r\nthat we may be required to disclose any personal information if required to do\r\nso by law or in the good faith belief that such disclosure is reasonably\r\nnecessary to avoid liability, to comply with legal process, including but not\r\nlimited to a search warrant, subpoena, statute, or court order, or to protect\r\nour rights and property, or that of the public. Note that ZONMOB is not required\r\nto question or contest the validity of any search warrant, subpoena or other\r\nsimilar governmental request that ZONMOB may receive. Additionally, in the\r\nevent of a merger, acquisition, reorganization, bankruptcy, or other similar\r\nevent, customer information may be transferred to ZONMOB's successor or\r\nassignee, if permitted by and done in accordance with applicable law.</span><span style='font-size:12.0pt;font-family:\"Times New Roman\";mso-fareast-font-family:\r\n\"Times New Roman\"'><o:p></o:p></span></p>", "level": 0}], [{"value": "<p class=\"MsoNormal\" style=\"margin-bottom:0cm;margin-bottom:.0001pt;text-align:\r\njustify;line-height:normal\"><b><span style='font-size:13.0pt;font-family:\"Times New Roman\";\r\nmso-fareast-font-family:\"Times New Roman\";color:black'>COOKIES</span></b><span style='font-size:12.0pt;font-family:\"Times New Roman\";mso-fareast-font-family:\r\n\"Times New Roman\"'><o:p></o:p></span></p>", "level": 1}, {"value": "<p class=\"MsoNormal\" style=\"margin-bottom:0cm;margin-bottom:.0001pt;text-align:\r\njustify;line-height:normal\"><span style='font-size:13.0pt;font-family:\"Times New Roman\";\r\nmso-fareast-font-family:\"Times New Roman\";color:black'>A cookie is a small data\r\nfile that we transfer to your computer's hard disk, generally to quickly\r\nidentify a user's computer and to \"remember\" things about the user's\r\nvisit, such as your preferences or a user name and password. The Service sends\r\ncookies to your computer when you access or view content of a ZONMOB game.\r\nInformation contained in a cookie may be linked to your personal information\r\nfor purposes such as improving the quality of our service, tailoring\r\nrecommendations to your interests, and making the Service easier to use. User\r\nmay choose to set their web browser to refuse cookies, or to alert you when\r\ncookies are being sent. If they do so, note that some parts of the App may not\r\nfunction properly.</span><span style='font-size:12.0pt;font-family:\"Times New Roman\";\r\nmso-fareast-font-family:\"Times New Roman\"'><o:p></o:p></span></p>", "level": 0}], [{"value": "<p class=\"MsoNormal\" style=\"margin-bottom:0cm;margin-bottom:.0001pt;text-align:\r\njustify;line-height:normal\"><b><span style='font-size:13.0pt;font-family:\"Times New Roman\";\r\nmso-fareast-font-family:\"Times New Roman\";color:black'>THIRD PARTY/LINKS</span></b><span style='font-size:12.0pt;font-family:\"Times New Roman\";mso-fareast-font-family:\r\n\"Times New Roman\"'><o:p></o:p></span></p>", "level": 1}, {"value": "<p class=\"MsoNormal\" style=\"margin-bottom:0cm;margin-bottom:.0001pt;text-align:\r\njustify;line-height:normal\"><span style='font-size:13.0pt;font-family:\"Times New Roman\";\r\nmso-fareast-font-family:\"Times New Roman\";color:black'>The Service may contain\r\nlinks to other Websites/Apps. The fact that the Service links to a\r\nWebsites/Apps or presents a banner ad or other types of advertisement does not\r\nmean that ZONMOB endorses or authorizes that third party, nor is it a\r\nrepresentation of our affiliation with that third party. ZONMOB is in no way\r\nresponsible for the privacy policies of these other Websites/Apps to which you\r\nchose to access from the Service. Please be sure to read the privacy policies\r\nof those websites when exiting the Service.</span><span style='font-size:12.0pt;\r\nfont-family:\"Times New Roman\";mso-fareast-font-family:\"Times New Roman\"'><o:p></o:p></span></p>", "level": 0}], [{"value": "<p class=\"MsoNormal\" style=\"margin-bottom:0cm;margin-bottom:.0001pt;text-align:\r\njustify;line-height:normal\"><b><span style='font-size:13.0pt;font-family:\"Times New Roman\";\r\nmso-fareast-font-family:\"Times New Roman\";color:black'>SECURITY</span></b><span style='font-size:12.0pt;font-family:\"Times New Roman\";mso-fareast-font-family:\r\n\"Times New Roman\"'><o:p></o:p></span></p>", "level": 1}, {"value": "<p class=\"MsoNormal\" style=\"margin-bottom:0cm;margin-bottom:.0001pt;text-align:\r\njustify;line-height:normal\"><span style='font-size:13.0pt;font-family:\"Times New Roman\";\r\nmso-fareast-font-family:\"Times New Roman\";color:black'>We have put in place\r\nreasonable technical and organizational measures designed to secure your\r\npersonal information from accidental loss and from unauthorized access, use,\r\nalteration or disclosure. However, we cannot guarantee that unauthorized third\r\nparties will never be able to overcome those measures or use your personal\r\ninformation for improper purposes. Also please note that email and messaging\r\nsystems are not considered secure, so we discourage you from sending us\r\npersonal information through these mediums.</span><span style='font-size:12.0pt;\r\nfont-family:\"Times New Roman\";mso-fareast-font-family:\"Times New Roman\"'><o:p></o:p></span></p>", "level": 0}, {"value": "<p class=\"MsoNormal\" style=\"margin-bottom:0cm;margin-bottom:.0001pt;text-align:\r\njustify;line-height:normal\"><span style='font-size:13.0pt;font-family:\"Times New Roman\";\r\nmso-fareast-font-family:\"Times New Roman\";color:black'>If there is a breach of\r\nsecurity involving your credit card information from our Websites/Apps, we will\r\ninform you immediately and take commercially reasonable steps to rectify such\r\nbreach.</span><span style='font-size:12.0pt;font-family:\"Times New Roman\";\r\nmso-fareast-font-family:\"Times New Roman\"'><o:p></o:p></span></p>", "level": 0}], [{"value": "<p class=\"MsoNormal\" style=\"margin-bottom:0cm;margin-bottom:.0001pt;text-align:\r\njustify;line-height:normal\"><b><span style='font-size:13.0pt;font-family:\"Times New Roman\";\r\nmso-fareast-font-family:\"Times New Roman\";color:black'>CHILDREN</span></b><span style='font-size:12.0pt;font-family:\"Times New Roman\";mso-fareast-font-family:\r\n\"Times New Roman\"'><o:p></o:p></span></p>", "level": 1}, {"value": "<p class=\"MsoNormal\" style=\"margin-bottom:0cm;margin-bottom:.0001pt;text-align:\r\njustify;line-height:normal\"><span style='font-size:13.0pt;font-family:\"Times New Roman\";\r\nmso-fareast-font-family:\"Times New Roman\";color:black'>Protecting the privacy\r\nof the very young is especially important. For that reason, we never collect or\r\nmaintain information at our App from those we actually know are under 13, and\r\nno part of our App is structured to attract anyone under 13.</span><span style='font-size:12.0pt;font-family:\"Times New Roman\";mso-fareast-font-family:\r\n\"Times New Roman\"'><o:p></o:p></span></p>", "level": 0}], [{"value": "<p class=\"MsoNormal\" style=\"margin-bottom:0cm;margin-bottom:.0001pt;text-align:\r\njustify;line-height:normal\"><b><span style='font-size:13.0pt;font-family:\"Times New Roman\";\r\nmso-fareast-font-family:\"Times New Roman\";color:black'>CHANGE</span></b><span style='font-size:12.0pt;font-family:\"Times New Roman\";mso-fareast-font-family:\r\n\"Times New Roman\"'><o:p></o:p></span></p>", "level": 1}, {"value": "<p class=\"MsoNormal\" style=\"margin-bottom:0cm;margin-bottom:.0001pt;text-align:\r\njustify;line-height:normal\"><span style='font-size:13.0pt;font-family:\"Times New Roman\";\r\nmso-fareast-font-family:\"Times New Roman\";color:black'>We have the discretion\r\nto update this privacy policy at any time. When we do, we will post a\r\nnotification on the main page of our App. We encourage Users to frequently\r\ncheck this page for any changes to stay informed about how we are helping to\r\nprotect the personal information we collect. You acknowledge and agree that it\r\nis your responsibility to review this privacy policy periodically and become\r\naware of modifications.</span><span style='font-size:12.0pt;font-family:\"Times New Roman\";\r\nmso-fareast-font-family:\"Times New Roman\"'><o:p></o:p></span></p>", "level": 0}], [{"value": "<p class=\"MsoNormal\" style=\"margin-bottom:0cm;margin-bottom:.0001pt;text-align:\r\njustify;line-height:normal\"><b><span style='font-size:13.0pt;font-family:\"Times New Roman\";\r\nmso-fareast-font-family:\"Times New Roman\";color:black'>YOUR ACCEPTANCE OF THESE\r\nTERMS</span></b><span style='font-size:12.0pt;font-family:\"Times New Roman\";\r\nmso-fareast-font-family:\"Times New Roman\"'><o:p></o:p></span></p>", "level": 1}, {"value": "<p class=\"MsoNormal\" style=\"margin-bottom:0cm;margin-bottom:.0001pt;text-align:\r\njustify;line-height:normal\"><span style='font-size:13.0pt;font-family:\"Times New Roman\";\r\nmso-fareast-font-family:\"Times New Roman\";color:black'>By using this App, you\r\nsignify your acceptance of this policy. If you do not agree to this policy,\r\nplease do not use our App. Your continued use of the App following the posting\r\nof changes to this policy will be deemed your acceptance of those changes.</span><span style='font-size:12.0pt;font-family:\"Times New Roman\";mso-fareast-font-family:\r\n\"Times New Roman\"'><o:p></o:p></span></p>", "level": 0}, {"value": "<p class=\"MsoNormal\" style=\"margin-bottom:0cm;margin-bottom:.0001pt;text-align:\r\njustify;line-height:normal\"><span style='font-size:13.0pt;font-family:\"Times New Roman\";\r\nmso-fareast-font-family:\"Times New Roman\";color:black'>We do not represent or\r\nwarrant that our Websites/Apps will be available at all times, or that your use\r\nof the Websites/Apps will be uninterrupted or error-free. We are not\r\nresponsible for your ability to access the Websites/Apps or for matters beyond\r\nour control. This Privacy Policy is governed by VietNam law, excluding its\r\nprovisions on choice of law.</span><span style='font-size:12.0pt;font-family:\r\n\"Times New Roman\";mso-fareast-font-family:\"Times New Roman\"'><o:p></o:p></span></p>", "level": 0}], [{"value": "<p class=\"MsoNormal\" style=\"margin-bottom:0cm;margin-bottom:.0001pt;text-align:\r\njustify;line-height:normal\"><b><span style='font-size:13.0pt;font-family:\"Times New Roman\";\r\nmso-fareast-font-family:\"Times New Roman\";color:black'>CONTACTING US</span></b><span style='font-size:12.0pt;font-family:\"Times New Roman\";mso-fareast-font-family:\r\n\"Times New Roman\"'><o:p></o:p></span></p>", "level": 1}, {"value": "<p class=\"MsoNormal\" style=\"margin-bottom:0cm;margin-bottom:.0001pt;text-align:\r\njustify;line-height:normal\"><span style='font-size:13.0pt;font-family:\"Times New Roman\";\r\nmso-fareast-font-family:\"Times New Roman\";color:black'>If you have any\r\nquestions about this Privacy Policy, the practices of this App, or your\r\ndealings with this App, please contact us at: </span><span style='font-size:\r\n12.0pt;font-family:\"Times New Roman\";mso-fareast-font-family:\"Times New Roman\"'><a href=\"http://www.zonmob.com/\"><span style=\"font-size:13.0pt;color:#1155CC\">Zonmob's\r\nWebsite</span></a><o:p></o:p></span></p>", "level": 0}, {"value": "<p class=\"MsoNormal\" style=\"margin-bottom:0cm;margin-bottom:.0001pt;text-align:\r\njustify;line-height:normal\"><span style='font-size:13.0pt;font-family:\"Times New Roman\";\r\nmso-fareast-font-family:\"Times New Roman\";color:black'>or send us Email </span><a href=\"mailto:support@zonmob.com\"><span style='font-size:13.0pt;font-family:\r\n\"Times New Roman\";mso-fareast-font-family:\"Times New Roman\";color:#1155CC'>support@zonmob.com</span></a><span style='font-size:12.0pt;font-family:\"Times New Roman\";mso-fareast-font-family:\r\n\"Times New Roman\"'><o:p></o:p></span></p>", "level": 0}, {"value": "<p class=\"MsoNormal\" style=\"margin-bottom:0cm;margin-bottom:.0001pt;text-align:\r\njustify;line-height:normal\"><span style='font-size:13.0pt;font-family:\"Times New Roman\";\r\nmso-fareast-font-family:\"Times New Roman\";color:black'>This document was last\r\nupdated on Sep 28, 2016</span><span style='font-size:12.0pt;font-family:\"Times New Roman\";\r\nmso-fareast-font-family:\"Times New Roman\"'><o:p></o:p></span></p>", "level": 0}]]